instrument,avg_score,pos_ratio,real_label,datetime,KMID,KLEN,KMID2,KUP,KUP2,KLOW,KLOW2,KSFT,KSFT2,OPEN0,HIGH0,LOW0,VWAP0,ROC5,ROC10,ROC20,ROC30,ROC60,MA5,MA10,MA20,MA30,MA60,STD5,STD10,STD20,STD30,STD60,BETA5,BETA10,BETA20,BETA30,BETA60,RSQR5,RSQR10,RSQR20,RSQR30,RSQR60,RESI5,RESI10,RESI20,RESI30,RESI60,MAX5,MAX10,MAX20,MAX30,MAX60,MIN5,MIN10,MIN20,MIN30,MIN60,QTLU5,QTLU10,QTLU20,QTLU30,QTLU60,QTLD5,QTLD10,QTLD20,QTLD30,QTLD60,RANK5,RANK10,RANK20,RANK30,RANK60,RSV5,RSV10,RSV20,RSV30,RSV60,IMAX5,IMAX10,IMAX20,IMAX30,IMAX60,IMIN5,IMIN10,IMIN20,IMIN30,IMIN60,IMXD5,IMXD10,IMXD20,IMXD30,IMXD60,CORR5,CORR10,CORR20,CORR30,CORR60,CORD5,CORD10,CORD20,CORD30,CORD60,CNTP5,CNTP10,CNTP20,CNTP30,CNTP60,CNTN5,CNTN10,CNTN20,CNTN30,CNTN60,CNTD5,CNTD10,CNTD20,CNTD30,CNTD60,SUMP5,SUMP10,SUMP20,SUMP30,SUMP60,SUMN5,SUMN10,SUMN20,SUMN30,SUMN60,SUMD5,SUMD10,SUMD20,SUMD30,SUMD60,VMA5,VMA10,VMA20,VMA30,VMA60,VSTD5,VSTD10,VSTD20,VSTD30,VSTD60,WVMA5,WVMA10,WVMA20,WVMA30,WVMA60,VSUMP5,VSUMP10,VSUMP20,VSUMP30,VSUMP60,VSUMN5,VSUMN10,VSUMN20,VSUMN30,VSUMN60,VSUMD5,VSUMD10,VSUMD20,VSUMD30,VSUMD60
SH600489,0.2739897655224063,1.0,,2026-03-26,-0.01688258,0.035335675,-0.47777718,0.012171228,0.3444459,0.0062818667,0.1777769,-0.022771941,-0.6444462,1.0171725,1.0295527,0.99361026,1.0100256,1.0662767,1.2515751,1.2408041,1.260366,0.95247525,0.999838,1.079505,1.1843355,1.1943334,1.1561606,0.033152178,0.09527147,0.12998939,0.1072827,0.1625245,-0.0018751811,-0.028508121,-0.020433713,-0.00713986,0.0034440078,0.0079983855,0.82077277,0.864862,0.34325886,0.13695893,0.003912382,0.0487816,0.009784843,-0.090805456,-0.25775883,1.09384,1.2811491,1.4177055,1.4177055,1.6565228,0.94448125,0.94448125,0.94448125,0.94448125,0.88258463,1.0236424,1.1716352,1.2749954,1.2705971,1.2720373,0.97786975,0.99672365,1.0370537,1.1384759,0.9864986,0.6,0.3,0.15,0.1,0.26666668,0.37171394,0.1649065,0.11732012,0.11732012,0.15171158,0.2,0.1,0.15,0.43333334,0.43333334,0.6,0.8,0.9,0.93333334,0.1,-0.4,-0.7,-0.75,-0.5,0.33333334,-0.45117494,-0.657492,0.0105200745,0.004155552,0.30180764,-0.44323987,-0.66438353,0.08065487,0.08976884,0.14127736,0.4,0.2,0.3,0.33333334,0.46666667,0.6,0.8,0.7,0.6666667,0.53333336,-0.2,-0.6,-0.4,-0.33333334,-0.06666667,0.32994616,0.16912642,0.33624423,0.37226215,0.51014185,0.67005384,0.83087355,0.6637558,0.6277379,0.48985812,-0.3401077,-0.66174716,-0.32751155,-0.2554757,0.020283759,1.6407484,1.434876,1.4971135,1.5144976,1.612647,0.5092335,0.49395218,0.68820447,0.63126355,0.8751418,0.97929734,1.0557357,1.3921525,1.3549368,1.3393316,0.366373,0.49707207,0.49396774,0.4349234,0.49655578,0.633627,0.5029279,0.5060322,0.5650766,0.50344425,-0.267254,-0.0058558565,-0.012064515,-0.1301532,-0.0068884543
SH603993,0.2572600126988913,1.0,,2026-03-26,-0.022905055,0.03798881,-0.60294217,0.010055837,0.26470524,0.0050279186,0.13235262,-0.027932974,-0.73529476,1.023442,1.0337336,0.9948542,1.0121042,1.0206425,1.181282,1.316778,1.3534068,1.0645663,0.9924569,1.0439702,1.165319,1.2091676,1.2440736,0.029818697,0.064484,0.14193405,0.13216084,0.13410334,0.00731026,-0.017335238,-0.023312006,-0.012516503,-0.0017913299,0.15025482,0.6624714,0.94417846,0.6951237,0.054421656,-0.007077449,0.034038357,0.056145083,-0.027678296,-0.19122945,1.0548321,1.1834966,1.4225471,1.4225471,1.6456169,0.93316334,0.93316334,0.93316334,0.93316334,0.93316334,1.0072948,1.1098557,1.2980599,1.318268,1.3343784,0.98311347,0.99863416,1.017197,1.0901133,1.1102282,0.6,0.3,0.15,0.1,0.05,0.5493332,0.26699078,0.13657312,0.13657312,0.09381197,0.8,0.1,0.1,0.4,0.43333334,0.4,0.7,0.85,0.9,0.95,0.4,-0.6,-0.75,-0.5,-0.51666665,-0.41606486,-0.33268315,-0.16857667,-0.27694115,0.26873252,-0.21084295,-0.6190138,-0.37497813,-0.34944093,-0.0455528,0.4,0.3,0.3,0.36666667,0.51666665,0.6,0.7,0.7,0.6333333,0.48333332,-0.2,-0.4,-0.4,-0.26666668,0.033333335,0.44282025,0.23951831,0.28681844,0.3374732,0.4860121,0.55717975,0.7604817,0.71318156,0.6625268,0.5139879,-0.11435947,-0.5209634,-0.4263631,-0.3250536,-0.0279758,1.5748602,1.5740541,1.4653955,1.3700384,1.427237,0.373685,0.4617458,0.45725957,0.41596785,0.4989906,0.6913635,0.9614421,0.8632362,0.8970466,1.1418005,0.22271116,0.43450215,0.48925996,0.49296576,0.50080496,0.77728885,0.5654979,0.51074004,0.50703424,0.49919504,-0.55457765,-0.13099569,-0.021480063,-0.014068463,0.0016099323
SH688111,0.24340103894833406,1.0,,2026-03-26,-0.022801353,0.04466617,-0.5104837,0.015879475,0.35551456,0.0059853457,0.13400176,-0.03269548,-0.7319965,1.0233334,1.0395833,0.99387497,1.0201173,1.0860428,1.1670362,1.2541872,1.3089491,1.2649837,1.0144253,1.0672455,1.129181,1.177173,1.2835181,0.022369737,0.060367268,0.07841431,0.09515925,0.14259106,-0.009076364,-0.018940886,-0.012516299,-0.010309904,-0.0059690634,0.41156855,0.9024205,0.89172155,0.9097225,0.5344753,0.0037274107,0.017988471,-0.010276237,-0.027679391,-0.10743073,1.0895813,1.1732436,1.2665942,1.3125206,1.729181,0.9911565,0.9911565,0.9911565,0.9911565,0.9911565,1.0209607,1.1178079,1.188317,1.2678982,1.424179,0.9995813,1.0066667,1.0449262,1.110739,1.170386,0.4,0.2,0.1,0.06666667,0.033333335,0.08985016,0.048567288,0.03210701,0.027518557,0.011982633,0.2,0.1,0.05,0.2,0.23333333,0.4,0.7,0.85,0.9,0.95,-0.2,-0.6,-0.8,-0.7,-0.71666664,-0.24142295,-0.008902814,0.2942539,0.30325252,0.60848004,-0.5443923,-0.6651071,-0.4855068,-0.3723591,0.20955524,0.4,0.3,0.3,0.36666667,0.4,0.6,0.7,0.7,0.6333333,0.6,-0.2,-0.4,-0.4,-0.26666668,-0.2,0.12968229,0.079909295,0.1603031,0.24055453,0.41276792,0.8703177,0.9200907,0.8396969,0.7594455,0.58723205,-0.74063545,-0.8401814,-0.6793938,-0.518891,-0.17446415,0.845531,0.85890234,0.9118046,0.9491166,1.1166685,0.17842026,0.17714585,0.19930296,0.21886848,0.51001066,1.0068328,1.0892627,0.92783135,0.9277934,1.550519,0.5842425,0.55239946,0.50017685,0.47255346,0.5120936,0.41575745,0.44760054,0.49982315,0.5274465,0.48790643,0.16848509,0.10479892,0.00035370718,-0.054893047,0.02418717
SZ002384,0.2343256941728583,1.0,,2026-03-26,-0.027868401,0.051449347,-0.54166675,0.01892072,0.3677543,0.0046602283,0.09057896,-0.04212889,-0.8188421,1.0286673,1.0481304,0.9952062,1.0212257,1.071136,1.0479339,0.82348776,0.6993223,0.7844679,1.0380007,1.0547024,0.99475586,0.9091974,0.8344545,0.044520833,0.044408675,0.08531852,0.1427912,0.12885673,-0.019693254,-0.0086149555,0.0107464455,0.015004735,0.005106143,0.48915717,0.34497043,0.55527884,0.8557669,0.4789295,0.0013857998,-0.015935067,-0.096847095,-0.12676603,0.01491432,1.1462089,1.1553131,1.1553131,1.1553131,1.1553131,0.9754478,0.9754478,0.8053609,0.6440998,0.6440998,1.0525314,1.0794584,1.0542055,1.0395685,1.0009584,1.0071312,1.0254021,0.9106034,0.7464976,0.73006016,0.2,0.1,0.4,0.6,0.8,0.14378123,0.13650343,0.5561875,0.69618726,0.69618726,0.2,0.2,0.6,0.73333335,0.8666667,0.6,0.8,0.1,0.033333335,0.51666665,-0.4,-0.6,0.5,0.7,0.35,0.72228485,0.20442395,0.12789175,0.5591641,0.67509454,0.43352306,-0.19203131,-0.016978709,0.12726557,0.14692901,0.6,0.6,0.65,0.7,0.6,0.4,0.4,0.35,0.3,0.4,0.2,0.2,0.3,0.4,0.2,0.33181858,0.44761348,0.61100155,0.64635646,0.5715954,0.6681814,0.5523865,0.38899845,0.35364354,0.42840463,-0.33636284,-0.10477302,0.22200312,0.29271296,0.14319077,1.1912333,1.3689181,1.3504585,1.2409747,0.9756904,0.17059061,0.30949873,0.25135633,0.30061802,0.35583866,0.8954633,0.69337356,0.7261727,0.83412397,1.0531563,0.36521044,0.46773723,0.43991664,0.5129025,0.5028321,0.6347896,0.5322628,0.5600834,0.4870975,0.4971679,-0.26957914,-0.064525574,-0.12016673,0.02580498,0.005664251
SH600547,0.23248660755179665,1.0,,2026-03-26,-0.03672748,0.051925026,-0.70731753,0.0043059317,0.08292594,0.010891615,0.20975655,-0.030141797,-0.5804869,1.0381278,1.0425979,0.9886931,1.011498,1.0688854,1.2332357,1.2253486,1.2540021,1.0013126,1.014935,1.0845892,1.171967,1.1863245,1.2029909,0.0290202,0.08445522,0.11188094,0.09383822,0.13475287,-0.0021024377,-0.02521263,-0.017364472,-0.006877196,0.00031759863,0.013121559,0.81694865,0.8430999,0.41626024,0.001694264,-0.010730096,0.028867595,-0.0070045777,-0.086605124,-0.2123601,1.08177,1.2555872,1.4067771,1.4067771,1.7236394,0.9624018,0.9624018,0.9624018,0.9624018,0.9624018,1.040914,1.1615024,1.2445962,1.2423297,1.2657893,0.9947943,1.013463,1.0429603,1.1336787,1.0664667,0.4,0.2,0.1,0.06666667,0.033333335,0.31497684,0.1282403,0.08460907,0.08460907,0.049390864,0.2,0.1,0.15,0.43333334,0.43333334,0.4,0.7,0.85,0.9,0.95,-0.2,-0.6,-0.7,-0.46666667,-0.51666665,-0.29540586,-0.5969413,0.15890288,0.13182428,0.40939847,-0.4438485,-0.6702675,0.27249116,0.33633447,0.2570664,0.4,0.3,0.35,0.36666667,0.5,0.6,0.7,0.65,0.6333333,0.5,-0.2,-0.4,-0.3,-0.26666668,0.0,0.32898867,0.19891064,0.34745425,0.3736976,0.49971485,0.6710113,0.80108935,0.65254575,0.6263024,0.50028515,-0.34202266,-0.60217875,-0.30509147,-0.2526048,-0.00057027576,1.3042704,1.1895359,1.2892452,1.2765545,1.3167204,0.24657728,0.28419653,0.577355,0.516892,0.6633452,0.644939,0.79304314,1.3466697,1.3238357,1.2922486,0.3733113,0.5310259,0.5104307,0.46190304,0.4979515,0.62668866,0.46897408,0.4895693,0.53809696,0.5020485,-0.25337735,0.062051803,0.02086136,-0.07619391,-0.0040970133
SH601138,0.23190393816707144,1.0,,2026-03-26,-0.005199944,0.038599968,-0.1347137,0.02999999,0.7772024,0.0034000338,0.08808385,-0.0317999,-0.8238323,1.0052271,1.0353839,0.9965822,1.0142523,1.0145197,1.0562215,1.1651189,1.0737802,1.2120547,0.9923349,1.0161067,1.0537734,1.0750408,1.1502054,0.023161752,0.03229896,0.04698019,0.0508137,0.09327813,0.003190961,-0.007964842,-0.0073522483,-0.0047767633,-0.005045223,0.047450427,0.5574278,0.8571933,0.684869,0.89227945,0.00128315,0.019735115,0.016072966,-0.0057777,-0.0013713,1.0545388,1.0691363,1.1620307,1.1769812,1.3627152,0.95192146,0.95192146,0.95192146,0.95192146,0.95192146,1.0113455,1.0483539,1.0949519,1.1139963,1.2383251,0.97693735,0.99638695,1.0114468,1.0215431,1.0712814,0.6,0.3,0.15,0.1,0.05,0.46852243,0.4101745,0.22882642,0.2136256,0.11703813,0.2,0.3,0.15,0.33333334,0.05,0.4,0.7,0.85,0.9,0.95,-0.2,-0.4,-0.7,-0.56666666,-0.9,0.07546479,-0.4829849,0.1447391,0.06235803,0.5869661,0.16273327,-0.06323755,-0.15131642,0.013665075,0.123046435,0.4,0.4,0.3,0.46666667,0.48333332,0.6,0.6,0.7,0.53333336,0.51666665,-0.2,-0.2,-0.4,-0.06666667,-0.033333335,0.44125688,0.3724139,0.314913,0.43808442,0.42814642,0.5587431,0.62758607,0.68508697,0.5619156,0.5718536,-0.11748623,-0.2551722,-0.370174,-0.12383114,-0.14370714,1.1856937,1.1056561,1.1877322,1.1649488,1.4497207,0.18094352,0.17390838,0.2560763,0.28200254,0.43499947,0.855304,0.84638375,0.7297059,0.7996485,0.86976635,0.50663877,0.4292569,0.4600889,0.4567071,0.48385125,0.4933612,0.5707431,0.5399111,0.54329294,0.51614875,0.013277586,-0.14148621,-0.07982216,-0.086585835,-0.032297507
SZ002625,0.20477666338341396,1.0,,2026-03-26,-0.037267108,0.04173917,-0.8928569,0.0,0.0,0.004472064,0.10714309,-0.03279504,-0.78571385,1.0387098,1.0387098,0.99535483,1.0103992,1.0856771,1.123369,1.2459725,1.1964183,1.333448,1.0158573,1.0575594,1.1194946,1.1521423,1.225376,0.027435498,0.048548803,0.076540686,0.07896343,0.1025573,-0.0051391046,-0.01397931,-0.012381343,-0.007748997,-0.005041993,0.08771809,0.7600215,0.9158385,0.7463468,0.737176,-0.0055791377,0.005347479,-0.0018717498,-0.03978179,-0.076637164,1.0895563,1.1354845,1.2820908,1.2820908,1.4962885,0.97808707,0.97808707,0.97808707,0.97808707,0.97808707,1.0377836,1.1008227,1.1774997,1.2138523,1.2967972,0.9964948,1.008694,1.0481614,1.0856771,1.1580913,0.4,0.2,0.1,0.06666667,0.033333335,0.1965829,0.1392205,0.07208121,0.07208121,0.04228655,0.2,0.1,0.1,0.4,0.21666667,0.4,0.7,0.85,0.9,0.95,-0.2,-0.6,-0.75,-0.5,-0.73333335,-0.5795665,-0.6480978,-0.0072037634,-0.1411862,0.60079676,-0.90838265,-0.6204226,-0.38983992,-0.2572667,0.025204005,0.4,0.3,0.35,0.4,0.41666666,0.6,0.7,0.65,0.6,0.5833333,-0.2,-0.4,-0.3,-0.2,-0.16666667,0.27379265,0.27063176,0.24776313,0.34048107,0.37816676,0.7262074,0.72936827,0.7522369,0.65951896,0.62183326,-0.45241472,-0.4587365,-0.50447375,-0.31903785,-0.24366648,1.2843342,1.1131766,1.1778541,1.1073109,1.5060127,0.44587365,0.3614014,0.40158892,0.35119277,0.8041184,0.88963306,1.1280681,1.1952007,1.309207,1.7682614,0.5374805,0.44693553,0.5015541,0.45678303,0.49310514,0.46251953,0.55306447,0.4984459,0.543217,0.5068948,0.07496097,-0.10612892,0.0031082013,-0.08643397,-0.013789711
SH600029,0.20421026661986352,1.0,,2026-03-26,-0.008710801,0.04703834,-0.1851851,0.033101078,0.70370424,0.005226461,0.111110665,-0.036585417,-0.7777787,1.0087874,1.0421793,0.9947276,1.020342,1.0206398,1.1104232,1.3333334,1.4375645,1.3436533,0.9946337,1.0333333,1.1004128,1.1945305,1.275301,0.022150587,0.048181836,0.08599531,0.15566269,0.14079574,0.0025799742,-0.013628542,-0.013912489,-0.017345037,-0.006391524,0.033915658,0.7334045,0.9160689,0.9622394,0.6285354,0.00020639716,0.02799511,0.03175585,0.0569726,-0.08675104,1.0421793,1.1228348,1.3602889,1.4860009,1.4860009,0.94569004,0.94569004,0.94569004,0.94569004,0.94569004,1.0125903,1.0811145,1.1661507,1.34097,1.4018576,0.9820433,0.9975232,1.0132095,1.0602683,1.1162022,0.6,0.3,0.15,0.1,0.05,0.56286013,0.30658504,0.13099398,0.10051612,0.10051612,1.0,0.1,0.05,0.1,0.55,0.4,0.7,0.85,0.9,0.95,0.6,-0.6,-0.8,-0.8,-0.4,-0.59162265,-0.6355801,-0.44029364,-0.6654329,-0.6438402,-0.7091109,-0.7028251,-0.5948814,-0.48234305,-0.08646268,0.4,0.2,0.2,0.26666668,0.33333334,0.6,0.8,0.8,0.73333335,0.6666667,-0.2,-0.6,-0.6,-0.46666667,-0.33333334,0.41803285,0.24401906,0.17764466,0.19452439,0.38429463,0.5819672,0.7559809,0.82235533,0.8054756,0.6157054,-0.16393432,-0.5119619,-0.6447107,-0.61095124,-0.23141073,0.86021346,0.79702455,0.7440198,0.6519974,0.53696847,0.17050786,0.14743535,0.19976242,0.22090925,0.21859835,0.7801485,0.9181079,0.87040794,1.0012668,1.1400372,0.5701926,0.6432728,0.57110417,0.50944257,0.5316849,0.4298074,0.35672718,0.42889586,0.49055743,0.46831512,0.14038521,0.28654563,0.14220828,0.018885115,0.06336977
SH601899,0.19803963985618822,1.0,,2026-03-26,-0.030513592,0.042598195,-0.7163118,0.0042296206,0.09929107,0.007854983,0.18439709,-0.026888229,-0.63120586,1.031474,1.0358367,0.99189776,1.0099039,1.0071583,1.1451683,1.2269149,1.2203293,1.0137438,0.99567646,1.0358912,1.1091483,1.1418612,1.1484538,0.030028006,0.054103643,0.08895256,0.08757386,0.08803371,0.011037938,-0.013390603,-0.014173015,-0.008317617,-0.00030108984,0.33780256,0.56151146,0.88853717,0.6991181,0.0035677468,-0.01775234,0.024366494,0.025495436,-0.02125571,-0.13957171,1.0588502,1.1511341,1.2744876,1.2744876,1.4004778,0.9285937,0.9285937,0.9285937,0.9285937,0.9285937,1.009907,1.0877309,1.1757481,1.225655,1.2213315,0.9795848,0.9972513,1.0064138,1.0734718,1.0682892,0.6,0.3,0.15,0.1,0.075,0.5481979,0.32086888,0.20643991,0.20643991,0.15132175,0.8,0.1,0.1,0.4,0.43333334,0.4,0.7,0.85,0.9,0.95,0.4,-0.6,-0.75,-0.5,-0.51666665,-0.3464334,-0.710826,-0.36212558,-0.44215533,0.24156508,-0.028881155,-0.6257911,-0.35623077,-0.40253693,-0.08149299,0.4,0.4,0.4,0.46666667,0.53333336,0.6,0.6,0.6,0.53333336,0.46666667,-0.2,-0.2,-0.2,-0.06666667,0.06666667,0.47930458,0.27426535,0.29095232,0.36411798,0.49604416,0.52069545,0.72573465,0.7090477,0.635882,0.50395584,-0.04139086,-0.45146933,-0.41809535,-0.27176407,-0.007911697,1.3449167,1.2035841,1.0754896,1.0100288,1.1494243,0.23647761,0.38106,0.38049275,0.33892468,0.48164412,0.4342099,0.8828066,1.0029508,1.011143,1.1715938,0.24639857,0.5474452,0.52471817,0.49598044,0.50570023,0.75360143,0.4525548,0.47528186,0.50401956,0.49429977,-0.50720286,0.094890386,0.049436282,-0.008039126,0.011400452
SH688082,0.19208951801392027,1.0,,2026-03-26,-0.040337823,0.05425678,-0.7434615,0.0059459303,0.109588705,0.007973025,0.14694983,-0.038310733,-0.70610034,1.0420333,1.0482292,0.9916918,1.0086296,1.0593818,1.0934036,1.3197756,1.2811806,1.2481985,1.0351719,1.0597907,1.0968161,1.1557142,1.2519194,0.024660468,0.0328678,0.051108655,0.09504942,0.130708,-0.007663514,-0.008989704,-0.007921775,-0.010038531,-0.005688172,0.24143115,0.6857422,0.8408609,0.86445636,0.57761836,-0.019844793,-0.01933706,-0.021559224,-0.010155437,-0.08411826,1.096961,1.1120619,1.2543321,1.3305477,1.5382854,0.9916918,0.9916918,0.9916918,0.9916918,0.9916918,1.0551968,1.0839385,1.1327467,1.2630543,1.3694706,1.0153548,1.0402577,1.055945,1.0760671,1.1124169,0.2,0.1,0.05,0.033333335,0.016666668,0.07892302,0.06902183,0.031633224,0.02451826,0.015199881,0.2,0.3,0.05,0.33333334,0.28333333,1.0,1.0,1.0,1.0,1.0,-0.8,-0.7,-0.95,-0.6666667,-0.71666664,-0.894232,-0.70346135,0.25078946,0.09145484,0.6375912,-0.8652914,-0.45171475,-0.45500836,-0.26310307,-0.054312278,0.4,0.4,0.3,0.33333334,0.45,0.6,0.6,0.7,0.6666667,0.55,-0.2,-0.2,-0.4,-0.33333334,-0.1,0.27316058,0.31088665,0.22074296,0.31700936,0.4299131,0.7268394,0.6891134,0.77925706,0.6829906,0.5700869,-0.45367885,-0.37822673,-0.5585141,-0.36598128,-0.14017376,0.6099354,0.53327924,0.5800358,0.56814235,0.75711364,0.22003557,0.17403097,0.25912982,0.22780661,0.32564852,1.1174976,1.0403521,1.4179775,1.4366664,1.1822166,0.8986409,0.7628155,0.52419555,0.5511049,0.4947834,0.10135915,0.2371845,0.47580445,0.44889507,0.5052166,0.7972817,0.525631,0.048391085,0.10220985,-0.010433189
SZ300832,0.191037735163069,1.0,,2026-03-26,-0.027043337,0.037860505,-0.7142889,0.008413364,0.22222006,0.0024038032,0.063491054,-0.0330529,-0.8730179,1.027795,1.0364423,0.9975294,1.0168217,1.0298299,1.105005,1.0685686,1.1231232,1.2127128,1.014975,1.0387688,1.0643194,1.0735135,1.1261562,0.017590385,0.030618167,0.038024172,0.03526264,0.067967616,-0.0018118146,-0.008707497,-0.00410192,-0.0026696771,-0.0034187343,0.026522646,0.74137807,0.40730792,0.44421118,0.77166086,-0.011351376,0.00041494064,-0.025351098,-0.034803215,-0.025303515,1.0394971,1.1158985,1.1236805,1.1315554,1.2993324,0.98890364,0.98890364,0.98890364,0.98890364,0.98890364,1.0274274,1.0680281,1.1003604,1.1065266,1.1937138,0.9983984,1.0212213,1.028929,1.0385586,1.0737537,0.4,0.2,0.1,0.06666667,0.033333335,0.21932416,0.087376475,0.08233139,0.07778636,0.03574529,0.2,0.1,0.3,0.033333335,0.21666667,0.4,0.7,0.85,0.9,0.95,-0.2,-0.6,-0.55,-0.8666667,-0.73333335,-0.15424292,-0.2507444,0.21629725,-0.047892023,-0.104485944,-0.3234704,-0.35189882,0.3091052,0.23189175,0.19390051,0.2,0.2,0.4,0.3,0.31666666,0.8,0.8,0.6,0.7,0.68333334,-0.6,-0.6,-0.2,-0.4,-0.36666667,0.35755268,0.23143864,0.411704,0.36363617,0.38627845,0.6424473,0.76856136,0.588296,0.6363638,0.61372155,-0.28489465,-0.5371227,-0.176592,-0.27272767,-0.22744311,1.1263548,1.1079735,1.2897911,1.1710018,1.2922771,0.23249157,0.17131016,0.41256395,0.38953862,0.58346546,0.8374976,0.7322476,1.0819651,1.3026232,1.155507,0.38068828,0.46006456,0.5011967,0.46920544,0.50888526,0.6193117,0.53993547,0.4988033,0.53079456,0.49111477,-0.23862344,-0.07987089,0.0023934129,-0.061589148,0.017770482
SH601319,0.19054624225528893,1.0,,2026-03-26,-0.033623904,0.0435866,-0.7714276,0.003735996,0.085714325,0.0062267003,0.14285813,-0.031133201,-0.71428376,1.0347939,1.0386598,0.9935567,1.0101713,1.0812567,1.1029252,1.1072589,1.1722643,1.1798483,1.0283856,1.0613217,1.0804442,1.105092,1.1533406,0.024121664,0.038900122,0.033865254,0.047014885,0.0649777,-0.010617542,-0.011307008,-0.004329622,-0.0048297313,-0.0031704362,0.4843658,0.7744704,0.5720834,0.8178561,0.7261214,-0.0071505858,-0.010440228,-0.039312776,-0.03506097,-0.05981266,1.0858452,1.1218554,1.1251537,1.194086,1.3119473,0.9935567,0.9935567,0.9935567,0.9935567,0.9935567,1.0431203,1.0938245,1.105092,1.1473457,1.1967497,1.0130011,1.0223185,1.0587215,1.0847237,1.1022751,0.2,0.1,0.05,0.033333335,0.016666668,0.06981746,0.050221477,0.048962764,0.032131717,0.020237245,0.2,0.3,0.15,0.1,0.23333333,1.0,1.0,1.0,1.0,1.0,-0.8,-0.7,-0.85,-0.9,-0.76666665,-0.6730538,-0.6221515,-0.2837056,-0.23685215,0.44637504,-0.92836183,-0.60941225,-0.5074883,-0.32339495,0.097538285,0.4,0.3,0.4,0.33333334,0.36666667,0.6,0.6,0.5,0.6,0.6,-0.2,-0.3,-0.1,-0.26666668,-0.23333333,0.17391282,0.21212092,0.30888012,0.28455278,0.39853302,0.8260872,0.78787905,0.6911199,0.7154472,0.601467,-0.65217435,-0.57575816,-0.3822398,-0.4308944,-0.202934,0.81646085,0.7257184,0.7360017,0.7322699,0.8935961,0.19720316,0.18252513,0.23839127,0.23244298,0.32177663,0.85410917,1.0723451,1.1677754,1.1158735,1.2059793,0.6453709,0.6362413,0.49188808,0.512967,0.5062106,0.35462913,0.3637587,0.50811195,0.487033,0.49378937,0.29074177,0.2724826,-0.016223865,0.025934005,0.012421254
SZ000807,0.18672159932659838,1.0,,2026-03-26,-0.009158144,0.036632687,-0.24999924,0.023599919,0.64423114,0.003874625,0.10576961,-0.028883439,-0.7884608,1.0092428,1.0330608,0.9960896,1.0120678,1.0344645,1.2527076,1.1016606,1.1659687,1.0444285,0.9955716,1.0685198,1.1297666,1.1237224,1.1443619,0.016427822,0.09437522,0.09566419,0.07879619,0.07297447,0.0021708622,-0.027965724,-0.011619521,-0.00277764,-0.00088535226,0.04365606,0.80491054,0.5163518,0.096303746,0.044894185,8.667921e-05,0.05732591,-0.019381106,-0.08344665,-0.11824393,1.0468934,1.2975419,1.2975419,1.2975419,1.3590071,0.94664526,0.94664526,0.94664526,0.94664526,0.94664526,1.0090686,1.1481396,1.2060939,1.1947726,1.1947051,0.9849723,0.9977184,1.009704,1.0657328,1.0833791,0.6,0.3,0.15,0.1,0.05,0.53222674,0.15205258,0.15205258,0.15205258,0.12938812,0.2,0.1,0.55,0.7,0.43333334,0.6,0.8,0.9,0.93333334,0.96666664,-0.4,-0.7,-0.35,-0.23333333,-0.53333336,-0.4400526,0.30884334,0.40801615,0.331125,0.52064985,-0.439163,-0.6045601,0.38643715,0.2535582,0.3184445,0.4,0.2,0.45,0.43333334,0.48333332,0.6,0.8,0.55,0.53333336,0.5,-0.2,-0.6,-0.1,-0.1,-0.016666668,0.3479184,0.1189023,0.42776033,0.40737158,0.48741716,0.6520816,0.8810977,0.5722397,0.5926284,0.51258284,-0.30416322,-0.7621954,-0.14447935,-0.18525682,-0.025165647,1.6063706,1.8260686,2.0550265,1.7980093,1.9076213,0.4210651,0.40485075,0.64729714,0.6654618,0.69992405,0.63458383,0.7049757,0.7624518,0.9060956,1.1228921,0.05690816,0.29616326,0.49231324,0.48270553,0.4931912,0.94309187,0.70383674,0.50768673,0.51729447,0.5068088,-0.8861837,-0.40767348,-0.015373506,-0.034588963,-0.013617579
SZ002241,0.1841760999400051,1.0,,2026-03-26,-0.02196381,0.0314384,-0.6986301,0.0073211994,0.23287444,0.002153388,0.068495475,-0.027131623,-0.86300904,1.022457,1.0299426,0.99779826,1.0127232,1.0634199,1.1162606,1.1924309,1.1739402,1.2417574,1.0066087,1.0506457,1.0862682,1.1131133,1.188139,0.021777548,0.05022773,0.05549768,0.059632964,0.09669666,-0.0019373518,-0.014849656,-0.007972242,-0.0058528134,-0.004909208,0.019785136,0.8012298,0.7222364,0.7465489,0.7861398,-0.0027340462,0.016177708,-0.010531855,-0.028247444,-0.04331736,1.0722114,1.127264,1.1972684,1.1977148,1.4029139,0.96874684,0.96874684,0.96874684,0.96874684,0.96874684,1.028183,1.098999,1.116349,1.1644207,1.289476,0.9892662,0.9981528,1.0308212,1.0792722,1.1095672,0.6,0.3,0.15,0.1,0.05,0.30206618,0.19715936,0.13676238,0.13649571,0.07198413,0.2,0.3,0.05,0.33333334,0.26666668,0.6,0.8,0.9,0.93333334,0.96666664,-0.4,-0.5,-0.85,-0.6,-0.7,0.17775375,-0.7426314,-0.14765105,-0.14550106,0.67113906,0.13834503,-0.10635435,-0.33511993,-0.0901356,0.062356967,0.4,0.4,0.45,0.46666667,0.45,0.6,0.6,0.55,0.53333336,0.55,-0.2,-0.2,-0.1,-0.06666667,-0.1,0.2906597,0.22150746,0.2707063,0.33472034,0.4,0.70934033,0.7784925,0.7292937,0.6652796,0.6,-0.41868064,-0.5569851,-0.45858744,-0.3305593,-0.2,1.3035656,1.1078156,1.1591452,1.1251483,1.65815,0.23195733,0.2774579,0.29761985,0.2870071,0.72081745,0.6079892,0.95019335,0.9432077,1.0440569,1.0046866,0.4844016,0.52817535,0.4488056,0.46655312,0.49736297,0.5155984,0.47182465,0.55119437,0.53344685,0.502637,-0.031196801,0.05635073,-0.10238878,-0.06689374,-0.005274087
SH603369,0.18404757433303665,1.0,,2026-03-26,-0.027382217,0.039430432,-0.69444376,0.009492534,0.24074133,0.0025556795,0.0648149,-0.034319073,-0.8703702,1.0281531,1.0379128,0.9973724,1.0138555,1.0641339,1.0976175,1.1813264,1.2852542,1.3426914,1.0261172,1.0616999,1.0866065,1.1337154,1.2162051,0.021576116,0.04250859,0.042729374,0.07806807,0.10264607,-0.009839008,-0.013247474,-0.006140915,-0.00846991,-0.005522511,0.5198716,0.89027506,0.722905,0.912247,0.88285303,-0.0064391526,-0.0020862683,-0.02826784,-0.010901658,-0.053291086,1.0713261,1.1238806,1.1854721,1.3093253,1.3502871,0.9973724,0.9973724,0.9973724,0.9973724,0.9973724,1.0358016,1.1050096,1.1117064,1.2158403,1.3168576,1.0105087,1.0263232,1.0520283,1.0854604,1.1015067,0.2,0.1,0.05,0.033333335,0.016666668,0.035530712,0.020770427,0.013969344,0.008423162,0.0074455105,0.2,0.3,0.05,0.033333335,0.21666667,1.0,1.0,1.0,1.0,1.0,-0.8,-0.7,-0.95,-0.96666664,-0.78333336,-0.6547415,-0.18597329,0.0422396,0.25298092,0.14885311,-0.9716156,-0.5027753,-0.42776856,-0.41887534,0.2651265,0.2,0.3,0.35,0.33333334,0.36666667,0.8,0.7,0.65,0.6333333,0.6,-0.6,-0.4,-0.3,-0.3,-0.23333333,0.1749349,0.21460864,0.2056857,0.16910678,0.31826255,0.82506514,0.78539133,0.7943143,0.8308932,0.6817374,-0.6501302,-0.5707827,-0.5886286,-0.66178644,-0.36347488,0.87310416,0.8538243,0.8639823,0.9153992,1.073114,0.20699476,0.16470954,0.26241344,0.32823956,0.65745306,1.0494727,0.97658455,1.1030471,1.1263279,2.8489122,0.5937442,0.59112424,0.46876156,0.43651608,0.51287043,0.40625578,0.40887576,0.53123844,0.5634839,0.48712954,0.1874884,0.18224847,-0.062476885,-0.12696785,0.025740907
SZ000630,0.18394634190809325,1.0,,2026-03-26,-0.020339003,0.03559315,-0.57143027,0.008474563,0.23809534,0.0067795836,0.1904744,-0.022033982,-0.6190512,1.0207613,1.0294118,0.99307966,1.0106076,1.051951,1.2370266,1.3131872,1.3252635,0.96023923,1.0052066,1.0695757,1.1918058,1.2149645,1.1688845,0.024745818,0.0786707,0.14430577,0.12351713,0.15553065,-0.0006949732,-0.023553334,-0.02379919,-0.009775108,0.0031122447,0.0019718441,0.8216563,0.95197374,0.4853895,0.12212802,-0.0038165932,0.036414348,0.034286495,-0.07322539,-0.26069573,1.0709523,1.2457031,1.5017772,1.5017772,1.5900314,0.9584814,0.9584814,0.9584814,0.9584814,0.93948406,1.0242325,1.1422615,1.3280319,1.3156024,1.3131872,0.9934264,1.0041926,1.0294275,1.1100541,1.0225008,0.4,0.2,0.1,0.06666667,0.11666667,0.3691496,0.14455247,0.07641989,0.07641989,0.09302312,0.2,0.1,0.1,0.4,0.43333334,0.4,0.7,0.85,0.9,0.05,-0.2,-0.6,-0.75,-0.5,0.38333333,-0.3872941,-0.13729806,0.36445537,0.42644513,0.3953403,-0.40397495,-0.58103234,-0.080717415,0.172295,0.39712954,0.4,0.2,0.25,0.33333334,0.48333332,0.6,0.8,0.75,0.6666667,0.51666665,-0.2,-0.6,-0.5,-0.33333334,-0.033333335,0.34033602,0.15921374,0.28401953,0.34438026,0.50833255,0.659664,0.8407863,0.71598047,0.65561974,0.49166748,-0.31932792,-0.68157256,-0.43196094,-0.31123948,0.01666507,1.4434737,1.4405962,1.5761096,1.7478905,2.1692834,0.31862772,0.32480165,0.62488925,0.63487494,1.1772487,0.77622414,0.7678705,1.0855858,1.058888,1.442668,0.30773318,0.4982911,0.45172808,0.39737663,0.50089973,0.6922668,0.5017089,0.54827195,0.60262334,0.49910027,-0.38453367,-0.003417799,-0.09654387,-0.20524672,0.0017994462
SH603019,0.18303037363487892,1.0,,2026-03-26,-0.014666917,0.0329406,-0.4452535,0.015749015,0.4781035,0.002524667,0.07664302,-0.027891265,-0.84671396,1.0148852,1.0308686,0.9974378,1.0126306,1.0342808,1.0965061,1.1228667,1.0512568,1.0658716,0.9981171,1.0296571,1.0455363,1.0638552,1.0844047,0.0207965,0.038996574,0.041882526,0.04574679,0.049949303,-0.00015839314,-0.010952705,-0.0037540714,-0.003306116,-0.0012055276,0.00014502148,0.72310483,0.28119484,0.4047778,0.1776623,0.0021997117,0.019630007,-0.0098726135,-0.015916547,-0.04884169,1.0617428,1.124945,1.1406732,1.1452973,1.2542171,0.95777094,0.95777094,0.95777094,0.95777094,0.95777094,1.0150332,1.0690217,1.078227,1.1128067,1.125969,0.98168504,0.9968738,1.0115424,1.0207956,1.0416749,0.6,0.3,0.15,0.1,0.05,0.40615854,0.2526054,0.23088327,0.22519007,0.14245105,0.2,0.1,0.05,0.26666668,0.35,0.6,0.8,0.9,0.93333334,0.96666664,-0.4,-0.7,-0.85,-0.6666667,-0.6166667,0.034052514,0.20100544,0.2954534,0.28905073,0.6277892,-0.114182204,0.101816155,0.019483965,0.2263195,0.42812842,0.4,0.3,0.4,0.4,0.43333334,0.6,0.7,0.6,0.6,0.56666666,-0.2,-0.4,-0.2,-0.2,-0.13333334,0.3559408,0.2924008,0.36773694,0.45972854,0.4719935,0.6440592,0.7075992,0.63226306,0.54027146,0.5280065,-0.28811842,-0.41519842,-0.26452616,-0.080542915,-0.056013,1.2272415,1.224925,1.4052014,1.3760607,1.7268064,0.2656651,0.22094443,0.4784484,0.43433714,0.7476869,0.8607382,0.6969922,1.3548082,1.3545705,1.4913692,0.43134323,0.24786057,0.47523752,0.4960193,0.48656628,0.5686568,0.75213945,0.5247625,0.5039807,0.51343375,-0.13731356,-0.5042789,-0.049524963,-0.007961407,-0.026867457
SH605499,0.18251688839907843,1.0,,2026-03-26,-0.044718083,0.052666012,-0.84908813,0.005458753,0.103648506,0.002489174,0.047263384,-0.04768766,-0.90547323,1.0468113,1.0525256,0.9973943,1.0187222,1.0512172,1.0359737,1.1600578,1.2281283,1.2570058,1.0237261,1.0457636,1.0606196,1.1142503,1.1626093,0.021578401,0.031232072,0.029561935,0.08280042,0.082010254,-0.004228118,-0.0071431515,-0.0034476442,-0.008563657,-0.00394485,0.09598329,0.47950107,0.47604415,0.82900137,0.70570713,-0.015269874,-0.013619459,-0.027866963,0.0099226935,-0.046236273,1.0628228,1.1142837,1.1531427,1.2754278,1.2869135,0.9947495,0.9947495,0.9947495,0.9947495,0.9947495,1.0434442,1.0740169,1.0857387,1.2133512,1.2429843,1.002602,1.0216761,1.0381024,1.0456519,1.07426,0.2,0.1,0.05,0.033333335,0.016666668,0.07713055,0.043924924,0.033148732,0.018706586,0.017971184,0.2,0.3,0.05,0.1,0.18333334,0.4,0.7,0.85,0.9,0.95,-0.2,-0.4,-0.8,-0.8,-0.76666665,-0.6581534,0.11780753,0.290444,-0.12803867,-0.16940917,-0.5740261,-0.27045766,-0.45426586,-0.44488257,-0.10124769,0.4,0.4,0.4,0.33333334,0.31666666,0.6,0.6,0.6,0.6666667,0.68333334,-0.2,-0.2,-0.2,-0.33333334,-0.36666667,0.31373942,0.42345864,0.31747338,0.30050567,0.3985896,0.6862606,0.57654136,0.68252665,0.69949436,0.6014104,-0.3725212,-0.15308276,-0.36505327,-0.3989887,-0.20282078,0.9333863,1.0658875,1.2740327,1.1784023,1.2131509,0.16754878,0.44006062,0.62295616,0.58618706,0.5589523,0.6130011,1.0858476,1.2787585,1.3813943,1.1694102,0.6655408,0.3242395,0.5000943,0.45520526,0.5074069,0.3344592,0.6757605,0.4999057,0.54479474,0.49259314,0.33108163,-0.35152102,0.00018856846,-0.08958949,0.014813744
SZ002493,0.18221889326013596,1.0,,2026-03-26,-0.008375175,0.046063665,-0.18181738,0.030150792,0.6545461,0.007537698,0.16363652,-0.030988269,-0.6727269,1.0084459,1.0388514,0.9923986,1.0148716,0.97297585,1.1655496,1.2897525,1.1866826,0.8826073,0.9763701,1.0276349,1.1377364,1.1762098,1.1123581,0.02630617,0.071733855,0.1333924,0.12334918,0.13090862,0.0145227695,-0.018453369,-0.021468842,-0.011148925,0.0031913146,0.76194507,0.6066168,0.9066155,0.63313335,0.18126026,-0.0054156524,0.05540532,0.06621756,-0.014550351,-0.2065019,1.0388514,1.1892143,1.3834685,1.3834685,1.3834685,0.92485565,0.92485565,0.92485565,0.92485565,0.86656547,1.0018593,1.0893742,1.2905848,1.2877202,1.2461463,0.95491296,0.96203655,0.99459517,1.0640363,0.9799265,0.8,0.5,0.25,0.16666667,0.3,0.6591858,0.28425154,0.16385141,0.16385141,0.25814232,1.0,0.1,0.15,0.43333334,0.71666664,0.4,0.7,0.85,0.9,0.033333335,0.6,-0.6,-0.7,-0.46666667,0.68333334,-0.16577524,-0.19642524,0.018529205,-0.23869447,0.19958511,0.8355642,-0.51483536,-0.42922825,-0.2480917,-0.04211519,0.4,0.2,0.3,0.43333334,0.56666666,0.6,0.8,0.7,0.56666666,0.43333334,-0.2,-0.6,-0.4,-0.13333334,0.13333334,0.6600512,0.2011709,0.3007804,0.40782452,0.53405243,0.33994874,0.7988291,0.6992196,0.5921755,0.46594757,0.32010248,-0.59765816,-0.39843923,-0.18435095,0.068104856,1.3092651,1.4186498,1.4518836,1.3017346,1.2593381,0.2714042,0.48700562,0.40092522,0.40778905,0.4192829,1.1637342,1.5248742,1.1791126,1.2285922,1.2030152,0.22360718,0.46145904,0.5070111,0.51369894,0.4984914,0.7763928,0.53854096,0.49298885,0.48630106,0.5015086,-0.55278563,-0.077081904,0.0140222795,0.027397854,-0.0030171927
SH601336,0.1814096415652463,1.0,,2026-03-26,-0.037154503,0.044253115,-0.8395907,0.004379959,0.09897515,0.002718652,0.06143414,-0.03881581,-0.8771317,1.0385883,1.0431372,0.99717647,1.0135016,1.1024551,1.128187,1.1787063,1.2792729,1.1232295,1.0354344,1.0753895,1.1147898,1.1541549,1.1946529,0.028964086,0.04781903,0.055755693,0.07453417,0.08398956,-0.0140816765,-0.013511178,-0.008604728,-0.008159524,-0.002305829,0.5909205,0.73180664,0.83361185,0.92879623,0.22988117,-0.0072709885,-0.014589197,-0.033044964,-0.03584176,-0.126631,1.1099851,1.1572535,1.2266008,1.2921162,1.3467466,0.99717647,0.99717647,0.99717647,0.99717647,0.99717647,1.0515108,1.1144712,1.1480407,1.2210339,1.2693107,1.0203966,1.027762,1.0718366,1.1012039,1.1182483,0.2,0.1,0.05,0.033333335,0.016666668,0.025029628,0.01763876,0.01230715,0.009573345,0.008077234,0.2,0.3,0.15,0.033333335,0.43333334,1.0,1.0,1.0,1.0,1.0,-0.8,-0.7,-0.85,-0.96666664,-0.56666666,-0.6522482,-0.32142127,-0.07965175,-0.27876654,0.40658396,-0.89300704,-0.3359227,-0.222602,-0.21968214,0.3055987,0.2,0.3,0.4,0.33333334,0.38333333,0.8,0.7,0.6,0.6666667,0.6166667,-0.6,-0.4,-0.2,-0.33333334,-0.23333333,0.13651596,0.24289764,0.2669334,0.23988561,0.45083818,0.863484,0.7571024,0.73306656,0.7601144,0.5491618,-0.72696805,-0.51420474,-0.46613315,-0.52022874,-0.09832361,0.923922,0.86100644,0.83678794,0.7855561,0.9781882,0.25407982,0.25841743,0.28961986,0.257057,0.39055705,0.9001078,0.8901701,1.1883668,1.1935533,1.4250213,0.5988621,0.60056555,0.5100437,0.5249215,0.50709313,0.40113786,0.39943445,0.48995632,0.47507852,0.49290687,0.19772425,0.20113112,0.020087367,0.049842965,0.014186287
SH601318,0.18056713991675927,1.0,,2026-03-26,-0.033684943,0.03827836,-0.87999964,0.0,0.0,0.004593418,0.12000038,-0.029091524,-0.7599992,1.0348592,1.0348592,0.99524647,1.0094377,1.0672585,1.0845087,1.1179413,1.1866045,1.206664,1.024375,1.0509748,1.0731921,1.1048547,1.1510086,0.02010683,0.032027986,0.032342874,0.055107508,0.06871136,-0.008023827,-0.008980063,-0.004653398,-0.0059098955,-0.0035060807,0.3981218,0.72062767,0.72452134,0.8913325,0.79412067,-0.008327257,-0.010564619,-0.028984843,-0.019161278,-0.047579225,1.0721726,1.1056241,1.1221929,1.216572,1.3183383,0.99524647,0.99524647,0.99524647,0.99524647,0.99524647,1.0383998,1.0797325,1.0984211,1.1538687,1.2053043,1.0094398,1.0209699,1.0484127,1.0667641,1.0894421,0.2,0.1,0.05,0.033333335,0.016666668,0.061793536,0.04306618,0.037445273,0.021477588,0.01471266,0.2,0.3,0.05,0.1,0.15,1.0,1.0,1.0,1.0,1.0,-0.8,-0.7,-0.95,-0.9,-0.85,-0.79485255,-0.5516226,-0.30240935,-0.05794531,0.26173794,-0.9403868,-0.7092355,-0.6712064,-0.53422695,-0.05344156,0.4,0.4,0.45,0.36666667,0.4,0.6,0.6,0.55,0.6333333,0.6,-0.2,-0.2,-0.1,-0.26666668,-0.2,0.20444457,0.26616934,0.29898494,0.29020864,0.40084124,0.7955554,0.73383063,0.70101506,0.70979136,0.59915876,-0.5911109,-0.46766132,-0.4020301,-0.41958272,-0.19831756,0.81643057,0.7396399,0.7377863,0.7505237,0.999495,0.29231805,0.2472969,0.23555933,0.21253854,0.4673682,0.89470273,0.98053396,1.0010631,0.9380282,1.2423633,0.58900577,0.5554169,0.4978223,0.5092018,0.51225805,0.4109942,0.44458315,0.5021777,0.49079818,0.48774192,0.17801157,0.11083372,-0.004355389,0.018403666,0.02451615
SZ000975,0.17784844378573358,1.0,,2026-03-26,-0.016483508,0.03992674,-0.4128438,0.01318675,0.33027363,0.010256485,0.25688258,-0.019413773,-0.48623484,1.0167598,1.0301676,0.98957163,1.0068942,1.0875144,1.2279098,1.1426297,1.1657187,0.9329676,1.0117679,1.0818166,1.1364665,1.1355418,1.114747,0.04010768,0.08510789,0.08578492,0.07010513,0.1393373,-0.010017599,-0.025257861,-0.010878327,-0.0030248614,0.002866826,0.15595964,0.8073557,0.56282115,0.14428231,0.12911233,0.00826735,0.03184377,-0.03312243,-0.09168125,-0.19931842,1.0983161,1.2606844,1.264033,1.264033,1.5750345,0.95530814,0.95530814,0.95530814,0.95530814,0.8740921,1.0323988,1.145758,1.213982,1.177412,1.2199403,0.9869659,0.99821246,1.0647979,1.0973458,0.9559076,0.6,0.3,0.15,0.1,0.26666668,0.31251308,0.14635016,0.14476275,0.14476275,0.17962658,0.2,0.1,0.1,0.4,0.43333334,0.6,0.8,0.9,0.93333334,0.1,-0.4,-0.7,-0.8,-0.53333336,0.33333334,-0.20636593,-0.22511701,0.05951952,0.038166262,0.35056126,-0.7861967,-0.75828356,0.011472095,0.003216052,0.19161843,0.4,0.3,0.4,0.36666667,0.48333332,0.6,0.6,0.55,0.6,0.5,-0.2,-0.3,-0.15,-0.23333333,-0.016666668,0.26915523,0.21401869,0.4044888,0.41277933,0.5151293,0.73084474,0.7859813,0.5955112,0.58722067,0.4848707,-0.46168953,-0.5719626,-0.1910224,-0.17444135,0.03025861,1.9326131,1.9571619,2.093014,1.9675786,2.037618,0.75436234,0.7027546,0.9284682,0.80669177,0.93696743,1.3778527,1.1862533,1.3348382,1.4468672,1.246118,0.2644424,0.48883122,0.50064874,0.44724575,0.47854924,0.7355576,0.5111688,0.49935126,0.5527543,0.52145076,-0.4711152,-0.02233756,0.0012974637,-0.105508514,-0.042901512
SH600115,0.1720361573568414,1.0,,2026-03-26,-0.00691245,0.050691195,-0.13636392,0.03456217,0.68181807,0.009216573,0.18181804,-0.032258045,-0.6363639,1.0069605,1.0417633,0.99071926,1.0140269,1.0234114,1.0886288,1.3561873,1.4565217,1.3361204,0.98528427,1.0309365,1.1102006,1.2110368,1.2849777,0.033096,0.056644022,0.106422,0.17178386,0.1482774,0.0071906396,-0.014583964,-0.017019136,-0.019159153,-0.0061151786,0.11801143,0.6076513,0.89511794,0.96402794,0.51876205,0.00033443098,0.03469138,0.051481124,0.06677095,-0.10457993,1.0537589,1.1311121,1.3804742,1.4978358,1.502745,0.932463,0.932463,0.932463,0.932463,0.932463,1.0073578,1.0862876,1.1923077,1.3779265,1.4107023,0.96287626,0.99397993,1.0143813,1.0729097,1.1170568,0.6,0.3,0.15,0.1,0.05,0.5567955,0.33998132,0.15074843,0.11945569,0.11842734,0.2,0.3,0.05,0.1,0.31666666,0.4,0.7,0.85,0.9,0.95,-0.2,-0.4,-0.8,-0.8,-0.6333333,-0.37586677,-0.0941563,-0.37279725,-0.60294914,-0.5827651,-0.35607246,-0.27880022,-0.34804505,-0.32244137,-0.1713452,0.4,0.4,0.3,0.3,0.38333333,0.6,0.6,0.7,0.7,0.6,-0.2,-0.2,-0.4,-0.4,-0.21666667,0.43750003,0.34319532,0.1913043,0.21503136,0.4,0.5625,0.6568047,0.8086957,0.7849687,0.59999996,-0.12499995,-0.31360936,-0.6173914,-0.5699373,-0.19999999,1.144414,1.1438408,1.0938952,0.9464406,0.79232085,0.25053066,0.25558397,0.36537272,0.37715736,0.34402514,0.72337705,0.94395983,1.0226412,1.1520867,1.2501155,0.45552188,0.51263666,0.5272921,0.49857724,0.51858723,0.5444781,0.48736334,0.4727079,0.50142276,0.48141277,-0.088956244,0.025273342,0.054584183,-0.0028454969,0.037174463
SH688041,0.17150026463951176,0.875,,2026-03-26,-0.02073168,0.04477681,-0.4630004,0.020910762,0.46699983,0.003134367,0.069999784,-0.038508076,-0.86000043,1.0211706,1.042524,0.9967993,1.0207692,1.0179523,1.1065294,1.15542,1.1156423,0.98359686,0.9810817,1.0166903,1.069399,1.0960495,1.1106461,0.021321863,0.043269318,0.06704978,0.069304876,0.08501049,0.006825531,-0.011552625,-0.01017167,-0.0064093326,-0.00044256405,0.25619024,0.65345055,0.8054857,0.6628264,0.008266223,0.005267222,0.035296585,0.027231822,-0.0031142756,-0.0975905,1.042524,1.1010518,1.2339755,1.2339755,1.4104159,0.9281169,0.9281169,0.9281169,0.9281169,0.9281169,0.9952249,1.0602907,1.1121429,1.157525,1.1840799,0.9694628,0.9866861,0.99880624,1.0342462,1.0242676,1.0,0.5,0.25,0.16666667,0.1,0.62830955,0.41566572,0.23502064,0.23502064,0.14904258,1.0,0.1,0.05,0.36666667,0.35,0.6,0.8,0.9,0.93333334,0.96666664,0.4,-0.7,-0.85,-0.56666666,-0.6166667,0.17230988,-0.6209007,0.33372292,0.16658942,0.55329776,-0.519256,0.13658458,0.11874842,0.24790649,0.4892148,0.6,0.4,0.35,0.4,0.41666666,0.4,0.6,0.65,0.6,0.5833333,0.2,-0.2,-0.3,-0.2,-0.16666667,0.427997,0.28921738,0.35214558,0.42775813,0.5050922,0.572003,0.7107826,0.64785445,0.5722419,0.4949078,-0.14400603,-0.4215652,-0.29570886,-0.14448376,0.010184435,0.95567954,0.8424987,0.94184154,0.91814184,1.1123095,0.03862605,0.16287225,0.27477387,0.25703782,0.45905346,0.54035324,0.53460276,0.909773,0.8241239,1.7067236,0.8794265,0.58190084,0.47501197,0.5178751,0.48937163,0.120573536,0.4180992,0.524988,0.48212492,0.5106284,0.75885296,0.16380163,-0.049976036,0.035750125,-0.021256771
SZ300015,0.16758752729201012,1.0,,2026-03-26,-0.02886597,0.034020655,-0.8484837,0.0020619049,0.06060744,0.0030927798,0.090908885,-0.027835095,-0.81818223,1.029724,1.0318471,0.99681526,1.0145308,1.073251,1.0775058,1.1242123,1.1921446,1.1956098,1.0278176,1.0557368,1.0746862,1.097244,1.1442616,0.021607004,0.033192664,0.031565648,0.045415718,0.059525877,-0.010617767,-0.00997885,-0.004429082,-0.0046189073,-0.002881167,0.6036946,0.82849187,0.6890743,0.80161875,0.71453756,-0.0065821055,-0.010831978,-0.03260987,-0.030269891,-0.059267204,1.0775018,1.1061617,1.1273992,1.2356808,1.2810122,0.99681526,0.99681526,0.99681526,0.99681526,0.99681526,1.0373685,1.0851451,1.095966,1.130788,1.1997873,1.0152917,1.0267603,1.0539334,1.0766548,1.0900253,0.2,0.1,0.05,0.033333335,0.016666668,0.03947016,0.029124953,0.024388233,0.013332647,0.011205997,0.2,0.3,0.05,0.033333335,0.23333333,1.0,1.0,1.0,1.0,1.0,-0.8,-0.7,-0.95,-0.96666664,-0.76666665,-0.5037657,-0.45043936,-0.21137202,0.5475252,0.43728718,-0.89882535,-0.70456076,-0.56403726,-0.31146908,0.0728462,0.4,0.4,0.4,0.4,0.41666666,0.6,0.6,0.6,0.6,0.56666666,-0.2,-0.2,-0.2,-0.2,-0.15,0.12897965,0.20794371,0.23524575,0.28400618,0.38466215,0.8710203,0.79205626,0.76475424,0.7159938,0.61533785,-0.7420407,-0.5841126,-0.52950853,-0.43198764,-0.23067573,0.81952596,0.7566566,0.7734072,1.0326366,1.0807565,0.23063876,0.17515889,0.19031124,0.6080886,0.57599103,0.9739062,1.2447679,1.1312448,1.3775258,1.2699155,0.6311392,0.5108518,0.54738754,0.48663154,0.5134732,0.36886078,0.48914823,0.45261246,0.5133684,0.48652676,0.26227844,0.021703571,0.09477508,-0.026736898,0.026946457
SH688256,0.16578358592931267,1.0,,2026-03-26,-0.0145192,0.048557725,-0.29900905,0.027576946,0.56792086,0.0064615803,0.13307007,-0.035634566,-0.73385984,1.0147331,1.0427164,0.9934432,1.012584,1.0118256,1.0722997,1.1404039,1.0420529,1.2535564,0.9930139,1.0203707,1.0670202,1.0664415,1.1894104,0.02594536,0.036940146,0.05833821,0.051255807,0.144474,0.00658601,-0.009172573,-0.009090046,-0.0023235576,-0.007158729,0.16108881,0.5651927,0.8497556,0.15926577,0.7488456,-0.006185949,0.020905834,0.019335285,-0.032749977,0.021772038,1.0427164,1.0996681,1.1826714,1.1826714,1.5123426,0.9444824,0.9444824,0.9444824,0.9444824,0.9444824,1.0055615,1.0556991,1.1207492,1.1082642,1.3302956,0.98954046,1.0000781,1.010163,1.013371,1.0535388,0.4,0.2,0.1,0.06666667,0.033333335,0.5651571,0.3577495,0.23308228,0.23308228,0.09776639,1.0,0.1,0.05,0.36666667,0.21666667,0.4,0.7,0.85,0.9,0.95,0.6,-0.6,-0.8,-0.53333336,-0.73333335,0.043632418,-0.122486554,0.022143,0.13085303,0.034744166,0.17428899,0.21564108,0.101256385,0.3789325,0.11284496,0.4,0.2,0.3,0.4,0.41666666,0.6,0.8,0.65,0.56666666,0.56666666,-0.2,-0.6,-0.35,-0.16666667,-0.15,0.4589208,0.32315037,0.34677145,0.47218063,0.42607966,0.5410792,0.67684966,0.6532286,0.5278194,0.5739203,-0.08215841,-0.3536993,-0.30645713,-0.055638753,-0.14784065,1.6566441,1.4938838,1.4717275,1.5453428,1.5968219,0.39491692,0.38653725,0.40791932,0.4398284,0.580696,0.87405986,1.115634,0.9577543,1.1342378,1.3943095,0.5044396,0.47166845,0.39596853,0.45185187,0.49478447,0.4955604,0.5283316,0.60403144,0.5481481,0.5052155,0.008879176,-0.056663107,-0.20806292,-0.09629623,-0.010431046
SZ300433,0.1655179501015358,1.0,,2026-03-26,-0.015975567,0.042828,-0.37301686,0.023113465,0.53968114,0.00373897,0.087302,-0.035350062,-0.825396,1.0162349,1.0397236,0.9962003,1.0167859,1.0269824,1.1060511,1.2273011,1.276712,0.9976092,0.9919394,1.0266237,1.0781124,1.1208231,1.1760118,0.025247505,0.04320209,0.065777965,0.08178631,0.13116883,0.0024876178,-0.011933873,-0.010265832,-0.008816067,-0.0023529269,0.024270032,0.699463,0.85250205,0.90051347,0.09814213,0.0030853215,0.027078645,0.01941302,0.007009834,-0.10660049,1.0425034,1.1064239,1.2235274,1.261189,1.500559,0.94164926,0.94164926,0.94164926,0.94164926,0.94164926,1.0141857,1.0619344,1.1224682,1.2033358,1.3051631,0.9663802,0.99344224,1.0152445,1.049889,1.0418739,0.6,0.3,0.15,0.1,0.1,0.57856596,0.35412452,0.20700692,0.18260872,0.10440099,0.2,0.1,0.05,0.033333335,0.21666667,0.6,0.8,0.9,0.93333334,0.96666664,-0.4,-0.7,-0.85,-0.9,-0.75,0.043316316,-0.6764733,0.15449598,0.243901,0.63283664,0.11753974,0.033620972,-0.15241435,-0.0069128405,0.4391186,0.4,0.3,0.3,0.36666667,0.41666666,0.6,0.7,0.7,0.6333333,0.5833333,-0.2,-0.4,-0.4,-0.26666668,-0.16666667,0.3978448,0.2545457,0.24061336,0.2707724,0.50061387,0.6021552,0.7454543,0.75938666,0.7292276,0.49938616,-0.20431042,-0.49090865,-0.51877326,-0.4584552,0.001227695,0.9675128,0.8283223,0.90408415,0.9291743,1.6483741,0.23355815,0.22313349,0.2422108,0.24864689,1.1250267,0.9525415,1.0671352,0.96861196,0.9976737,2.0768187,0.549152,0.55883867,0.4347574,0.4887806,0.5001857,0.45084798,0.44116136,0.5652426,0.5112194,0.49981427,0.09830404,0.117677286,-0.13048516,-0.022438817,0.00037144814
SZ000977,0.1655070539222943,1.0,,2026-03-26,-0.025063084,0.041883912,-0.5983941,0.010765323,0.25702766,0.0060555036,0.14457828,-0.029772904,-0.71084344,1.0257074,1.0367495,0.99378884,1.0131866,1.0593358,1.0921308,1.0881509,1.0334668,1.1109188,1.0034062,1.0282516,1.0406655,1.0519283,1.0949442,0.026801948,0.034990326,0.03582886,0.038371027,0.059713423,0.0012585655,-0.0071718614,-0.0023787147,-0.0018999903,-0.0028123145,0.0055126306,0.38510507,0.15427187,0.19001925,0.67652476,-0.0059232437,0.0040216697,-0.018067665,-0.02437846,-0.011980935,1.0646964,1.0957565,1.1219732,1.1449234,1.235317,0.96029854,0.96029854,0.96029854,0.96029854,0.96029854,1.0267011,1.0606849,1.0707585,1.0812457,1.1563767,0.9923039,1.0013645,1.0119033,1.0226231,1.0326709,0.4,0.2,0.1,0.06666667,0.033333335,0.3802899,0.29309034,0.24556379,0.21503842,0.14435919,0.2,0.1,0.05,0.26666668,0.25,0.6,0.8,0.9,0.93333334,0.96666664,-0.4,-0.7,-0.85,-0.6666667,-0.71666664,-0.22376938,0.310881,0.5769485,0.64133596,0.6221198,-0.30413762,0.33986175,0.44187748,0.49555796,0.42549196,0.4,0.3,0.5,0.53333336,0.48333332,0.6,0.7,0.5,0.46666667,0.51666665,-0.2,-0.4,0.0,0.06666667,-0.033333335,0.34448653,0.36375454,0.41739726,0.47613433,0.45597047,0.65551347,0.6362455,0.58260274,0.5238657,0.54402953,-0.31102696,-0.27249092,-0.16520545,-0.047731344,-0.08805904,1.3008554,1.3411937,1.4750808,1.4961842,1.6488907,0.2054896,0.28069413,0.39838025,0.430405,0.5045378,0.55619967,0.63193005,0.76182616,0.86299443,0.8760905,0.3569163,0.31925878,0.47247458,0.4879621,0.46294492,0.6430837,0.6807412,0.5275254,0.5120379,0.5370551,-0.28616738,-0.36148244,-0.055050842,-0.0240758,-0.074110165
SH600588,0.16408326118802385,1.0,,2026-03-26,-0.030025022,0.035863217,-0.8372094,0.0033361209,0.093023464,0.0025020742,0.06976715,-0.03085907,-0.8604657,1.0309545,1.0343938,0.9974205,1.0130426,1.1040419,1.1659608,1.1994905,1.27344,1.0911518,1.0230488,1.0734371,1.119138,1.1595939,1.2190385,0.027081354,0.056911588,0.064236365,0.079889804,0.12444173,-0.010404199,-0.01742701,-0.009164207,-0.008344856,-0.002901249,0.3689917,0.85951966,0.712354,0.845584,0.16578217,-0.0022404126,0.0049844924,-0.032078058,-0.038593523,-0.13345169,1.1083481,1.1582246,1.2450641,1.2923521,1.6345793,0.99226034,0.99226034,0.99226034,0.99226034,0.99226034,1.0373293,1.1289814,1.168195,1.234742,1.3209065,1.001375,1.0141054,1.0589939,1.112304,1.1219317,0.2,0.1,0.05,0.033333335,0.016666668,0.06667065,0.046634447,0.030615242,0.025790952,0.0120495455,0.2,0.1,0.05,0.23333333,0.25,0.4,0.7,0.85,0.9,0.95,-0.2,-0.6,-0.8,-0.6666667,-0.7,-0.072306365,-0.1499082,0.49035406,0.5912166,0.89142203,-0.8540303,-0.8588951,-0.16938098,-0.18410666,0.33787578,0.4,0.4,0.5,0.46666667,0.51666665,0.6,0.6,0.5,0.53333336,0.48333332,-0.2,-0.2,0.0,-0.06666667,0.033333335,0.17652673,0.17065586,0.27777776,0.28856874,0.47603795,0.8234733,0.82934415,0.72222227,0.71143126,0.523962,-0.64694655,-0.65868825,-0.4444445,-0.42286253,-0.047924083,1.2383308,1.1962293,1.4754846,1.629762,2.7859774,0.3207257,0.24011496,0.48518744,0.51890266,2.5862768,0.9142855,0.9717613,0.96566904,1.0466812,2.1114733,0.46799463,0.42806375,0.45209163,0.39658427,0.5023665,0.53200537,0.57193625,0.54790837,0.6034157,0.4976335,-0.064010724,-0.14387251,-0.09581671,-0.20683146,0.004733006
SH600690,0.16339702345384452,1.0,,2026-03-26,-0.020347606,0.030097531,-0.67605567,0.0063586426,0.21126792,0.0033912817,0.112676404,-0.023314968,-0.7746472,1.0207702,1.0272609,0.9965383,1.0099835,1.0623128,1.092162,1.1233234,1.1267792,1.1826012,1.021201,1.049673,1.0653368,1.0855588,1.1056215,0.02326642,0.034358613,0.030975966,0.038611695,0.037716016,-0.011466921,-0.0105684055,-0.0038708833,-0.0038854121,-0.0017886313,0.60725975,0.8672795,0.54656076,0.7847623,0.68594587,0.0017328602,-0.002115129,-0.028563406,-0.029220356,-0.052856818,1.0731287,1.0995202,1.1246135,1.1462573,1.1934232,0.9965383,0.9965383,0.9965383,0.9965383,0.9965383,1.0287274,1.0803926,1.0861923,1.1238424,1.1319697,1.0083097,1.0134963,1.0488105,1.0616137,1.0790944,0.2,0.1,0.05,0.033333335,0.016666668,0.045197833,0.03361484,0.027028805,0.023121437,0.017582456,0.2,0.3,0.05,0.3,0.016666668,1.0,1.0,1.0,1.0,1.0,-0.8,-0.7,-0.95,-0.7,-0.98333335,-0.5444289,-0.7904711,-0.4503901,-0.33432245,-0.23017852,-0.76363283,-0.6657816,-0.58050776,-0.4272572,-0.10454585,0.2,0.2,0.35,0.36666667,0.35,0.8,0.8,0.65,0.6333333,0.6333333,-0.6,-0.6,-0.3,-0.26666668,-0.28333333,0.12492493,0.13398068,0.26048553,0.31241643,0.35203397,0.87507504,0.8660193,0.73951447,0.68758357,0.647966,-0.75015014,-0.7320386,-0.4790289,-0.37516713,-0.29593202,1.19949,0.9605811,0.96908754,0.9341399,1.0093493,0.44166943,0.38904253,0.33149844,0.32311872,0.3693473,1.4032977,1.6575571,1.322369,1.3650659,1.2811174,0.56409264,0.5325014,0.5133746,0.452242,0.51333,0.43590733,0.4674986,0.48662537,0.54775804,0.48667002,0.12818532,0.065002784,0.026749263,-0.09551605,0.026659936
SZ000063,0.16255378689026467,1.0,,2026-03-26,-0.017733673,0.028253695,-0.6276585,0.007814888,0.27659702,0.0027051354,0.095744476,-0.022843424,-0.808511,1.0180539,1.0260098,0.997246,1.0103961,1.0816951,1.1358603,1.1802229,1.1358603,1.1434985,1.0120494,1.0580094,1.0986164,1.1139569,1.1536989,0.025594642,0.052311406,0.05752811,0.05271245,0.06113321,-0.0054433593,-0.015503365,-0.00854723,-0.004365833,-0.0024527947,0.11307743,0.8051384,0.7726069,0.5316301,0.49098465,-0.0011627367,0.01175573,-0.017417673,-0.050652333,-0.08134152,1.0905589,1.1389204,1.1979762,1.1979762,1.3102701,0.9761267,0.9761267,0.9761267,0.9761267,0.9761267,1.0285745,1.1105129,1.137574,1.151101,1.2094735,0.99614334,1.0058674,1.043622,1.0902671,1.1185982,0.4,0.2,0.1,0.06666667,0.033333335,0.20862412,0.14664763,0.10761033,0.10761033,0.0714463,0.2,0.1,0.15,0.43333334,0.21666667,0.4,0.7,0.85,0.9,0.95,-0.2,-0.6,-0.7,-0.46666667,-0.73333335,-0.19295461,-0.13760248,0.37215075,0.17019807,0.61968875,-0.8140919,-0.6226887,-0.58351225,-0.29555336,0.11914967,0.4,0.4,0.45,0.5,0.48333332,0.6,0.6,0.5,0.46666667,0.5,-0.2,-0.2,-0.05,0.033333335,-0.016666668,0.2559581,0.2279144,0.30194613,0.38401392,0.43824288,0.7440419,0.7720856,0.6980539,0.6159861,0.56175715,-0.48808378,-0.5441712,-0.39610773,-0.23197219,-0.12351426,1.5279346,1.4655526,1.8284168,1.6995901,2.1789935,0.48362067,0.33475393,0.5521699,0.5179973,0.85632235,0.9400557,1.0652481,1.0106523,1.0856597,1.2653292,0.43474856,0.32672265,0.44715086,0.47417545,0.48113823,0.5652514,0.6732773,0.5528491,0.52582455,0.5188618,-0.13050285,-0.34655467,-0.10569826,-0.05164907,-0.037723523
SZ000157,0.16177034418599656,1.0,,2026-03-26,-0.015116251,0.02558141,-0.59090763,0.0034883479,0.13636261,0.0069768107,0.27272972,-0.011627788,-0.45454055,1.0153483,1.0188901,0.9929161,1.007439,1.0094352,1.1003454,1.1806269,1.1145171,0.9673261,0.99314773,1.0201833,1.0819303,1.1033385,1.0635923,0.021515127,0.036275532,0.07063769,0.06676129,0.066546,0.004605828,-0.009523433,-0.011042829,-0.0058255657,0.001682388,0.11456912,0.6317873,0.8553733,0.59010386,0.19494326,-0.002359404,0.022672104,0.022976568,-0.018867757,-0.11322272,1.0318655,1.1109782,1.1971533,1.1995169,1.1995169,0.9492329,0.9492329,0.9492329,0.9492329,0.9492329,1.0063646,1.0479224,1.1541854,1.1631609,1.1362345,0.98394114,0.9981104,1.0084903,1.0375425,1.001534,0.6,0.3,0.15,0.1,0.2,0.61437124,0.3138706,0.20477188,0.20283814,0.20283814,0.2,0.1,0.1,0.33333334,0.6666667,0.4,0.7,0.85,0.9,0.95,-0.2,-0.6,-0.75,-0.56666666,-0.28333333,-0.8147372,-0.39644185,0.07976768,0.18573108,0.22931078,-0.77500796,-0.60495454,-0.7157514,-0.44652134,-0.010157887,0.4,0.2,0.35,0.43333334,0.48333332,0.6,0.8,0.65,0.56666666,0.5,-0.2,-0.6,-0.3,-0.13333334,-0.016666668,0.46081647,0.26256016,0.30632865,0.40968278,0.5158372,0.53918356,0.7374399,0.69367135,0.5903172,0.4841628,-0.07836707,-0.47487968,-0.3873427,-0.18063442,0.031674355,1.4560027,1.4597571,1.5935956,1.6479346,1.7681856,0.41529495,0.29842842,0.40472835,0.39104825,0.6425179,0.9227861,0.88844585,1.0158854,1.0253927,1.5214254,0.33554435,0.31210205,0.45964375,0.44828588,0.5005782,0.66445565,0.6878979,0.5403563,0.5517141,0.4994218,-0.3289113,-0.37579587,-0.08071251,-0.10342822,0.0011564087
SH603260,0.16106833246262614,1.0,,2026-03-26,-0.024279919,0.031183127,-0.7786236,0.004998908,0.16030811,0.0019043012,0.06106832,-0.027374526,-0.87786335,1.0248841,1.0300074,0.9980483,1.013166,1.115949,1.191866,1.2491229,1.2181818,1.2665073,1.0370973,1.104721,1.1493701,1.1703615,1.2327805,0.031781435,0.07799945,0.07323271,0.069025,0.08755017,-0.017288692,-0.025007978,-0.010560253,-0.005680351,-0.004249001,0.7398051,0.9422919,0.72779053,0.52485484,0.7183886,-0.0025199319,0.007814971,-0.049047653,-0.08799646,-0.10743496,1.127071,1.2288638,1.2676165,1.307258,1.4292467,0.9963449,0.9963449,0.9963449,0.9963449,0.9963449,1.0447847,1.1788198,1.1950239,1.2096014,1.3096651,1.0246252,1.0323126,1.077225,1.1565232,1.1739395,0.2,0.1,0.05,0.033333335,0.016666668,0.027959775,0.015719462,0.01347385,0.011755933,0.0084431935,0.2,0.1,0.05,0.3,0.18333334,0.6,0.8,0.9,0.93333334,0.96666664,-0.4,-0.7,-0.85,-0.6333333,-0.78333336,-0.21795923,-0.2950106,-0.06491433,0.06898562,0.50295854,-0.6761118,-0.48782295,-0.44558716,0.2031943,0.21199337,0.4,0.4,0.45,0.43333334,0.46666667,0.6,0.6,0.55,0.56666666,0.53333336,-0.2,-0.2,-0.1,-0.13333334,-0.06666667,0.026075544,0.080836214,0.16962759,0.32822698,0.40768972,0.97392446,0.91916376,0.8303724,0.671773,0.59231025,-0.9478489,-0.8383276,-0.66074485,-0.34354603,-0.18462054,0.9847148,0.9460487,0.9537352,0.94386274,1.2258385,0.11918636,0.17769721,0.15940385,0.33996516,0.5112495,1.042051,1.0351576,1.0484893,1.2165408,1.2916877,0.43153495,0.5481032,0.46277124,0.50022316,0.506996,0.56846505,0.4518968,0.53722876,0.49977687,0.49300402,-0.1369301,0.09620642,-0.074457526,0.00044628925,0.013991938
SZ300759,0.16094427606083303,1.0,,2026-03-26,-0.016903596,0.039953873,-0.42307776,0.016903596,0.42307776,0.006146683,0.15384449,-0.027660508,-0.69231105,1.0171943,1.0343884,0.99374765,1.0139046,1.04876,1.108579,1.1543231,1.1866622,1.1335456,1.0071381,1.0421414,1.0608747,1.0999218,1.1456574,0.017972207,0.04027449,0.041053087,0.06632274,0.07369458,-0.0012399604,-0.011748519,-0.0047322568,-0.0067625036,-0.002981033,0.01190016,0.7800412,0.46506426,0.8057344,0.499071,-0.0046581775,0.010726891,-0.01591825,-0.0018655269,-0.057716954,1.0663879,1.1211281,1.1816779,1.2284797,1.3501118,0.97213453,0.97213453,0.97213453,0.97213453,0.97213453,1.0217159,1.0824732,1.0865617,1.1705093,1.2087467,0.99614614,1.0065684,1.0250336,1.0506368,1.0736595,0.4,0.2,0.1,0.06666667,0.033333335,0.2956443,0.18702467,0.13298182,0.108702905,0.073722586,0.2,0.1,0.05,0.2,0.25,0.4,0.7,0.85,0.9,0.95,-0.2,-0.6,-0.8,-0.7,-0.7,-0.756566,0.17189892,0.19174819,-0.028997872,0.41514316,-0.75930333,-0.5139998,0.1572113,0.16675183,0.35945287,0.4,0.4,0.45,0.4,0.41666666,0.6,0.6,0.55,0.6,0.5833333,-0.2,-0.2,-0.1,-0.2,-0.16666667,0.3102998,0.22402014,0.3111929,0.33373117,0.4386828,0.6897002,0.7759799,0.68880713,0.6662688,0.5613172,-0.3794004,-0.5519597,-0.3776142,-0.33253765,-0.12263441,1.1626413,1.2345111,1.3287119,1.2745497,1.3968517,0.20556535,0.26512903,0.598715,0.5076617,0.5640188,0.67484033,0.80343217,1.2544198,1.280221,1.2772956,0.41623417,0.19912177,0.5038357,0.48609412,0.4941137,0.58376586,0.8008782,0.49616432,0.5139059,0.5058863,-0.16753167,-0.60175645,0.0076713786,-0.027811779,-0.011772587
SH600362,0.16075564390528962,1.0,,2026-03-26,-0.011846135,0.028609814,-0.41405845,0.013187371,0.46093872,0.0035763076,0.12500282,-0.021457199,-0.74999434,1.0119882,1.0253336,0.9963808,1.0101236,1.0330651,1.1660681,1.2870587,1.3313931,0.96309596,0.995839,1.0463158,1.139356,1.1831372,1.2358865,0.02277472,0.061945885,0.11295453,0.11158593,0.14158367,0.0016099077,-0.018152544,-0.01860285,-0.011178983,-0.0022933683,0.012492111,0.7871573,0.94933563,0.7778349,0.08002417,0.0009412026,0.035370693,0.03737109,-0.021041946,-0.16823207,1.0517606,1.1950158,1.3639666,1.3639666,1.5991341,0.95459247,0.95459247,0.95459247,0.95459247,0.9411861,1.0131764,1.1007801,1.2418575,1.2778203,1.349226,0.98333126,0.99782044,1.0166687,1.0799257,1.1059813,0.6,0.3,0.15,0.1,0.1,0.4673088,0.18886484,0.110919334,0.110919334,0.08938996,0.2,0.1,0.1,0.4,0.43333334,0.4,0.7,0.85,0.9,0.05,-0.2,-0.6,-0.75,-0.5,0.38333333,-0.50712025,-0.039860196,0.46774617,0.4255487,0.49396873,-0.40763718,-0.5491597,-0.119869925,-0.04777694,0.38034523,0.4,0.2,0.3,0.4,0.5,0.6,0.8,0.7,0.6,0.5,-0.2,-0.6,-0.4,-0.2,0.0,0.37896645,0.19200741,0.2406,0.2881572,0.50803494,0.62103355,0.8079926,0.7594,0.71184283,0.49196506,-0.24206708,-0.61598516,-0.51879996,-0.42368564,0.0160699,1.4887613,1.550665,1.7382077,1.7851659,2.6359158,0.3318894,0.38210148,0.60059184,0.5739128,1.2938598,0.83754957,0.84472793,0.9093916,0.9695389,1.3038898,0.26805374,0.45804262,0.47382444,0.4461298,0.4910641,0.73194623,0.5419574,0.52617556,0.5538702,0.50893587,-0.46389252,-0.08391474,-0.052351147,-0.10774041,-0.017871784
SZ000963,0.16042856878823297,1.0,,2026-03-26,-0.017018698,0.03785207,-0.4496108,0.018485947,0.48837346,0.0023474244,0.06201575,-0.033157222,-0.8759685,1.0173134,1.0361193,0.99761194,1.0148242,1.0638849,1.0441836,1.0665634,1.0874598,1.2101605,1.0152828,1.0396125,1.0377332,1.0531746,1.1004992,0.017821744,0.029851891,0.025760373,0.031092113,0.059436724,-0.006983949,-0.0074700667,-0.00044678195,-0.0023070674,-0.0031698276,0.38392088,0.5740063,0.010528221,0.4266992,0.86748385,-0.001314873,-0.005997278,-0.033488784,-0.019722166,-0.0069892067,1.0692468,1.0874695,1.0874695,1.1140321,1.2220929,0.9937333,0.9937333,0.9937333,0.9937333,0.9937333,1.0245357,1.066333,1.0598295,1.0793403,1.1662158,1.0014344,1.0091953,1.0106872,1.0189264,1.0441836,0.2,0.1,0.05,0.033333335,0.016666668,0.08298775,0.06685459,0.06685459,0.052092727,0.02744222,0.2,0.3,0.65,0.033333335,0.016666668,0.4,0.7,0.85,0.9,0.95,-0.2,-0.4,-0.2,-0.8666667,-0.93333334,-0.27003428,0.2533729,0.019540584,-0.081310935,-0.028565114,-0.913379,-0.12765083,-0.20906068,-0.12458021,-0.20490606,0.4,0.5,0.45,0.43333334,0.4,0.6,0.5,0.55,0.56666666,0.6,-0.2,0.0,-0.1,-0.13333334,-0.2,0.17961831,0.35375175,0.39627472,0.3900975,0.35357812,0.8203817,0.6462482,0.60372525,0.6099025,0.64642185,-0.64076334,-0.2924965,-0.20745054,-0.219805,-0.29284376,1.1046013,1.1680362,1.2322875,1.172026,1.2467281,0.31815502,0.37410906,0.47028226,0.43402356,0.47954512,0.96389055,0.96981543,1.2286026,1.3457247,1.2787918,0.4543508,0.50272596,0.5024224,0.4977531,0.5114687,0.5456492,0.49727407,0.49757758,0.5022469,0.4885313,-0.09129839,0.0054518646,0.004844816,-0.00449379,0.022937441
SZ002600,0.15967376138859732,1.0,,2026-03-26,-0.006042279,0.021903373,-0.27586067,0.01208464,0.55172503,0.003776455,0.1724143,-0.014350464,-0.6551714,1.006079,1.0182371,0.99620056,1.0060835,1.0524862,1.1094613,1.1802486,1.1436465,1.2120166,0.99319756,1.036067,1.0724016,1.0997065,1.1492835,0.02295609,0.049008917,0.055087864,0.060657002,0.07693194,0.00096683565,-0.013953415,-0.0074711554,-0.0056114765,-0.003535911,0.0044345492,0.7430572,0.64377147,0.6632758,0.6443015,0.0048687924,0.026723364,-0.0014256283,-0.018340103,-0.04497415,1.0623769,1.1155163,1.1748034,1.1976258,1.4310329,0.9460877,0.9460877,0.9460877,0.9460877,0.9460877,1.0097376,1.0845649,1.1097721,1.162949,1.2050414,0.97527623,0.99575275,1.0161602,1.0664365,1.0910221,0.6,0.3,0.15,0.1,0.05,0.4636056,0.3182007,0.2357175,0.21433058,0.11117194,0.2,0.3,0.45,0.26666668,0.23333333,0.6,0.8,0.9,0.93333334,0.96666664,-0.4,-0.5,-0.45,-0.6666667,-0.73333335,-0.7263081,-0.6725583,0.17835747,0.21061325,0.75974876,-0.66567165,-0.520799,-0.1591192,0.021798195,0.20040247,0.4,0.4,0.4,0.46666667,0.48333332,0.6,0.6,0.6,0.53333336,0.51666665,-0.2,-0.2,-0.2,-0.06666667,-0.033333335,0.31904754,0.25801525,0.31423485,0.38161632,0.42776468,0.6809524,0.7419847,0.68576515,0.61838365,0.5722353,-0.3619049,-0.48396948,-0.3715303,-0.23676735,-0.14447063,1.3725859,1.2007085,1.4274266,1.4276167,2.6970665,0.38933486,0.33482045,0.50374246,0.45180705,1.969532,0.90228575,1.0602853,0.9208973,1.0117046,1.8793446,0.4907068,0.40675429,0.46505004,0.48953575,0.46017328,0.5092932,0.5932457,0.53494996,0.51046425,0.5398267,-0.018586412,-0.18649141,-0.0698999,-0.02092848,-0.07965341
SH688187,0.15786222699032232,1.0,,2026-03-26,-0.02361901,0.034285743,-0.68888724,0.0085714655,0.2500009,0.002095266,0.06111188,-0.030095208,-0.87777627,1.0241903,1.0329691,0.99785405,1.0115852,1.0258135,1.0916197,1.1716051,1.1237956,0.9692783,1.0110161,1.0376658,1.0777404,1.095619,1.0779767,0.014676033,0.034344487,0.05109893,0.05133261,0.06399668,-0.0022904933,-0.010190985,-0.007696616,-0.004341246,0.0012114042,0.060894877,0.80710435,0.7940431,0.55429864,0.109285645,-0.006435175,0.00819357,-0.004622533,-0.032670878,-0.11371313,1.0555948,1.1034046,1.1704652,1.1799933,1.2121902,0.9872228,0.9872228,0.9872228,0.9872228,0.9607004,1.026577,1.0673332,1.1223414,1.1326305,1.128922,0.99920017,1.0046537,1.0263952,1.0511544,1.0107616,0.4,0.2,0.1,0.06666667,0.15,0.18687792,0.10997593,0.06972844,0.066281974,0.15626729,0.2,0.1,0.1,0.33333334,0.41666666,0.4,0.7,0.85,0.9,0.016666668,-0.2,-0.6,-0.75,-0.56666666,0.4,-0.007581111,0.054624677,0.3839839,0.36388725,0.41503957,-0.042342693,-0.40890962,-0.28503373,-0.017728535,0.04607081,0.6,0.4,0.4,0.46666667,0.53333336,0.4,0.6,0.6,0.53333336,0.45,0.2,-0.2,-0.2,-0.06666667,0.083333336,0.3545082,0.22368386,0.25869125,0.38140026,0.51566267,0.6454918,0.7763161,0.74130875,0.6185998,0.48433733,-0.29098362,-0.5526323,-0.48261747,-0.2371995,0.031325337,1.2665671,1.3071649,1.5384468,1.5848845,1.9863764,0.3211287,0.29322296,0.45438895,0.41548243,0.87269557,0.8329935,0.9087099,1.1407969,1.061952,1.33484,0.41664085,0.40689275,0.4817759,0.46373147,0.4955011,0.5833592,0.5931073,0.51822406,0.53626853,0.5044989,-0.1667183,-0.18621454,-0.03644816,-0.07253704,-0.008997783
SH601100,0.15679117399442982,1.0,,2026-03-26,-0.007858573,0.03277841,-0.2397485,0.0168545,0.51419514,0.008065335,0.24605633,-0.016647737,-0.5078873,1.0079209,1.0249088,0.99187076,1.0089658,1.0445021,1.1609957,1.1942629,1.2492704,1.1194117,0.9921501,1.0391327,1.092903,1.1427648,1.1609815,0.031356245,0.057026196,0.07272712,0.09498388,0.07680129,-0.004070857,-0.016846174,-0.00969356,-0.009859235,-0.0018835021,0.042137004,0.7999545,0.6217873,0.83500355,0.18344039,0.015991604,0.036675077,-0.0008141661,0.00019404585,-0.105418265,1.0564706,1.1610079,1.2181166,1.3118278,1.3129522,0.9285968,0.9285968,0.9285968,0.9285968,0.9285968,1.0077506,1.0867923,1.1624547,1.2377028,1.2273083,0.96698964,0.9896697,1.0310026,1.0734271,1.106986,0.8,0.4,0.2,0.13333334,0.06666667,0.55838805,0.30722806,0.24662627,0.18631895,0.1857739,0.2,0.1,0.4,0.13333334,0.36666667,0.6,0.8,0.9,0.93333334,0.96666664,-0.4,-0.7,-0.5,-0.8,-0.6,-0.8101821,-0.8985686,-0.6250837,-0.5627766,-0.10703226,-0.9929983,-0.81804997,-0.5198112,-0.5046938,0.058129646,0.6,0.3,0.35,0.36666667,0.4,0.4,0.7,0.6,0.6,0.5833333,0.2,-0.4,-0.25,-0.23333333,-0.18333334,0.3269012,0.17148979,0.30280223,0.3169309,0.4635904,0.6730988,0.8285102,0.69719774,0.6830691,0.5364096,-0.34619763,-0.6570204,-0.39439553,-0.36613822,-0.07281918,2.0532312,1.4439963,1.2285615,1.114833,1.2758756,1.2051557,1.0402051,0.76996404,0.6664162,0.5764752,1.6458604,1.9307764,1.8338779,1.9116372,1.3095622,0.49098864,0.5184315,0.5048447,0.46633875,0.49842617,0.5090113,0.48156852,0.49515527,0.53366125,0.5015738,-0.018022692,0.03686299,0.009689456,-0.0673225,-0.003147643
SZ002938,0.15624939223314963,1.0,,2026-03-26,-0.010784387,0.04294118,-0.25114325,0.02725491,0.63470334,0.0049018827,0.11415343,-0.033137415,-0.7716931,1.0109019,1.038454,0.99504465,1.0139186,1.0554886,1.0372221,1.2283301,1.2236775,1.0039636,1.0028262,1.0259521,1.0472687,1.0822104,1.0853553,0.022561567,0.03552751,0.04800325,0.06690693,0.06803779,-0.0017921856,-0.0059530293,-0.0054962495,-0.0061612874,-5.0864266e-05,0.01577493,0.25737005,0.45883828,0.65720737,0.00017046099,0.00075819617,0.0008365041,0.0049456772,0.007128277,-0.083854824,1.0829188,1.0995289,1.2090625,1.2546927,1.2680882,0.9539992,0.9539992,0.9539992,0.9539992,0.9539992,1.0208514,1.0578667,1.0715492,1.1541617,1.1560917,0.98745483,0.99817336,1.010753,1.0203344,1.0263656,0.6,0.3,0.2,0.13333334,0.06666667,0.35681763,0.3160922,0.18035048,0.15298231,0.14645782,0.2,0.4,0.05,0.33333334,0.48333332,0.6,0.8,0.9,0.93333334,0.96666664,-0.4,-0.4,-0.85,-0.6,-0.48333332,0.40988806,0.77469695,0.43931362,0.4414584,0.49028862,0.28449285,0.41677308,0.20392294,0.22456872,0.39263612,0.4,0.4,0.35,0.4,0.46666667,0.6,0.6,0.65,0.6,0.53333336,-0.2,-0.2,-0.3,-0.2,-0.06666667,0.3078759,0.4495327,0.34960276,0.39708212,0.49897859,0.6921241,0.5504673,0.65039724,0.60291785,0.50102144,-0.38424823,-0.10093462,-0.30079448,-0.20583574,-0.0020428454,1.2428249,1.6109917,1.5218846,1.5865246,1.8226596,0.27143684,0.52517176,0.44174105,0.4798755,0.5962927,0.6597947,0.7751322,0.7342175,0.7924746,0.99332786,0.2819594,0.5027206,0.414521,0.47314012,0.4852317,0.7180406,0.49727938,0.585479,0.5268599,0.5147683,-0.43608114,0.0054412475,-0.170958,-0.053719766,-0.029536614
SH600893,0.15546294934716742,1.0,,2026-03-26,-0.032258045,0.046975784,-0.68669516,0.007862846,0.16738082,0.006854896,0.14592403,-0.033265993,-0.70815194,1.0333333,1.0414582,0.9929166,1.0114284,1.0649972,1.1608152,1.2432734,1.0293294,0.80432487,1.0072702,1.0623128,1.1437021,1.1318151,1.0236903,0.02429164,0.063817665,0.09975137,0.09781304,0.13926837,-0.00016155667,-0.018368231,-0.014427416,-0.0016436009,0.006140505,0.000110579895,0.759389,0.7321624,0.021882704,0.5929295,-0.006947114,0.020344252,-0.006641744,-0.107982814,-0.20483528,1.0759903,1.1664578,1.3286884,1.3286884,1.3286884,0.9650018,0.9650018,0.9650018,0.9650018,0.78684074,1.030535,1.1235567,1.223563,1.2152736,1.1772199,0.99407196,0.9997887,1.0322874,1.0284595,0.875946,0.6,0.3,0.15,0.1,0.45,0.31533158,0.17372628,0.096231766,0.096231766,0.3933934,0.2,0.2,0.4,0.6,0.8,0.4,0.7,0.85,0.9,0.033333335,-0.2,-0.5,-0.45,-0.3,0.76666665,-0.41560557,-0.40803757,0.5404007,0.54032606,0.23084024,-0.6053201,-0.37021437,0.20800759,0.46234405,0.5811211,0.4,0.4,0.4,0.5,0.53333336,0.6,0.6,0.6,0.5,0.46666667,-0.2,-0.2,-0.2,0.0,0.06666667,0.32101306,0.2688461,0.36237085,0.48807964,0.5476933,0.6789869,0.7311539,0.63762915,0.5119204,0.45230666,-0.35797387,-0.46230778,-0.2752583,-0.023840731,0.09538667,1.0602796,1.0199386,1.3137783,1.4160115,1.5398308,0.08819278,0.18941143,0.42624074,0.51071817,0.6079818,0.38229677,0.5586062,0.84486824,1.0249354,1.0410706,0.1760772,0.31347042,0.42623663,0.47673777,0.50410175,0.8239228,0.6865296,0.5737634,0.5232622,0.49589822,-0.6478456,-0.37305912,-0.14752674,-0.046524446,0.008203555
SZ300896,0.1551646983228638,1.0,,2026-03-26,-0.03204917,0.036803294,-0.8708235,0.0040164194,0.10913207,0.0007377008,0.020044422,-0.035327893,-0.95991117,1.0331104,1.0372597,0.9992379,1.0154979,1.1759969,1.1996117,1.2123102,1.2560071,1.2228128,1.0375545,1.1176347,1.1531969,1.1872039,1.2063466,0.03369551,0.087913886,0.07147967,0.0778431,0.061729215,-0.016867714,-0.027237527,-0.008530668,-0.007425881,-0.001906266,0.6264816,0.879897,0.4985045,0.7052733,0.29086086,-0.0038190829,0.004934171,-0.07215556,-0.079528615,-0.15011176,1.1740209,1.2251867,1.2257631,1.3447644,1.3447644,0.9992379,0.9992379,0.9992379,0.9992379,0.9992379,1.0484962,1.2045894,1.2044874,1.235696,1.2468667,1.0178225,1.0335317,1.0806531,1.1735017,1.1832533,0.2,0.1,0.05,0.033333335,0.016666668,0.004360413,0.0033730043,0.003364422,0.002205696,0.002205696,0.2,0.3,0.45,0.033333335,0.51666665,1.0,1.0,1.0,1.0,1.0,-0.8,-0.7,-0.55,-0.96666664,-0.48333332,0.6160421,-0.5979467,-0.4204427,0.20618998,0.36143816,-0.63342124,-0.6291042,-0.41926792,-0.1855934,0.08627167,0.2,0.3,0.35,0.33333334,0.46666667,0.8,0.7,0.65,0.6666667,0.53333336,-0.6,-0.4,-0.3,-0.33333334,-0.06666667,0.074876934,0.10513736,0.2338625,0.29270187,0.399512,0.9251231,0.89486265,0.7661375,0.7072981,0.600488,-0.85024613,-0.7897253,-0.532275,-0.41459626,-0.20097601,1.2387927,0.94700414,0.91712147,1.0990086,1.2539475,0.5272289,0.47009927,0.37166783,0.62909293,0.60005665,1.0595605,1.5812317,1.6703583,1.4724466,1.3800415,0.5766055,0.5277662,0.49790126,0.4743976,0.4970918,0.42339453,0.47223374,0.50209874,0.5256024,0.5029082,0.15321094,0.055532493,-0.0041974992,-0.051204786,-0.0058163796
SH600377,0.1541397869183459,1.0,,2026-03-26,0.018151823,0.027227735,0.6666667,0.0066006775,0.24242479,0.002475234,0.09090856,0.014026379,0.5151504,0.9821718,1.006483,0.9797407,0.9998048,1.0073562,1.0073562,0.96834594,0.9861792,0.97726256,0.98426217,0.9954525,0.9889991,0.98642445,0.97599196,0.01583849,0.015976569,0.01502227,0.014038675,0.01840707,0.0022737347,-0.0029857226,0.0009032277,0.0005170957,0.00057860237,0.05152191,0.32014245,0.12652938,0.105145626,0.3013637,0.0111903865,0.017983237,0.0024202366,0.006077694,0.0069392663,1.0128835,1.0178518,1.0178518,1.0178518,1.0178518,0.958721,0.958721,0.958721,0.958721,0.9295008,0.9992867,1.0066428,1.0057513,1.0004904,0.9891217,0.97311634,0.9821221,0.9755238,0.9737851,0.9612572,1.0,0.5,0.7,0.78333336,0.89166665,0.76213145,0.69809663,0.69809663,0.69809663,0.79794466,0.2,0.3,0.65,0.76666665,0.8833333,0.4,0.7,0.85,0.9,0.3,-0.2,-0.4,-0.2,-0.13333334,0.5833333,0.079006635,-0.4475748,-0.069535255,0.14325316,-0.025241742,-0.28676945,-0.2131934,0.06173841,0.05139041,0.1601219,0.6,0.6,0.7,0.6333333,0.56666666,0.4,0.4,0.3,0.33333334,0.41666666,0.2,0.2,0.4,0.3,0.15,0.45504117,0.46373647,0.57906467,0.52553546,0.5223293,0.54495883,0.5362635,0.42093533,0.47446454,0.47767076,-0.089917675,-0.07252706,0.15812932,0.05107091,0.04465851,0.65731686,0.55339885,0.54958445,0.5002294,0.54757607,0.21501867,0.1862529,0.17211708,0.1599038,0.18511686,0.79378045,1.2159426,1.0456111,1.1009802,0.98773575,0.73153055,0.5327382,0.6106455,0.5714566,0.52679914,0.26846942,0.4672618,0.38935453,0.42854342,0.47320086,0.46306112,0.065476395,0.22129093,0.14291316,0.053598292
SH600031,0.15382357564336738,1.0,,2026-03-26,-0.022335013,0.028934006,-0.77192956,0.0020303999,0.07017348,0.0045685917,0.15789698,-0.019796822,-0.68420607,1.0228453,1.024922,0.99532706,1.0064521,1.0259601,1.1168208,1.2123567,1.2076815,1.0846272,0.9989604,1.0361362,1.093144,1.1370173,1.1390163,0.020716384,0.045846645,0.06949917,0.08526095,0.0662616,0.0038417769,-0.012819945,-0.011049978,-0.009037664,-0.0007787494,0.085975826,0.7167515,0.8847726,0.87079066,0.042128067,-0.00664395,0.021553626,0.011830774,-0.0059711407,-0.11604313,1.0337498,1.1261675,1.224816,1.261159,1.261159,0.9579447,0.9579447,0.9579447,0.9579447,0.9579447,1.0119424,1.0788156,1.147553,1.2147456,1.1970942,0.98826075,0.99864876,1.021287,1.065003,1.082035,0.6,0.3,0.15,0.1,0.05,0.5547824,0.24999766,0.15758657,0.13869837,0.13869837,0.2,0.1,0.05,0.3,0.65,0.4,0.7,0.85,0.9,0.95,-0.2,-0.6,-0.8,-0.6,-0.3,-0.4777311,-0.30331096,-0.19929591,-0.26179445,0.13193285,-0.2724587,-0.4452699,-0.5061743,-0.28038156,0.17853309,0.4,0.2,0.25,0.4,0.48333332,0.6,0.8,0.75,0.6,0.51666665,-0.2,-0.6,-0.5,-0.2,-0.033333335,0.4060137,0.24489544,0.25507402,0.3327722,0.46157497,0.59398633,0.75510454,0.744926,0.6672278,0.538425,-0.18797264,-0.5102091,-0.48985195,-0.3344556,-0.07685003,1.6535926,1.6658678,1.6811161,1.616258,1.722502,0.5080281,0.46274617,0.43012884,0.386548,0.49211097,0.616821,0.89296067,0.9103876,0.95403117,1.2486299,0.2817583,0.38488492,0.4844053,0.46356335,0.4935297,0.7182417,0.61511505,0.5155947,0.5364367,0.5064703,-0.43648338,-0.23023014,-0.031189393,-0.07287331,-0.012940597
SH600160,0.15349242350562148,1.0,,2026-03-26,-0.01276236,0.033465646,-0.38135707,0.013329528,0.39830485,0.0073737563,0.22033809,-0.018718133,-0.55932385,1.0129273,1.0264292,0.99253094,1.0094604,1.0428115,1.1390297,1.1867332,1.0853189,1.0745463,1.0026412,1.0434909,1.1177063,1.1261871,1.1117827,0.014478605,0.047267616,0.085411325,0.07223493,0.05742263,-0.00022813072,-0.014147149,-0.013742883,-0.0048996843,0.00032311864,0.0006206605,0.8211489,0.9061348,0.35656884,0.009657344,-0.0021849496,0.020171314,0.0128510315,-0.05514171,-0.121314704,1.0502726,1.1519572,1.2617023,1.2617023,1.2617023,0.9689662,0.9689662,0.9689662,0.9689662,0.9689662,1.0128764,1.088244,1.1939116,1.1871896,1.1680523,0.9959191,1.0036703,1.0161462,1.0752155,1.0722651,0.4,0.2,0.1,0.06666667,0.033333335,0.3816894,0.16959196,0.10601287,0.10601287,0.10601287,0.2,0.1,0.1,0.4,0.7,0.6,0.8,0.9,0.93333334,0.96666664,-0.4,-0.7,-0.8,-0.53333336,-0.26666668,-0.42425,0.11199598,0.3007512,0.24729647,0.20340271,-0.49893442,-0.5846909,-0.038150974,0.20246023,0.07371655,0.4,0.2,0.35,0.46666667,0.48333332,0.6,0.7,0.6,0.5,0.5,-0.2,-0.5,-0.25,-0.033333335,-0.016666668,0.30030727,0.15825541,0.31278273,0.436129,0.46819922,0.6996927,0.8417446,0.6872173,0.563871,0.5318008,-0.39938548,-0.6834892,-0.37443456,-0.12774199,-0.06360155,1.6642056,1.8135803,1.9294256,1.8429239,2.019815,0.5056162,0.5071189,0.5159898,0.49592125,0.72033066,0.81207,0.892206,0.7637499,0.9038137,0.9440484,0.2375381,0.407438,0.47674543,0.48285496,0.4812528,0.7624619,0.592562,0.5232546,0.51714504,0.5187472,-0.5249238,-0.18512401,-0.046509143,-0.03429009,-0.03749445
SH600276,0.15255348020436652,1.0,,2026-03-26,-0.030968454,0.048048045,-0.64453095,0.015390404,0.3203128,0.0016891884,0.035156235,-0.04466967,-0.9296875,1.0319581,1.0478404,0.9982568,1.0178653,1.0850265,1.0710816,1.0985854,1.115631,1.180128,1.0354054,1.0598286,1.0621532,1.0824192,1.1287552,0.025760418,0.03215104,0.027701464,0.037478045,0.06315306,-0.011040063,-0.008009062,-0.0010503147,-0.0030459722,-0.0031412945,0.45917395,0.5688329,0.050315466,0.51191723,0.75462013,-0.013325274,-0.023787878,-0.052175254,-0.038252547,-0.036087032,1.099361,1.1125302,1.1125302,1.1611459,1.275032,0.9982568,0.9982568,0.9982568,0.9982568,0.9982568,1.0518689,1.0861112,1.0861112,1.1212463,1.1865963,1.0178186,1.0355984,1.038814,1.0463682,1.0751116,0.2,0.1,0.05,0.033333335,0.016666668,0.017241359,0.0152544,0.0152544,0.010701586,0.00629815,0.2,0.3,0.65,0.16666667,0.23333333,1.0,1.0,1.0,1.0,1.0,-0.8,-0.7,-0.35,-0.8333333,-0.76666665,-0.9037398,-0.50437886,-0.39412725,-0.16323435,-0.025357442,-0.8467549,-0.41949967,-0.21404403,-0.102112,0.25985378,0.4,0.5,0.4,0.4,0.38333333,0.6,0.5,0.6,0.6,0.6166667,-0.2,0.0,-0.2,-0.2,-0.23333333,0.18777116,0.31370646,0.37048534,0.379781,0.39917475,0.81222886,0.68629354,0.6295147,0.620219,0.60082525,-0.6244577,-0.3725871,-0.25902933,-0.240438,-0.20165052,0.6912034,0.6217679,0.67893654,0.6799626,0.74761385,0.19404747,0.17940772,0.20677808,0.19282576,0.28861225,0.89075875,1.0958434,0.95586413,1.0223049,1.2046798,0.76158184,0.6862588,0.528818,0.52362674,0.527806,0.23841816,0.3137412,0.47118202,0.47637326,0.47219402,0.5231637,0.37251762,0.057635978,0.047253463,0.05561194
SH600150,0.15106578526642872,1.0,,2026-03-26,-0.03704867,0.041758258,-0.8872179,0.0,0.0,0.004709586,0.11278215,-0.032339085,-0.7744357,1.0384741,1.0384741,0.9951092,1.0131909,1.1137556,1.1737905,1.2425685,1.1447445,1.0815037,1.0327958,1.0812123,1.154527,1.1591995,1.1464089,0.030585825,0.05566051,0.08714488,0.076513715,0.059803396,-0.013813871,-0.017284555,-0.0139811365,-0.004163901,0.00027147378,0.50995326,0.8839618,0.9008847,0.22952177,0.00628498,-0.0051680654,-0.0034318448,-0.021706106,-0.09882297,-0.1544174,1.1219049,1.1731607,1.2862374,1.2862374,1.2862374,0.9951092,0.9951092,0.9951092,0.9951092,0.9951092,1.04694,1.1296095,1.233301,1.2331067,1.1866136,1.0119681,1.0267729,1.0723529,1.1103555,1.0972023,0.2,0.1,0.05,0.033333335,0.016666668,0.03857218,0.027468365,0.016799418,0.016799418,0.016799418,0.2,0.1,0.3,0.53333336,0.76666665,1.0,1.0,1.0,1.0,1.0,-0.8,-0.9,-0.7,-0.46666667,-0.23333333,-0.07322201,-0.39649484,0.3810364,0.43237713,0.46002656,-0.91606516,-0.8755569,-0.52286106,-0.029203631,0.28877148,0.4,0.3,0.35,0.5,0.45,0.6,0.7,0.65,0.5,0.53333336,-0.2,-0.4,-0.3,0.0,-0.083333336,0.14622371,0.12620147,0.20754267,0.37746707,0.46063623,0.8537763,0.87379855,0.79245734,0.62253296,0.5393638,-0.7075526,-0.7475971,-0.5849146,-0.2450659,-0.07872756,1.1232368,1.0314362,1.1490636,1.1590647,1.0828536,0.32219884,0.23799862,0.28949046,0.34996837,0.36933973,0.96273756,1.144476,1.052216,1.0023901,1.0959103,0.51121205,0.51644695,0.49500185,0.47885144,0.5187429,0.48878798,0.48355308,0.50499815,0.52114856,0.48125708,0.022424053,0.032893863,-0.009996319,-0.04229714,0.037485845
SZ301269,0.15027981231343757,1.0,,2026-03-26,-0.018690493,0.02654761,-0.7040367,0.0035713399,0.13452585,0.0042857775,0.1614374,-0.017976055,-0.67712516,1.0190464,1.0226859,0.9956326,1.0084112,1.0680199,1.1512625,1.2293102,1.1885949,1.2927388,1.0093029,1.0592002,1.1132294,1.1497885,1.2430128,0.02250436,0.05930951,0.07148608,0.079989016,0.11909555,-0.0052555245,-0.018072715,-0.010851885,-0.007815647,-0.005855522,0.13634486,0.85115683,0.8065579,0.73989624,0.7372929,0.0012081877,0.022127049,-0.010136493,-0.036461674,-0.07027484,1.0763695,1.1565963,1.2273868,1.2955751,1.4656742,0.9795026,0.9795026,0.9795026,0.9795026,0.9795026,1.0240183,1.1054488,1.1612178,1.2168418,1.3611695,0.9960855,0.99975836,1.0384438,1.0865773,1.1520357,0.6,0.3,0.15,0.1,0.05,0.21160352,0.11574315,0.08268935,0.064850256,0.04216081,0.2,0.2,0.05,0.23333333,0.33333334,0.6,0.8,0.9,0.93333334,0.96666664,-0.4,-0.6,-0.85,-0.7,-0.6333333,-0.28807166,-0.19171928,-0.21955658,0.12090592,0.5978924,-0.78762263,-0.6530251,-0.5610999,-0.31612074,0.023008663,0.4,0.4,0.4,0.46666667,0.46666667,0.6,0.6,0.6,0.53333336,0.53333336,-0.2,-0.2,-0.2,-0.06666667,-0.06666667,0.24977767,0.21363232,0.23491625,0.34260938,0.38489315,0.7502223,0.7863677,0.76508373,0.65739065,0.6151069,-0.50044465,-0.57273537,-0.53016746,-0.31478125,-0.23021373,1.5417147,1.6405766,1.5266495,1.6159291,2.1244764,0.46148092,0.730767,0.5964608,0.5844808,0.9805627,0.9838293,1.157942,1.3181287,1.2627835,1.0718237,0.3321099,0.49699503,0.4665167,0.4722741,0.4820162,0.6678901,0.50300497,0.53348327,0.5277259,0.5179838,-0.33578017,-0.006009961,-0.06696659,-0.05545181,-0.0359676
SH600183,0.15024949769702622,1.0,,2026-03-26,-0.042674497,0.048203155,-0.88530505,0.0019004554,0.039425954,0.0036282032,0.075269,-0.040946748,-0.84946203,1.0445768,1.046562,0.99621004,1.0169095,1.0936594,1.1326503,1.3174502,1.161526,1.1833566,1.0328825,1.082782,1.130311,1.1530352,1.2089005,0.03448675,0.060206857,0.071822576,0.07322492,0.08391544,-0.013842275,-0.018236205,-0.011102719,-0.005767521,-0.0037629257,0.40276384,0.8409855,0.83638227,0.4807976,0.61329216,-0.005197892,-0.0007191614,-0.024835207,-0.06940609,-0.09789408,1.1405921,1.1977948,1.3102354,1.3445209,1.3679819,0.99368143,0.99368143,0.99368143,0.99368143,0.99368143,1.0518714,1.1451347,1.1891712,1.2146176,1.2793751,1.0063498,1.0228094,1.0780761,1.0982879,1.1459323,0.2,0.1,0.05,0.033333335,0.016666668,0.04300961,0.03095619,0.019960485,0.018009864,0.016881015,0.2,0.3,0.15,0.33333334,0.18333334,0.6,0.8,0.9,0.93333334,0.96666664,-0.4,-0.5,-0.75,-0.6,-0.78333336,-0.048699316,-0.24115638,-0.011529482,0.12524101,0.15526375,-0.5686063,-0.36826888,-0.0638684,0.24295203,0.34775472,0.4,0.5,0.35,0.43333334,0.45,0.6,0.5,0.65,0.56666666,0.55,-0.2,0.0,-0.3,-0.13333334,-0.1,0.21455401,0.29296854,0.25007743,0.41461626,0.453515,0.785446,0.7070315,0.7499226,0.5853838,0.546485,-0.570892,-0.41406295,-0.49984518,-0.1707675,-0.092969984,1.0269339,0.9864065,0.99546427,0.9606187,0.9515386,0.17891826,0.13159972,0.16064422,0.21951565,0.19346169,1.0348477,0.8603275,0.8339997,0.85673314,0.90749586,0.5633152,0.571829,0.43271387,0.518099,0.4970464,0.4366848,0.42817095,0.56728613,0.481901,0.5029536,0.12663041,0.14365807,-0.13457225,0.036198013,-0.005907207
SZ300251,0.15001411489726704,0.875,,2026-03-26,-0.024374122,0.029644312,-0.8222192,0.0039526206,0.13333488,0.0013175688,0.04444592,-0.027009174,-0.91110814,1.024983,1.0290344,0.99864954,1.011863,1.0803473,1.1276251,1.3409973,1.2910073,1.0823878,1.0172887,1.060839,1.1278192,1.2652491,1.2217648,0.021519518,0.04935202,0.08570267,0.23438108,0.17825688,-0.006280465,-0.014899362,-0.013988277,-0.022537194,0.00024936345,0.21294065,0.8354815,0.9324118,0.7165662,0.00059686054,-0.0047277976,0.006208095,0.0050694095,0.06154019,-0.22912098,1.0850871,1.1404425,1.3497505,2.0175407,2.0175407,0.98784477,0.98784477,0.98784477,0.98784477,0.98784477,1.0322833,1.1079078,1.1844729,1.4133722,1.3218025,0.99905443,1.0118841,1.044033,1.0949388,1.0996616,0.4,0.2,0.1,0.06666667,0.033333335,0.124999665,0.07965548,0.03358678,0.011804699,0.011804699,0.2,0.1,0.05,0.16666667,0.5833333,0.4,0.7,0.85,0.9,0.95,-0.2,-0.6,-0.8,-0.73333335,-0.36666667,0.017282804,0.19378006,0.8435041,0.9398253,0.85056204,-0.5997737,-0.65949357,-0.39638874,0.6143218,0.5795422,0.4,0.4,0.25,0.33333334,0.51666665,0.6,0.6,0.75,0.6666667,0.46666667,-0.2,-0.2,-0.5,-0.33333334,0.05,0.22584495,0.23678552,0.12817462,0.42707673,0.48438105,0.774155,0.76321447,0.8718254,0.5729233,0.515619,-0.5483101,-0.52642894,-0.74365073,-0.14584655,-0.031237915,1.3060598,1.3353083,1.8296255,3.4131596,2.53124,0.26382396,0.22833398,0.78240395,2.7070427,2.2504888,0.7109089,0.675932,1.0334946,1.6909752,2.1729596,0.4032587,0.34648103,0.1994145,0.46134552,0.5054739,0.5967413,0.653519,0.8005855,0.5386545,0.4945261,-0.1934826,-0.30703798,-0.601171,-0.07730896,0.0109478235
SH600104,0.14699686121350294,1.0,,2026-03-26,-0.008292988,0.020041402,-0.41379282,0.010366277,0.5172431,0.0013821367,0.06896408,-0.017277129,-0.8620719,1.0083623,1.0188153,0.9986063,1.0089958,0.99508876,1.003463,0.99653697,1.0055408,1.0863872,0.9914872,1.0015237,0.99350834,0.9974604,1.0218277,0.01567392,0.016761066,0.017060978,0.015194823,0.03554535,0.004955296,-0.0032359802,0.00086654205,-0.00031601227,-0.0016726722,0.24987562,0.34168017,0.090289965,0.033521105,0.6753921,-0.0013978176,0.013038182,-0.0017405155,0.007121748,0.027516192,1.0188153,1.0327551,1.0327551,1.0327551,1.1129111,0.95678365,0.95678365,0.95678365,0.95678365,0.95678365,1.0020905,1.0195189,1.0048609,1.0093439,1.0650674,0.97908324,0.99230576,0.9807581,0.98449814,0.9948117,0.8,0.5,0.7,0.53333336,0.33333334,0.69668233,0.5688498,0.5688498,0.5688498,0.27680185,1.0,0.2,0.6,0.73333335,0.23333333,0.6,0.8,0.9,0.93333334,0.96666664,0.4,-0.6,-0.3,-0.2,-0.73333335,-0.15903246,0.38495743,0.14211346,-0.10958949,-0.022043478,0.16514884,0.3009246,-0.0058153495,0.0008501735,0.10196491,0.4,0.4,0.5,0.46666667,0.45,0.4,0.5,0.45,0.5,0.51666665,0.0,-0.1,0.05,-0.033333335,-0.06666667,0.5329392,0.48512712,0.50737065,0.48995903,0.4240479,0.46706083,0.51487285,0.49262935,0.510041,0.5759521,0.06587835,-0.029745737,0.014741323,-0.020081967,-0.15190424,1.2138186,1.323654,1.2538309,1.1471488,1.3948873,0.14551443,0.3820039,0.32792968,0.33850867,0.71656895,0.8715881,0.9465186,0.89404595,1.106678,1.0114418,0.52181476,0.4820739,0.50073636,0.47956178,0.49857464,0.47818524,0.5179261,0.4992636,0.52043825,0.5014254,0.043629546,-0.035852216,0.0014727467,-0.04087646,-0.0028507211
SZ002463,0.14410649984123988,1.0,,2026-03-26,-0.036463436,0.04792684,-0.76081455,0.0023171124,0.048346866,0.00914629,0.19083859,-0.02963426,-0.61832285,1.0378433,1.0402482,0.9905076,1.0145534,1.0926244,0.96620834,1.0803579,0.83975315,0.9035472,1.0336823,1.0585984,1.0190835,0.98391545,0.9498321,0.026205027,0.043810897,0.056709625,0.07876189,0.069187015,-0.01050474,-0.0061624157,0.004206273,0.0065800464,0.0023243234,0.40173662,0.1813632,0.19255261,0.5409129,0.34422603,-0.012672872,-0.030867493,-0.05904315,-0.07932612,-0.018399594,1.124926,1.1891936,1.1891936,1.1891936,1.1891936,0.9905076,0.965066,0.879621,0.82241815,0.82241815,1.0489258,1.0851239,1.0633956,1.0589734,1.0031096,1.0124385,1.0250801,0.96590364,0.9128682,0.88533485,0.2,0.1,0.45,0.6,0.8,0.070618436,0.15586647,0.3888555,0.48417056,0.48417056,0.2,0.4,0.7,0.8,0.9,1.0,0.1,0.35,0.033333335,0.51666665,-0.8,0.3,0.35,0.76666665,0.38333333,0.4849483,0.6430385,0.78181976,0.8218976,0.73114127,0.42942807,0.5742339,0.30256993,0.410762,0.3657649,0.4,0.6,0.45,0.53333336,0.48333332,0.6,0.4,0.55,0.46666667,0.51666665,-0.2,0.2,-0.1,0.06666667,-0.033333335,0.19199781,0.5427751,0.43278214,0.5859886,0.5299396,0.8080022,0.45722488,0.5672179,0.41401145,0.4700604,-0.6160044,0.08555025,-0.13443574,0.17197713,0.059879184,1.0173357,1.3291062,1.1176128,1.0215766,0.9237686,0.06100095,0.3871943,0.37986568,0.40913388,0.34261632,0.61862147,0.66087747,0.899364,1.0490481,1.0845114,0.24865265,0.53392106,0.43430504,0.5153588,0.5013009,0.75134736,0.46607894,0.565695,0.48464122,0.49869913,-0.5026947,0.067842156,-0.13138993,0.030717572,0.0026017155
SZ002601,0.14218057766778444,1.0,,2026-03-26,-0.010362727,0.029936712,-0.34615445,0.014968356,0.5,0.0046056295,0.15384553,-0.020725453,-0.6923089,1.0104712,1.0255964,0.9953461,1.0078113,1.0569892,1.1367248,1.315883,1.221049,1.0622687,1.0091972,1.0542754,1.1442147,1.1845677,1.1877863,0.019185828,0.052907426,0.11140994,0.11036849,0.089932494,-0.005412729,-0.016073301,-0.01836164,-0.010314283,-0.00071372,0.19898094,0.846035,0.950699,0.67684555,0.019209776,0.0016282336,0.018054422,0.03022082,-0.03501059,-0.16673166,1.0669136,1.1693022,1.3798902,1.383946,1.383946,0.97383446,0.97383446,0.97383446,0.97383446,0.97383446,1.0190853,1.1006464,1.2530715,1.2912123,1.2793409,0.9977895,1.0028026,1.03445,1.085844,1.117383,0.4,0.2,0.1,0.06666667,0.033333335,0.28111097,0.13386121,0.064438336,0.063801095,0.063801095,0.2,0.1,0.05,0.33333334,0.6666667,0.6,0.8,0.9,0.93333334,0.96666664,-0.4,-0.7,-0.85,-0.6,-0.3,-0.29860595,0.22070253,0.47578064,0.2024959,0.36174533,-0.85803854,-0.7979577,-0.46030405,0.08195091,0.2544398,0.4,0.3,0.25,0.36666667,0.53333336,0.6,0.6,0.65,0.56666666,0.43333334,-0.2,-0.3,-0.4,-0.2,0.1,0.2337483,0.19636205,0.22271296,0.3693268,0.47861594,0.7662517,0.8036379,0.777287,0.6306732,0.52138406,-0.53250337,-0.6072759,-0.5545741,-0.2613464,-0.042768102,1.4747797,1.650985,1.9577423,1.8167531,1.7133046,0.51371217,0.5298165,0.6224861,0.67148733,0.646466,1.1709663,1.0660357,1.0660329,1.0736675,1.2723262,0.3159455,0.37969732,0.4328772,0.50459886,0.50590813,0.6840545,0.6203027,0.56712276,0.49540117,0.49409187,-0.36810902,-0.24060535,-0.13424557,0.0091976775,0.011816292
SH601601,0.14177879610039337,1.0,,2026-03-26,-0.027275097,0.044059724,-0.6190483,0.0060319817,0.13690467,0.010752643,0.244047,-0.022554437,-0.51190597,1.0280399,1.034241,0.98894584,1.0052327,1.0719292,1.0644193,1.1043057,1.2059413,1.1161549,1.021996,1.0496662,1.0566422,1.0963674,1.1447291,0.022963617,0.03500919,0.028324429,0.065239035,0.0746474,-0.008294385,-0.008623617,-0.0025542828,-0.0064982073,-0.0030576794,0.3261578,0.5561939,0.28463194,0.768907,0.5117459,-0.00540723,-0.010859945,-0.03237651,-0.002143371,-0.05452754,1.079196,1.11029,1.11029,1.2347622,1.3045341,0.98894584,0.98894584,0.98894584,0.98894584,0.98894584,1.0389186,1.0759346,1.077303,1.1601468,1.2112483,1.0049399,1.0119159,1.033745,1.0540721,1.0644193,0.2,0.1,0.05,0.033333335,0.016666668,0.122483514,0.091097444,0.091097444,0.044969115,0.035027117,0.2,0.3,0.65,0.1,0.16666667,1.0,1.0,1.0,1.0,1.0,-0.8,-0.7,-0.35,-0.9,-0.8333333,-0.77513814,-0.20366824,-0.04951717,-0.4499417,0.23568259,-0.8276589,-0.40031838,-0.45925108,-0.44891396,0.03860878,0.4,0.5,0.4,0.36666667,0.36666667,0.6,0.5,0.55,0.6,0.6,-0.2,0.0,-0.15,-0.23333333,-0.23333333,0.22121628,0.34485525,0.3479319,0.28136066,0.44670752,0.77878374,0.65514475,0.65206814,0.7186393,0.5532925,-0.5575675,-0.31028947,-0.30413622,-0.43727866,-0.10658497,0.6880134,0.65885276,0.6969617,0.651434,0.7414221,0.22158644,0.19046392,0.18873727,0.18947536,0.2499783,0.84668726,0.88779294,0.91902333,0.9911954,1.2478161,0.6904999,0.6448758,0.5055403,0.5496812,0.52021885,0.3095001,0.3551242,0.4944597,0.45031884,0.47978115,0.3809998,0.2897516,0.011080602,0.09936233,0.040437713
SZ300122,0.14164384060624294,1.0,,2026-03-26,-0.021192102,0.03311265,-0.6400002,0.009933803,0.30000028,0.0019867425,0.059999503,-0.029139163,-0.880001,1.0216509,1.0317998,0.9979702,1.012891,1.0757669,1.1183223,1.1657526,1.1955109,1.3077393,1.0210644,1.0582166,1.0785751,1.1093135,1.1852648,0.024215905,0.043169577,0.042726014,0.056787573,0.100080416,-0.009740006,-0.013069145,-0.0050404062,-0.0056718406,-0.005153578,0.40444276,0.84013724,0.48709574,0.7731133,0.8087593,-0.001584413,0.0005945822,-0.03069125,-0.027071785,-0.033234257,1.0960517,1.1244661,1.1725215,1.2035486,1.4132932,0.9972267,0.9972267,0.9972267,0.9972267,0.9972267,1.0302662,1.0965875,1.1030875,1.1681902,1.2964656,1.0004876,1.017916,1.050579,1.0611416,1.0945156,0.2,0.1,0.05,0.033333335,0.016666668,0.028062489,0.021795716,0.015820626,0.01344149,0.0066654566,0.2,0.3,0.05,0.033333335,0.23333333,0.4,0.7,0.85,0.9,0.95,-0.2,-0.4,-0.8,-0.8666667,-0.71666664,-0.22698532,-0.44168413,-0.078422576,0.016871303,0.24117386,-0.9195837,-0.599391,-0.11699744,0.0026810262,0.46511573,0.2,0.2,0.4,0.4,0.45,0.8,0.8,0.6,0.6,0.55,-0.6,-0.6,-0.2,-0.2,-0.1,0.18549706,0.19325922,0.2800536,0.3106431,0.38704136,0.81450295,0.80674076,0.7199464,0.6893569,0.6129586,-0.62900585,-0.6134816,-0.4398928,-0.37871382,-0.22591725,1.2309928,1.1413256,1.2453915,1.2379999,1.7526993,0.31861946,0.24030964,0.4191817,0.36761096,1.4110898,1.1682414,1.1870838,1.112973,1.1141757,3.0713882,0.48184323,0.28952947,0.48828173,0.45447648,0.50450957,0.51815677,0.7104705,0.5117183,0.5455235,0.49549043,-0.03631353,-0.42094105,-0.023436574,-0.09104702,0.00901912
SH601298,0.14135458805057174,1.0,,2026-03-26,-0.013620885,0.022701452,-0.6000006,0.0079455385,0.35000134,0.001135029,0.049998082,-0.020431394,-0.90000385,1.013809,1.0218642,0.9988493,1.0086179,1.023176,1.0575107,1.0600859,1.1270386,0.9785408,1.0044636,1.0225751,1.0423176,1.0535051,1.0269529,0.014983392,0.022847062,0.02697793,0.029909715,0.053143553,-8.584068e-05,-0.006227078,-0.0040620873,-0.0029365972,0.0016088872,8.205517e-05,0.6809565,0.79350436,0.74707794,0.2795438,-0.0042918436,0.0054467376,-0.003727777,-0.010924363,-0.07441498,1.0309751,1.0647696,1.0956483,1.1460712,1.1460712,0.9745048,0.9745048,0.9745048,0.9745048,0.94933754,1.0144206,1.041545,1.0602576,1.0772532,1.0772532,0.9960515,1.0089271,1.0164807,1.0362232,0.9648069,0.4,0.2,0.1,0.06666667,0.4,0.4514792,0.28244865,0.21045437,0.14860241,0.257518,0.2,0.1,0.15,0.033333335,0.51666665,0.4,0.7,0.85,0.9,0.1,-0.2,-0.6,-0.7,-0.8666667,0.41666666,-0.7965743,-0.422348,0.4394063,0.52040154,0.3031927,-0.8782006,-0.6215197,0.0004902146,-0.08994246,0.16663456,0.4,0.4,0.45,0.36666667,0.46666667,0.6,0.6,0.5,0.56666666,0.46666667,-0.2,-0.2,-0.05,-0.2,0.0,0.37142852,0.2969695,0.38013682,0.3195121,0.51728904,0.6285715,0.70303047,0.6198632,0.68048793,0.48271093,-0.257143,-0.40606096,-0.23972638,-0.3609758,0.034578145,1.2262447,1.1761584,1.4529746,1.560858,2.015756,0.33975428,0.25897235,0.5127486,0.6757792,1.1829052,1.0431268,1.1063552,1.0458235,1.0678174,1.9134887,0.51238453,0.44281235,0.49946156,0.43074158,0.49419615,0.48761547,0.5571876,0.50053847,0.56925845,0.5058039,0.024769077,-0.11437527,-0.0010768821,-0.13851686,-0.011607724
SZ002050,0.1411373281029215,1.0,,2026-03-26,-0.0029545354,0.029772764,-0.09923618,0.022045452,0.740457,0.0047727767,0.1603068,-0.020227212,-0.67938644,1.0029633,1.0250741,0.9952131,1.009888,1.0253073,1.1119252,1.1839616,1.1775794,1.0330782,0.9900218,1.0221398,1.0608903,1.1032959,1.157944,0.015125359,0.037733477,0.051908247,0.075190514,0.098797455,-0.00052593724,-0.011150624,-0.007592832,-0.007751462,-0.0033817466,0.0030227096,0.8004904,0.74886394,0.82365036,0.35734722,0.011030054,0.028038038,0.011241541,0.009100245,-0.058182474,1.0360239,1.1021316,1.1837238,1.2541709,1.3852363,0.93778205,0.93778205,0.93778205,0.93778205,0.93778205,1.0016428,1.0590857,1.0999881,1.184919,1.2498316,0.9782147,0.9891088,1.0065713,1.041901,1.0696638,0.8,0.4,0.2,0.13333334,0.06666667,0.6333147,0.37857088,0.25297832,0.19665024,0.13904871,0.2,0.1,0.05,0.26666668,0.3,0.6,0.8,0.9,0.93333334,0.96666664,-0.4,-0.7,-0.85,-0.6666667,-0.6666667,-0.58673316,-0.7434462,0.07258256,0.4877858,0.7353526,-0.41869995,-0.301531,-0.33418533,0.059498344,0.34044683,0.4,0.3,0.4,0.43333334,0.46666667,0.6,0.7,0.6,0.56666666,0.53333336,-0.2,-0.4,-0.2,-0.13333334,-0.06666667,0.35034105,0.2128131,0.27593035,0.35459915,0.4887237,0.649659,0.7871869,0.72406965,0.6454008,0.5112763,-0.29931793,-0.5743738,-0.4481393,-0.2908017,-0.022552587,0.82910705,0.7066678,0.80114424,0.9065785,1.5103039,0.17841348,0.18503095,0.24042626,0.29496923,0.82823074,0.535185,0.53153783,1.0377972,0.9280776,1.3393586,0.68112075,0.5507138,0.5102422,0.49732897,0.48482043,0.31887922,0.44928625,0.48975778,0.50267106,0.5151796,0.36224154,0.10142752,0.020484442,-0.005342086,-0.030359153
SH600015,0.14101193714036186,1.0,,2026-03-26,-0.0027893875,0.015341747,-0.18181682,0.00836824,0.54545546,0.00418412,0.27272773,-0.0069735073,-0.45454454,1.0027972,1.0111889,0.9958042,1.0041487,0.9970641,0.9846432,0.932701,0.90627825,0.9403794,0.9946251,0.9999322,0.9786924,0.96236825,0.93915987,0.0139857475,0.012144371,0.025400355,0.03152336,0.036465093,0.0025293592,-0.001255096,0.0035972376,0.0033090566,0.0012771414,0.08176918,0.09790736,0.70198315,0.8539747,0.37413055,0.00031617662,0.005715696,-0.012866166,-0.010349579,0.02316444,1.0124556,1.0195526,1.0195526,1.0195526,1.0195526,0.9678441,0.9678441,0.9300426,0.90629405,0.8824093,1.004065,1.0057362,1.001897,1.0,0.9682927,0.98961157,0.9965221,0.9541554,0.93215895,0.9016712,0.6,0.45,0.725,0.81666666,0.90833336,0.7207986,0.62186927,0.7815602,0.82736367,0.8574298,0.2,0.3,0.65,0.76666665,0.8833333,0.4,0.7,0.05,0.033333335,0.43333334,-0.2,-0.4,0.6,0.73333335,0.45,-0.7991217,-0.356335,-0.03154173,0.286972,-0.082202755,-0.8894622,-0.32175013,-0.041624993,0.11183279,-0.053543214,0.6,0.5,0.65,0.6666667,0.55,0.4,0.5,0.35,0.3,0.41666666,0.2,0.0,0.3,0.36666667,0.13333334,0.5188406,0.5592335,0.667416,0.6721993,0.5634616,0.4811594,0.4407665,0.33258402,0.3278007,0.43653843,0.03768122,0.11846698,0.33483192,0.34439862,0.12692317,1.4864837,1.6288409,1.5686722,1.4696308,1.4274852,0.4580975,0.4025586,0.40309995,0.4416727,0.5504655,1.0565164,0.95781803,1.0069052,1.0667838,1.2205986,0.35920337,0.45565182,0.5077072,0.49252313,0.50480044,0.64079666,0.5443482,0.4922928,0.50747687,0.4951996,-0.2815933,-0.08869636,0.015414398,-0.01495372,0.009600845
SZ000895,0.1404294895683485,1.0,,2026-03-26,-0.0014497802,0.020659663,-0.07017443,0.010148552,0.49122545,0.00906133,0.43860012,-0.0025370016,-0.12279977,1.0014518,1.0116152,0.9909255,1.0029455,1.0319453,1.0083483,0.9535364,0.954997,0.97204626,1.0016696,1.0154991,0.99720585,0.9854577,0.9650522,0.0155211305,0.018816736,0.02617909,0.027356794,0.030362954,-0.0053351205,-0.0043929955,0.0029310237,0.0023667505,0.0011422716,0.29538047,0.49962527,0.43873027,0.5800645,0.43166867,0.009000596,0.004269309,-0.025050577,-0.019775622,0.0012508283,1.0450091,1.0450125,1.0450125,1.0450125,1.0450125,0.9622522,0.9622522,0.947732,0.947732,0.9150644,1.0074794,1.032454,1.0280948,1.0094362,0.9895463,0.9896193,0.99796766,0.97045714,0.96181667,0.9337975,0.6,0.3,0.6,0.73333335,0.8666667,0.45612857,0.4561105,0.5372922,0.5372922,0.653612,0.2,0.5,0.75,0.8333333,0.9166667,0.8,0.9,0.1,0.4,0.38333333,-0.6,-0.4,0.65,0.43333334,0.53333336,-0.8413443,-0.69235325,0.20881963,0.47853634,-0.014253029,-0.962383,-0.5960471,-0.26049057,-0.21652117,-0.04770944,0.4,0.5,0.6,0.53333336,0.46666667,0.6,0.5,0.4,0.46666667,0.53333336,-0.2,0.0,0.2,0.06666667,-0.06666667,0.30001596,0.46372694,0.6216699,0.5945004,0.5336282,0.6999841,0.53627306,0.3783301,0.40549958,0.46637174,-0.39996812,-0.0725461,0.24333979,0.18900082,0.067256495,1.2411777,1.0878832,0.936958,0.8306535,0.86533976,0.4140959,0.3496402,0.31150886,0.31036526,0.29251823,1.088261,1.2888498,1.3734816,1.52191,1.3647114,0.51838934,0.53626245,0.5427815,0.48844332,0.51087344,0.48161063,0.46373755,0.45721853,0.5115567,0.48912656,0.036778733,0.0725249,0.08556295,-0.023113344,0.02174686
SH601211,0.14038151187690037,1.0,,2026-03-26,-0.023878878,0.0308678,-0.7735853,0.0029121065,0.09434124,0.004076817,0.13207345,-0.022714166,-0.7358531,1.024463,1.0274464,0.99582344,1.0074042,1.044,1.08,1.1320001,1.1928889,1.2422223,1.02,1.0411556,1.0699556,1.1065927,1.1643704,0.01773885,0.026262967,0.037315913,0.062262073,0.0785621,-0.007733347,-0.007929973,-0.006029075,-0.0069447053,-0.0041801734,0.47514263,0.83573246,0.9136531,0.96418893,0.8634999,-0.004533329,-0.0054707113,-0.012679388,-0.005894417,-0.041055292,1.0603915,1.0958742,1.1415982,1.2135583,1.3335344,0.99582344,0.99582344,0.99582344,0.99582344,0.99582344,1.0306667,1.0666667,1.0963556,1.1737778,1.2366223,1.0085334,1.0149333,1.0405333,1.0584,1.0828445,0.2,0.1,0.05,0.033333335,0.016666668,0.064684436,0.041744314,0.028650705,0.019181805,0.012367229,0.2,0.3,0.15,0.033333335,0.16666667,1.0,1.0,1.0,1.0,1.0,-0.8,-0.7,-0.85,-0.96666664,-0.8333333,-0.6112295,-0.4258415,-0.18045667,-0.24977829,0.30642357,-0.94219315,-0.5208367,-0.54549336,-0.54968864,0.008838833,0.6,0.4,0.45,0.36666667,0.38333333,0.4,0.6,0.55,0.6333333,0.5833333,0.2,-0.2,-0.1,-0.26666668,-0.2,0.22950783,0.20394717,0.2203389,0.2181819,0.33711892,0.7704922,0.7960528,0.7796611,0.7818181,0.6628811,-0.54098433,-0.5921057,-0.5593222,-0.56363624,-0.32576218,0.96508294,0.9128098,0.87737614,0.86344653,1.0710077,0.22322576,0.24508472,0.22825219,0.23889607,0.43940765,1.0094163,0.98200935,1.1250567,1.0880545,1.8579322,0.47768694,0.5484702,0.46103498,0.47422168,0.50902593,0.52231306,0.45152977,0.538965,0.5257783,0.49097407,-0.044626143,0.09694045,-0.07793002,-0.051556636,0.018051866
SH603893,0.13999659644473114,1.0,,2026-03-26,-0.026286734,0.029865379,-0.8801742,0.0,0.0,0.0035786428,0.1198258,-0.022708092,-0.7603484,1.0269964,1.0269964,0.9963247,1.009895,1.0751603,1.1342009,1.2206901,1.2176474,1.1718781,1.0097365,1.0590341,1.1026996,1.141786,1.1955569,0.026476955,0.05653781,0.06377521,0.076765954,0.08311664,-0.0032692577,-0.016538667,-0.0087452065,-0.0076996703,-0.0032578586,0.038115554,0.78439426,0.6581189,0.7796661,0.46858495,-0.0031980488,0.015389834,-0.019620134,-0.030140711,-0.09945006,1.0816767,1.1366575,1.2146567,1.2534165,1.3997108,0.9719286,0.9719286,0.9719286,0.9719286,0.9719286,1.0312812,1.1148702,1.1611317,1.216521,1.2584321,0.9950152,1.0018127,1.0400596,1.098155,1.1241925,0.4,0.2,0.1,0.06666667,0.033333335,0.25578028,0.17040971,0.11564957,0.099725075,0.06562079,0.2,0.3,0.05,0.26666668,0.41666666,0.6,0.8,0.9,0.93333334,0.96666664,-0.4,-0.5,-0.85,-0.6666667,-0.55,-0.34150627,-0.62903565,0.084584944,-0.01909041,0.65517265,-0.45631245,-0.42154405,-0.05017836,0.068877384,0.3835025,0.4,0.4,0.4,0.43333334,0.45,0.6,0.6,0.6,0.56666666,0.55,-0.2,-0.2,-0.2,-0.13333334,-0.1,0.29319555,0.26199755,0.28228375,0.32634297,0.43681276,0.70680445,0.7380025,0.7177163,0.673657,0.56318724,-0.41360888,-0.47600493,-0.43543252,-0.34731406,-0.12637447,1.5616198,1.3658401,1.5479776,1.4952216,2.3612092,0.42619595,0.40015036,0.5353497,0.4717588,1.3247097,0.77118397,0.9345885,1.0903488,1.2120758,1.5325853,0.36447445,0.4597539,0.46327546,0.4732006,0.49323606,0.6355255,0.54024607,0.5367245,0.52679944,0.50676394,-0.27105108,-0.08049218,-0.07344907,-0.05359882,-0.013527859
SH600415,0.1395293794747075,1.0,,2026-03-26,-0.024608485,0.029828524,-0.82499844,0.0007457415,0.02500095,0.0044742976,0.15000063,-0.02087993,-0.69999874,1.0252293,1.025994,0.9954128,1.0067538,1.0351709,1.0764418,1.1238475,1.1743033,1.2675811,1.0030534,1.03111,1.0589017,1.0914327,1.1788557,0.018780626,0.033682905,0.039518192,0.05737229,0.102717824,0.000613496,-0.009214966,-0.0057317233,-0.006217643,-0.0051479666,0.0026677388,0.6860879,0.7362823,0.9102254,0.76608974,-0.004280476,0.010357328,-0.004450261,-0.0012768453,-0.02699061,1.0428041,1.0932657,1.1414341,1.1842433,1.4533557,0.97170997,0.97170997,0.97170997,0.97170997,0.97170997,1.0203286,1.0603865,1.0847063,1.1493874,1.2703383,0.9928055,0.9993865,1.0217091,1.0529062,1.0764418,0.6,0.3,0.15,0.1,0.05,0.39792347,0.23273312,0.16668256,0.13310875,0.05873621,0.2,0.3,0.05,0.033333335,0.25,0.4,0.7,0.85,0.9,0.95,-0.2,-0.4,-0.8,-0.8666667,-0.7,-0.7393764,-0.2682419,0.00019467775,0.427086,0.6518389,-0.81745434,-0.34615308,-0.43466848,-0.43371806,0.10697849,0.4,0.3,0.35,0.3,0.35,0.6,0.7,0.65,0.6666667,0.6,-0.2,-0.4,-0.3,-0.36666667,-0.25,0.36143917,0.31205007,0.3347134,0.30680373,0.38160312,0.63856083,0.68794996,0.6652866,0.6931963,0.6183969,-0.2771217,-0.37589988,-0.3305732,-0.38639253,-0.23679374,1.3321084,1.271551,1.3291643,1.4837717,2.0960875,0.34157434,0.28640732,0.3801605,0.4257026,1.3645648,0.6777558,0.7347718,0.743576,0.85443777,1.6241933,0.47703353,0.49000335,0.40615228,0.44348207,0.4895439,0.5229665,0.50999665,0.59384775,0.55651796,0.5104561,-0.04593296,-0.019993326,-0.18769546,-0.11303588,-0.020912152
SH600919,0.13820716314598216,1.0,,2026-03-26,0.012093021,0.018604625,0.6500008,0.0065116035,0.3499992,0.0,0.0,0.005581417,0.30000162,0.9880515,1.0064338,0.9880515,1.001216,0.99890107,0.97967035,0.96043956,0.9357143,0.9269231,0.98604393,0.99263734,0.9787363,0.9713919,0.9457509,0.01802164,0.014560607,0.018292045,0.01855547,0.031075994,0.003791215,-0.0012853792,0.0021498795,0.001580021,0.0014177012,0.11063898,0.07143564,0.48347244,0.56193167,0.63477415,0.0063736243,0.0131468605,0.0008398913,0.005697761,0.012426902,1.0064338,1.0110192,1.0110192,1.0110192,1.0110192,0.9542054,0.9542054,0.94463813,0.9358096,0.8867939,0.99912083,1.0027472,0.99912083,0.9931868,0.968022,0.978022,0.98703295,0.96153843,0.9583517,0.9192308,1.0,0.7,0.85,0.9,0.95,0.8768142,0.806046,0.8339998,0.8534858,0.911296,1.0,0.3,0.65,0.76666665,0.8833333,0.4,0.7,0.1,0.033333335,0.3,0.6,-0.4,0.55,0.73333335,0.5833333,-0.87379295,-0.7673676,-0.16669208,0.08219789,-0.4931714,-0.8791453,-0.7272816,-0.46570563,-0.27321646,-0.14465387,0.6,0.5,0.55,0.53333336,0.46666667,0.2,0.3,0.35,0.4,0.45,0.4,0.2,0.2,0.13333334,0.016666668,0.5063293,0.58767766,0.60909086,0.626898,0.57204765,0.4936707,0.41232234,0.39090914,0.373102,0.42795235,0.012658625,0.1753553,0.21818173,0.25379598,0.14409529,1.2241651,1.1352065,1.1072907,1.0565475,1.2537354,0.36725157,0.28110266,0.25016454,0.26458916,0.36485153,1.1461856,1.4030557,1.4318893,1.4228395,1.2427409,0.49732018,0.44545949,0.48493126,0.48514128,0.49381208,0.5026798,0.5545405,0.5150687,0.5148587,0.5061879,-0.005359661,-0.10908105,-0.030137457,-0.029717447,-0.01237583
SZ001965,0.13797787218004057,1.0,,2026-03-26,0.006903303,0.021696268,0.31817928,0.010848134,0.5,0.003944831,0.18182072,0.0,0.0,0.99314404,1.0107738,0.9892262,1.0020742,1.0139706,1.0,0.9433823,0.9492647,0.96838236,0.9866176,0.9945588,0.9791912,0.96933824,0.96006125,0.016387338,0.014989911,0.025085345,0.024991171,0.024542203,0.0027205795,-0.0014884217,0.0029234854,0.002126383,0.0004917009,0.06890425,0.090378545,0.47536775,0.5610627,0.12242631,0.007941201,0.012139067,-0.0069642863,-0.00017078176,0.025433546,1.0173815,1.0178894,1.0178894,1.0178894,1.0178894,0.95809937,0.95809937,0.9208373,0.9208373,0.9183823,1.0001471,1.0036765,1.0010295,1.0,0.9852941,0.9713235,0.98573536,0.95485294,0.94867647,0.9410294,0.8,0.5,0.725,0.81666666,0.90833336,0.70679986,0.70079696,0.8156727,0.8156727,0.8202203,0.2,0.5,0.75,0.8333333,0.9166667,0.6,0.8,0.2,0.46666667,0.45,-0.4,-0.3,0.55,0.36666667,0.46666667,-0.39653215,-0.067093305,-0.31550166,0.3206217,-0.017167125,-0.27309838,-0.070821576,-0.19843742,-0.18204306,-0.12288602,0.6,0.5,0.65,0.56666666,0.51666665,0.4,0.4,0.3,0.33333334,0.38333333,0.2,0.1,0.35,0.23333333,0.13333334,0.41592938,0.5,0.61846155,0.5882352,0.53292495,0.5840706,0.5,0.38153845,0.41176483,0.46707508,-0.16814125,0.0,0.23692307,0.17647034,0.06584986,1.1043683,1.1049612,1.1895562,1.0033696,1.0356967,0.29750496,0.22810371,0.27382612,0.36141834,0.33787718,0.9639694,1.0510466,0.9267695,1.1412724,1.1791114,0.43473664,0.4930979,0.524053,0.49285984,0.5069333,0.5652634,0.5069021,0.475947,0.50714016,0.49306676,-0.13052675,-0.013804173,0.04810599,-0.014280322,0.013866496
SH688012,0.13558883293962773,0.75,,2026-03-26,-0.008167974,0.02129525,-0.3835585,0.009918352,0.4657542,0.0032089225,0.15068725,-0.014877403,-0.6986255,1.0082352,1.0182353,0.99676466,1.0024705,1.0264834,1.0305127,1.2003314,1.1412231,,0.9966335,1.0152304,1.0519822,1.0862318,1.1147201,0.019313898,0.025126649,0.04954851,0.0654492,0.06779899,0.0024436216,-0.005239956,-0.0076511707,-0.006680914,-0.002883981,0.040019166,0.39865535,0.8345698,0.8075414,0.43154564,-0.0015207527,0.008349438,0.020703955,0.010641392,-0.039736558,1.045429,1.0617324,1.1980553,1.229481,1.2983848,0.9597108,0.9597108,0.9597108,0.9597108,0.9084631,1.0122831,1.0308442,1.0917138,1.1464027,1.1618054,0.9799441,0.99637353,1.0167674,1.022857,1.0473711,0.6,0.3,0.15,0.1,0.056603774,0.47001943,0.3949086,0.16903777,0.14934643,0.23475713,0.2,0.3,0.1,0.3,0.016666668,0.6,0.8,0.9,0.93333334,0.016666668,-0.4,-0.5,-0.8,-0.6333333,0.0,-0.31416234,0.031536948,0.31052077,0.38474452,0.4724604,-0.20307475,0.35181051,0.13536723,0.31985533,0.16684859,0.4,0.4,0.3,0.33333334,0.4,0.6,0.6,0.7,0.6666667,0.46666667,-0.2,-0.2,-0.4,-0.33333334,-0.06666667,0.38826436,0.432378,0.28663385,0.38970664,0.49384192,0.61173564,0.567622,0.71336615,0.6102934,0.5061581,-0.22347125,-0.135244,-0.4267323,-0.22058675,-0.012316171,1.412716,1.3870754,1.4722401,1.5316447,2.1299431,0.2578655,0.2812714,0.29279515,0.40911955,0.9257996,0.67111075,0.58139896,0.68010575,0.9239798,1.0349512,0.50200945,0.46678334,0.43370923,0.4765922,0.4217582,0.49799055,0.53321666,0.5662908,0.5234078,0.57824177,0.0040189032,-0.06643332,-0.13258155,-0.046815604,-0.15648356
SH600875,0.13555898394662874,1.0,,2026-03-26,-0.029878367,0.035166554,-0.8496245,0.0002643132,0.007516039,0.0050238743,0.14285944,-0.025118805,-0.71428114,1.0307986,1.0310711,0.99482137,1.0084482,1.049337,1.1030132,1.017999,0.7083969,0.6350341,1.0039212,1.0290799,1.061374,0.99288595,0.844939,0.02189074,0.034708478,0.068754636,0.12502155,0.17398629,0.004885505,-0.0064901263,-0.0034815455,0.0092088925,0.008753621,0.124519676,0.32051373,0.089744575,0.42048135,0.7720497,-0.01369222,0.00012567689,-0.028299307,-0.12641491,-0.10317083,1.0989168,1.1078993,1.2368388,1.2368388,1.2368388,0.95992947,0.95992947,0.93732685,0.70315313,0.62959385,1.0157974,1.0505905,1.1255282,1.0964563,1.0260828,0.9941663,1.004564,1.0094335,0.9074005,0.68363196,0.4,0.2,0.15,0.4,0.7,0.28830346,0.27080187,0.20925087,0.55622035,0.6099781,0.2,0.4,0.3,0.53333336,0.76666665,0.4,0.7,0.15,0.033333335,0.016666668,-0.2,-0.3,0.15,0.5,0.75,0.104559794,0.3943077,0.25110692,0.01767064,0.58084416,0.15059519,0.4358143,0.19902907,0.4160513,0.40283847,0.4,0.4,0.4,0.5,0.48333332,0.6,0.6,0.6,0.5,0.5,-0.2,-0.2,-0.2,0.0,-0.016666668,0.354778,0.36499593,0.48893288,0.6137404,0.60879564,0.645222,0.6350041,0.51106715,0.38625962,0.39120433,-0.29044405,-0.27000815,-0.022134254,0.22748078,0.21759132,1.720716,1.7883414,2.0229597,2.0844703,1.6852784,0.51012456,0.38884816,0.4913922,0.5340926,0.63127834,0.50534105,0.606414,0.75879747,0.84567314,1.1399308,0.33455396,0.40702185,0.43315828,0.50820434,0.5001655,0.66544604,0.5929781,0.5668417,0.49179566,0.49983448,-0.3308921,-0.18595628,-0.13368344,0.016408661,0.0003310572
SH601788,0.13526826128511937,1.0,,2026-03-26,-0.018099546,0.02197801,-0.82352984,0.0019392314,0.08823508,0.0019392314,0.08823508,-0.018099546,-0.82352984,1.0184332,1.0204082,0.998025,1.0080564,1.0525252,1.0651515,1.0939394,1.1126263,1.1535352,1.0136364,1.0373232,1.0517424,1.0700841,1.1076683,0.017440688,0.0277665,0.025886502,0.03402274,0.0491426,-0.006060593,-0.008096111,-0.0033914335,-0.0035391739,-0.00263349,0.30188602,0.7793312,0.6007419,0.83862317,0.87588465,-0.0015151338,-0.0008906925,-0.019523768,-0.018766116,-0.029980367,1.0567104,1.0818107,1.1033545,1.1215804,1.2031868,0.992561,0.992561,0.992561,0.992561,0.992561,1.0239394,1.0620202,1.0671717,1.1041414,1.1542424,0.99969697,1.0072727,1.0366666,1.0511111,1.0648484,0.4,0.2,0.1,0.06666667,0.033333335,0.11596372,0.08335035,0.06714293,0.057657957,0.035318535,0.2,0.3,0.05,0.033333335,0.23333333,0.4,0.7,0.85,0.9,0.95,-0.2,-0.4,-0.8,-0.8666667,-0.71666664,-0.423332,-0.12347865,0.062261432,0.031208478,0.6501967,-0.7789676,-0.374623,-0.34170482,-0.2845602,0.09992169,0.4,0.3,0.35,0.33333334,0.38333333,0.6,0.7,0.65,0.6333333,0.6,-0.2,-0.4,-0.3,-0.3,-0.21666667,0.22340433,0.22784819,0.2796208,0.2884248,0.3659611,0.77659565,0.7721518,0.7203792,0.7115752,0.6340389,-0.5531913,-0.5443036,-0.44075838,-0.4231504,-0.26807782,1.3069515,1.3019252,1.3463466,1.3684211,2.0581772,0.45664048,0.42734554,0.44064757,0.503514,1.0997527,1.1407732,1.4097372,1.2369303,1.2866982,1.1965781,0.4152354,0.5022731,0.47799048,0.46573368,0.49631196,0.5847646,0.49772692,0.52200955,0.5342663,0.50368804,-0.16952917,0.00454615,-0.04401907,-0.068532646,-0.007376093
SH600515,0.13470420985355486,1.0,,2026-03-26,-0.01634881,0.029972725,-0.5454563,0.010899142,0.3636354,0.0027247695,0.090908304,-0.024523186,-0.8181834,1.0166205,1.0277008,0.99722993,1.0110458,1.038071,1.0913706,1.179357,1.2766497,1.4534688,1.0072758,1.0383248,1.0774112,1.1311054,1.237211,0.014575191,0.036371473,0.050468538,0.08919378,0.1402156,-0.0018612548,-0.010782955,-0.008097652,-0.009918711,-0.0077759665,0.040768355,0.80568504,0.9010417,0.9583916,0.93802816,-0.003553313,0.0101984115,-0.00048346593,0.012715824,-0.007819947,1.0522249,1.105067,1.1823568,1.2901069,1.5948316,0.9746193,0.9746193,0.9746193,0.9746193,0.9746193,1.019797,1.0781726,1.1138748,1.2335026,1.35956,0.99763113,1.004061,1.0233502,1.0604061,1.0979695,0.4,0.2,0.1,0.06666667,0.033333335,0.32704732,0.19456588,0.12217663,0.08044906,0.040922567,0.2,0.3,0.05,0.033333335,0.016666668,0.6,0.8,0.9,0.93333334,0.96666664,-0.4,-0.5,-0.85,-0.9,-0.95,-0.56431,-0.15174611,0.06414931,0.33012933,0.8291125,-0.7155681,-0.53650594,-0.63728577,-0.66728866,0.03657805,0.4,0.3,0.25,0.26666668,0.31666666,0.6,0.6,0.6,0.6333333,0.6,-0.2,-0.3,-0.35,-0.36666667,-0.28333333,0.3076922,0.22164956,0.18452372,0.19999988,0.32228112,0.6923078,0.7783505,0.8154763,0.80000013,0.6777189,-0.3846156,-0.5567009,-0.63095254,-0.6000002,-0.3554378,1.4413799,1.4118644,1.456957,1.5803362,2.5905926,0.44931987,0.31548253,0.39373448,0.4390155,1.8657236,0.77824396,0.83706594,1.0744743,0.9948713,1.3852334,0.41983005,0.47945318,0.41830412,0.4391817,0.45808145,0.5801699,0.52054685,0.58169585,0.5608183,0.5419185,-0.16033989,-0.04109365,-0.16339175,-0.12163662,-0.08383706
SZ002304,0.13194387185296247,1.0,,2026-03-26,-0.0063745375,0.022509981,-0.28318715,0.015737077,0.6991155,0.00039836724,0.017697359,-0.021713248,-0.9646053,1.0064155,1.0222535,0.9995991,1.0104412,1.0176352,1.0228384,1.0675616,1.1148667,1.2540017,0.9971403,1.0131032,1.021754,1.0462883,1.1319207,0.012218551,0.019362567,0.01927212,0.039702337,0.10118737,0.000643433,-0.0050871414,-0.0022242516,-0.0041286335,-0.0053788847,0.0069327783,0.63275146,0.46620497,0.8380737,0.86185,0.0015728732,0.009788875,-0.0006236188,0.013576877,0.026756398,1.0254498,1.0491205,1.0707788,1.12971,1.2971134,0.9743154,0.9743154,0.9743154,0.9743154,0.9743154,1.0041467,1.0302737,1.0341582,1.0850856,1.2483616,0.992374,0.9992374,1.0074513,1.0160306,1.0283513,0.6,0.3,0.15,0.1,0.05,0.5022963,0.34335357,0.26626262,0.16528647,0.07956871,0.2,0.3,0.05,0.033333335,0.31666666,0.4,0.7,0.85,0.9,0.95,-0.2,-0.4,-0.8,-0.8666667,-0.6333333,-0.85234714,0.19207399,0.12784767,0.41556123,-0.12516646,-0.85271966,-0.42809793,-0.35050103,-0.33858353,0.03560633,0.4,0.4,0.35,0.33333334,0.38333333,0.6,0.6,0.65,0.6666667,0.6166667,-0.2,-0.2,-0.3,-0.33333334,-0.23333333,0.37211946,0.390057,0.34147254,0.3000553,0.3686588,0.6278806,0.60994303,0.6585275,0.6999447,0.63134116,-0.25576112,-0.219886,-0.31705496,-0.3998894,-0.26268235,1.0006269,1.1037735,1.1456845,1.2421994,1.6455675,0.28094128,0.3664833,0.36803243,0.3922102,1.581086,1.130798,1.1059085,1.0062685,0.9577258,3.1523345,0.5755762,0.47034404,0.463882,0.43439558,0.50610524,0.4244238,0.529656,0.53611803,0.56560445,0.49389476,0.15115237,-0.05931193,-0.072236024,-0.13120885,0.012210483
SH600030,0.13023895123242474,1.0,,2026-03-26,-0.018307552,0.023189588,-0.7894729,0.0016273457,0.07017571,0.0032546914,0.14035141,-0.016680205,-0.7192972,1.018649,1.0203067,0.9966846,1.0061902,1.0613174,1.074555,1.1346862,1.1640337,1.1750858,1.0173087,1.0421729,1.068236,1.096599,1.1322697,0.019149795,0.029659515,0.0366124,0.05071196,0.05316915,-0.008154837,-0.008427705,-0.0057023596,-0.005567292,-0.0027082246,0.45335913,0.74011964,0.84902585,0.93404734,0.79131573,-0.0009990796,-0.0042482773,-0.014063589,-0.01587327,-0.052377105,1.0654453,1.1002657,1.139222,1.1685529,1.2407376,0.9966846,0.9966846,0.9966846,0.9966846,0.9966846,1.0272744,1.0684483,1.0879924,1.1506838,1.1714767,1.0052949,1.0089166,1.0431595,1.0604059,1.0805371,0.2,0.1,0.05,0.033333335,0.016666668,0.048216317,0.03200765,0.023259766,0.019290283,0.013584706,0.2,0.3,0.05,0.033333335,0.15,1.0,1.0,1.0,1.0,1.0,-0.8,-0.7,-0.95,-0.96666664,-0.85,-0.525955,-0.25921288,-0.24801713,-0.3335631,0.2860158,-0.84722614,-0.33775398,-0.43677932,-0.4430959,0.063244835,0.4,0.4,0.35,0.36666667,0.41666666,0.6,0.6,0.65,0.6333333,0.5833333,-0.2,-0.2,-0.3,-0.26666668,-0.16666667,0.16689335,0.24155904,0.22963168,0.2325397,0.3627375,0.83310664,0.758441,0.77036834,0.7674603,0.6372625,-0.6662133,-0.51688194,-0.5407366,-0.53492063,-0.27452502,1.1514465,1.1121169,1.0335625,0.98350406,1.3034638,0.34521618,0.4087065,0.34591672,0.30092904,0.59231585,1.1348336,1.1370342,1.1446728,1.274336,1.3289995,0.5175007,0.5220206,0.48812398,0.4770295,0.5073254,0.4824993,0.47797942,0.51187605,0.5229705,0.4926746,0.03500141,0.04404118,-0.023752062,-0.045940988,0.014650833
SH601058,0.12986981815166249,1.0,,2026-03-26,-0.02373889,0.034866415,-0.68085265,0.0044510225,0.1276593,0.006676502,0.19148804,-0.021513412,-0.6170239,1.0243161,1.0288754,0.99316114,1.0056893,1.01972,1.1048552,1.1967905,1.265198,1.2781179,0.99864,1.0276486,1.0760914,1.1239994,1.1747587,0.020998714,0.037338525,0.060568698,0.08586379,0.08150228,0.004039162,-0.009837258,-0.009392311,-0.009435541,-0.0038430677,0.09249901,0.6362756,0.8416208,0.9358693,0.6781353,-0.0067183515,0.016619056,0.013135531,0.012816042,-0.061388146,1.0410616,1.1207438,1.2127148,1.2864416,1.2864416,0.9582414,0.9582414,0.9582414,0.9582414,0.9582414,1.0115055,1.0578539,1.1197335,1.2113695,1.2421052,0.9880321,0.99864,1.0174351,1.0492588,1.1034952,0.6,0.3,0.15,0.1,0.05,0.5042077,0.25697225,0.16409804,0.12723511,0.12723511,0.8,0.1,0.05,0.033333335,0.51666665,0.4,0.7,0.85,0.9,0.95,0.4,-0.6,-0.8,-0.8666667,-0.43333334,-0.54208213,-0.33050802,-0.45826006,-0.6096812,-0.1651882,-0.43000197,-0.4483145,-0.58307654,-0.56829697,-0.24093534,0.4,0.3,0.35,0.3,0.33333334,0.6,0.7,0.65,0.7,0.65,-0.2,-0.4,-0.3,-0.4,-0.31666666,0.42624593,0.2788294,0.2959095,0.2898705,0.39102626,0.5737541,0.7211706,0.7040905,0.7101295,0.60897374,-0.14750813,-0.44234118,-0.408181,-0.42025897,-0.21794751,1.4448308,1.427882,1.3450414,1.1996982,1.318874,0.6127798,0.46987876,0.5308886,0.49620473,0.47522378,0.7819324,0.84618783,0.9730792,1.1105529,1.0072997,0.40929836,0.5019274,0.506033,0.47888905,0.4918326,0.59070164,0.49807262,0.49396703,0.52111095,0.5081674,-0.18140328,0.0038547479,0.012065969,-0.04222192,-0.016334746
SH688981,0.12937301228895678,1.0,,2026-03-26,-0.02682072,0.031642392,-0.8476198,0.0015068043,0.047619794,0.00331487,0.10476041,-0.025012653,-0.7904792,1.0275599,1.0291082,0.9965938,1.0110133,1.0937243,1.0942404,1.204067,1.185384,1.2432907,1.0246491,1.0637697,1.090029,1.1233107,1.2035749,0.020780338,0.04412975,0.046282306,0.06160161,0.096425325,-0.008928573,-0.013462453,-0.0066210125,-0.0062273294,-0.0049974313,0.46152887,0.85309404,0.7162867,0.7919929,0.8192404,-0.0067919465,-0.0031886124,-0.02712933,-0.033014394,-0.05615069,1.091247,1.1387284,1.1960157,1.2198597,1.3901734,0.9965938,0.9965938,0.9965938,0.9965938,0.9965938,1.0366226,1.10128,1.1094756,1.188811,1.2905039,1.009579,1.0219654,1.0501858,1.0920314,1.1029934,0.2,0.1,0.05,0.033333335,0.016666668,0.035986394,0.023964802,0.017080504,0.015256369,0.00865448,0.2,0.2,0.05,0.26666668,0.18333334,1.0,1.0,1.0,1.0,1.0,-0.8,-0.8,-0.95,-0.73333335,-0.81666666,-0.00041527709,-0.16170326,-0.17902109,-0.19767688,0.7165652,-0.78437054,-0.10000729,-0.28459108,-0.31418058,0.33689144,0.4,0.5,0.35,0.46666667,0.43333334,0.6,0.5,0.65,0.53333336,0.56666666,-0.2,0.0,-0.3,-0.06666667,-0.13333334,0.15023117,0.26432613,0.21521154,0.30974573,0.3982209,0.8497688,0.7356739,0.7847884,0.6902543,0.6017791,-0.6995377,-0.47134778,-0.5695769,-0.38050857,-0.2035582,1.1872804,1.1370356,1.122085,1.1117746,1.5168846,0.25487363,0.22353451,0.22967096,0.20856011,0.5551598,0.7283658,0.8580853,0.938787,0.9499496,1.1845777,0.3981966,0.5167039,0.4953196,0.48974872,0.46383068,0.6018034,0.48329607,0.5046804,0.5102513,0.5361693,-0.20360678,0.033407852,-0.009360786,-0.02050254,-0.07233863
SZ002916,0.1277163759143327,1.0,,2026-03-26,-0.018174196,0.0339814,-0.53482777,0.013609488,0.40049815,0.002197717,0.06467412,-0.029585967,-0.8706518,1.0185106,1.032372,0.9977616,1.0137696,1.0761509,1.0874312,1.2489871,0.99008876,0.97287637,1.0232359,1.0607108,1.1065464,1.0946392,1.0527358,0.030259661,0.047660913,0.06747283,0.07206522,0.07290751,-0.01302524,-0.012493686,-0.010339464,-0.000752614,0.0022229915,0.46321577,0.62989455,0.821876,0.008452688,0.28355086,0.0028145805,-0.004489226,-0.008321515,-0.08372629,-0.11831409,1.1053394,1.1549702,1.2727543,1.2727543,1.2727543,0.9818796,0.9818796,0.9818796,0.95457876,0.93483007,1.03456,1.0965102,1.1534735,1.1430147,1.1137298,1.0040886,1.010426,1.0647539,1.0238236,0.99760896,0.2,0.1,0.05,0.06666667,0.26666668,0.14677182,0.1046875,0.062296316,0.14275524,0.1928537,0.2,0.3,0.1,0.4,0.7,0.6,0.8,0.9,0.06666667,0.26666668,-0.4,-0.5,-0.8,0.33333334,0.43333334,0.28593293,0.7891714,0.390587,0.38760835,0.28201082,-0.08656852,-0.06700436,-0.055232413,0.42716756,0.42828813,0.4,0.4,0.35,0.43333334,0.43333334,0.6,0.6,0.65,0.56666666,0.56666666,-0.2,-0.2,-0.3,-0.13333334,-0.13333334,0.16867864,0.3359813,0.269943,0.5052631,0.5073367,0.83132136,0.6640187,0.730057,0.49473688,0.49266335,-0.6626427,-0.3280374,-0.46011397,0.010526236,0.014673317,1.1863683,1.5085244,1.4535182,1.540845,1.5867231,0.17983936,0.39828935,0.3801127,0.5575777,0.49154645,1.2698334,0.9492994,0.88628924,1.3056703,1.1141742,0.28255916,0.4903836,0.42667603,0.49722022,0.4741732,0.71744084,0.5096164,0.57332397,0.5027798,0.5258268,-0.4348817,-0.019232789,-0.1466479,-0.005559579,-0.051653624
SH600741,0.1275496435570105,1.0,,2026-03-26,-0.009895581,0.023089627,-0.42857257,0.009895581,0.42857257,0.0032984652,0.14285485,-0.016492696,-0.7142903,1.0099945,1.019989,0.9966686,1.0061636,1.0405258,1.0516341,1.0843927,1.0527478,1.1221534,1.0024425,1.0245392,1.0363104,1.0470827,1.0785091,0.016059484,0.025821334,0.025200533,0.026156602,0.043625787,-0.0032758673,-0.007443206,-0.0030283586,-0.0022504323,-0.0020948895,0.10402302,0.7616828,0.50543255,0.5736816,0.70329183,0.004109202,0.008955232,-0.007541068,-0.014451355,-0.016709797,1.0455323,1.0671792,1.08662,1.08662,1.1593522,0.97834194,0.97834194,0.97834194,0.97834194,0.97834194,1.0112178,1.047857,1.0533028,1.0699605,1.1198223,0.9908906,0.9984447,1.0174354,1.0268751,1.0434138,0.6,0.3,0.15,0.1,0.05,0.32233816,0.24379456,0.20002261,0.20002261,0.11965097,0.2,0.3,0.05,0.36666667,0.35,0.4,0.7,0.85,0.9,0.95,-0.2,-0.4,-0.8,-0.53333336,-0.6,-0.37017238,-0.35034895,-0.16468267,-0.2398451,0.10391817,-0.8740912,-0.6843159,-0.71423894,-0.36391655,-0.13148113,0.4,0.3,0.35,0.43333334,0.4,0.6,0.7,0.65,0.56666666,0.5833333,-0.2,-0.4,-0.3,-0.13333334,-0.18333334,0.2583303,0.23434101,0.33406317,0.4230144,0.41057143,0.7416697,0.765659,0.6659368,0.5769856,0.58942854,-0.48333946,-0.53131795,-0.3318737,-0.15397121,-0.17885715,1.4582536,1.3608454,1.4558966,1.4024045,1.6977643,0.43619362,0.32572776,0.30124217,0.30285695,0.7149569,1.1755245,1.6430603,1.1328342,1.1404685,1.2937472,0.4858157,0.4828352,0.48477867,0.45367858,0.4827693,0.5141843,0.5171648,0.5152213,0.5463214,0.5172307,-0.028368592,-0.034329597,-0.030442642,-0.09264283,-0.034461368
SH601881,0.12706410190835923,1.0,,2026-03-26,-0.017151378,0.023862774,-0.71875036,0.004474215,0.18749769,0.0022371812,0.09375193,-0.019388411,-0.8124961,1.0174507,1.0220029,0.99772376,1.0072442,1.0537772,1.0691421,1.1107554,1.1626121,1.2016644,1.0124199,1.0386044,1.0577464,1.084763,1.1363956,0.0188377,0.03073879,0.030784957,0.04732669,0.06560078,-0.0068501816,-0.008920185,-0.0044111563,-0.005130755,-0.0035723927,0.33058906,0.7719437,0.7186142,0.91086066,0.90448266,0.0012804129,0.0015365129,-0.015840461,-0.010367149,-0.031010028,1.0602305,1.0937138,1.1194602,1.1732835,1.2560141,0.9935254,0.9935254,0.9935254,0.9935254,0.9935254,1.0220231,1.0665812,1.0734955,1.1280409,1.1993598,0.99961585,1.003073,1.0381562,1.0568502,1.0691421,0.4,0.2,0.1,0.06666667,0.033333335,0.097063296,0.06462436,0.051412415,0.036018476,0.024666244,0.2,0.3,0.05,0.033333335,0.16666667,0.4,0.7,0.85,0.9,0.95,-0.2,-0.4,-0.8,-0.8666667,-0.78333336,-0.50593007,-0.024285698,-0.008116104,-0.15296024,0.32611147,-0.8215346,-0.22609799,-0.3176765,-0.28325522,0.07228787,0.4,0.3,0.35,0.3,0.36666667,0.6,0.6,0.55,0.6,0.56666666,-0.2,-0.3,-0.2,-0.3,-0.2,0.20422581,0.22727294,0.25495756,0.22510819,0.34010154,0.7957742,0.7727271,0.74504244,0.7748918,0.65989846,-0.5915484,-0.54545414,-0.49008492,-0.5497836,-0.31979692,1.2175626,1.2409801,1.2234459,1.2009838,1.4209387,0.28859133,0.32623288,0.3673825,0.39662424,0.5215898,1.1510351,1.2681962,1.2999334,1.3232856,1.1523292,0.45431954,0.51626223,0.48778573,0.46897766,0.5015215,0.54568046,0.48373777,0.51221424,0.53102237,0.49847847,-0.09136093,0.032524478,-0.024428532,-0.0620447,0.0030430607
SH600219,0.12685187889181956,1.0,,2026-03-26,-0.008264457,0.026446218,-0.3125005,0.013223109,0.5,0.004958652,0.18749948,-0.016528914,-0.625001,1.0083333,1.0216666,0.995,1.0075513,1.018295,1.2732581,1.1716621,1.1483067,0.8032308,0.98995715,1.0615999,1.1509244,1.147924,1.0877514,0.020022415,0.09438599,0.11525024,0.09434516,0.13384129,0.005001946,-0.027385961,-0.016325504,-0.004233716,0.0043042856,0.15602171,0.7717069,0.7022918,0.15606515,0.31544363,3.8930793e-05,0.061637,0.004167831,-0.08653506,-0.2147278,1.0316666,1.2932972,1.3333039,1.3333039,1.4081963,0.94662154,0.94662154,0.94662154,0.94662154,0.8098505,1.0019852,1.1462047,1.240288,1.2296224,1.2218373,0.9759439,0.99599063,1.0079408,1.0782405,0.9625535,0.7,0.35,0.175,0.11666667,0.34166667,0.6276486,0.1539724,0.1380422,0.1380422,0.31779197,0.2,0.1,0.25,0.5,0.43333334,0.6,0.8,0.9,0.93333334,0.016666668,-0.4,-0.7,-0.65,-0.43333334,0.41666666,-0.3182092,0.5145717,0.61680984,0.51670784,0.22612068,0.109365694,-0.25504553,0.4180473,0.36126733,0.37651554,0.4,0.2,0.4,0.46666667,0.5833333,0.6,0.8,0.55,0.5,0.4,-0.2,-0.6,-0.15,-0.033333335,0.18333334,0.4226974,0.13399374,0.37591445,0.41809976,0.5502735,0.57730263,0.86600626,0.62408555,0.58190024,0.44972652,-0.15460522,-0.7320125,-0.24817108,-0.16380051,0.100546986,1.3961867,1.6866082,1.9831089,1.8457041,2.3121715,0.26960397,0.38075244,0.6322219,0.5843285,0.92791563,0.6311334,0.6767948,1.0010822,1.059155,1.2334774,0.23820637,0.29967207,0.48429325,0.45963207,0.49584618,0.7617936,0.70032793,0.5157068,0.54036796,0.5041538,-0.5235872,-0.40065587,-0.031413525,-0.08073586,-0.008307626
SZ000166,0.12487110146334673,1.0,,2026-03-26,-0.016771456,0.020964418,-0.7999963,0.0020964807,0.10000186,0.0020964807,0.10000186,-0.016771456,-0.7999963,1.0170575,1.0191898,0.99786776,1.007714,1.0512819,1.0580297,1.0661268,1.0836707,1.1174089,1.0129554,1.034008,1.0401484,1.0530814,1.0835807,0.018811254,0.025659163,0.021020526,0.025660204,0.040388778,-0.006477731,-0.0071647638,-0.0019918222,-0.0024048316,-0.0021119225,0.29644924,0.7147106,0.31425485,0.6806923,0.8339392,1.5806089e-08,-0.0017666366,-0.021226117,-0.018211342,-0.021279009,1.058118,1.0748744,1.0748744,1.0933313,1.1706891,0.98742074,0.98742074,0.98742074,0.98742074,0.98742074,1.022672,1.0553306,1.0558704,1.0753036,1.1244264,0.9991903,1.0064777,1.0240216,1.0334682,1.0512819,0.4,0.2,0.1,0.06666667,0.033333335,0.17793165,0.14383931,0.14383931,0.11877259,0.068638556,0.2,0.3,0.65,0.1,0.16666667,0.4,0.7,0.85,0.9,0.95,-0.2,-0.4,-0.2,-0.8,-0.78333336,-0.31394714,-0.07676749,0.030653266,-0.149496,0.34716636,-0.8198266,-0.44376376,-0.33815977,-0.2837674,0.110972054,0.4,0.4,0.5,0.43333334,0.41666666,0.6,0.6,0.5,0.56666666,0.56666666,-0.2,-0.2,0.0,-0.13333334,-0.15,0.22857124,0.26373622,0.3515151,0.3480391,0.4009111,0.77142876,0.73626375,0.6484849,0.6519609,0.5990889,-0.5428575,-0.47252753,-0.29696977,-0.30392182,-0.19817778,1.3687836,1.365622,1.3972771,1.3499529,1.671852,0.45029548,0.35390073,0.3894765,0.35627738,0.63092214,1.2531376,1.4924151,1.3395994,1.4327368,1.3102661,0.37339798,0.43935612,0.47277167,0.46005085,0.50037307,0.62660205,0.5606439,0.52722836,0.5399491,0.49962696,-0.25320408,-0.12128779,-0.054456655,-0.07989829,0.0007460927
SZ002714,0.12394095727357646,1.0,,2026-03-26,-0.007444221,0.020302264,-0.3666695,0.010602253,0.5222202,0.0022557904,0.11111029,-0.015790684,-0.7777794,1.0075,1.0181818,0.9977273,1.0047412,1.1090928,1.1497837,1.0256851,1.0650024,1.1270517,1.030323,1.0793914,1.0864599,1.0703764,1.0795318,0.054219432,0.06359975,0.049897462,0.04756829,0.046468526,-0.026319167,-0.018618785,-0.0021921524,0.0013025961,-0.0007890737,0.5890801,0.7856033,0.067554235,0.058114715,0.08794622,0.022315301,0.004393203,-0.06563442,-0.08926403,-0.056254067,1.1340971,1.1700107,1.1700107,1.1700107,1.1784089,0.9613725,0.9613725,0.9613725,0.9613725,0.9613725,1.0465947,1.1306893,1.129547,1.1231372,1.129547,0.9977291,1.009459,1.0514594,1.0269579,1.035595,0.4,0.2,0.1,0.06666667,0.033333335,0.22363637,0.18514104,0.18514104,0.18514104,0.17797707,0.2,0.3,0.65,0.76666665,0.16666667,0.6,0.8,0.9,0.93333334,0.96666664,-0.4,-0.5,-0.25,-0.16666667,-0.8,-0.18501294,-0.47813287,-0.15015578,0.18466263,-0.14807741,-0.7499856,-0.54398227,0.2136479,0.19963266,0.19025044,0.4,0.3,0.45,0.46666667,0.4,0.6,0.7,0.55,0.53333336,0.5833333,-0.2,-0.4,-0.1,-0.06666667,-0.18333334,0.20515962,0.19853473,0.47167668,0.43976068,0.43536893,0.7948404,0.8014653,0.5283233,0.5602393,0.5646311,-0.5896808,-0.60293055,-0.05664664,-0.12047865,-0.12926218,2.0245526,1.6365639,1.7620404,1.5300821,1.4795123,0.9800427,0.788447,0.6887347,0.6562544,0.57989675,1.1647521,1.5531623,1.3967012,1.6407318,1.505778,0.4842924,0.41929746,0.49060172,0.47568786,0.49724007,0.5157076,0.58070254,0.5093983,0.52431214,0.50275993,-0.031415194,-0.16140507,-0.018796543,-0.048624307,-0.0055198595
SH601398,0.12308293673275641,1.0,,2026-03-26,0.0150478855,0.0191518,0.78571653,0.0027359715,0.14285715,0.0013679429,0.07142633,0.013679857,0.71428573,0.9851752,1.0026954,0.98382753,0.99462074,1.0151187,0.9649028,0.9384449,0.9757019,1.063715,0.9927646,0.9919007,0.9726782,0.97100437,0.99608535,0.012922894,0.014633148,0.023238545,0.021139147,0.038951,-0.00097192556,0.0014595144,0.0033664063,0.0010322235,-0.0016151144,0.014141207,0.09119114,0.7344855,0.18478821,0.5244079,0.0091792615,0.001531517,-0.004659066,0.014028414,0.05156054,1.0256242,1.0256242,1.0256242,1.0256242,1.0731591,0.96898556,0.95817363,0.9236132,0.9236132,0.9236132,1.0021598,1.0021598,0.99622035,0.98704106,1.0401728,0.9846652,0.97732186,0.9568035,0.9541037,0.9600432,0.8,0.8,0.9,0.93333334,0.65,0.5475844,0.6201042,0.7488095,0.7488095,0.51079166,0.2,0.6,0.8,0.8666667,0.11666667,0.8,0.1,0.1,0.4,0.7,-0.6,0.5,0.7,0.46666667,-0.5833333,-0.49130997,0.35636753,0.41294977,0.17616086,-0.2654971,-0.8601527,-0.019371495,0.23209864,-0.055128157,-0.031550486,0.6,0.7,0.6,0.5,0.43333334,0.4,0.2,0.3,0.43333334,0.53333336,0.2,0.5,0.3,0.06666667,-0.1,0.37499982,0.6585368,0.6737808,0.5503356,0.43187055,0.6250002,0.34146324,0.32621923,0.44966438,0.5681295,-0.25000036,0.31707355,0.34756154,0.1006712,-0.13625892,1.420495,1.4368435,1.3146945,1.2120188,1.2466557,0.3302417,0.34530947,0.38700414,0.38115647,0.38739967,1.2700524,1.1124945,1.2420386,1.2476124,1.1352007,0.21381593,0.5067197,0.47200418,0.4911021,0.5109581,0.7861841,0.4932803,0.5279958,0.5088979,0.48904195,-0.57236814,0.013439403,-0.055991635,-0.017795812,0.02191612
SZ300308,0.12281455329710304,1.0,,2026-03-26,-0.02024281,0.05131678,-0.39446768,0.028888607,0.5629466,0.0021853596,0.042585675,-0.04694606,-0.91482866,1.020661,1.0501466,0.9977695,1.0218122,0.9365021,0.87072617,0.9316498,0.9117541,1.0053707,0.9955742,0.9539766,0.92247236,0.9138176,0.95178825,0.018263783,0.049373154,0.04953477,0.044613447,0.05493749,0.0054025124,0.014930974,0.006297689,0.0030678841,-0.0017161763,0.21875103,0.83831245,0.56573117,0.36647815,0.2976364,-0.006379174,-0.021165952,0.017699623,0.041698094,0.09883897,1.0501466,1.0501466,1.0501466,1.0501466,1.0726141,0.9394331,0.8547849,0.8238349,0.8238349,0.8238349,1.0046238,0.997133,0.9774239,0.93806493,1.0067065,0.9809114,0.90843195,0.88149613,0.8761955,0.89970607,0.8,0.9,0.95,0.96666664,0.75,0.54706013,0.7433143,0.77841824,0.77841824,0.70811844,1.0,1.0,1.0,1.0,0.05,0.6,0.1,0.35,0.56666666,0.78333336,0.4,0.9,0.65,0.43333334,-0.73333335,-0.03319976,0.48058313,0.38200793,0.27776355,0.019341003,0.94298905,0.7659699,0.39427236,0.22881486,0.18472268,0.6,0.6,0.5,0.53333336,0.5,0.4,0.4,0.5,0.46666667,0.5,0.2,0.2,0.0,0.06666667,0.0,0.7115948,0.7211023,0.55473155,0.5524433,0.49840355,0.28840518,0.2788977,0.44526845,0.44755667,0.50159645,0.4231896,0.44220462,0.10946311,0.10488664,-0.003192894,1.3685749,1.2535801,1.2386118,1.2081622,1.2290988,0.41797698,0.34233227,0.32357776,0.29760158,0.32304955,1.0130664,0.9315953,0.8126105,0.843786,0.9389105,0.4417226,0.51427823,0.50300974,0.45019326,0.4863696,0.5582774,0.48572174,0.4969903,0.5498067,0.5136304,-0.11655482,0.028556501,0.00601944,-0.099613465,-0.027260784
SH603296,0.1217514140698559,1.0,,2026-03-26,-0.05150361,0.054127973,-0.95151556,0.0,0.0,0.0026243636,0.048484426,-0.048879247,-0.9030312,1.0543003,1.0543003,0.99723315,1.0184509,1.0025651,1.0491383,1.0629259,0.95511025,1.0613227,1.0092505,1.013467,1.0142405,1.008946,1.0332999,0.03511748,0.027663633,0.027174326,0.031643424,0.047735907,0.009154306,-0.0012475888,-0.00045486563,0.0010056506,-0.0015592956,0.16988073,0.018643862,0.009806561,0.07827605,0.32543662,-0.027559124,-0.007852806,-0.009919284,-0.023527853,0.012699255,1.0647594,1.0702872,1.0750563,1.0750563,1.1439651,0.95708734,0.95708734,0.93592393,0.9343859,0.93199223,1.0349019,1.03301,1.033972,1.031519,1.0756714,0.99222445,0.9982525,0.9960401,0.9813868,0.9931864,0.4,0.3,0.4,0.43333334,0.3,0.39854988,0.37908763,0.46054044,0.46643868,0.32083237,0.8,0.1,0.05,0.36666667,0.18333334,0.4,0.7,0.35,0.06666667,0.48333332,0.4,-0.6,-0.3,0.3,-0.3,0.71647674,0.23979333,0.3065551,0.5235627,0.39460167,0.46572918,0.44424114,0.32203326,0.52435577,0.47936514,0.4,0.3,0.4,0.43333334,0.41666666,0.6,0.7,0.6,0.56666666,0.5833333,-0.2,-0.4,-0.2,-0.13333334,-0.16666667,0.49320874,0.41758534,0.43885332,0.53314394,0.47353125,0.5067913,0.5824147,0.5611467,0.46685606,0.52646875,-0.013582534,-0.16482931,-0.12229333,0.06628786,-0.052937537,1.1117014,0.8280622,0.8127328,0.7863551,0.84753186,0.31140345,0.3741612,0.28274858,0.2965728,0.28345925,0.89099586,1.1675992,1.0785941,1.1977987,1.1297833,0.6752097,0.5082049,0.46963537,0.5212434,0.50882053,0.32479027,0.49179512,0.53036463,0.4787566,0.49117944,0.35041943,0.016409758,-0.060729288,0.042486772,0.017641105
SH601077,0.12100850346302679,1.0,,2026-03-26,0.018518511,0.024216581,0.76470375,0.0056980704,0.23529623,0.0,0.0,0.01282044,0.5294075,0.9818182,1.0055945,0.9818182,0.99860716,0.9807693,0.96250004,0.9115385,0.88846153,0.8605769,0.9821154,0.98173076,0.95725965,0.94637823,0.90802884,0.014352379,0.010474433,0.028686246,0.028899902,0.045431044,0.003942311,0.00062936835,0.004170762,0.0026330533,0.0022946277,0.18862268,0.03309483,0.73986316,0.64332175,0.77807033,0.009999996,0.015437064,0.0031181297,0.015442504,0.024279617,1.0071708,1.0071708,1.0071708,1.0071708,1.0071708,0.95473516,0.95473516,0.8960725,0.8856516,0.82863045,0.99230766,0.9903846,0.98307693,0.9769231,0.94557697,0.9725,0.975,0.93115383,0.92,0.865,1.0,1.0,1.0,1.0,1.0,0.86324596,0.86324596,0.9354555,0.94099057,0.95983666,0.2,0.6,0.8,0.8666667,0.93333334,0.8,0.9,0.1,0.033333335,0.3,-0.6,-0.3,0.7,0.8333333,0.6333333,0.3272365,0.14432265,-0.2760969,-0.039779816,-0.32333213,0.6013832,0.4336165,0.40574372,0.41537383,0.2284258,0.8,0.8,0.7,0.6666667,0.6,0.2,0.2,0.3,0.33333334,0.4,0.6,0.6,0.4,0.33333334,0.2,0.62820506,0.65354353,0.6885247,0.66860473,0.60772663,0.37179497,0.34645647,0.3114753,0.33139524,0.3922734,0.25641006,0.30708706,0.37704942,0.33720952,0.21545322,0.9738498,0.95629144,1.0686239,1.0277873,1.1745368,0.22627719,0.19545852,0.27579537,0.26748067,0.37038937,0.50948703,0.5525639,0.9676855,1.0392791,1.0873656,0.5851863,0.45177367,0.52761173,0.50416756,0.50734067,0.41481373,0.54822636,0.47238827,0.49583244,0.49265933,0.17037258,-0.096452676,0.055223458,0.008335091,0.014681343
SH603501,0.12085802375734077,1.0,,2026-03-26,-0.01748872,0.023089033,-0.757447,0.0038318227,0.16595857,0.0017684912,0.07659443,-0.01955205,-0.8468112,1.0178,1.0217,0.99820006,1.0077709,1.058426,1.1281884,1.2260011,1.1728799,1.2570308,1.0089965,1.0495604,1.1019912,1.1267617,1.1984861,0.019998092,0.047160156,0.06673152,0.06555011,0.09030912,-0.0033791238,-0.014373515,-0.010708371,-0.0063568763,-0.0046770177,0.0713791,0.8515045,0.9012656,0.7288571,0.8180402,-0.002238213,0.015120444,-0.0002616268,-0.034586936,-0.06051407,1.0662363,1.1316879,1.2419978,1.2419978,1.3533136,0.9775824,0.9775824,0.9775824,0.9775824,0.9775824,1.0258847,1.0919265,1.1445098,1.173563,1.2876099,0.99706423,0.9999564,1.0331227,1.0779014,1.1337694,0.6,0.3,0.15,0.1,0.05,0.2528665,0.14546914,0.0847817,0.0847817,0.05966389,0.2,0.1,0.05,0.36666667,0.21666667,0.6,0.8,0.9,0.93333334,0.96666664,-0.4,-0.7,-0.85,-0.56666666,-0.75,-0.17065105,-0.08714217,0.22727183,0.23181874,0.5479581,-0.45754403,-0.2792025,-0.4704345,-0.059076484,0.1878292,0.4,0.2,0.35,0.43333334,0.46666667,0.6,0.8,0.65,0.56666666,0.53333336,-0.2,-0.6,-0.3,-0.13333334,-0.06666667,0.28032762,0.18387079,0.20358348,0.32990128,0.37586862,0.7196724,0.8161292,0.7964165,0.6700987,0.6241314,-0.4393448,-0.6322584,-0.59283304,-0.34019744,-0.24826276,1.5351833,1.536625,1.6182543,1.6267116,2.0245676,0.44309938,0.36104652,0.48813748,0.5441293,0.7999769,0.8209786,0.8821073,0.88478523,1.1267552,1.1249841,0.35011265,0.48641342,0.35354632,0.47115695,0.4933846,0.6498873,0.5135866,0.6464537,0.52884305,0.5066154,-0.29977468,-0.027173162,-0.29290733,-0.05768611,-0.0132307885
SZ000596,0.12081509117176298,1.0,,2026-03-26,-0.038346395,0.04760569,-0.80550027,0.0054246765,0.11395017,0.0038346173,0.08054956,-0.039936453,-0.83890086,1.0398755,1.0455165,0.99601245,1.0136327,1.0542723,1.0916152,1.1748691,1.3116984,1.3990297,1.0366564,1.0629461,1.0846087,1.1399813,1.2197708,0.024620784,0.035615698,0.04001929,0.08999944,0.10874244,-0.010480265,-0.010856354,-0.005574958,-0.009578155,-0.00566979,0.45298177,0.8517194,0.6792232,0.8777803,0.82915485,-0.015695885,-0.014092542,-0.031646524,-0.0010979872,-0.05251202,1.0805105,1.1229212,1.1790378,1.3536679,1.397493,0.99601245,0.99601245,0.99601245,0.99601245,0.99601245,1.0575447,1.0974684,1.1089886,1.2476503,1.3140004,1.020687,1.0376887,1.0564401,1.0759814,1.0943404,0.2,0.1,0.05,0.033333335,0.016666668,0.047190737,0.031420417,0.021786736,0.011149067,0.00993205,0.2,0.2,0.05,0.033333335,0.016666668,1.0,1.0,1.0,1.0,1.0,-0.8,-0.8,-0.95,-0.96666664,-0.98333335,-0.6993084,-0.1757592,0.116374895,0.5550806,0.29114145,-0.006896035,0.2365557,0.078994654,0.07631927,0.3439388,0.4,0.4,0.45,0.4,0.38333333,0.6,0.6,0.55,0.6,0.6166667,-0.2,-0.2,-0.1,-0.2,-0.23333333,0.28727508,0.2745748,0.2696805,0.2584592,0.35474053,0.7127249,0.72542524,0.7303195,0.7415408,0.6452595,-0.42544988,-0.45085046,-0.46063897,-0.48308158,-0.29051894,0.6895263,0.6432811,0.6602243,0.7407394,0.85133505,0.18027434,0.16312647,0.1749707,0.24400626,0.4001141,0.75311494,0.8377528,0.8912212,0.7997311,1.875601,0.9289563,0.71160996,0.5337906,0.46447903,0.5174365,0.07104372,0.28839,0.46620944,0.535521,0.48256347,0.85791254,0.42321998,0.06758114,-0.07104192,0.03487304
SH601006,0.11947450963141276,0.875,,2026-03-26,0.024667991,0.030360566,0.81250095,0.0037950827,0.12500039,0.0018974941,0.062498637,0.022770401,0.7499992,0.97592586,1.0037037,0.97407407,0.99540794,0.97617376,1.0021023,0.9390329,0.94323754,0.9929923,0.9831815,0.9823406,0.9748423,0.9633964,0.9547185,0.010033516,0.00826395,0.015324308,0.020740667,0.021980846,0.0036440121,0.00019536847,0.0017809068,0.0020309107,0.00044454852,0.32975647,0.0051232437,0.4727034,0.743084,0.12475253,0.00953049,0.016780285,0.008239078,0.0071554133,0.03216732,1.0037037,1.0043123,1.0058069,1.0058069,1.0058069,0.96851593,0.96711177,0.93723017,0.93157464,0.91690737,0.9871058,0.98780656,0.98780656,0.9822004,0.9782761,0.9774352,0.9757533,0.96145755,0.94281703,0.93342674,1.0,1.0,0.95,0.96666664,0.98333335,0.89474416,0.88408124,0.915322,0.9217734,0.93467975,1.0,0.1,0.5,0.6666667,0.8333333,0.4,0.4,0.05,0.23333333,0.3,0.6,-0.3,0.45,0.43333334,0.53333336,0.5630402,0.5224919,0.35990995,0.6763983,0.10978011,0.29475117,0.36031505,0.50576395,0.5039736,0.36651778,0.6,0.4,0.6,0.56666666,0.45,0.4,0.6,0.35,0.4,0.46666667,0.2,-0.2,0.25,0.16666667,-0.016666668,0.75757587,0.48672575,0.70232564,0.64412826,0.5084746,0.24242412,0.51327425,0.29767436,0.3558717,0.4915254,0.51515174,-0.026548509,0.4046513,0.2882566,0.016949205,0.65216637,0.561923,0.59465206,0.50502473,0.52252847,0.2396127,0.19893701,0.21758845,0.22501333,0.23056743,1.149438,1.1819338,1.1412612,1.2849747,1.1240792,0.72171974,0.5661581,0.5871635,0.52459174,0.5282861,0.27828026,0.4338419,0.4128365,0.4754083,0.4717139,0.44343948,0.13231619,0.174327,0.04918344,0.056572206
SH688169,0.11938769898196691,1.0,,2026-03-26,-0.02086164,0.029414149,-0.7092383,0.005435217,0.18478242,0.0031172903,0.10597928,-0.023179568,-0.7880414,1.0213062,1.0268571,0.9968163,1.0101403,1.0289793,1.0969793,1.1861259,1.2026095,1.2632676,1.0094689,1.0310694,1.0674663,1.120747,1.1844963,0.012630231,0.027769366,0.04597512,0.085808605,0.094093986,-0.0029367777,-0.008328204,-0.007241092,-0.009400765,-0.0047666184,0.13516353,0.82448405,0.86822146,0.93017876,0.78270286,-0.0035953068,0.006407541,0.0013240845,0.015564092,-0.04388107,1.045789,1.0921558,1.1915983,1.254691,1.3486588,0.9746875,0.9746875,0.9746875,0.9746875,0.9746875,1.0207334,1.0521832,1.0981737,1.2312616,1.2563674,0.99937826,1.0040575,1.0246477,1.0403501,1.0904717,0.4,0.2,0.1,0.06666667,0.033333335,0.35600486,0.2154837,0.11669545,0.090400666,0.06768568,0.2,0.1,0.05,0.16666667,0.16666667,0.4,0.7,0.85,0.9,0.95,-0.2,-0.6,-0.8,-0.73333335,-0.78333336,-0.33962694,0.499905,0.20670253,0.020949911,0.44936806,-0.7242289,-0.6470041,-0.50491744,-0.25440472,-0.13366215,0.4,0.3,0.35,0.36666667,0.46666667,0.6,0.7,0.65,0.6333333,0.53333336,-0.2,-0.4,-0.3,-0.26666668,-0.06666667,0.30433565,0.18097402,0.21021459,0.28799498,0.36477658,0.69566435,0.819026,0.78978544,0.712005,0.6352234,-0.3913287,-0.638052,-0.57957083,-0.42401,-0.2704468,1.6404018,2.0263462,1.9367727,1.918519,2.3723886,0.7496088,0.91927963,0.7114766,0.7123747,0.9123869,1.1511717,1.0003341,0.9122117,1.0211295,0.9193424,0.3757819,0.4219809,0.43669313,0.47793683,0.48757666,0.6242181,0.5780191,0.56330687,0.5220632,0.51242334,-0.24843624,-0.15603822,-0.12661377,-0.044126358,-0.0248467
SH600926,0.11915478233715773,1.0,,2026-03-26,-0.0005987373,0.01556886,-0.038457364,0.010778511,0.6923121,0.004191612,0.26923048,-0.007185636,-0.46153903,1.0005991,1.011384,0.99580586,1.0025641,1.0066195,1.0184889,0.9753481,0.9671308,0.91965306,0.9904588,1.0078521,0.9992239,0.9931903,0.96255803,0.014754378,0.022144644,0.01949007,0.01850792,0.035763163,0.002807576,-0.0055944067,0.0009573098,0.0010093641,0.0018021945,0.090523474,0.5850354,0.084439605,0.23050599,0.77451766,0.003926069,0.01732276,-0.008318358,-0.00782606,-0.015722748,1.0138097,1.0442518,1.0442518,1.0442518,1.0442518,0.9617378,0.9617378,0.9617378,0.9617378,0.8998533,1.0003653,1.0280758,1.0199497,1.0027847,0.9917827,0.9810089,0.9959826,0.9848437,0.9804154,0.92216384,0.8,0.4,0.6,0.73333335,0.8666667,0.73479617,0.4637055,0.4637055,0.4637055,0.693544,0.2,0.3,0.65,0.76666665,0.8833333,0.4,0.7,0.85,0.9,0.31666666,-0.2,-0.4,-0.2,-0.13333334,0.56666666,-0.8968438,0.15403938,0.1108416,0.13812193,-0.45892897,-0.9857281,-0.533302,-0.07830213,0.068413995,0.20893873,0.6,0.5,0.6,0.53333336,0.55,0.4,0.5,0.4,0.46666667,0.45,0.2,0.0,0.2,0.06666667,0.1,0.4542587,0.4245813,0.5645933,0.56122446,0.5696754,0.54574126,0.5754187,0.43540668,0.43877554,0.4303246,-0.09148257,-0.1508374,0.12918662,0.122448914,0.13935076,1.2841427,1.390591,1.4694806,1.4899931,2.0406523,0.30500713,0.32266524,0.48462498,0.4993124,0.9581029,1.1105791,0.9533849,1.0328981,1.1975324,1.2888678,0.3691009,0.33431116,0.50034475,0.47559223,0.4859814,0.6308991,0.6656888,0.49965522,0.5244078,0.5140186,-0.2617982,-0.33137769,0.000689539,-0.048815574,-0.028037203
SH601916,0.1186394431883902,1.0,,2026-03-26,-0.0032154138,0.00964631,-0.33333096,0.0032154138,0.33333096,0.0032154825,0.33333808,-0.0032153449,-0.3333238,1.0032258,1.0064516,0.99677414,1.0027399,1.002331,0.997669,0.9580419,0.94638693,0.983683,0.9911422,0.99743587,0.98531467,0.97653455,0.9711344,0.017239979,0.013567521,0.017737893,0.019289415,0.01846486,0.0044289078,-0.0012290749,0.0020856352,0.0017787195,0.00027869715,0.16499086,0.07522586,0.48388332,0.6589894,0.069482096,0.0,0.008094941,-0.005128209,-0.0023259912,0.020644035,1.0073551,1.0157734,1.0157734,1.0157734,1.0157734,0.9571503,0.9571503,0.95248216,0.945139,0.930237,1.0,1.0032634,1.0,1.0,0.983683,0.99020976,0.997669,0.9673659,0.9580419,0.95571095,0.9,0.55,0.775,0.85,0.925,0.8534978,0.73093593,0.7507809,0.7766898,0.81559455,0.2,0.3,0.65,0.76666665,0.8833333,0.4,0.7,0.2,0.033333335,0.43333334,-0.2,-0.4,0.45,0.73333335,0.45,-0.8098353,-0.5686491,-0.073726684,0.42963016,-0.0126800295,-0.80083185,-0.5853076,-0.33057266,-0.15977526,-0.050326396,0.4,0.4,0.55,0.53333336,0.4,0.4,0.4,0.35,0.33333334,0.4,0.0,0.0,0.2,0.2,0.0,0.4857143,0.5116279,0.6184211,0.6210526,0.52380955,0.51428574,0.4883721,0.38157895,0.37894738,0.47619048,-0.028571429,0.023255814,0.23684211,0.24210526,0.04761905,1.3707505,1.353391,1.3278469,1.1822906,0.99602616,0.39972353,0.31564298,0.2703399,0.32201555,0.3702702,1.2517215,1.6114231,1.4097877,1.5426382,1.6811407,0.47176176,0.37475482,0.53102773,0.52043843,0.5042358,0.52823824,0.6252452,0.46897224,0.4795616,0.49576417,-0.056476448,-0.25049037,0.062055506,0.040876817,0.008471643
SH603392,0.1185916549986562,1.0,,2026-03-26,-0.020060146,0.036108326,-0.55555457,0.0130391,0.36111063,0.0030090793,0.083334774,-0.030090166,-0.83333045,1.0204707,1.0337768,0.99692935,1.0122817,1.0414379,1.0194793,1.0345316,1.0736674,1.1998405,1.0174606,1.027156,1.0168983,1.0293016,1.0924473,0.012579488,0.015242083,0.0220963,0.027246922,0.07340571,-0.004630764,-0.0028177996,0.0011645705,-0.0014932671,-0.0038204046,0.33878124,0.3132874,0.09722108,0.23277795,0.8261498,-0.008199042,-0.01447589,-0.027961731,-0.007649283,0.020254659,1.05221,1.064508,1.064508,1.0824047,1.2479726,0.99692935,0.99692935,0.96857613,0.96857613,0.96857613,1.0284575,1.0404463,1.0391358,1.0492296,1.1760403,1.0077918,1.0156897,1.0024792,1.0089781,1.0221356,0.2,0.1,0.2,0.13333334,0.06666667,0.055547107,0.045438588,0.3275647,0.2760631,0.11247058,0.2,0.3,0.65,0.033333335,0.25,1.0,1.0,0.2,0.46666667,0.73333335,-0.8,-0.7,0.45,-0.43333334,-0.48333332,-0.1112572,0.21009144,-0.03646265,-0.32380506,0.48659626,-0.6241205,-0.06264595,-0.029255439,-0.07439516,0.3454401,0.2,0.4,0.5,0.46666667,0.45,0.8,0.6,0.5,0.53333336,0.55,-0.6,-0.2,0.0,-0.06666667,-0.1,0.24509826,0.41754162,0.43385357,0.40052617,0.3892216,0.75490177,0.5824584,0.56614643,0.59947383,0.6107784,-0.5098035,-0.16491677,-0.13229287,-0.19894767,-0.22155677,1.2351726,1.2477891,1.244238,1.1656814,1.5652575,0.2949698,0.26168633,0.286208,0.28097203,0.8500547,0.39902517,0.76205,0.9209552,0.91613066,1.7513729,0.4443556,0.5354508,0.49120775,0.48508444,0.4967478,0.5556444,0.46454915,0.5087923,0.5149155,0.5032522,-0.11128877,0.07090168,-0.017584521,-0.029831104,-0.006504433
SZ000776,0.11766840881999517,1.0,,2026-03-26,-0.025806455,0.03118286,-0.8275846,0.00053770415,0.01724358,0.0048387004,0.1551718,-0.021505458,-0.6896564,1.0264901,1.027042,0.99503314,1.0062753,1.0546327,1.0756123,1.1484843,1.1931838,1.1920706,1.0204316,1.0427728,1.0730648,1.1064024,1.1715848,0.02060828,0.028308984,0.04184638,0.059478402,0.08006604,-0.0082206,-0.0077789417,-0.006630746,-0.006584223,-0.0040985867,0.39779887,0.69215584,0.8787738,0.9497125,0.7992293,-0.003990407,-0.0077675353,-0.010072692,-0.010931168,-0.050676484,1.0667934,1.1081926,1.1594932,1.2086363,1.3300426,0.99503314,0.99503314,0.99503314,0.99503314,0.99503314,1.0338072,1.0678542,1.1031855,1.1661245,1.2445796,1.0061655,1.0121596,1.0473711,1.0541874,1.0777189,0.2,0.1,0.05,0.033333335,0.016666668,0.06921487,0.043892726,0.030201104,0.023252824,0.014826079,0.2,0.3,0.05,0.1,0.15,1.0,1.0,1.0,1.0,1.0,-0.8,-0.7,-0.95,-0.9,-0.85,-0.7058155,0.07573138,0.026467184,-0.25324294,0.52362394,-0.91660655,-0.04646406,-0.2807798,-0.20460749,0.07730661,0.4,0.3,0.35,0.26666668,0.43333334,0.6,0.7,0.65,0.7,0.55,-0.2,-0.4,-0.3,-0.43333334,-0.11666667,0.22066526,0.2771327,0.2329019,0.23828293,0.3897788,0.7793347,0.7228673,0.76709807,0.7617171,0.6102212,-0.55866945,-0.44573462,-0.5341962,-0.5234341,-0.22044238,1.0047235,1.0762826,1.0317177,0.9724666,1.3397166,0.22229835,0.4398724,0.36156112,0.33947584,0.61620206,1.0578558,1.0269623,1.1582618,1.2270218,1.2947778,0.54029834,0.53959036,0.52059513,0.5026546,0.50497794,0.45970163,0.46040967,0.47940487,0.49734536,0.49502203,0.08059672,0.079180665,0.04119025,0.0053092563,0.009955919
SZ300502,0.1164886657586184,1.0,,2026-03-26,-0.025627898,0.053046774,-0.4831189,0.023410527,0.4413186,0.0040083462,0.07556249,-0.04503008,-0.84887505,1.026302,1.0503283,0.9958862,1.0226796,0.96367556,0.82881844,0.8444195,0.8735222,1.0131078,1.0234969,0.96424055,0.9032363,0.8774172,0.89052844,0.019783258,0.07165156,0.08234554,0.07741415,0.06675036,-0.0053262804,0.020239303,0.012303241,0.0070742127,-0.00020241797,0.18121426,0.7313937,0.7813163,0.6471683,0.0028047273,-0.012844308,-0.055317406,-0.020117115,0.020006705,0.11544288,1.0765859,1.0765859,1.0765859,1.0765859,1.0765859,0.95842475,0.81404793,0.75873154,0.75873154,0.75873154,1.0423849,1.0276587,1.0015055,0.9470456,0.96122515,1.006022,0.89581996,0.835799,0.8139604,0.8378827,0.2,0.6,0.8,0.8666667,0.9166667,0.35185203,0.7082863,0.75905335,0.75905335,0.75905335,0.8,0.9,0.95,0.96666664,0.98333335,0.6,0.1,0.1,0.4,0.7,0.2,0.8,0.85,0.56666666,0.28333333,0.67325085,0.1831961,0.238276,0.31615606,-0.06264793,0.88289183,0.8199056,0.43902493,0.2669314,0.23104608,0.6,0.7,0.6,0.6,0.48333332,0.4,0.3,0.4,0.4,0.51666665,0.2,0.4,0.2,0.2,-0.033333335,0.5940841,0.6979003,0.6041363,0.56378883,0.49600464,0.40591592,0.3020997,0.3958637,0.43621117,0.50399536,0.1881682,0.39580056,0.20827256,0.12757765,-0.007990708,1.3053321,1.33391,1.2902062,1.2164261,1.161323,0.32351506,0.26176727,0.2858855,0.27886954,0.31689847,0.99428076,0.81762576,0.8717983,0.9178554,1.0044492,0.33406264,0.51045907,0.51113087,0.46508622,0.4974878,0.66593736,0.48954096,0.48886913,0.5349138,0.5025122,-0.33187473,0.020918094,0.022261722,-0.06982755,-0.005024383
SH688506,0.11640889090746828,1.0,,2026-03-26,-0.03178041,0.06382652,-0.49791852,0.027072137,0.42415184,0.004973978,0.07792963,-0.053878568,-0.8441407,1.0328236,1.0607843,0.99486274,1.0209664,1.0563921,1.0118039,1.082941,1.078196,1.372549,1.0302039,1.038749,1.0266863,1.0552313,1.1406124,0.025252674,0.024713362,0.036179353,0.05251424,0.11787879,-0.0109960865,-0.0025285883,0.0022441403,-0.0031356136,-0.005961426,0.47402537,0.095963046,0.13466245,0.2763075,0.7800614,-0.008211723,-0.027370367,-0.048005592,-0.0097649535,0.035249673,1.1036863,1.105804,1.117647,1.1754903,1.388196,0.99486274,0.99215686,0.946,0.946,0.946,1.0465255,1.0622431,1.0588236,1.103396,1.2736313,1.0100392,1.0118666,1.0,1.0073569,1.0404706,0.2,0.1,0.225,0.15,0.075,0.04720708,0.06901334,0.31459904,0.23530418,0.1221178,0.2,0.3,0.4,0.16666667,0.23333333,1.0,0.2,0.25,0.5,0.75,-0.8,0.1,0.15,-0.33333334,-0.51666665,0.51693594,0.5411214,0.2710753,0.06736721,-0.5260978,0.63932586,0.6131246,0.5214268,0.41078624,0.17670725,0.4,0.4,0.35,0.36666667,0.35,0.6,0.6,0.65,0.6333333,0.65,-0.2,-0.2,-0.3,-0.26666668,-0.3,0.28601226,0.4712293,0.43094108,0.45345038,0.37360975,0.7139877,0.5287707,0.5690589,0.5465496,0.6263903,-0.42797545,-0.057541348,-0.13811785,-0.09309926,-0.2527805,1.0753957,1.130163,1.2574043,1.2587541,1.1129453,0.13632208,0.2097519,0.29168576,0.3813213,0.38518202,0.5951032,0.7646753,1.0505358,1.1065757,1.2144475,0.5351676,0.45387766,0.5186738,0.4832976,0.5145458,0.46483243,0.5461224,0.48132625,0.5167024,0.48545417,0.07033517,-0.09224469,0.037347514,-0.0334048,0.029091649
SH601111,0.11629539593665641,1.0,,2026-03-26,-0.0072780526,0.034934502,-0.20833424,0.02037848,0.58333397,0.007277968,0.20833181,-0.020378565,-0.58333635,1.0073314,1.0278593,0.9926687,1.0110523,1.0012804,1.0845071,1.256082,1.3226633,1.3008963,0.9846351,1.0165173,1.0727913,1.144601,1.2170935,0.027055757,0.043098472,0.07446135,0.12179797,0.11691177,0.008834816,-0.010778726,-0.0118173165,-0.013534458,-0.005659027,0.26657265,0.57335365,0.88154393,0.95698106,0.7146064,-0.0023047219,0.031986963,0.039473187,0.05164868,-0.050152197,1.0278593,1.0920215,1.2770191,1.3772329,1.3856097,0.9348701,0.9348701,0.9348701,0.9348701,0.9348701,1.0028169,1.0550576,1.130858,1.2581307,1.3226633,0.96824586,0.9877081,1.0010244,1.037644,1.0832267,0.8,0.4,0.2,0.13333334,0.06666667,0.7004029,0.41444066,0.19035535,0.14723186,0.14449562,1.0,0.1,0.05,0.1,0.11666667,0.4,0.7,0.85,0.9,0.95,0.6,-0.6,-0.8,-0.8,-0.8333333,-0.6274568,-0.3997638,0.029761096,-0.5005269,-0.41357812,-0.51533145,-0.60020405,-0.60258085,-0.5366293,-0.080356695,0.4,0.2,0.25,0.26666668,0.26666668,0.6,0.8,0.75,0.7,0.6666667,-0.2,-0.6,-0.5,-0.43333334,-0.4,0.49549538,0.3124999,0.2126437,0.2375,0.3789907,0.5045046,0.6875001,0.7873563,0.7625,0.6210093,-0.009009215,-0.37500018,-0.57471263,-0.52500004,-0.24201857,1.064788,1.0852877,1.187239,1.0507596,0.9624275,0.20437025,0.19524573,0.3896027,0.3820638,0.36862722,0.69593394,0.85898924,1.0697894,1.1946919,1.3534076,0.3615962,0.50903136,0.52131385,0.44198838,0.5140907,0.63840383,0.49096864,0.47868618,0.5580116,0.48590928,-0.2768076,0.01806269,0.042627636,-0.11602321,0.028181411
SH603799,0.11527774690457668,1.0,,2026-03-26,-0.010714297,0.033163305,-0.32307687,0.01785719,0.53846234,0.0045918166,0.13846077,-0.023979671,-0.7230784,1.0108303,1.028881,0.99535847,1.0113854,0.97144777,1.1603628,1.321599,1.2501175,1.1278468,0.98532754,1.0242996,1.1234868,1.1676431,1.2137555,0.023544235,0.061746147,0.121086285,0.1196857,0.11189353,0.0084783295,-0.015660673,-0.019491088,-0.011179265,-0.0030077274,0.32418388,0.5896748,0.9068809,0.6761509,0.2203773,-0.002284188,0.046173375,0.061678566,-0.005543742,-0.12502754,1.028881,1.1888603,1.3671719,1.376952,1.4125062,0.92706364,0.92706364,0.92706364,0.92706364,0.92706364,1.0029829,1.0687807,1.2208399,1.2611758,1.3115486,0.9660598,0.9708566,0.9973799,1.03695,1.1339469,0.8,0.5,0.25,0.16666667,0.083333336,0.71634555,0.27859932,0.1657237,0.162121,0.15024714,1.0,0.1,0.1,0.33333334,0.38333333,0.6,0.8,0.9,0.93333334,0.96666664,0.4,-0.7,-0.8,-0.6,-0.5833333,0.30881825,-0.46634424,-0.50813234,-0.37272114,0.06424378,0.7024596,-0.2434204,-0.46841156,0.051070146,0.27879468,0.6,0.3,0.3,0.36666667,0.45,0.4,0.7,0.7,0.6333333,0.55,0.2,-0.4,-0.4,-0.26666668,-0.1,0.61944896,0.2400349,0.22617549,0.36032116,0.4656585,0.380551,0.7599651,0.7738245,0.63967884,0.5343415,0.23889795,-0.51993024,-0.547649,-0.2793577,-0.068683036,1.2099328,1.1833278,1.0131772,0.9494952,1.1325281,0.16814755,0.24907704,0.30394068,0.30644962,0.36723366,0.7454257,0.8398183,1.1174195,1.1006694,1.1494653,0.28102225,0.5570714,0.49020743,0.5058182,0.485361,0.71897775,0.44292858,0.50979257,0.49418184,0.51463896,-0.4379555,0.11414281,-0.01958511,0.011636344,-0.029277967
SH601901,0.11523973696440151,1.0,,2026-03-26,-0.017167421,0.02432046,-0.70588386,0.0042918776,0.17647187,0.0028611626,0.11764426,-0.018598136,-0.7647115,1.0174673,1.0218341,0.99708885,1.0068496,1.0610584,1.0773406,1.1180462,1.1343284,1.1329715,1.0149254,1.0442334,1.0624831,1.0832655,1.1163275,0.019895377,0.033955656,0.031992506,0.039754767,0.044793095,-0.006784271,-0.010114713,-0.004432723,-0.004156283,-0.0021516606,0.29069802,0.8133816,0.67191255,0.8470978,0.703761,-0.001356865,0.0012828038,-0.020372199,-0.022999408,-0.052853495,1.0635928,1.0933551,1.1224135,1.1401454,1.227835,0.99146277,0.99146277,0.99146277,0.99146277,0.99146277,1.0265944,1.0762551,1.0789688,1.1213026,1.1533244,0.99945724,1.0075984,1.0412483,1.0621439,1.0757123,0.4,0.2,0.1,0.06666667,0.033333335,0.11835879,0.08378671,0.06519416,0.057419077,0.036117695,0.2,0.3,0.05,0.033333335,0.23333333,0.4,0.7,0.85,0.9,0.95,-0.2,-0.4,-0.8,-0.8666667,-0.71666664,-0.64507043,-0.7232015,-0.28568634,-0.36501452,0.428504,-0.97561395,-0.69371855,-0.6478997,-0.4019945,0.117624186,0.4,0.4,0.45,0.4,0.43333334,0.6,0.6,0.5,0.53333336,0.5,-0.2,-0.2,-0.05,-0.13333334,-0.06666667,0.22222222,0.21212122,0.24855489,0.26315787,0.38277507,0.7777778,0.7878788,0.7514451,0.7368421,0.61722493,-0.5555556,-0.57575756,-0.5028902,-0.47368425,-0.23444985,1.1555965,1.0032697,1.0275517,0.97660905,1.365189,0.30575144,0.2790812,0.28646103,0.30016488,0.8063515,0.99954623,1.4198893,1.2662002,1.4483522,1.3981882,0.5299799,0.5345932,0.52484536,0.48476654,0.50540644,0.47002015,0.46540678,0.47515464,0.51523346,0.4945936,0.05995972,0.06918648,0.04969074,-0.030466884,0.010812845
SZ002415,0.11494734361703102,1.0,,2026-03-26,-0.011714933,0.027009424,-0.43373504,0.0087861465,0.3252993,0.006508344,0.24096566,-0.013992736,-0.5180687,1.0118538,1.0207441,0.9934145,1.0083299,1.0289767,1.0510272,1.0391794,1.0513589,0.9598252,1.0058562,1.0256131,1.0249046,1.0384872,1.0285873,0.016566662,0.024767619,0.020951208,0.026740612,0.031739783,-0.0035888914,-0.0068089026,-0.00034683608,-0.00203124,0.00066979585,0.117325,0.692783,0.009591765,0.44717902,0.13582408,0.0013216353,0.0050269514,-0.021609655,-0.009034214,-0.04834626,1.0411586,1.0602546,1.0602546,1.0892247,1.0892247,0.97332025,0.97332025,0.97332025,0.97332025,0.95323735,1.0169188,1.046946,1.0428623,1.0663118,1.0571543,0.99524975,0.9994055,0.9996046,1.013363,0.9963779,0.6,0.3,0.25,0.16666667,0.26666668,0.39328462,0.30689546,0.30689546,0.23018733,0.3438749,0.2,0.4,0.7,0.13333334,0.56666666,0.6,0.8,0.9,0.93333334,0.016666668,-0.4,-0.4,-0.2,-0.8,0.55,-0.6491985,0.0037427074,-0.24965826,0.19567244,0.4083525,-0.9158606,-0.30831367,-0.33060107,-0.16012682,0.4286829,0.6,0.5,0.55,0.5,0.55,0.4,0.5,0.45,0.5,0.45,0.2,0.0,0.1,0.0,0.1,0.3253919,0.32105166,0.41838503,0.42121565,0.5302331,0.6746081,0.67894834,0.581615,0.57878435,0.46976694,-0.34921625,-0.3578967,-0.16322993,-0.15756871,0.06046613,1.2632372,1.3118359,1.3761265,1.5233177,1.8656636,0.2843436,0.25759515,0.3629683,0.49598366,0.9499172,1.1411849,1.0794758,1.1392105,1.0820079,1.7981892,0.34627736,0.46316284,0.41638646,0.47379524,0.49742344,0.65372264,0.53683716,0.5836135,0.52620476,0.5025766,-0.3074453,-0.07367435,-0.16722709,-0.05240955,-0.0051531377
SZ002027,0.11450523161653069,1.0,,2026-03-26,-0.004651167,0.02015499,-0.23076998,0.012403046,0.6153834,0.0031007777,0.15384665,-0.013953435,-0.6923067,1.0046729,1.017134,0.9968847,1.0086353,1.052949,1.0592613,1.1122103,1.1417938,1.1308649,1.010326,1.0378839,1.0465375,1.0779724,1.1164469,0.016151598,0.0317616,0.02716872,0.051122617,0.058459543,-0.00624646,-0.00935471,-0.002831626,-0.0051703695,-0.002553632,0.37391856,0.7951835,0.38019076,0.7927181,0.5819768,0.0021669506,0.004212287,-0.01963712,-0.0030021041,-0.041114666,1.059262,1.0934927,1.1153004,1.1745054,1.296025,0.98292166,0.98292166,0.98292166,0.98292166,0.98292166,1.019691,1.0700961,1.0700961,1.1349161,1.1576596,0.99907666,1.0037686,1.0318447,1.0383832,1.0561522,0.4,0.2,0.1,0.06666667,0.033333335,0.22371331,0.15445599,0.12901132,0.08914308,0.05454546,0.2,0.3,0.05,0.13333334,0.23333333,0.4,0.7,0.85,0.9,0.95,-0.2,-0.4,-0.8,-0.76666665,-0.71666664,-0.96371686,-0.08744764,0.12336998,0.21355982,0.5957369,-0.8947531,-0.3064147,-0.3460069,-0.0949086,0.21535575,0.2,0.3,0.3,0.26666668,0.35,0.8,0.7,0.65,0.6333333,0.6,-0.6,-0.4,-0.35,-0.36666667,-0.25,0.21673399,0.32038838,0.2975178,0.31560883,0.42357212,0.783266,0.6796116,0.7024822,0.68439114,0.5764279,-0.566532,-0.35922322,-0.40496442,-0.3687823,-0.15285572,0.9190733,0.9290577,0.9855818,1.0086997,1.2613804,0.2273621,0.18541895,0.39662084,0.36420664,0.56696993,0.9814867,0.8302563,1.1067023,1.1145583,1.1786714,0.60761243,0.57427645,0.49552146,0.49422842,0.49515343,0.3923876,0.42572355,0.5044785,0.5057716,0.5048466,0.21522483,0.14855291,-0.008957085,-0.01154313,-0.00969312
SH601600,0.11438000067148635,1.0,,2026-03-26,-0.01222706,0.032314412,-0.37837794,0.011353724,0.3513517,0.008733627,0.27027035,-0.0148471575,-0.4594593,1.0123785,1.0238727,0.99115825,1.0064434,1.0462286,1.3049473,1.190592,1.188159,0.9699919,1.0027575,1.0771289,1.1646796,1.1622871,1.1627196,0.017143259,0.09400054,0.11324667,0.092930004,0.094313465,0.00016219945,-0.028297568,-0.016428541,-0.00434528,0.00031174725,0.00022379581,0.83070916,0.7365719,0.16944365,0.003332405,-0.003081906,0.050210122,-0.008608488,-0.09928053,-0.17191619,1.0601372,1.326276,1.3444563,1.3444563,1.401749,0.96314037,0.96314037,0.96314037,0.96314037,0.9550373,1.018167,1.1607461,1.2483374,1.236172,1.2351987,0.9948094,0.9998378,1.0191404,1.1033251,1.0762368,0.6,0.3,0.15,0.1,0.1,0.3800087,0.101503775,0.09666429,0.09666429,0.10065264,0.2,0.1,0.25,0.5,0.43333334,0.4,0.7,0.85,0.9,0.033333335,-0.2,-0.6,-0.6,-0.4,0.4,-0.26113698,0.66694033,0.665657,0.4635786,0.5233016,-0.2538711,-0.31007162,0.5550272,0.3531098,0.38705957,0.4,0.2,0.45,0.5,0.53333336,0.6,0.8,0.55,0.5,0.45,-0.2,-0.6,-0.1,0.0,0.083333336,0.31847134,0.10504197,0.37406218,0.40793648,0.50692105,0.6815287,0.894958,0.6259378,0.5920635,0.49307895,-0.36305732,-0.78991604,-0.25187564,-0.18412703,0.013842126,1.3954177,1.6609534,1.8564351,1.6633132,2.0325735,0.26557484,0.3952014,0.4963931,0.5224403,0.87623996,0.5683463,0.5739861,0.6240394,0.7519993,1.3136749,0.1625777,0.26801756,0.48723412,0.46739635,0.4993321,0.8374223,0.7319824,0.5127659,0.5326037,0.5006679,-0.6748446,-0.46396488,-0.02553178,-0.06520732,-0.0013358283
SH600989,0.11402195569987064,1.0,,2026-03-26,-0.018121833,0.038879715,-0.46609992,0.017133432,0.4406779,0.0036244506,0.09322215,-0.031630814,-0.8135557,1.0184563,1.035906,0.9963087,1.0128229,1.0984848,1.1318743,0.790404,0.7564534,0.6141975,1.0436589,1.0805274,1.0213383,0.9411616,0.82139444,0.033347324,0.05112081,0.09615532,0.13953513,0.16016829,-0.019837257,-0.016056176,0.010483491,0.013964824,0.008458649,0.88466984,0.9042744,0.41603824,0.77625704,0.8506457,-0.0039842874,-0.008274664,-0.120931506,-0.14365153,-0.070924595,1.1237035,1.2245398,1.2245398,1.2245398,1.2245398,0.9956983,0.9956983,0.78222466,0.7264844,0.60775024,1.071212,1.1139169,1.0999999,1.0736811,1.0037037,1.0148149,1.045679,0.94792366,0.78984284,0.68310887,0.2,0.1,0.4,0.6,0.8,0.03360576,0.018797792,0.49235347,0.5491671,0.6359541,0.4,0.2,0.6,0.73333335,0.8666667,0.8,0.9,0.05,0.06666667,0.033333335,-0.4,-0.7,0.55,0.6666667,0.8333333,0.6145837,0.8598896,0.41467723,0.8288074,0.84267044,0.11866195,0.38485557,0.6012329,0.50494516,0.41528836,0.2,0.3,0.55,0.6,0.6333333,0.8,0.7,0.45,0.4,0.36666667,-0.6,-0.4,0.1,0.2,0.26666668,0.07090447,0.2510593,0.6270841,0.6262362,0.6384693,0.9290955,0.7489407,0.37291595,0.37376383,0.36153072,-0.8581911,-0.4978814,0.2541681,0.25247237,0.27693856,1.3416733,1.6968261,1.8563292,1.3976412,0.99757415,0.2716932,0.45791844,0.57000995,0.8062074,0.719414,0.5129681,0.4864332,0.8306272,1.1408345,1.4683776,0.25965065,0.33378887,0.53319925,0.52440274,0.5267404,0.74034935,0.6662111,0.46680072,0.47559726,0.47325963,-0.4806987,-0.33242226,0.06639855,0.048805505,0.053480748
SH600958,0.11305001878154627,1.0,,2026-03-26,-0.017429173,0.021786503,-0.79999864,0.0021786655,0.10000069,0.0021786655,0.10000069,-0.017429173,-0.79999864,1.0177383,1.0199556,0.9977827,1.006844,1.0639431,1.0861456,1.1216697,1.1394316,1.1865008,1.016341,1.0469804,1.0689609,1.0924808,1.1386175,0.019604664,0.035364375,0.03428748,0.04422006,0.06174108,-0.007637639,-0.010630279,-0.004936629,-0.0047228313,-0.003318047,0.3794368,0.8282641,0.72553426,0.8840317,0.8808794,-0.0010657281,0.00085581845,-0.022062916,-0.02399967,-0.0407351,1.0701363,1.1032239,1.1285416,1.160728,1.2695354,0.9964544,0.9964544,0.9964544,0.9964544,0.9964544,1.0259324,1.0781527,1.0898757,1.1319715,1.2014209,1.0007105,1.0101243,1.0424511,1.0738899,1.0856128,0.2,0.1,0.05,0.033333335,0.016666668,0.048120014,0.033207737,0.026842674,0.021583352,0.012983596,0.2,0.3,0.05,0.06666667,0.15,0.4,0.7,0.85,0.9,0.95,-0.2,-0.4,-0.8,-0.8333333,-0.8,-0.12728548,0.24438377,0.09901525,0.06937975,0.54739493,-0.6435365,-0.17972952,-0.32863212,-0.19379759,0.03278262,0.4,0.3,0.3,0.33333334,0.41666666,0.6,0.7,0.65,0.6333333,0.56666666,-0.2,-0.4,-0.35,-0.3,-0.15,0.1896554,0.21301793,0.24535339,0.25993907,0.35042745,0.81034464,0.78698206,0.7546466,0.7400609,0.64957255,-0.6206892,-0.5739642,-0.5092932,-0.48012185,-0.2991451,1.2870446,1.3618733,1.3329188,1.3778131,1.8962725,0.38168472,0.37560585,0.39339083,0.50725776,0.8601913,1.103557,1.11964,1.1581881,1.253564,1.2728708,0.46298128,0.512003,0.45529848,0.46253136,0.49520484,0.5370187,0.487997,0.5447015,0.5374686,0.5047952,-0.07403745,0.024006004,-0.08940304,-0.07493727,-0.00959035
SZ301236,0.11270392883038105,1.0,,2026-03-26,-0.028248638,0.03441189,-0.82089764,0.004108834,0.11940158,0.002054417,0.05970079,-0.030303055,-0.8805984,1.0290698,1.0332981,0.9978859,1.0134861,1.1080396,1.2452201,1.2499424,1.2287492,1.2197651,1.0236351,1.1014167,1.1752707,1.1979843,1.2525321,0.01687103,0.08716558,0.099883325,0.087539084,0.09333369,-0.0077977497,-0.026961392,-0.014531493,-0.00726034,-0.003369518,0.53406656,0.87701297,0.74080265,0.5331036,0.39751956,-0.008039634,0.019909512,-0.037221525,-0.09270945,-0.15313132,1.1228944,1.2377343,1.3371779,1.3371779,1.458693,0.9978859,0.9978859,0.9978859,0.9978859,0.9978859,1.0340245,1.1991707,1.2587883,1.2560471,1.3188436,1.0140982,1.0225064,1.0428013,1.1657223,1.205713,0.2,0.1,0.05,0.033333335,0.016666668,0.016911946,0.0088144755,0.006231029,0.006231029,0.004587903,0.2,0.1,0.05,0.36666667,0.25,1.0,1.0,1.0,1.0,1.0,-0.8,-0.9,-0.95,-0.6333333,-0.75,0.61326784,-0.34315774,0.37346792,0.16774489,0.5246468,-0.27400476,-0.69276583,0.09268153,0.097730994,0.4041295,0.4,0.3,0.35,0.4,0.4,0.6,0.7,0.65,0.6,0.6,-0.2,-0.4,-0.3,-0.2,-0.2,0.0998292,0.10205594,0.29505098,0.3404563,0.42816266,0.9001708,0.8979441,0.704949,0.6595437,0.57183737,-0.8003416,-0.7958881,-0.40989807,-0.31908736,-0.14367469,1.3629034,1.3136712,1.6185861,1.4574417,1.6824726,0.4212841,0.50256145,0.65283155,0.5812633,0.86496544,1.0651101,1.2515085,1.0250351,1.2438501,1.5372727,0.0,0.46517295,0.48683813,0.4515495,0.5045252,1.0,0.53482705,0.51316184,0.5484505,0.4954748,-1.0,-0.06965414,-0.026323726,-0.09690102,0.009050405
SH601688,0.11249405046659594,1.0,,2026-03-26,-0.023847384,0.032856375,-0.7258069,0.0037095507,0.11290201,0.00529944,0.16129108,-0.022257496,-0.6774179,1.0244299,1.0282302,0.9945711,1.0052472,1.0421546,1.0761124,1.1666666,1.2010149,1.2552693,1.0107728,1.0363388,1.0714285,1.1166276,1.194028,0.01861011,0.0308133,0.047389824,0.076525144,0.099305905,-0.0029664265,-0.008537368,-0.0075628175,-0.008470163,-0.005326529,0.06351982,0.7036927,0.8913845,0.94946045,0.87748206,-0.004839961,0.0020793672,0.00041821192,0.006189737,-0.036895473,1.0527223,1.1058685,1.1727566,1.2443725,1.3979024,0.9848976,0.9848976,0.9848976,0.9848976,0.9848976,1.0291178,1.0676035,1.1045277,1.2019516,1.2808743,0.9982826,1.0009367,1.0321623,1.0543326,1.0773615,0.4,0.2,0.1,0.06666667,0.033333335,0.22266765,0.12484302,0.08039203,0.05820356,0.036567044,0.2,0.3,0.05,0.1,0.15,0.4,0.7,0.85,0.9,0.95,-0.2,-0.4,-0.8,-0.8,-0.8,-0.91676503,-0.36569417,-0.06790199,-0.30950242,0.3991198,-0.7316848,-0.25942048,-0.35666272,-0.263815,-0.08791914,0.4,0.3,0.3,0.3,0.35,0.6,0.7,0.65,0.6666667,0.6,-0.2,-0.4,-0.35,-0.36666667,-0.25,0.31756762,0.2875816,0.22308674,0.2707034,0.37156323,0.68243235,0.71241844,0.7769133,0.72929657,0.6284368,-0.36486477,-0.42483684,-0.5538265,-0.45859316,-0.25687355,0.9774658,0.94162154,0.9359518,0.88620216,1.1536138,0.21274914,0.30979586,0.28386787,0.2836414,0.47272012,0.7365576,0.84954983,0.9879632,0.98409605,1.3065591,0.4853047,0.5432881,0.5064643,0.4860489,0.5002882,0.5146953,0.4567119,0.4935357,0.51395106,0.49971184,-0.02939059,0.0865762,0.012928582,-0.027902164,0.00057631766
SZ300124,0.11236310016454278,1.0,,2026-03-26,-0.0070587606,0.018823603,-0.3749952,0.00882358,0.46875086,0.0029412622,0.15625395,-0.012941078,-0.6874921,1.0071089,1.0159953,0.9970378,1.0055454,1.0253247,1.053911,1.0930061,1.119222,1.077014,0.9944003,1.022999,1.0352694,1.0619797,1.1020399,0.02074792,0.035992328,0.031083023,0.04734475,0.058652032,0.0003261526,-0.01022796,-0.0030897309,-0.004583724,-0.0024180217,0.0006177783,0.7402349,0.34583014,0.72643197,0.518387,0.004947355,0.0230268,-0.0059168893,0.0044843224,-0.030708313,1.0313951,1.0780476,1.0940423,1.1639516,1.2231883,0.96267676,0.96267676,0.96267676,0.96267676,0.96267676,1.0094455,1.0562766,1.0574325,1.1041732,1.1601586,0.97668904,0.99579406,1.0071952,1.0212934,1.0534357,0.6,0.3,0.15,0.1,0.05,0.54313326,0.32350647,0.2841174,0.18543406,0.14326897,0.2,0.1,0.05,0.13333334,0.35,0.4,0.7,0.85,0.9,0.95,-0.2,-0.6,-0.8,-0.76666665,-0.6,-0.19632418,0.63128626,0.5091721,0.21733949,0.6165363,-0.30247578,0.11001282,0.10354053,0.07981271,0.32061815,0.4,0.3,0.4,0.4,0.45,0.6,0.7,0.6,0.6,0.55,-0.2,-0.4,-0.2,-0.2,-0.1,0.37906402,0.35153636,0.36105788,0.37709597,0.45924708,0.620936,0.64846367,0.6389421,0.622904,0.5407529,-0.24187198,-0.29692727,-0.27788424,-0.24580806,-0.08150582,1.5012703,1.8182068,1.9026868,1.8787837,2.2190473,0.47006422,0.5715112,0.4534662,0.44225764,0.7243227,1.1537315,0.89620537,0.9090386,0.9417752,1.1177605,0.37695497,0.411084,0.47251976,0.47907692,0.4880946,0.623045,0.588916,0.52748024,0.5209231,0.51190543,-0.24609007,-0.17783199,-0.054960474,-0.041846156,-0.023810811
SZ000301,0.11192963042687135,0.75,,2026-03-26,-0.024816157,0.050551474,-0.49090868,0.015625047,0.3090918,0.01011027,0.19999953,-0.030330934,-0.600001,1.0254477,1.0414703,0.9896324,1.015564,1.0190175,1.1101427,1.2234548,1.1969097,0.9706814,0.99041206,1.0284865,1.1191561,1.1524829,1.1107105,0.024046546,0.047023643,0.11645971,0.10676558,0.10331362,0.0046751234,-0.012589442,-0.018076392,-0.009625239,0.00186634,0.0944976,0.65704006,0.8432186,0.6298863,0.099532805,0.00023771203,0.028165963,0.05256962,-0.012916866,-0.16576755,1.0414703,1.1149881,1.3857168,1.3857168,1.3857168,0.9492061,0.9492061,0.9492061,0.9492061,0.9492061,1.0067353,1.0759904,1.2313788,1.237401,1.2196513,0.9663233,0.99342316,1.0150554,1.0580032,1.0087163,0.6,0.3,0.15,0.1,0.125,0.5505262,0.30638948,0.116363384,0.116363384,0.116363384,1.0,0.1,0.2,0.46666667,0.73333335,0.6,0.8,0.9,0.93333334,0.96666664,0.4,-0.7,-0.7,-0.46666667,-0.23333333,0.17832363,0.34226668,0.768617,0.4586613,0.57619196,0.34287998,-0.0269515,0.22620766,0.26395383,0.3239912,0.4,0.3,0.35,0.4,0.53333336,0.6,0.7,0.65,0.6,0.46666667,-0.2,-0.4,-0.3,-0.2,0.06666667,0.42592585,0.27795526,0.33470115,0.39983884,0.5088729,0.57407415,0.7220447,0.6652988,0.6001612,0.4911271,-0.1481483,-0.44408944,-0.3305977,-0.20032236,0.017745802,1.118028,1.2517434,1.8041251,1.628157,1.5586463,0.2519856,0.3223553,0.7812645,0.69940233,0.68171555,0.9157608,0.9102741,1.3532034,1.3465621,1.3528107,0.39203608,0.38897315,0.47184095,0.49883372,0.5011416,0.6079639,0.6110269,0.5281591,0.5011663,0.4988584,-0.21592782,-0.2220537,-0.05631812,-0.0023325458,0.002283203
SH688036,0.11173254030965152,0.75,,2026-03-26,0.0063440385,0.050027214,0.12681176,0.043501902,0.8695648,0.0001812737,0.0036235019,-0.03697659,-0.7391295,0.993696,1.0432277,0.99351585,1.0183152,0.967893,1.0424749,1.0395763,1.0500557,1.2733556,0.96807134,0.9887402,1.0008249,1.0253326,1.0967206,0.03409992,0.037436772,0.038781438,0.048923172,0.09336241,0.016109252,-0.0066281557,-0.0020392118,-0.0041377577,-0.0049385605,0.55793554,0.28734264,0.096770935,0.5543737,0.8534076,-0.000289838,0.041086465,0.018547555,0.03466491,0.048967,1.0432277,1.0621328,1.1015824,1.1162775,1.2968371,0.9149725,0.9149725,0.9149725,0.9149725,0.9149725,1.0001115,1.0150725,1.0350056,1.0721738,1.2072687,0.952107,0.9608027,0.9655072,0.9727982,1.0156076,0.8,0.6,0.5,0.33333334,0.16666667,0.66295576,0.57778823,0.45564297,0.42238146,0.22266397,1.0,0.1,0.3,0.033333335,0.21666667,0.4,0.7,0.85,0.9,0.95,0.6,-0.6,-0.55,-0.8666667,-0.73333335,0.64854866,-0.057519116,0.29452744,-0.08211758,0.30600315,-0.37573737,0.023488618,0.5351115,0.5768296,0.41240364,0.4,0.3,0.4,0.33333334,0.4,0.6,0.7,0.6,0.6666667,0.6,-0.2,-0.4,-0.2,-0.33333334,-0.2,0.6214165,0.39925975,0.4599955,0.46027252,0.3942192,0.3785835,0.60074025,0.5400045,0.53972745,0.60578084,0.24283302,-0.20148052,-0.08000896,-0.07945496,-0.21156165,0.7094769,0.6314125,0.6941578,0.6309834,0.7064294,0.17660029,0.1540233,0.27950847,0.27540776,0.26069796,0.8001394,0.860178,1.7370052,1.8677437,1.522987,0.9533019,0.5695626,0.5551257,0.5356255,0.51751214,0.04669808,0.43043742,0.44487432,0.4643745,0.4824879,0.9066038,0.1391252,0.11025137,0.071251,0.03502423
SH600460,0.11146235103576319,0.875,,2026-03-26,-0.0217963,0.029312275,-0.74358946,0.0045095654,0.15384562,0.0030064106,0.1025649,-0.023299454,-0.7948702,1.022282,1.0268921,0.9969266,1.0097986,1.0703144,1.1141039,1.2505002,1.1678979,1.0791391,1.014304,1.0534862,1.0920771,1.1322045,1.1442871,0.020378856,0.044833276,0.05983321,0.077344455,0.07166736,-0.0051126094,-0.013345088,-0.0085926475,-0.007600211,-0.00078245415,0.15734959,0.812182,0.7218342,0.7483326,0.036355894,-0.004078793,0.0065666926,-0.010446929,-0.022001522,-0.12120468,1.088378,1.1198648,1.2378259,1.2677883,1.3438393,0.98042053,0.98042053,0.98042053,0.98042053,0.98042053,1.0303679,1.0972756,1.1152583,1.216151,1.2120723,0.99861985,1.0067723,1.0395875,1.081376,1.0872197,0.4,0.2,0.1,0.06666667,0.033333335,0.18136314,0.14041081,0.076064825,0.06813393,0.053875837,0.2,0.1,0.05,0.33333334,0.43333334,0.6,0.8,0.9,0.93333334,0.96666664,-0.4,-0.7,-0.85,-0.6,-0.53333336,-0.024889156,0.02480963,0.51464707,0.72068375,0.7981199,-0.4774796,-0.368577,-0.4648191,0.3335552,0.4549355,0.4,0.4,0.3,0.4,0.48333332,0.6,0.6,0.7,0.6,0.51666665,-0.2,-0.2,-0.4,-0.2,-0.033333335,0.2465325,0.26540095,0.24000223,0.38923675,0.47130606,0.7534675,0.73459905,0.7599978,0.61076325,0.5286939,-0.506935,-0.46919814,-0.51999557,-0.22152647,-0.05738789,1.3525137,1.3426787,1.769063,2.2157133,2.5863044,0.29251918,0.20713337,0.69968444,1.0343109,1.4687446,0.70390123,0.63599366,1.4772877,1.2871215,1.4887474,0.41335556,0.39648584,0.38944513,0.46076956,0.49957067,0.5866445,0.60351413,0.6105549,0.53923047,0.50042933,-0.17328891,-0.20702833,-0.22110975,-0.078460895,-0.0008586595
SH688047,0.11111402546373544,0.75,,2026-03-26,-0.036344875,0.04462074,-0.8145287,0.0013793111,0.030911881,0.0068965554,0.1545594,-0.030827632,-0.6908812,1.0377157,1.039147,0.99284333,1.0170205,1.0334216,1.068704,1.1261004,1.1193016,0.9778143,0.98200816,1.0189723,1.0508159,1.0788258,1.0893962,0.021131996,0.046922863,0.055485446,0.061030746,0.10428591,0.005668065,-0.011325306,-0.00607751,-0.0055073793,0.00024191084,0.17985752,0.5340013,0.41991484,0.63109446,0.0016411913,0.006655682,0.031991545,0.0069204583,0.0010311455,-0.096532606,1.0411508,1.1128606,1.1651042,1.2006727,1.4531597,0.9432477,0.9432477,0.9432477,0.9432477,0.9378802,0.99530524,1.0423675,1.1059902,1.134717,1.1543692,0.96851075,0.9896515,0.9988263,1.0302012,0.9914836,1.0,0.5,0.25,0.16666667,0.26666668,0.57967824,0.33459914,0.25580642,0.22046149,0.120555565,0.2,0.2,0.35,0.1,0.35,0.4,0.7,0.85,0.9,0.11666667,-0.2,-0.5,-0.5,-0.8,0.23333333,0.41744426,0.59046763,0.69765496,0.5220565,0.8163041,-0.17597525,0.3426371,0.5154021,0.55266076,0.5904578,0.6,0.5,0.45,0.43333334,0.45,0.4,0.5,0.55,0.56666666,0.55,0.2,0.0,-0.1,-0.13333334,-0.1,0.37704036,0.40373033,0.40911898,0.43339992,0.50492406,0.6229597,0.59626967,0.590881,0.5666001,0.4950759,-0.24591929,-0.1925393,-0.18176201,-0.13320018,0.009848154,0.9048298,1.0048391,1.1743898,1.1687348,1.3876047,0.13975339,0.29045638,0.5139412,0.45564502,0.8984514,0.56645083,0.9274189,1.0674115,1.0930455,1.6205146,0.69515204,0.49394134,0.47168994,0.48052737,0.50433,0.30484793,0.50605863,0.52831006,0.5194726,0.49567002,0.39030412,-0.012117309,-0.056620147,-0.038945228,0.008659968
SH601066,0.11081538161820226,1.0,,2026-03-26,-0.020082124,0.022820601,-0.87999976,0.002282091,0.10000135,0.0004563874,0.019998921,-0.021907827,-0.9600022,1.0204936,1.0228225,0.99953425,1.0101763,1.0713382,1.0700718,1.1051077,1.1333896,1.251583,1.0217813,1.0468974,1.0631912,1.0838891,1.1367736,0.019283045,0.02955466,0.028288798,0.038226575,0.06909895,-0.009117782,-0.008547269,-0.003981883,-0.0040895296,-0.003820242,0.5589427,0.76668024,0.6934514,0.88698786,0.9322635,-0.0035457977,-0.008434726,-0.02536334,-0.024590947,-0.024076477,1.0775431,1.0922842,1.1122538,1.1545272,1.2730166,0.99953425,0.99953425,0.99953425,0.99953425,0.99953425,1.0309836,1.0722668,1.0768257,1.1201351,1.2188265,1.0104686,1.0171381,1.0466864,1.0668637,1.0712537,0.2,0.1,0.05,0.033333335,0.016666668,0.0059703505,0.0050214636,0.0041318517,0.0030049148,0.001703,0.2,0.3,0.15,0.033333335,0.15,1.0,1.0,1.0,1.0,1.0,-0.8,-0.7,-0.85,-0.96666664,-0.85,-0.0071863206,0.010676435,0.10557109,0.111521505,0.6169406,-0.9271269,-0.3058979,-0.27142763,-0.2002924,0.065955475,0.4,0.4,0.5,0.43333334,0.38333333,0.6,0.6,0.5,0.56666666,0.6,-0.2,-0.2,0.0,-0.13333334,-0.21666667,0.13100412,0.19029851,0.24116397,0.2554177,0.28343016,0.8689959,0.8097015,0.75883603,0.7445823,0.71656984,-0.73799175,-0.61940295,-0.51767206,-0.48916456,-0.43313968,1.1946995,1.1893591,1.2080399,1.2387227,1.7190689,0.35892874,0.351096,0.34033087,0.39604172,0.7255619,0.9878538,1.360738,1.2709913,1.2087725,1.0703329,0.46260154,0.482789,0.47903293,0.46811053,0.47354373,0.53739846,0.51721096,0.52096707,0.53188944,0.52645624,-0.07479693,-0.034421958,-0.041934114,-0.063778915,-0.052912522
SZ002475,0.11050727144844585,0.875,,2026-03-26,-0.029394777,0.03384259,-0.86857355,0.0,0.0,0.0044478113,0.13142645,-0.024946965,-0.7371471,1.030285,1.030285,0.9954175,1.0110049,0.9571654,0.9902422,1.0193317,1.0308386,1.1466331,0.9644171,0.971949,0.96720666,0.98433197,1.0479319,0.042843513,0.03093733,0.030546118,0.03521256,0.07694948,0.017155133,-0.0008067083,0.0008183202,-0.002073933,-0.004015904,0.40082794,0.006232737,0.025119012,0.26884124,0.83072084,0.0012726522,0.031681225,0.025019292,0.045740046,0.07053721,1.030285,1.0312852,1.0312852,1.0443474,1.201255,0.8880286,0.8880286,0.8880286,0.8880286,0.8880286,1.0031092,0.99426496,0.99418557,1.0160223,1.1398441,0.92313474,0.9503913,0.93444955,0.94385535,0.9830273,0.8,0.9,0.9,0.6,0.3,0.78710973,0.7816141,0.7816141,0.7163017,0.35747752,1.0,0.3,0.65,0.033333335,0.3,0.6,0.8,0.9,0.93333334,0.96666664,0.4,-0.5,-0.25,-0.9,-0.6666667,0.9128646,0.58095014,0.5175505,-0.0076027904,0.24197914,0.9504127,0.7480657,0.62524146,0.5935854,0.46730268,0.6,0.4,0.4,0.36666667,0.35,0.4,0.6,0.6,0.6333333,0.65,0.2,-0.2,-0.2,-0.26666668,-0.3,0.64236796,0.5236579,0.4771061,0.46965647,0.42812175,0.35763207,0.4763421,0.5228939,0.53034353,0.57187825,0.28473586,0.04731578,-0.045787804,-0.060687054,-0.14375651,0.72147596,0.6068275,0.5806091,0.5230992,0.5899141,0.34578434,0.2913982,0.22931422,0.20917776,0.22750126,1.6074579,1.9630276,1.6395696,1.8624917,1.6401466,0.8053513,0.65889186,0.5791594,0.55188626,0.5388251,0.19464868,0.34110817,0.42084065,0.44811374,0.46117488,0.61070263,0.31778365,0.15831873,0.1037725,0.077650234
SZ002371,0.11009899622951182,1.0,,2026-03-26,-0.02926711,0.03459831,-0.84591156,0.004439039,0.12830219,0.0008921609,0.025786256,-0.03281399,-0.9484275,1.0301495,1.0347223,0.99908096,1.0150857,1.0347916,1.0266309,1.0958738,1.0548966,1.0430182,1.0165297,1.020845,1.0253091,1.043513,1.0699046,0.02685197,0.02000275,0.019403199,0.03226287,0.047597885,-0.0056958543,-0.0015839937,-0.0010141578,-0.0025496357,-0.0014922512,0.112487786,0.057482935,0.09561639,0.48400736,0.29978397,-0.005138028,-0.013717132,-0.015674537,-0.0065431953,-0.025883181,1.0625632,1.0625632,1.0804523,1.1200833,1.1970143,0.981352,0.981352,0.976217,0.976217,0.976217,1.0425767,1.0374123,1.0433835,1.0683919,1.1152784,0.9959693,0.9992287,1.0048457,1.0134543,1.0284414,0.6,0.3,0.15,0.1,0.05,0.22962424,0.22962424,0.22816679,0.16531333,0.10771434,0.2,0.6,0.05,0.3,0.28333333,0.6,0.8,0.35,0.56666666,0.78333336,-0.4,-0.2,-0.3,-0.26666668,-0.5,0.7035805,0.44625401,0.26403636,0.12460992,0.4787527,0.7231273,0.66684276,0.22724599,0.25664923,0.21433626,0.4,0.3,0.35,0.43333334,0.45,0.6,0.7,0.65,0.56666666,0.55,-0.2,-0.4,-0.3,-0.13333334,-0.1,0.38929012,0.43497863,0.38197178,0.4473714,0.48136127,0.61070985,0.56502134,0.6180282,0.55262864,0.51863873,-0.22141974,-0.1300427,-0.23605646,-0.10525722,-0.037277475,1.16179,1.087621,1.1374078,1.1382623,1.3823886,0.268855,0.22009787,0.23713052,0.26516277,0.4511578,0.7413006,1.0557842,0.92578197,0.99586165,1.0972489,0.5381125,0.4829458,0.49120566,0.50030345,0.49630573,0.46188748,0.5170542,0.5087943,0.49969655,0.5036943,0.07622502,-0.034108378,-0.017588673,0.00060689775,-0.00738856
SH600019,0.11008271114648763,1.0,,2026-03-26,-0.017134009,0.028037421,-0.6111122,0.006230531,0.22222196,0.0046728817,0.16666588,-0.018691657,-0.66666824,1.0174327,1.0237719,0.99524564,1.0079063,1.0444238,1.1235539,1.1189264,1.1443776,1.1443776,1.0123092,1.0471541,1.0876215,1.0985963,1.1232224,0.019354304,0.04400222,0.052328266,0.04566658,0.042722333,-0.0055067125,-0.013531895,-0.008235188,-0.003975624,-0.0018262442,0.20238099,0.866921,0.866847,0.58737487,0.5573238,-0.0012957129,0.0137394145,-0.009387203,-0.0409498,-0.0693481,1.0522779,1.1378868,1.1632563,1.1647426,1.1949316,0.9839445,0.9839445,0.9839445,0.9839445,0.9839445,1.0223045,1.0850532,1.1270708,1.1281815,1.1542804,0.9980565,1.0099955,1.0364646,1.0607127,1.1092087,0.4,0.2,0.1,0.06666667,0.033333335,0.2349583,0.10429564,0.08953963,0.08880358,0.07609711,0.2,0.1,0.15,0.3,0.083333336,0.4,0.7,0.85,0.9,0.95,-0.2,-0.6,-0.7,-0.6,-0.8666667,-0.41071814,0.5721176,0.5804477,0.28050995,-0.075445496,-0.9325255,-0.72237885,-0.40731826,-0.2058939,-0.05949952,0.4,0.3,0.4,0.43333334,0.46666667,0.6,0.7,0.6,0.56666666,0.53333336,-0.2,-0.4,-0.2,-0.13333334,-0.06666667,0.27570105,0.16541375,0.29763785,0.32312927,0.41466078,0.72429895,0.83458626,0.7023622,0.6768707,0.5853392,-0.44859794,-0.66917247,-0.40472433,-0.35374147,-0.1706784,1.4279777,1.9055878,2.1183343,2.128305,1.8466959,0.49140662,0.8361557,0.83336836,1.2138774,1.0429652,1.2685951,1.125956,1.0757868,1.1132531,1.1594479,0.40221342,0.43362448,0.42347804,0.48108408,0.5026431,0.5977866,0.56637555,0.576522,0.5189159,0.4973569,-0.19557318,-0.13275108,-0.15304393,-0.037831817,0.005286222
SH688009,0.11007798091018511,1.0,,2026-03-26,-0.017513087,0.035026174,-0.5,0.012259193,0.35000092,0.0052538943,0.1499991,-0.024518386,-0.70000184,1.0178252,1.030303,0.99465245,1.0060618,1.0264318,1.1101321,1.0234948,1.0,0.96916294,0.99236417,1.0254039,1.0430983,1.0292218,1.0062653,0.02525102,0.042191897,0.043326247,0.041288074,0.038774576,0.0048458152,-0.011311352,-0.0027303942,0.0011299872,0.0013452912,0.09206952,0.6588437,0.13900058,0.05804963,0.36714557,-0.0020557886,0.025497274,-0.01715963,-0.045606542,-0.04595138,1.0376515,1.1156801,1.1354095,1.1354095,1.1354095,0.9520669,0.9520669,0.9520669,0.9520669,0.94735575,1.0099853,1.0546255,1.0766519,1.0549192,1.0281938,0.9726872,0.995301,1.0155653,0.99530107,0.9765051,0.6,0.3,0.15,0.26666668,0.575,0.56006634,0.29296604,0.2614402,0.2614402,0.27994263,0.2,0.1,0.45,0.6333333,0.81666666,0.4,0.7,0.85,0.9,0.3,-0.2,-0.6,-0.4,-0.26666668,0.51666665,-0.16415726,0.16986077,0.48562258,0.6161184,0.5305961,0.041034207,0.061616596,0.37625018,0.43416822,0.46724266,0.4,0.2,0.4,0.36666667,0.45,0.6,0.7,0.55,0.6,0.51666665,-0.2,-0.5,-0.15,-0.23333333,-0.06666667,0.41346145,0.26708084,0.47402596,0.5,0.51794875,0.58653855,0.73291916,0.52597404,0.5,0.48205128,-0.17307709,-0.46583828,-0.051948097,0.0,0.035897456,1.4103518,1.4144473,1.6094215,1.4144667,1.3128141,0.35010713,0.2792207,0.45870087,0.51277953,0.51250595,0.7153252,0.7858801,0.7654962,1.0124893,1.2577575,0.4356304,0.36617774,0.5012451,0.4980418,0.504565,0.5643696,0.63382226,0.49875492,0.5019582,0.49543497,-0.12873918,-0.26764452,0.0024901782,-0.003916392,0.009130045
SH600570,0.10979256225046023,1.0,,2026-03-26,-0.02801554,0.029182896,-0.95999867,0.0007782368,0.026667565,0.0003891184,0.013333783,-0.02840466,-0.97333246,1.028823,1.0296237,0.9995997,1.0124526,1.0872691,1.1148949,1.1949565,1.2185713,1.1805415,1.0196142,1.0578052,1.089891,1.1310905,1.1980112,0.019328697,0.042497415,0.04987216,0.07223861,0.09359546,-0.0059253736,-0.01233973,-0.0070772637,-0.0076222196,-0.00398521,0.2349451,0.77285445,0.70482683,0.86283123,0.5529586,-0.0077635273,-0.0022763591,-0.022656897,-0.020568324,-0.08044746,1.092477,1.1276973,1.2053596,1.2453948,1.4483536,0.99599445,0.99599445,0.99599445,0.99599445,0.99599445,1.0352263,1.0965556,1.1149746,1.2047247,1.2915139,1.0019196,1.0148878,1.0424356,1.0861481,1.1071242,0.2,0.1,0.05,0.033333335,0.016666668,0.041515924,0.030413639,0.019131955,0.016060775,0.008854828,0.2,0.3,0.05,0.16666667,0.25,0.4,0.7,0.85,0.9,0.95,-0.2,-0.4,-0.8,-0.73333335,-0.7,0.14739186,-0.055879403,0.075129345,-0.07142414,0.72374195,-0.6794349,-0.3662642,-0.5069115,-0.41110286,0.3289964,0.4,0.4,0.45,0.4,0.4,0.6,0.6,0.55,0.6,0.5833333,-0.2,-0.2,-0.1,-0.2,-0.18333334,0.20540412,0.2089015,0.24502032,0.282645,0.42316794,0.7945959,0.7910985,0.75497967,0.717355,0.57683206,-0.5891918,-0.582197,-0.5099594,-0.43471003,-0.15366408,1.2757535,1.2337748,1.3416275,1.2985396,2.1677444,0.36120793,0.33035,0.41826108,0.35382688,1.8572977,0.66513985,0.9517728,1.0437169,1.0978397,2.3773193,0.5024618,0.50580156,0.47018227,0.4577023,0.49593097,0.49753818,0.4941984,0.52981776,0.5422977,0.50406903,0.004923616,0.011603152,-0.059635486,-0.08459541,-0.008138084
SH601818,0.10872078886878522,1.0,,2026-03-26,0.00303956,0.009118552,0.33333802,0.0060789925,0.666662,0.0,0.0,-0.0030394322,-0.333324,0.99696964,1.0060606,0.99696964,1.0005357,1.002924,1.0087719,0.9824561,0.9912281,1.0350877,0.9885965,0.997807,0.99173975,0.99459064,1.0003167,0.015277619,0.014312065,0.013798697,0.01353154,0.018323788,0.0048245685,-0.0022771554,0.0008936833,-0.00022604679,-0.00058889826,0.24931338,0.23205565,0.14681119,0.021627383,0.3150285,0.0017543838,0.012440198,-0.00022973315,0.008687058,0.017055754,1.0062759,1.0178599,1.0178599,1.0178599,1.0409857,0.96042055,0.96042055,0.96042055,0.96042055,0.95892423,1.0,1.0087719,1.0040935,1.0087719,1.0175438,0.98099416,0.99239767,0.9824561,0.9824561,0.9824561,0.9,0.45,0.675,0.6,0.55,0.8631379,0.6890643,0.6890643,0.6890643,0.5005492,0.2,0.1,0.55,0.7,0.016666668,0.4,0.7,0.85,0.9,0.43333334,-0.2,-0.6,-0.3,-0.2,-0.41666666,-0.86471784,-0.69513804,-0.28289342,-0.3648706,-0.6055911,-0.86372215,-0.64376277,-0.3722034,-0.39813063,-0.25562608,0.4,0.3,0.4,0.36666667,0.35,0.4,0.5,0.35,0.4,0.5,0.0,-0.2,0.05,-0.033333335,-0.15,0.4807694,0.45588243,0.5508476,0.51874995,0.45862073,0.5192306,0.54411757,0.44915244,0.48125002,0.5413793,-0.038461182,-0.08823514,0.10169512,0.037499946,-0.08275856,1.3025049,1.2028327,1.2393879,1.19444,1.1703837,0.42018908,0.31340432,0.36525768,0.41242012,0.5116865,1.0313503,1.3207932,1.2110182,1.2103506,1.1489627,0.5131873,0.4320202,0.5163099,0.4789253,0.5046172,0.4868127,0.5679798,0.4836901,0.5210747,0.49538276,0.02637459,-0.1359596,0.03261979,-0.042149406,0.00923447
SH600584,0.10862682203659962,1.0,,2026-03-26,-0.024009867,0.037623763,-0.63815695,0.008910926,0.23684303,0.0047029704,0.125,-0.028217822,-0.75,1.0246005,1.0337306,0.9951813,1.0117842,1.1206799,1.1597492,1.2356081,1.1633245,0.9330017,1.0176278,1.0792838,1.1351676,1.1482253,1.1268623,0.030866874,0.07003614,0.077567816,0.067945816,0.1080985,-0.009223274,-0.020589227,-0.011714425,-0.004889807,0.0021400852,0.2232158,0.7922224,0.7982645,0.40138367,0.11954257,0.0008187047,0.013367628,-0.02388058,-0.07732308,-0.18999486,1.1348912,1.1869044,1.2764287,1.2764287,1.3854467,0.9735843,0.9735843,0.9735843,0.9735843,0.9249023,1.0377221,1.1547955,1.1956577,1.190559,1.2215658,0.9982175,1.000373,1.0588632,1.1158402,0.9982175,0.4,0.2,0.1,0.06666667,0.21666667,0.16376042,0.123831205,0.08722529,0.08722529,0.16306283,0.2,0.1,0.25,0.5,0.35,0.6,0.8,0.9,0.93333334,0.016666668,-0.4,-0.7,-0.65,-0.43333334,0.33333334,0.4458321,0.41070276,0.6656288,0.44816074,0.6759451,-0.23562694,0.18964973,0.23289701,0.37037286,0.4719904,0.4,0.4,0.45,0.46666667,0.51666665,0.6,0.6,0.55,0.53333336,0.48333332,-0.2,-0.2,-0.1,-0.06666667,0.033333335,0.19808139,0.27506223,0.31020963,0.40268004,0.5187636,0.8019186,0.72493774,0.68979037,0.59731996,0.4812364,-0.6038372,-0.44987553,-0.37958074,-0.19463992,0.037527226,1.5365852,1.6134756,2.0555537,1.9001764,2.3652492,0.4694015,0.37722605,0.72569513,0.7022728,1.412082,0.8277432,0.80306554,0.6818206,0.81980574,1.3367324,0.4011682,0.4119535,0.43405536,0.4753133,0.49879655,0.5988318,0.5880465,0.5659447,0.5246867,0.5012035,-0.1976636,-0.176093,-0.1318893,-0.049373373,-0.0024069096
SZ000001,0.1084841132296619,1.0,,2026-03-26,0.0027497646,0.013748823,0.2,0.010082469,0.73333335,0.0009165882,0.06666667,-0.0064161173,-0.46666667,0.99725777,1.0100548,0.9963437,1.0041249,0.99451196,1.0,0.99360186,1.0027441,1.0530123,0.98683554,0.9935998,0.99209195,0.99609864,1.0127501,0.018785628,0.0148090655,0.011192834,0.011713446,0.026035178,0.0075874487,-0.0011966014,0.000109184744,-0.00059747795,-0.0012491654,0.40783092,0.05984876,0.0033305187,0.20163973,0.7021318,-0.002010451,0.01178491,0.006870793,0.012564819,0.024100272,1.0100548,1.0118815,1.0118815,1.018279,1.0804348,0.95337796,0.95337796,0.95337796,0.95337796,0.95337796,1.0,1.0003654,1.0,1.0031067,1.0477145,0.97860897,0.9925015,0.987383,0.9888474,0.9926849,0.9,0.75,0.85,0.7,0.425,0.8225939,0.7969098,0.7969098,0.71835595,0.36693832,1.0,0.3,0.65,0.06666667,0.16666667,0.4,0.7,0.85,0.9,0.95,0.6,-0.4,-0.2,-0.8333333,-0.78333336,-0.58160996,-0.5156709,-0.38518777,-0.41304082,-0.17912969,-0.5460896,-0.30638877,-0.34303248,-0.25322688,-0.11209971,0.4,0.3,0.5,0.46666667,0.4,0.4,0.6,0.45,0.46666667,0.55,0.0,-0.3,0.05,0.0,-0.15,0.5326282,0.5,0.5191245,0.4933289,0.4302963,0.46737182,0.5,0.48087546,0.50667113,0.5697037,0.065256335,0.0,0.038249064,-0.01334221,-0.1394074,1.3553517,1.166944,1.0583131,0.9943574,1.0587487,0.530769,0.42831007,0.34904423,0.33514294,0.35635427,1.1816822,1.5464008,1.7046282,1.8494667,1.5813539,0.55194277,0.5121862,0.512265,0.5092492,0.5030895,0.44805723,0.4878138,0.487735,0.4907508,0.4969105,0.10388555,0.024372408,0.024529995,0.018498397,0.0061789863
SH601009,0.10776611392469514,1.0,,2026-03-26,0.009874381,0.016158048,0.6111123,0.0044883657,0.27777895,0.0017953005,0.11110876,0.0071813166,0.4444421,0.99022216,1.0044445,0.98844445,0.997126,1.0196693,0.9929842,0.9956151,0.9582811,1.0010022,0.9922325,1.0030819,1.000144,1.0001128,0.9818174,0.016420271,0.01813808,0.014697814,0.012987474,0.03239832,0.0005136592,-0.0023947852,-0.00017435849,-6.084333e-05,0.00048116036,0.002446411,0.15979451,0.004925482,0.0017008978,0.06727202,0.006740184,0.0076946123,0.0015123484,0.0007694898,0.003988359,1.022331,1.0303371,1.0303371,1.0303371,1.0329852,0.9636322,0.9636322,0.9636322,0.96185845,0.9147773,1.0021548,1.0205462,1.0107741,1.0092708,1.0071411,0.98614377,0.9926083,0.99022794,0.99110496,0.94277126,0.8,0.5,0.525,0.51666665,0.625,0.61956596,0.5452041,0.5452041,0.5569846,0.72095627,0.2,0.5,0.75,0.8333333,0.083333336,0.4,0.7,0.85,0.033333335,0.35,-0.2,-0.2,-0.1,0.8,-0.26666668,-0.94407964,-0.31459656,0.048510548,-0.05536959,-0.49905932,-0.8919545,-0.5367431,-0.25423938,-0.11713332,0.006936092,0.6,0.6,0.55,0.53333336,0.41666666,0.4,0.4,0.45,0.46666667,0.5833333,0.2,0.2,0.1,0.06666667,-0.16666667,0.3870503,0.52822596,0.5121443,0.57261235,0.49912012,0.6129497,0.471774,0.4878557,0.42738765,0.5008799,-0.22589943,0.056451958,0.02428862,0.14522472,-0.0017597715,1.2486587,1.2428435,1.2144707,1.3398122,1.6210008,0.35031372,0.2949736,0.3158385,0.4696696,0.73365444,1.2055475,1.3143164,1.4292179,1.551248,1.2087198,0.49352777,0.48145878,0.48427758,0.45889172,0.49770725,0.50647223,0.5185412,0.51572245,0.54110825,0.50229275,-0.012944457,-0.037082456,-0.031444866,-0.082216546,-0.0045854766
SZ300059,0.10751257083439929,0.875,,2026-03-26,-0.034830928,0.036345337,-0.95833284,0.00050480204,0.013889047,0.0010096041,0.027778095,-0.03432613,-0.9444438,1.0360879,1.036611,0.99895394,1.013837,1.1155859,1.1171588,1.1767814,1.1971778,1.207116,1.0314863,1.0738506,1.0996883,1.1286632,1.1803275,0.021036627,0.047297075,0.044918824,0.055641487,0.06984394,-0.009884894,-0.013554005,-0.0061213244,-0.005768176,-0.0035147308,0.5519908,0.7527975,0.6499832,0.83287776,0.77237195,-0.011716519,-0.012857656,-0.041535743,-0.045024674,-0.076642945,1.1098341,1.1542907,1.1856731,1.209731,1.3446655,0.99895394,0.99895394,0.99895394,0.99895394,0.99895394,1.0440413,1.1174695,1.127617,1.1851467,1.2265724,1.020503,1.032321,1.0537676,1.1023029,1.1171588,0.2,0.1,0.05,0.033333335,0.016666668,0.009433962,0.00673401,0.0056022042,0.004962774,0.0030257555,0.2,0.3,0.05,0.033333335,0.25,1.0,1.0,1.0,1.0,1.0,-0.8,-0.7,-0.95,-0.96666664,-0.75,0.3723356,-0.2594932,-0.30773625,-0.38941738,0.47439694,-0.6568385,-0.12856075,-0.18189579,-0.10511921,0.41472965,0.4,0.4,0.45,0.43333334,0.43333334,0.6,0.6,0.55,0.56666666,0.55,-0.2,-0.2,-0.1,-0.13333334,-0.11666667,0.103959136,0.2005513,0.23920286,0.2720742,0.38800985,0.89604086,0.7994487,0.76079714,0.7279258,0.61199015,-0.7920817,-0.5988974,-0.5215943,-0.45585158,-0.2239803,1.0771997,0.94820017,0.86340725,0.8052966,1.0538646,0.38382232,0.3908494,0.3120825,0.2809805,0.5873291,0.990031,1.2655901,1.2726486,1.3876389,1.6284426,0.55172217,0.5533326,0.5292531,0.49550167,0.5095191,0.4482778,0.44666737,0.4707469,0.5044983,0.4904809,0.1034444,0.106665224,0.058506195,-0.008996645,0.01903819
SZ300628,0.10581227945852126,1.0,,2026-03-26,-0.03337375,0.037317965,-0.89430785,0.0003034292,0.008130915,0.003640786,0.09756121,-0.030036394,-0.8048776,1.034526,1.0348399,0.9962335,1.0110692,1.0750163,1.0866287,1.1801629,1.1801629,1.141238,1.03672,1.0515963,1.079405,1.1046191,1.1315551,0.029232254,0.025548853,0.039163403,0.048627958,0.047071178,-0.01616449,-0.006455664,-0.0057556527,-0.0050094295,-0.0017515075,0.76443285,0.5852622,0.75595564,0.82244366,0.42229286,-0.004391056,-0.022545833,-0.02472628,-0.031982433,-0.07988562,1.0994986,1.0994986,1.1817251,1.1845571,1.2385389,0.9962335,0.9962335,0.9962335,0.9962335,0.9962335,1.0442542,1.0737529,1.1014338,1.1541665,1.164209,1.0261109,1.0338898,1.051906,1.064528,1.0861889,0.2,0.1,0.05,0.033333335,0.016666668,0.03647394,0.03647394,0.020305436,0.02000009,0.015544384,0.2,0.6,0.05,0.33333334,0.48333332,1.0,1.0,1.0,1.0,1.0,-0.8,-0.4,-0.95,-0.6666667,-0.51666665,0.42000288,-0.17677127,0.011725431,0.06362055,0.36408937,-0.5547797,0.065651916,-0.33337358,-0.1050065,0.31038556,0.6,0.5,0.4,0.43333334,0.43333334,0.4,0.5,0.6,0.56666666,0.55,0.2,0.0,-0.2,-0.13333334,-0.11666667,0.09765874,0.19608936,0.22405618,0.30477828,0.42633095,0.90234125,0.8039106,0.7759438,0.6952217,0.5736691,-0.80468255,-0.6078213,-0.55188763,-0.39044347,-0.14733812,1.0600247,0.9114772,0.94075596,0.93901724,1.0282788,0.19612367,0.25171128,0.30303004,0.26421496,0.43014392,1.2295758,1.317371,1.1985723,1.1522872,1.3627665,0.40258858,0.62469673,0.47701925,0.4755058,0.51114434,0.5974114,0.37530327,0.52298075,0.52449423,0.48885563,-0.19482283,0.24939345,-0.045961488,-0.04898843,0.02228871
SH601169,0.1056054910617065,1.0,,2026-03-26,0.0,0.0091407,0.0,0.0054843803,0.5999956,0.0036563203,0.4000044,-0.0018280599,-0.19999123,1.0,1.0054843,0.9963437,1.0013661,0.9981446,1.0018553,0.98181814,0.97625226,1.0074211,0.9883488,0.99621516,0.9924489,0.9912554,0.989128,0.016051387,0.013800572,0.011187733,0.00982773,0.016931681,0.005862703,-0.0017855661,0.00046619462,0.00025928626,-0.00010375994,0.33351138,0.1534508,0.060774077,0.053945385,0.011454051,-7.4197844e-05,0.011819859,0.003122201,0.0049849665,0.01393293,1.0054843,1.0147616,1.0147616,1.0147616,1.0236106,0.95995253,0.95995253,0.95995253,0.95995253,0.95253164,1.0003711,1.0040816,1.0022264,1.0003711,1.0055659,0.98226345,0.9900557,0.9855287,0.9855287,0.97402596,0.8,0.5,0.7,0.78333336,0.65833336,0.8795485,0.73067206,0.73067206,0.73067206,0.6678259,1.0,0.3,0.65,0.76666665,0.16666667,0.4,0.7,0.85,0.9,0.3,0.6,-0.4,-0.2,-0.13333334,-0.13333334,-0.89256144,-0.73051006,-0.3094406,-0.23310497,-0.51077276,-0.88931745,-0.7714868,-0.47771558,-0.43331957,-0.23054712,0.4,0.4,0.55,0.53333336,0.48333332,0.6,0.5,0.4,0.36666667,0.43333334,-0.2,-0.1,0.15,0.16666667,0.05,0.51184875,0.49042165,0.55819505,0.5588237,0.49143842,0.48815125,0.50957835,0.44180492,0.4411763,0.50856155,0.023697495,-0.019156683,0.116390154,0.11764741,-0.01712316,1.4848409,1.3792222,1.3011312,1.2322252,1.3381844,0.5340649,0.39606294,0.35988012,0.35007596,0.56680834,0.9695817,1.3606728,1.3480786,1.4113221,1.4662615,0.4877063,0.43775854,0.51309323,0.48104244,0.49959064,0.5122937,0.5622415,0.48690677,0.51895756,0.50040936,-0.024587378,-0.12448295,0.02618644,-0.037915133,-0.00081875484
SZ300750,0.1052858002891159,1.0,,2026-03-26,0.021988576,0.05514928,0.39871016,0.028488752,0.5165752,0.0046719494,0.08471461,-0.0018282256,-0.03315049,0.9784845,1.0278758,0.9739131,1.0036252,0.9950295,0.98260325,0.8596226,0.9069069,0.92382467,0.99989384,1.0000505,0.94677246,0.9330589,0.91228193,0.015851548,0.012786185,0.067095324,0.05876423,0.05120012,-0.0062545296,-0.00078676315,0.00996701,0.004654476,0.00124424,0.38921177,0.03470703,0.7723484,0.48620248,0.18012173,0.012615198,0.0034899386,-0.041459017,-0.0005488303,0.05101302,1.048641,1.048641,1.048641,1.048641,1.048641,0.9634808,0.9634808,0.83030295,0.83030295,0.8273565,1.0052164,1.0079011,0.99904734,0.9957699,0.9480274,0.9879414,0.98794657,0.86711454,0.87917316,0.86634046,0.8,0.7,0.85,0.9,0.95,0.42882976,0.42882976,0.77722156,0.77722156,0.7801879,0.2,0.6,0.8,0.8666667,0.93333334,0.8,0.9,0.2,0.46666667,0.41666666,-0.6,-0.3,0.6,0.4,0.51666665,0.6876082,0.5750209,0.39413095,0.37085286,0.03623077,0.79735184,0.6807583,0.611282,0.29232964,0.3501655,0.6,0.5,0.55,0.5,0.43333334,0.4,0.5,0.45,0.5,0.56666666,0.2,0.0,0.1,0.0,-0.13333334,0.52940273,0.56386626,0.7192946,0.6026842,0.5538278,0.47059727,0.43613374,0.2807054,0.3973158,0.44617215,0.05880549,0.12773253,0.43858922,0.2053684,0.107655704,1.4069157,1.3189645,1.2949398,1.1976871,1.2095459,0.43648085,0.32749027,0.3799642,0.3822305,0.35683194,0.9116302,1.0161637,1.2218417,1.2477055,1.3522719,0.4754723,0.48369917,0.45843893,0.46341774,0.50123745,0.52452767,0.5163008,0.54156107,0.53658223,0.49876258,-0.04905537,-0.032601643,-0.08312213,-0.073164515,0.002474865
SH600000,0.10450924138156369,1.0,,2026-03-26,-0.0009930407,0.014895683,-0.06666634,0.010923521,0.73333466,0.002979122,0.19999902,-0.008937439,-0.60000193,1.0009941,1.0119284,0.9970179,1.003387,1.0258775,1.0119803,0.9672337,1.0070086,1.1570624,1.0008267,1.0135437,0.9961483,0.9960185,1.0522313,0.014919704,0.01703476,0.024722986,0.022405796,0.079991266,-0.0020007202,-0.003854399,0.0028014218,0.0006411027,-0.0037624245,0.04495648,0.46930236,0.44938982,0.063450664,0.6747615,0.0031747832,0.0038010173,-0.022761814,-0.0053145075,0.058760196,1.0398177,1.0398177,1.0398177,1.0398177,1.2405807,0.9791784,0.9791784,0.937396,0.937396,0.937396,1.0075955,1.0268719,1.0221157,1.0175391,1.1477177,0.99445313,0.99960464,0.9712112,0.97297233,0.98887026,0.6,0.3,0.55,0.53333336,0.325,0.34336796,0.34336796,0.6112381,0.6112381,0.20648806,0.2,0.6,0.8,0.8666667,0.13333334,0.4,0.7,0.2,0.46666667,0.73333335,-0.2,-0.1,0.6,0.4,-0.6,-0.21894512,0.19551495,-0.43264195,-0.38886732,-0.22016643,-0.94779307,-0.53825754,-0.40470022,-0.3922975,-0.13909459,0.4,0.5,0.55,0.46666667,0.4,0.6,0.5,0.45,0.5,0.56666666,-0.2,0.0,0.1,-0.033333335,-0.16666667,0.3241044,0.4396864,0.5872408,0.4865979,0.38999832,0.67589563,0.5603136,0.41275916,0.5134021,0.6100017,-0.35179123,-0.120627195,0.17448169,-0.026804183,-0.22000337,1.7239486,1.9248766,2.33833,2.2117355,2.374976,0.6335541,0.53715146,0.7957814,0.7393718,0.9291358,1.3768289,1.4533434,1.0753728,1.0545956,1.0557109,0.24100424,0.32422784,0.45871225,0.47830683,0.49580228,0.7589958,0.67577213,0.5412878,0.52169317,0.5041977,-0.5179915,-0.35154432,-0.0825755,-0.043386336,-0.008395443
SH601689,0.10427158970951199,0.875,,2026-03-26,0.0029315937,0.03466109,0.08457882,0.031039823,0.89552367,0.0006896705,0.019897543,-0.02741856,-0.7910473,0.997077,1.0309491,0.9963893,1.0125146,1.0240624,1.1074638,1.1910138,1.2284441,1.2095804,0.99147415,1.025763,1.0700668,1.1220398,1.2051368,0.009937528,0.03985678,0.055697653,0.08831041,0.1144512,0.0009877484,-0.01193982,-0.008650163,-0.009619601,-0.0051930835,0.024698805,0.8226263,0.8441952,0.9195853,0.6279279,0.00655033,0.02796612,0.012109722,0.017444367,-0.051940806,1.0343237,1.1036552,1.1897871,1.2805977,1.4700743,0.9507787,0.9507787,0.9507787,0.9507787,0.9507787,1.0002971,1.062176,1.108964,1.2142888,1.2879614,0.9811511,0.99125135,1.0011883,1.0507389,1.0990865,0.8,0.4,0.2,0.13333334,0.06666667,0.5891589,0.3219676,0.20593953,0.14923723,0.09478469,0.2,0.1,0.05,0.06666667,0.33333334,0.6,0.8,0.9,0.93333334,0.96666664,-0.4,-0.7,-0.85,-0.8666667,-0.6333333,0.15230986,-0.8636044,-0.30786204,0.11563308,0.66217107,-0.059442855,0.24225831,-0.054743405,0.28654733,0.3781209,0.6,0.4,0.3,0.3,0.35,0.4,0.6,0.7,0.7,0.65,0.2,-0.2,-0.4,-0.4,-0.3,0.306683,0.13951212,0.20051248,0.27160674,0.4217155,0.693317,0.8604879,0.79948753,0.72839326,0.5782845,-0.386634,-0.72097576,-0.598975,-0.4567865,-0.15656897,0.81185263,0.64427215,0.6222657,0.6547518,0.87177855,0.15956923,0.20926747,0.1787279,0.19493756,0.35840473,0.657543,0.69842917,0.86361915,1.0863833,1.3503292,0.92104924,0.8662362,0.59768784,0.5501985,0.49907994,0.07895077,0.13376378,0.4023122,0.4498015,0.50092006,0.8420985,0.7324725,0.19537562,0.100396976,-0.0018401062
SZ300803,0.1031073283112164,1.0,,2026-03-26,-0.036540575,0.040909506,-0.893205,0.002780213,0.06796007,0.0015887182,0.038834937,-0.037732072,-0.92233014,1.0379264,1.0408121,0.99835104,1.0128176,1.0817107,1.098421,1.1970544,1.2593641,1.3409332,1.02862,1.0561283,1.1000743,1.139163,1.2535108,0.01756075,0.03244537,0.05469765,0.07301364,0.13674888,-0.007972816,-0.008747813,-0.008919754,-0.0081164865,-0.007383961,0.51532036,0.6663538,0.9307572,0.9577008,0.8892648,-0.012674354,-0.016763126,-0.015336665,-0.02147399,-0.035683934,1.0920285,1.1428001,1.2202151,1.2814596,1.5901269,0.99835104,0.99835104,0.99835104,0.99835104,0.99835104,1.0414076,1.0838491,1.1541599,1.2118672,1.3863343,1.0219218,1.0296112,1.0441266,1.078057,1.1164341,0.2,0.1,0.05,0.033333335,0.016666668,0.017602658,0.011415601,0.007432357,0.005824523,0.0027864818,0.2,0.3,0.15,0.033333335,0.25,1.0,1.0,1.0,1.0,1.0,-0.8,-0.7,-0.85,-0.96666664,-0.75,0.2405006,0.028647203,-0.08865165,-0.3536218,0.68082243,-0.1851009,0.20181882,0.037144653,0.14042944,0.5461332,0.2,0.3,0.25,0.3,0.33333334,0.8,0.7,0.75,0.7,0.6666667,-0.6,-0.4,-0.5,-0.4,-0.33333334,0.121390775,0.24448521,0.20512801,0.24976076,0.37634188,0.87860924,0.7555148,0.794872,0.75023925,0.6236581,-0.7572185,-0.5110296,-0.589744,-0.50047845,-0.24731626,1.1520045,1.1296532,1.0914935,1.0154492,1.3866556,0.15178931,0.31309634,0.27477974,0.27050996,0.728257,0.6648822,0.6406076,0.69053006,0.7130276,1.8497747,0.53896767,0.5297406,0.52338237,0.482286,0.4955489,0.46103233,0.47025946,0.4766176,0.517714,0.5044511,0.07793536,0.059481103,0.046764776,-0.035428006,-0.008902198
SH601658,0.10226846308417879,1.0,,2026-03-26,0.007889565,0.01380669,0.57143056,0.0039447825,0.28571528,0.0019723428,0.14285414,0.0059171254,0.42856944,0.9921722,1.0039139,0.9902153,0.9996124,0.99856323,0.9899425,0.97413796,1.0,1.0387931,0.9841954,0.9929598,0.9851293,0.99037355,1.0046935,0.017301152,0.015407035,0.0142864855,0.016538164,0.024733294,0.0061781695,-0.0017502618,0.0010943301,-0.0005590501,-0.0010729356,0.31879365,0.11829853,0.20535909,0.08855817,0.57396215,0.003448267,0.01491641,0.0044745547,0.017732667,0.026958115,1.0041653,1.0154072,1.0154072,1.0231102,1.0561548,0.9535019,0.9535019,0.9535019,0.9535019,0.9535019,0.9954023,1.0008621,0.9988506,1.0057472,1.0333333,0.97729886,0.9873563,0.9738506,0.97413796,0.98419535,1.0,0.75,0.875,0.73333335,0.5416667,0.91778547,0.7511164,0.7511164,0.66799736,0.45296425,0.2,0.3,0.65,0.13333334,0.23333333,0.4,0.7,0.85,0.9,0.95,-0.2,-0.4,-0.2,-0.76666665,-0.71666664,-0.8763432,-0.52951354,-0.1491169,-0.33680055,-0.2582028,-0.85377735,-0.6751564,-0.3766882,-0.32571664,-0.15420008,0.6,0.6,0.65,0.5,0.48333332,0.4,0.4,0.35,0.46666667,0.48333332,0.2,0.2,0.3,0.033333335,0.0,0.5081967,0.54117656,0.5661764,0.5,0.46064135,0.49180326,0.45882347,0.43382362,0.5,0.5393586,0.016393479,0.08235307,0.13235277,0.0,-0.07871727,1.1234256,1.1109767,1.0889126,1.038634,1.0487615,0.33579242,0.23947677,0.28305867,0.28292406,0.252927,0.9376079,1.0854369,1.118694,1.1471545,1.0451341,0.51955736,0.47015795,0.5022453,0.4828329,0.50892746,0.4804426,0.529842,0.49775466,0.5171671,0.49107257,0.039114755,-0.059684087,0.0044906465,-0.03433419,0.01785488
SZ002049,0.10194349252400774,1.0,,2026-03-26,-0.012827975,0.018513111,-0.69291294,0.002332331,0.12598264,0.003352807,0.18110444,-0.0118074985,-0.6377911,1.0129946,1.0153573,0.9966036,1.0051568,1.0705979,1.1106074,1.1840008,1.163632,1.1394103,1.0069164,1.0470551,1.084062,1.1071467,1.1537935,0.022277793,0.045898046,0.05386852,0.05543387,0.078863434,-0.0041090003,-0.013099541,-0.007992586,-0.0053036455,-0.003461204,0.085048765,0.74668115,0.77049994,0.7094149,0.51545703,0.0013015373,0.01189285,-0.008132434,-0.030243833,-0.06553276,1.0779839,1.106767,1.1880013,1.188874,1.3583894,0.97460437,0.97460437,0.97460437,0.97460437,0.97460437,1.0226853,1.0913521,1.110847,1.1533184,1.2424762,0.99256194,0.99905556,1.0349207,1.0730789,1.100895,0.6,0.3,0.15,0.1,0.06,0.24565445,0.19215418,0.11900649,0.118521824,0.06617148,0.2,0.1,0.1,0.33333334,0.1,0.6,0.8,0.9,0.93333334,0.1,-0.4,-0.7,-0.8,-0.6,0.0,-0.10877325,0.13923249,0.3510343,0.43526626,0.7633282,-0.5451996,-0.1037283,-0.27257648,-0.06521762,0.09841276,0.4,0.4,0.45,0.43333334,0.35,0.6,0.6,0.55,0.56666666,0.46666667,-0.2,-0.2,-0.1,-0.13333334,-0.11666667,0.2555719,0.29112682,0.27893195,0.35297844,0.38608825,0.7444281,0.70887315,0.7210681,0.6470216,0.61391175,-0.4888562,-0.41774637,-0.4421361,-0.29404312,-0.22782348,1.4476619,1.4669572,1.6216637,1.6804875,2.6289332,0.39740273,0.2769243,0.4588275,0.41139302,1.7942286,0.8746742,0.7235732,1.2319118,1.1729915,1.1648299,0.35673705,0.40775076,0.42000607,0.41606194,0.5051704,0.643263,0.5922493,0.57999396,0.58393806,0.4948296,-0.2865259,-0.1844985,-0.1599879,-0.16787614,0.010340801
SZ000333,0.10143858439208216,1.0,,2026-03-26,-0.0076111755,0.01815999,-0.41911784,0.008679399,0.47794074,0.0018694148,0.10294141,-0.014421159,-0.7941172,1.0076696,1.0164155,0.99811625,1.0070183,1.0226156,1.0414618,1.0663438,1.0738823,1.0651271,1.0006584,1.0158882,1.0249022,1.0404425,1.0452108,0.008947345,0.01749537,0.017323498,0.026592731,0.02206552,-0.0002337921,-0.004855363,-0.00209322,-0.0027272056,-0.00068405864,0.0017069125,0.7060065,0.5110068,0.8151012,0.29312858,-0.00019085463,0.0059609683,-0.0050166044,-0.000897972,-0.025031157,1.0246421,1.0441343,1.0697091,1.0920478,1.0920478,0.97351223,0.97351223,0.97351223,0.97351223,0.97351223,1.0073286,1.0318192,1.037769,1.0700272,1.0653704,0.99649316,0.99976146,1.0099194,1.0210267,1.0271006,0.6,0.3,0.15,0.1,0.05,0.51804817,0.37506345,0.27534974,0.2234584,0.2234584,0.2,0.3,0.05,0.033333335,0.51666665,0.4,0.7,0.85,0.9,0.95,-0.2,-0.4,-0.8,-0.8666667,-0.43333334,-0.80513877,-0.5777675,-0.3771478,0.16993321,0.03712222,-0.9194574,-0.855082,-0.6818557,-0.50693065,-0.36382493,0.4,0.3,0.4,0.43333334,0.48333332,0.6,0.7,0.6,0.56666666,0.51666665,-0.2,-0.4,-0.2,-0.13333334,-0.033333335,0.314844,0.27545255,0.31619304,0.35423133,0.438948,0.685156,0.72454745,0.68380696,0.64576864,0.56105196,-0.37031198,-0.4490949,-0.3676139,-0.29153734,-0.12210398,1.4798639,1.3274475,1.3317719,1.4178855,1.8295809,0.66222775,0.47407392,0.35937804,0.3853263,0.7850049,1.0475806,1.2068855,1.0143429,0.9214286,1.4483479,0.44861302,0.48691347,0.46413454,0.43030265,0.4923874,0.55138695,0.51308656,0.5358655,0.5696973,0.5076126,-0.10277394,-0.026173068,-0.07173093,-0.13939467,-0.015225177
SH601816,0.10135318536960475,1.0,,2026-03-26,0.005988059,0.013972014,0.42857525,0.0059879846,0.4285699,0.00199597,0.14285485,0.0019960445,0.14286019,0.9940476,1.0059524,0.9920635,0.99970895,1.0147059,1.0091912,0.96691173,0.97794116,1.0257353,0.98970586,1.0034926,1.002022,0.99577206,0.9973958,0.015630405,0.018289195,0.013921881,0.015486619,0.020712523,0.001654409,-0.0040218392,-6.357792e-05,0.00071607414,-0.0003249984,0.028008208,0.4432734,0.00072993606,0.1656931,0.075092465,0.006985317,0.014605634,-0.0014180627,-0.0061551235,0.012191628,1.0193975,1.0321298,1.0321298,1.0321298,1.0390369,0.96405566,0.96405566,0.96377003,0.96377003,0.9555937,1.0011029,1.0158088,1.0117646,1.0095588,1.0183823,0.9761029,0.992647,0.99632347,0.98088235,0.9742647,0.8,0.4,0.4,0.6,0.53333336,0.64949644,0.52801824,0.52999,0.52999,0.5321739,0.2,0.3,0.65,0.76666665,0.083333336,0.6,0.8,0.05,0.36666667,0.48333332,-0.4,-0.5,0.6,0.4,-0.4,-0.8765034,-0.47275186,-0.2178175,0.0070981965,-0.64151335,-0.774135,-0.46590063,-0.066250905,-0.056836765,-0.023134056,0.6,0.5,0.6,0.53333336,0.48333332,0.4,0.4,0.35,0.36666667,0.45,0.2,0.1,0.25,0.16666667,0.033333335,0.40476176,0.45614055,0.59183675,0.5461539,0.472,0.5952382,0.5438594,0.40816328,0.4538461,0.528,-0.19047646,-0.087718874,0.18367346,0.09230782,-0.056000024,1.1531771,1.0998551,1.2036638,1.136407,1.1655067,0.3193795,0.26634282,0.47620472,0.4323136,0.50255644,1.1139677,1.3284919,1.1932855,1.2421634,1.1360307,0.49272218,0.5161329,0.5063342,0.4550198,0.51182187,0.50727785,0.4838671,0.4936658,0.54498017,0.48817816,-0.014555641,0.032265756,0.012668375,-0.08996037,0.023643682
SZ001391,0.10059131437003037,1.0,,2026-03-26,-0.009345791,0.02242986,-0.41666743,0.009345791,0.41666743,0.0037382755,0.16666514,-0.014953308,-0.6666697,1.009434,1.018868,0.99622643,1.0050976,1.0485982,1.0747664,1.1214954,1.1233644,1.175701,1.0089719,1.0394393,1.0635514,1.0848598,1.1086293,0.017996443,0.03526118,0.036627885,0.042749245,0.04025275,-0.0054205763,-0.010569249,-0.005495046,-0.0045125927,-0.0019209384,0.22680761,0.8235804,0.7877474,0.8635691,0.69460136,0.0018691779,0.008122343,-0.01134849,-0.01942723,-0.05196161,1.0524725,1.0860302,1.1308568,1.1553268,1.1776454,0.98312414,0.98312414,0.98312414,0.98312414,0.98312414,1.0149533,1.0747664,1.0837383,1.1271027,1.133084,0.997757,1.0074767,1.0317757,1.0665421,1.0766356,0.4,0.2,0.1,0.06666667,0.033333335,0.24334948,0.16399296,0.11423257,0.09800006,0.086755924,0.2,0.3,0.05,0.06666667,0.016666668,0.4,0.7,0.85,0.9,0.95,-0.2,-0.4,-0.8,-0.8333333,-0.93333334,-0.40651688,-0.30524826,-0.13064608,-0.27878624,-0.14790337,-0.9483366,-0.45073047,-0.50178695,-0.4052946,-0.17234802,0.2,0.2,0.3,0.4,0.38333333,0.6,0.5,0.55,0.5,0.5,-0.4,-0.3,-0.25,-0.1,-0.11666667,0.2291664,0.20588219,0.23140486,0.2739725,0.32196963,0.7708336,0.7941178,0.76859516,0.7260275,0.6780304,-0.5416672,-0.5882356,-0.5371903,-0.452055,-0.3560607,1.1727247,1.1417052,1.138453,1.0540835,1.1602442,0.2476883,0.24783437,0.46985593,0.45571077,0.50331944,1.2387656,1.3659832,1.410493,1.6183422,1.4350847,0.35316345,0.52855444,0.5204687,0.48819166,0.5110997,0.6468366,0.47144556,0.47953126,0.51180834,0.4889003,-0.29367313,0.057108875,0.04093746,-0.023616673,0.02219941
SZ300413,0.10039203343654508,1.0,,2026-03-26,-0.016369743,0.028887767,-0.56666696,0.009147823,0.3166677,0.0033702014,0.11666535,-0.022147365,-0.76666933,1.0166422,1.0259422,0.9965737,1.0084496,1.076412,1.0910853,1.1962901,1.2937431,1.1625139,1.0184386,1.0523809,1.082309,1.1501938,1.2041113,0.01901814,0.038190767,0.046792578,0.10984945,0.10672224,-0.0066445163,-0.011372863,-0.00691596,-0.011585101,-0.00366457,0.30516216,0.8128947,0.7645731,0.8619966,0.35961348,-0.0051495116,-0.0012030664,-0.016607346,0.017790165,-0.09600648,1.0804602,1.1077034,1.20625,1.4538119,1.4674261,0.9940624,0.9940624,0.9940624,0.9940624,0.9940624,1.0315615,1.0871539,1.0999446,1.2724806,1.2901993,0.99988925,1.0163898,1.0406977,1.0839424,1.0930786,0.4,0.2,0.1,0.06666667,0.033333335,0.068724036,0.05224875,0.02798281,0.012914866,0.012543428,0.2,0.3,0.05,0.13333334,0.21666667,0.4,0.7,0.85,0.9,0.95,-0.2,-0.4,-0.8,-0.76666665,-0.73333335,0.060646918,-0.72338974,0.12281191,0.7861982,0.8314465,-0.19555488,-0.2503027,-0.34602585,0.23856746,0.4937374,0.2,0.3,0.3,0.36666667,0.41666666,0.8,0.7,0.7,0.6333333,0.56666666,-0.6,-0.4,-0.4,-0.26666668,-0.15,0.2160495,0.23164767,0.20678236,0.29445946,0.44848165,0.7839505,0.7683523,0.79321766,0.70554054,0.5515183,-0.567901,-0.53670466,-0.58643526,-0.41108108,-0.10303668,1.1239445,0.95220774,1.0830483,1.5424931,1.8760389,0.23567559,0.24578254,0.3365722,1.0351824,1.1172296,0.47824782,0.9165014,1.0628402,1.5486101,1.880432,0.5764706,0.54397285,0.44176504,0.4785755,0.50173944,0.42352936,0.45602718,0.558235,0.52142453,0.49826053,0.15294127,0.08794564,-0.116469935,-0.04284903,0.0034789147
SZ300347,0.0990637591565292,1.0,,2026-03-26,0.0075396616,0.035317477,0.21348244,0.027579376,0.7808988,0.00019843929,0.0056187278,-0.019841276,-0.5617977,0.99251676,1.027373,0.9923198,1.0093855,1.0076842,1.0990506,1.191414,1.278854,1.0090646,0.976015,1.0129404,1.0699313,1.1294105,1.1482211,0.026812473,0.047193002,0.06890408,0.10557387,0.08768773,0.0080353925,-0.012418767,-0.010760567,-0.011580758,-0.0017944991,0.22453316,0.6347654,0.8535885,0.9325299,0.12773463,0.007914229,0.042944044,0.032294076,0.03851049,-0.09528339,1.027373,1.1093028,1.2042174,1.3361545,1.3361545,0.9281213,0.9281213,0.9281213,0.9281213,0.9281213,0.99527603,1.0488443,1.1220541,1.2161536,1.2124511,0.9560484,0.98322064,0.998819,1.0357214,1.0842528,1.0,0.5,0.25,0.16666667,0.083333336,0.7242062,0.39672205,0.26033932,0.17615889,0.17615889,1.0,0.1,0.05,0.13333334,0.56666666,0.4,0.7,0.85,0.9,0.95,0.6,-0.6,-0.8,-0.76666665,-0.38333333,-0.6946137,-0.19189106,-0.7060628,0.004634643,0.26209497,-0.6975834,-0.36831635,-0.37244633,-0.13599822,0.31227493,0.6,0.4,0.35,0.33333334,0.45,0.4,0.6,0.65,0.6666667,0.55,0.2,-0.2,-0.3,-0.33333334,-0.1,0.47160167,0.2830264,0.27333808,0.29029498,0.49664503,0.52839833,0.7169736,0.7266619,0.70970505,0.50335497,-0.056796644,-0.4339472,-0.4533238,-0.41941008,-0.006709904,1.0749111,1.0256463,0.87374526,0.9239537,1.0557526,0.13869256,0.16805851,0.20834146,0.2457564,0.36575174,0.75563985,0.78224444,0.81774807,0.8313689,1.1935605,0.5924459,0.5899567,0.552582,0.45229045,0.5018387,0.4075541,0.4100433,0.447418,0.5477095,0.4981613,0.18489182,0.17991337,0.10516399,-0.09541908,0.0036774029
SH600918,0.09865139341487782,1.0,,2026-03-26,-0.011382143,0.016260196,-0.70000035,0.0032520746,0.20000218,0.0016259782,0.09999745,-0.01300824,-0.8000051,1.0115132,1.0148027,0.9983553,1.0046204,1.036566,1.027027,1.0445151,1.0572337,1.0922098,1.0063593,1.0195549,1.0240064,1.0329624,1.0567567,0.019308364,0.019341778,0.016343033,0.018889358,0.03011407,-0.0039745662,-0.004075731,-0.0015324485,-0.0017061887,-0.0015806371,0.105932325,0.4070331,0.30773333,0.63229746,0.8402824,0.0015898073,-0.0012140739,-0.00944812,-0.008222662,-0.010127989,1.0481187,1.0496011,1.0540541,1.063756,1.1214817,0.977583,0.977583,0.977583,0.977583,0.977583,1.0171702,1.0352942,1.036566,1.0527823,1.0858506,0.9965024,1.0012718,1.0124006,1.0219396,1.0282989,0.4,0.2,0.1,0.06666667,0.033333335,0.31781083,0.31126902,0.2931435,0.26013976,0.15578339,0.2,0.4,0.05,0.033333335,0.25,0.4,0.7,0.85,0.9,0.95,-0.2,-0.3,-0.8,-0.8666667,-0.7,-0.13649164,-0.13270172,-0.11956427,-0.28245166,0.22797719,-0.867364,-0.28513208,-0.18182361,-0.10919756,0.050775554,0.4,0.5,0.55,0.5,0.48333332,0.6,0.5,0.45,0.46666667,0.46666667,-0.2,0.0,0.1,0.033333335,0.016666668,0.31147546,0.3835616,0.38524568,0.38749984,0.40645167,0.68852454,0.6164384,0.6147543,0.61250013,0.5935483,-0.3770491,-0.23287676,-0.22950864,-0.2250003,-0.18709664,1.6000912,1.4780658,1.4081833,1.3091999,1.5578011,0.5299633,0.48844144,0.43222716,0.39278612,0.56868976,1.3443452,1.7490848,1.6582747,1.7116584,1.391372,0.27021334,0.48617035,0.49574086,0.46267638,0.50039953,0.7297867,0.51382965,0.5042591,0.5373236,0.49960044,-0.45957336,-0.027659286,-0.008518269,-0.074647225,0.00079910975
SZ300760,0.09856415508967784,0.875,,2026-03-26,-0.016108727,0.023953484,-0.6725004,0.0075453715,0.315001,0.0002993859,0.012498637,-0.023354713,-0.9750027,1.0163724,1.0240414,0.9996957,1.0089442,1.046021,1.0844994,1.1399213,1.1726607,1.2155116,1.014342,1.0432171,1.0697694,1.0955254,1.1492302,0.012028888,0.03343119,0.037996273,0.04861382,0.068893194,-0.0052306606,-0.010547434,-0.0056566047,-0.005234719,-0.003625553,0.472718,0.91243386,0.77570695,0.8986051,0.8446868,-0.0038806144,0.0042463457,-0.016031615,-0.01962202,-0.042276442,1.0543917,1.0989194,1.1375782,1.1777384,1.3032491,0.9996957,0.9996957,0.9996957,0.9996957,0.9996957,1.0217971,1.0798973,1.0982072,1.1407958,1.2153367,1.0063839,1.0116966,1.029307,1.0609313,1.0864233,0.2,0.1,0.05,0.033333335,0.016666668,0.0055632475,0.0030666834,0.0022068606,0.0017090711,0.0010024187,0.2,0.3,0.05,0.033333335,0.25,1.0,1.0,1.0,1.0,1.0,-0.8,-0.7,-0.95,-0.96666664,-0.75,-0.18265586,-0.28406557,-0.113529764,-0.31504682,0.38970608,-0.8535376,-0.366056,-0.043272685,-0.10274822,0.119224876,0.4,0.4,0.4,0.4,0.4,0.6,0.6,0.6,0.6,0.6,-0.2,-0.2,-0.2,-0.2,-0.2,0.164809,0.15429336,0.23866895,0.24102302,0.3697906,0.835191,0.84570664,0.761331,0.758977,0.6302094,-0.670382,-0.6914133,-0.5226621,-0.51795393,-0.2604188,1.0434748,1.0229262,1.0256852,0.9663885,1.2217093,0.22409837,0.23509337,0.25860828,0.24423997,0.5029752,0.7627023,0.7785115,0.8102956,0.94825184,1.1941137,0.4603249,0.5463434,0.50770986,0.47461694,0.5055138,0.5396751,0.45365664,0.49229014,0.52538306,0.4944862,-0.07935017,0.09268672,0.015419738,-0.050766096,0.011027561
SH600600,0.09852558780969792,1.0,,2026-03-26,-0.0060722223,0.0121444445,-0.5,0.004793825,0.394734,0.0012783973,0.10526601,-0.00958765,-0.789468,1.0061094,1.0109324,0.9987138,1.0036011,1.0108874,1.0162448,1.0050981,1.0024194,1.0014689,0.99842733,1.0090036,1.0055604,1.0044471,0.99955356,0.012211896,0.014481693,0.01270562,0.011893924,0.012457983,0.0018664189,-0.0033191163,0.00037584142,0.00016800968,0.000253097,0.05839721,0.4815238,0.03062567,0.015463932,0.12588628,-0.002160186,0.0059323288,-0.009130834,-0.0068832594,-0.0070199044,1.0178472,1.037238,1.037238,1.037238,1.037238,0.967795,0.967795,0.967795,0.967795,0.9646266,1.0061349,1.0208243,1.0156916,1.0145165,1.0109565,0.9954549,1.0012443,0.9979435,0.993865,0.9906852,0.4,0.2,0.3,0.33333334,0.55,0.6434283,0.46376115,0.46376115,0.46376115,0.48715997,0.2,0.3,0.65,0.76666665,0.8833333,0.6,0.8,0.9,0.93333334,0.41666666,-0.4,-0.5,-0.25,-0.16666667,0.46666667,-0.78169036,-0.10722426,0.051180642,0.32944807,0.22933903,-0.8224613,-0.5305012,-0.287513,-0.07963422,0.23993267,0.4,0.4,0.45,0.43333334,0.45,0.6,0.6,0.55,0.56666666,0.55,-0.2,-0.2,-0.1,-0.13333334,-0.1,0.4237287,0.41592124,0.48347345,0.49435943,0.49856105,0.5762713,0.5840788,0.5165265,0.50564057,0.5014389,-0.15254258,-0.16815755,-0.03305307,-0.011281121,-0.0028778894,1.4364461,1.4418902,1.3182509,1.2394304,1.1992271,0.45983496,0.38646248,0.32714653,0.41164294,0.5365467,1.0301676,1.2435414,1.2995172,1.3144596,2.1275132,0.51426953,0.48063195,0.49693787,0.46856016,0.5077141,0.48573047,0.51936805,0.5030621,0.53143984,0.4922859,0.028539086,-0.03873609,-0.0061242837,-0.062879674,0.015428187
SH600887,0.09845298335888135,1.0,,2026-03-26,0.0054242616,0.017435152,0.31111068,0.011623406,0.666665,0.0003874847,0.022224337,-0.005811659,-0.33333,0.994605,1.0115607,0.9942196,1.0037268,1.018885,1.0292872,1.006555,1.0408505,1.1213905,0.99738145,1.0132971,1.0101948,1.0162642,1.0392057,0.01291724,0.019359708,0.016459659,0.017810829,0.037032135,-0.0018884925,-0.005378729,0.00019382947,-0.00092330744,-0.0017564461,0.053435646,0.70757616,0.004853623,0.20826972,0.68613887,0.006395563,0.010907235,-0.012036191,-0.002876237,0.012609485,1.0292885,1.042393,1.042393,1.0589596,1.1368052,0.97688097,0.97688097,0.97688097,0.97688097,0.97688097,1.0033914,1.0302898,1.0283653,1.0315237,1.0620439,0.9887503,0.9959179,0.9959179,0.9998466,1.0121801,0.8,0.4,0.35,0.23333333,0.11666667,0.44113907,0.35289758,0.35289758,0.28166953,0.14456248,0.2,0.3,0.65,0.06666667,0.016666668,0.4,0.7,0.85,0.9,0.95,-0.2,-0.4,-0.2,-0.8333333,-0.93333334,-0.5830887,0.13342483,0.017665247,0.14904408,-0.16917607,-0.94071454,-0.7731676,-0.18997754,-0.20831788,-0.3220601,0.6,0.5,0.55,0.43333334,0.41666666,0.4,0.4,0.4,0.5,0.55,0.2,0.1,0.15,-0.06666667,-0.13333334,0.32621086,0.31000528,0.47630998,0.39648235,0.36886045,0.67378914,0.68999475,0.52369004,0.60351765,0.6311396,-0.34757832,-0.37998948,-0.04738006,-0.20703532,-0.2622791,1.3319104,1.4313037,1.5516188,1.5684123,1.8415639,0.5170675,0.3895055,0.37739322,0.37216038,0.8204347,1.6050599,1.7348078,1.4674909,1.3278776,1.9357022,0.4449701,0.39331377,0.46672356,0.44982526,0.49388912,0.5550299,0.60668623,0.53327644,0.5501747,0.5061109,-0.11005982,-0.21337245,-0.066552885,-0.10034947,-0.012221774
SH600016,0.09812420860936408,1.0,,2026-03-26,-0.0077519165,0.0155038955,-0.499998,0.0051680068,0.33333603,0.0025839722,0.166666,-0.010335951,-0.666668,1.0078125,1.0130209,0.9973958,1.0044692,1.0052512,1.0391002,1.0104314,0.98701394,1.0104314,0.9937695,1.0067981,1.0129116,1.0152143,1.0027604,0.015468351,0.018304529,0.01652545,0.015403952,0.018527912,0.0046764086,-0.004076244,-0.0011607396,-0.00064492755,0.00040783058,0.22849512,0.4545845,0.17267564,0.13584988,0.14777686,-0.0031223411,0.011544907,-0.001884561,-0.0058628623,-0.014791443,1.0130712,1.0469201,1.0469201,1.0469345,1.0469345,0.96617234,0.96617234,0.96617234,0.96617234,0.9635481,1.0020863,1.021388,1.0265683,1.0265683,1.0208629,0.9875107,0.9963952,1.0,1.0042009,0.9859637,0.8,0.4,0.225,0.16666667,0.45833334,0.72129,0.4189302,0.4189302,0.41885528,0.43714452,0.2,0.1,0.55,0.16666667,0.5833333,0.4,0.7,0.85,0.9,0.43333334,-0.2,-0.6,-0.3,-0.73333335,0.15,-0.7413962,-0.06306147,0.23224631,0.19591016,0.031241702,-0.70247275,-0.48849767,-0.084073894,-0.061561104,0.15634349,0.4,0.2,0.35,0.4,0.35,0.6,0.8,0.5,0.5,0.51666665,-0.2,-0.6,-0.15,-0.1,-0.16666667,0.47035256,0.34028992,0.47497445,0.5220535,0.4893432,0.52964747,0.65971005,0.52502555,0.47794655,0.51065683,-0.0592949,-0.31942013,-0.050051104,0.044106923,-0.021313623,1.5384659,1.5867066,1.7702191,1.9087017,1.8975221,0.4755345,0.3928119,0.45705009,0.5499103,0.5451817,0.75480694,0.9320432,0.9395054,0.8501211,0.9893458,0.43644616,0.3486869,0.46829718,0.44349584,0.47618285,0.56355387,0.6513131,0.5317028,0.5565042,0.5238171,-0.1271077,-0.3026262,-0.06340561,-0.113008335,-0.047634285
SH601136,0.09776413131735406,1.0,,2026-03-26,-0.016726397,0.019713277,-0.84848386,0.002389546,0.12121506,0.0005973335,0.030301074,-0.01851861,-0.9393979,1.0170109,1.0194411,0.9993925,1.00823,1.0515709,1.0675756,1.1132188,1.0954357,1.1446354,1.0148193,1.0376408,1.054268,1.0679905,1.1053053,0.021195084,0.028133094,0.02898381,0.031040624,0.048300307,-0.0072317687,-0.007971839,-0.00388865,-0.0029778196,-0.00253632,0.29104412,0.73602647,0.6300207,0.7132432,0.84102345,-0.0003556775,-0.0017675331,-0.017325785,-0.024812156,-0.030483862,1.0607578,1.0767348,1.1175022,1.11808,1.1949885,0.9903528,0.9903528,0.9903528,0.9903528,0.9903528,1.0272673,1.0620036,1.0686426,1.0944873,1.1516302,0.99940723,1.0052164,1.0423237,1.0505038,1.0643747,0.4,0.2,0.1,0.06666667,0.033333335,0.13702433,0.11168053,0.07587286,0.07552964,0.04714323,0.2,0.3,0.05,0.33333334,0.23333333,0.4,0.7,0.85,0.9,0.95,-0.2,-0.4,-0.8,-0.56666666,-0.71666664,-0.4028704,-0.44214213,0.1441222,0.19801997,0.59794044,-0.48848855,-0.27682453,-0.22427654,-0.037099753,0.10837349,0.4,0.4,0.4,0.46666667,0.43333334,0.6,0.6,0.6,0.53333336,0.55,-0.2,-0.2,-0.2,-0.06666667,-0.11666667,0.245614,0.2385321,0.24396788,0.33470228,0.3685345,0.754386,0.76146793,0.7560321,0.6652977,0.6314655,-0.50877196,-0.5229358,-0.5120643,-0.3305954,-0.26293102,1.2267795,1.0943944,1.255443,1.2818196,1.6931877,0.4159223,0.3732751,0.4758722,0.50564605,0.8372519,1.2407687,1.603127,1.4147162,1.3956778,1.4895555,0.5263851,0.515194,0.41302708,0.48891264,0.49403313,0.4736149,0.484806,0.5869729,0.51108736,0.50596684,0.05277021,0.030388026,-0.17394581,-0.022174736,-0.011933722
SZ002422,0.09744522434412252,1.0,,2026-03-26,-0.026674736,0.046983954,-0.5677414,0.016671687,0.35483792,0.0036375292,0.077420674,-0.039708894,-0.84515864,1.0274057,1.0445343,0.9962628,1.0132258,1.042643,1.0230445,0.949216,0.9685131,0.9800569,1.0301946,1.0297596,1.0039412,0.9968068,0.9883521,0.025697092,0.019107891,0.045910735,0.039756972,0.04301065,-0.012801508,-0.00048790567,0.0055357874,0.0024271172,0.0008778367,0.62043226,0.0059766476,0.5088601,0.2888395,0.12705019,-0.0045916685,-0.02756406,-0.056531206,-0.031999975,-0.014248302,1.0822167,1.0822167,1.0822167,1.0822167,1.0822167,0.9962628,0.9962628,0.90686166,0.90686166,0.8763409,1.0407133,1.0391626,1.0360527,1.0334252,1.0280582,1.0164369,1.0164284,0.94944865,0.9625431,0.949216,0.2,0.1,0.35,0.53333336,0.6,0.043479286,0.043479286,0.53114134,0.53114134,0.6006487,0.2,0.6,0.8,0.8666667,0.93333334,1.0,1.0,0.2,0.46666667,0.1,-0.8,-0.4,0.6,0.4,0.8333333,0.60722053,0.5404876,0.43336004,0.3923754,0.13127133,0.33844316,0.3281088,0.62617284,0.4587314,0.27256954,0.6,0.7,0.55,0.53333336,0.48333332,0.4,0.3,0.45,0.46666667,0.51666665,0.2,0.4,0.1,0.06666667,-0.033333335,0.3275262,0.4277223,0.56145114,0.5308101,0.51022935,0.6724738,0.57227767,0.4385489,0.4691899,0.48977068,-0.3449476,-0.14455537,0.12290222,0.061620176,0.020458642,1.1649446,1.0879754,1.0782466,0.9811046,1.1072966,0.30951685,0.31348664,0.37802082,0.37230226,0.4559764,0.82652235,1.1179715,1.3402106,1.475638,1.3978803,0.45925742,0.5650441,0.47732028,0.51349354,0.50775105,0.5407426,0.43495592,0.52267975,0.48650646,0.49224895,-0.081485145,0.13008817,-0.045359448,0.026987087,0.015502109
SZ002920,0.09685877353205219,1.0,,2026-03-26,-0.024566596,0.026884243,-0.91379166,0.0005562669,0.020691188,0.0017613785,0.06551713,-0.023361485,-0.86896574,1.0251853,1.0257556,0.9981943,1.0109116,1.0811323,1.1299016,1.1887677,1.1652395,1.2022897,1.0224646,1.0629586,1.0910845,1.1132727,1.169586,0.019766096,0.045867715,0.0470468,0.051352628,0.07854048,-0.009231051,-0.014485798,-0.0067035425,-0.004732242,-0.0034496568,0.54525614,0.914286,0.71058595,0.65812784,0.58838904,-0.0040025273,0.0022274437,-0.027400829,-0.044655133,-0.06782105,1.0956767,1.1374325,1.2063147,1.2063147,1.3571031,0.9981943,0.9981943,0.9981943,0.9981943,0.9981943,1.0323267,1.105436,1.1230506,1.1506716,1.2561796,1.0106013,1.017723,1.0479041,1.0824304,1.1110971,0.2,0.1,0.05,0.033333335,0.016666668,0.018523753,0.012968701,0.008676413,0.008676413,0.005031192,0.2,0.3,0.05,0.36666667,0.16666667,1.0,1.0,1.0,1.0,1.0,-0.8,-0.7,-0.95,-0.6333333,-0.8333333,0.3234044,0.22769618,0.4511164,0.31651697,0.77437305,-0.6087904,-0.425397,-0.36699027,-0.28477374,0.23498052,0.4,0.3,0.35,0.43333334,0.4,0.6,0.7,0.65,0.56666666,0.6,-0.2,-0.4,-0.3,-0.13333334,-0.2,0.12748358,0.1217845,0.23587263,0.32872343,0.4175848,0.87251645,0.8782155,0.7641274,0.67127657,0.58241516,-0.74503285,-0.756431,-0.52825475,-0.34255317,-0.16483037,1.2063143,1.2189039,1.5230485,1.5450355,2.1819415,0.19582711,0.19105373,0.45338792,0.43741572,1.0768806,0.7786811,0.78827995,0.636885,0.752569,1.5388098,0.51044476,0.3259306,0.48384532,0.4953372,0.4346651,0.48955527,0.6740694,0.5161547,0.5046628,0.56533486,0.02088948,-0.34813878,-0.032309372,-0.009325617,-0.13066976
SH600161,0.09626217636881026,1.0,,2026-03-26,-0.010581954,0.019841237,-0.5333314,0.0059523615,0.2999995,0.0033069209,0.16666909,-0.013227395,-0.6666618,1.0106951,1.0167111,0.9966577,1.0062068,1.0581696,1.0768806,1.1076397,1.1029446,1.0996306,1.0082922,1.037446,1.0535592,1.0696263,1.0950851,0.017889196,0.033266094,0.030593561,0.034136266,0.0375964,-0.0051472415,-0.00994465,-0.003742162,-0.00328702,-0.0016381055,0.20697005,0.81919414,0.5236645,0.71857876,0.5790166,0.0020023186,0.0073048947,-0.018008646,-0.02196453,-0.046761055,1.0648408,1.0815786,1.1063184,1.1190068,1.1751518,0.9832946,0.9832946,0.9832946,0.9832946,0.9832946,1.0159146,1.0695411,1.0744916,1.1002934,1.1230158,0.99772847,1.0042807,1.0315531,1.0446645,1.0699486,0.4,0.2,0.1,0.06666667,0.033333335,0.20485824,0.1699708,0.13579012,0.1230944,0.08707211,0.2,0.1,0.05,0.033333335,0.23333333,0.4,0.7,0.85,0.9,0.95,-0.2,-0.6,-0.8,-0.8666667,-0.71666664,-0.33236268,-0.3393523,0.08483299,-0.1764602,0.3596217,-0.97406906,-0.877682,-0.5672776,-0.44110748,0.098567925,0.4,0.3,0.5,0.5,0.48333332,0.6,0.7,0.5,0.5,0.5,-0.2,-0.4,0.0,0.0,-0.016666668,0.2156593,0.1857179,0.26924208,0.3225423,0.42113033,0.7843407,0.8142821,0.73075795,0.6774577,0.5788697,-0.56868136,-0.6285642,-0.46151587,-0.35491535,-0.15773934,1.4028991,1.273933,1.5570569,1.405898,1.7252402,0.6980773,0.49184167,0.692248,0.61667866,0.9102453,1.3114207,1.7790564,1.4064767,1.579278,1.6949528,0.4630355,0.50734544,0.49837843,0.48985744,0.5017624,0.53696454,0.4926546,0.5016216,0.51014256,0.49823764,-0.07392903,0.014690818,-0.0032431534,-0.0202851,0.003524728
SZ300418,0.0962112791418906,0.875,,2026-03-26,0.0039603394,0.052079212,0.07604454,0.04217826,0.8098867,0.0059406115,0.11406877,-0.03227731,-0.6197734,0.9960553,1.0420119,0.9901381,1.0145772,1.0824889,1.0463848,1.1254629,1.1613721,0.7893685,0.9999318,1.0023241,1.0412542,1.0832311,1.0451919,0.037769035,0.03988091,0.06254191,0.0839091,0.13080437,-0.009647257,9.5971525e-05,-0.0069401967,-0.0075092963,0.002547844,0.16310823,5.3084306e-05,0.4309922,0.6207004,0.11571802,0.019362696,-0.0027560068,0.024677701,0.025653753,-0.12035323,1.1070979,1.1175987,1.2306192,1.300433,1.4218994,0.92486674,0.92486674,0.92486674,0.92486674,0.7753695,1.0143636,1.0143636,1.0830345,1.1690314,1.1569285,0.97861046,0.97959465,0.99479634,0.9994543,0.9576009,0.6,0.7,0.35,0.23333333,0.3,0.4122964,0.38983288,0.24573234,0.20005323,0.3474402,0.2,0.5,0.05,0.2,0.23333333,0.6,0.8,0.9,0.93333334,0.05,-0.4,-0.3,-0.85,-0.73333335,0.18333334,0.65059996,0.7190686,0.6196343,0.78184927,0.7669525,0.7751956,0.64118433,0.5903649,0.5928058,0.54889137,0.2,0.4,0.45,0.46666667,0.46666667,0.8,0.6,0.55,0.53333336,0.51666665,-0.6,-0.2,-0.1,-0.06666667,-0.05,0.2737234,0.44143695,0.4205492,0.4421505,0.54144377,0.7262766,0.55856305,0.5794508,0.5578495,0.45855623,-0.4525532,-0.11712612,-0.15890159,-0.115699,0.082887545,1.3152505,1.1939923,1.2475839,1.5442953,1.6678215,0.29901463,0.5554406,0.5279917,0.6609716,0.8923723,0.6829034,1.1720887,1.1164613,1.0357808,1.5643965,0.0,0.53314865,0.48219794,0.43840373,0.509509,1.0,0.46685138,0.51780206,0.5615963,0.49049097,-1.0,0.06629723,-0.035604127,-0.123192534,0.019018078
SH601018,0.09586658786520162,1.0,,2026-03-26,0.012135933,0.021844665,0.55555594,0.009708731,0.44444406,0.0,0.0,0.0024272013,0.111111864,0.9880096,1.0095923,0.9880096,1.0022976,1.0,1.0325342,0.989726,0.9828767,0.8869863,0.980137,0.9916096,1.0064212,0.99948627,0.9465468,0.02113184,0.019664055,0.021066183,0.020161247,0.058736797,0.007020558,-0.0030821904,-0.0024448957,0.00022056515,0.0029754743,0.27593622,0.22520822,0.47142977,0.009275572,0.78269356,0.00582191,0.022260278,0.016805293,-0.002684478,-0.034323283,1.0095923,1.0301223,1.0428082,1.0428082,1.0428082,0.93972605,0.93972605,0.93972605,0.93972605,0.8674667,0.99452055,1.0017123,1.0239726,1.0188355,1.0013698,0.96746576,0.98493147,0.9931507,0.984589,0.88013697,1.0,0.75,0.375,0.5833333,0.7916667,0.8627046,0.6667747,0.5847178,0.5847178,0.75585824,1.0,0.1,0.35,0.56666666,0.78333336,0.4,0.7,0.85,0.9,0.1,0.6,-0.6,-0.5,-0.33333334,0.68333334,-0.8105857,-0.54777485,0.10557672,0.055044234,0.2834925,-0.7625956,-0.70510787,-0.24830998,-0.21742702,0.11609807,0.6,0.6,0.5,0.53333336,0.51666665,0.4,0.4,0.35,0.33333334,0.35,0.2,0.2,0.15,0.2,0.16666667,0.5,0.40404058,0.52,0.5265957,0.60855263,0.5,0.5959594,0.48000002,0.47340426,0.3914474,0.0,-0.19191885,0.039999977,0.053191453,0.21710524,1.2194377,1.1961066,1.4930906,1.4650409,1.4876385,0.35481563,0.24717368,0.5653014,0.48168844,0.66569275,0.8661585,0.92616713,1.1147808,1.1574647,1.3694706,0.45348302,0.4998976,0.4931709,0.39725757,0.50065,0.54651695,0.5001024,0.50682914,0.60274243,0.49935,-0.09303396,-0.00020478843,-0.01365823,-0.2054849,0.0012999969
SZ000425,0.09562896248046714,1.0,,2026-03-26,-0.029272856,0.034938592,-0.83783734,0.0,0.0,0.005665736,0.16216269,-0.02360712,-0.6756746,1.0301555,1.0301555,0.9941634,1.0100803,0.9970983,1.1157577,1.2023435,1.1342534,1.0622647,1.0046737,1.0285097,1.101371,1.125269,1.1054578,0.01785095,0.03740894,0.08123774,0.07725927,0.06276258,0.0023346557,-0.00971112,-0.012486837,-0.0064944057,3.1460808e-05,0.042762488,0.61773086,0.82690805,0.54761994,7.66369e-05,-0.009343012,0.015190338,0.017253874,-0.031100215,-0.10638592,1.0418365,1.1323097,1.2149932,1.254873,1.254873,0.9717934,0.9717934,0.9717934,0.9717934,0.9717934,1.0155673,1.0540956,1.1832808,1.1932042,1.1655694,0.99572057,0.9994197,1.0110929,1.0420237,1.0498117,0.4,0.3,0.15,0.1,0.05,0.4027038,0.17572422,0.1159812,0.09964196,0.09964196,0.8,0.1,0.4,0.3,0.65,0.4,0.7,0.85,0.9,0.95,0.4,-0.6,-0.45,-0.6,-0.3,-0.19546962,0.10945135,0.046367403,0.110212415,-0.02859318,0.07802146,0.055447366,-0.4805648,-0.09866884,0.024055868,0.6,0.3,0.35,0.4,0.41666666,0.4,0.7,0.65,0.6,0.5833333,0.2,-0.4,-0.3,-0.2,-0.16666667,0.51156217,0.26292866,0.3007634,0.41038528,0.47545794,0.4884378,0.73707134,0.6992366,0.5896147,0.5245421,0.023124374,-0.47414267,-0.3984732,-0.17922941,-0.04908414,1.5930672,1.6950963,1.846999,1.8218211,1.8490657,0.41636124,0.34872606,0.7267174,0.6277673,0.6917915,0.42008394,0.6008578,1.3848811,1.3668922,1.38091,0.11294163,0.17486335,0.4634455,0.4590461,0.49425286,0.8870584,0.82513666,0.5365545,0.54095393,0.50574714,-0.77411675,-0.65027326,-0.07310898,-0.08190781,-0.0114942575
SH601059,0.09502141682178733,1.0,,2026-03-26,-0.021621685,0.030030008,-0.7200027,0.0072071445,0.2399981,0.0012011768,0.039999217,-0.027627654,-0.92000157,1.0220995,1.0294659,0.99877226,1.0122507,1.0618181,1.0666667,1.0824243,1.089091,1.0957576,1.0189091,1.0421818,1.056788,1.0683233,1.0792223,0.02080742,0.028278803,0.02518204,0.026439587,0.022286005,-0.008424257,-0.008227737,-0.0034376858,-0.0025730946,-0.0009305112,0.409795,0.7759792,0.6522567,0.7340132,0.5317147,-0.0020606061,-0.0051570404,-0.024129901,-0.031013396,-0.05177218,1.064398,1.0770538,1.0891211,1.1024945,1.1194093,0.99134415,0.99134415,0.99134415,0.99134415,0.99134415,1.030303,1.064485,1.0707879,1.0911516,1.0928485,1.0038788,1.0111516,1.0466667,1.061697,1.0676364,0.2,0.1,0.05,0.033333335,0.016666668,0.11848579,0.1009904,0.088526525,0.077875204,0.06758946,0.2,0.1,0.05,0.13333334,0.15,0.4,0.7,0.85,0.9,0.95,-0.2,-0.6,-0.8,-0.76666665,-0.8,0.09931669,-0.09713903,-0.12968911,0.09723399,0.40161723,-0.45551786,-0.24531737,-0.33603722,-0.32221195,-0.026798923,0.4,0.4,0.4,0.43333334,0.4,0.6,0.5,0.55,0.53333336,0.51666665,-0.2,-0.1,-0.15,-0.1,-0.11666667,0.19642863,0.22772299,0.26551768,0.30400002,0.36655405,0.80357134,0.772277,0.7344823,0.696,0.633446,-0.60714275,-0.54455405,-0.46896464,-0.392,-0.2668919,1.5152252,1.4442185,1.4259033,1.5342042,2.1038563,0.49746203,0.3949229,0.59129405,0.5796998,0.9756716,1.172213,1.5826924,1.6648124,1.5782847,1.700361,0.48402652,0.5213132,0.45252725,0.47287315,0.46184477,0.51597345,0.4786868,0.5474728,0.52712685,0.5381552,-0.031946935,0.0426264,-0.09494551,-0.054253716,-0.076310426
SZ000725,0.09495724148659444,1.0,,2026-03-26,-0.012531343,0.020050073,-0.6250023,0.005012487,0.24999844,0.0025062435,0.12499922,-0.015037586,-0.75000155,1.0126904,1.0177665,0.997462,1.0059804,1.0383536,1.1220767,1.099158,1.1145931,1.025725,1.0091674,1.0391955,1.0769645,1.08285,1.0942391,0.019729536,0.03803909,0.048261352,0.041132048,0.042999882,-0.0040692193,-0.011344498,-0.0073165842,-0.003041941,-0.0005727997,0.106347784,0.8153083,0.80442554,0.42387968,0.054121636,-0.0010289946,0.011854751,-0.007456894,-0.03874186,-0.07734156,1.053314,1.1294852,1.1652368,1.1652368,1.2009202,0.97715026,0.97715026,0.97715026,0.97715026,0.97715026,1.0194575,1.0675397,1.1160898,1.1104771,1.1323667,0.9964453,1.0101029,1.0315248,1.0566884,1.0607109,0.4,0.2,0.1,0.06666667,0.033333335,0.3000081,0.14999667,0.12148524,0.12148524,0.10211264,0.2,0.1,0.1,0.4,0.25,0.4,0.7,0.85,0.9,0.95,-0.2,-0.6,-0.75,-0.5,-0.7,-0.5521878,0.0009825934,0.56495464,0.37541404,0.59394443,-0.924359,-0.73752695,0.009689607,0.0061844722,0.3614891,0.2,0.2,0.4,0.36666667,0.45,0.8,0.8,0.55,0.6,0.48333332,-0.6,-0.6,-0.15,-0.23333333,-0.033333335,0.31696436,0.19148931,0.3707319,0.3851921,0.4867214,0.6830356,0.80851066,0.6292681,0.6148079,0.5132786,-0.36607128,-0.6170214,-0.25853622,-0.22961581,-0.02655722,1.4282331,1.4684496,1.8073283,1.6369147,1.9248936,0.5282551,0.46091768,0.5775204,0.53730196,0.79143,1.3168668,1.1271863,1.0067184,1.1029364,1.4579084,0.43609887,0.41034096,0.4919359,0.46419567,0.4888019,0.5639011,0.58965904,0.5080641,0.53580433,0.5111981,-0.12780224,-0.17931809,-0.016128207,-0.07160868,-0.02239621
SZ000338,0.09383864876692247,1.0,,2026-03-26,-0.03841495,0.04407604,-0.8715608,0.0,0.0,0.0056610922,0.12843922,-0.03275386,-0.74312156,1.0399497,1.0399497,0.99411273,1.0102259,1.000843,1.0597045,1.2287564,1.059292,0.7468346,0.9916712,1.0143371,1.0764886,1.0926367,0.97584325,0.030257853,0.035132118,0.073593326,0.07813177,0.15406863,0.011860157,-0.006113652,-0.010872617,-0.004456718,0.006870771,0.38410038,0.27759027,0.7639402,0.25216022,0.606572,-0.015391519,0.013174427,0.026801229,-0.028014284,-0.17853102,1.076533,1.0862038,1.214887,1.2695527,1.2695527,0.9390152,0.9390152,0.9390152,0.9390152,0.7211838,1.0062233,1.0401987,1.1665196,1.1719825,1.1135406,0.9754368,0.9941139,1.0006744,1.0220345,0.78805554,0.8,0.4,0.2,0.15,0.5083333,0.44346854,0.41433084,0.22106205,0.18450183,0.5084464,0.8,0.3,0.3,0.3,0.65,0.4,0.7,0.85,0.9,0.11666667,0.4,-0.4,-0.55,-0.6,0.53333336,0.13896833,0.07213619,0.502014,0.60206425,0.64941764,0.6078116,0.0035931563,-0.093844935,0.36752915,0.40409642,0.4,0.4,0.35,0.43333334,0.51666665,0.6,0.6,0.65,0.56666666,0.48333332,-0.2,-0.2,-0.3,-0.13333334,0.033333335,0.4974818,0.398882,0.33848292,0.47428036,0.5687218,0.50251824,0.60111797,0.6615171,0.52571964,0.43127823,-0.0050364346,-0.20223598,-0.32303417,-0.051439263,0.13744351,1.3942535,1.4481016,1.6912862,1.6796169,1.5912611,0.25451982,0.23966847,0.3711706,0.426515,0.63359547,0.49077794,0.72208893,0.7106859,0.7983189,0.9173111,0.23232524,0.2924374,0.4238342,0.46850398,0.5066405,0.76767474,0.7075626,0.5761658,0.53149605,0.4933595,-0.5353495,-0.4151252,-0.1523316,-0.062992066,0.013281016
SH600585,0.09345435568035157,1.0,,2026-03-26,-0.014611096,0.030941116,-0.4722227,0.009024514,0.29166737,0.0073055048,0.23610994,-0.016330104,-0.5277801,1.0148277,1.0239861,0.9925862,1.0091579,1.0514722,1.1121409,1.1169174,1.1008056,0.96207315,1.0102375,1.0476581,1.074107,1.0826478,1.0438025,0.015725847,0.042974606,0.042362977,0.038368616,0.055834677,-0.0034576226,-0.01312404,-0.0058778166,-0.0027603684,0.0021106775,0.1208557,0.8549146,0.6737941,0.40112847,0.43584856,-0.0033221731,0.011400071,-0.01826785,-0.042622436,-0.10606744,1.0597962,1.1326306,1.1509058,1.1744823,1.1744823,0.98652184,0.98652184,0.98652184,0.98652184,0.951195,1.0205176,1.0909389,1.1061952,1.1068796,1.09928,0.9980894,1.0094675,1.0283881,1.0682399,0.98154986,0.4,0.2,0.1,0.06666667,0.33333334,0.18394104,0.09224758,0.08199201,0.0717075,0.21857497,0.2,0.1,0.1,0.3,0.65,0.4,0.7,0.85,0.9,0.11666667,-0.2,-0.6,-0.75,-0.6,0.53333336,-0.8095624,-0.053080384,0.32491484,0.47312686,0.43477976,-0.7117967,-0.48078984,-0.2314866,0.39527693,0.4711678,0.4,0.3,0.4,0.36666667,0.48333332,0.6,0.7,0.6,0.6333333,0.51666665,-0.2,-0.4,-0.2,-0.26666668,-0.033333335,0.25804284,0.17620446,0.33251634,0.405984,0.5192977,0.7419571,0.82379556,0.6674836,0.59401596,0.48070228,-0.4839143,-0.64759105,-0.33496732,-0.18803197,0.03859545,0.8566415,0.856918,0.93884575,1.0512984,1.119916,0.16561028,0.118950784,0.19497849,0.42496833,0.55352175,0.72895575,0.7987798,0.7999153,1.5171093,1.526099,0.613001,0.57369,0.45712042,0.4372372,0.50717854,0.38699898,0.42631003,0.5428796,0.5627628,0.49282146,0.22600202,0.14737993,-0.085759185,-0.1255256,0.014357117
SZ002074,0.0932457762822125,0.75,,2026-03-26,-0.0053879735,0.042564634,-0.12658334,0.02667025,0.6265824,0.010506411,0.2468343,-0.021551812,-0.50633144,1.0054171,1.0322319,0.9894367,1.0131361,1.0016648,1.0558298,1.0311552,1.0279446,1.0452465,1.0075985,1.0165111,1.014442,1.0135164,1.0449938,0.00811321,0.019517785,0.024994139,0.021932634,0.041556485,-0.0037992774,-0.004911112,0.00044382233,0.00039388068,-0.0017006546,0.5482221,0.58037686,0.011035956,0.02499479,0.51080424,-1.673849e-08,0.005588898,-0.01865833,-0.019227754,0.0051755286,1.0531288,1.0699081,1.0742553,1.0742553,1.1454573,0.9474416,0.9474416,0.9450164,0.9450164,0.9450164,1.0103217,1.0273619,1.0345442,1.030965,1.0856174,1.002616,1.0022831,0.9976218,0.9993817,1.0059457,0.2,0.1,0.25,0.26666668,0.13333334,0.49730164,0.4291656,0.4254416,0.4254416,0.27431336,0.2,0.1,0.45,0.6333333,0.16666667,0.6,0.8,0.35,0.56666666,0.78333336,-0.4,-0.7,0.1,0.06666667,-0.6166667,0.734188,0.06180243,0.46840703,0.45059296,0.59479195,0.7875988,0.5114742,0.5010703,0.48253047,0.42163208,0.6,0.4,0.45,0.43333334,0.48333332,0.4,0.6,0.55,0.56666666,0.51666665,0.2,-0.2,-0.1,-0.13333334,-0.033333335,0.4831323,0.24497545,0.44029164,0.46455505,0.47411385,0.5168677,0.75502455,0.55970836,0.5354449,0.5258861,-0.03373538,-0.5100491,-0.1194167,-0.070889875,-0.05177227,1.1859095,1.0489697,1.0114297,0.9210603,1.0596895,0.27891722,0.24693245,0.3393859,0.31938902,0.3655132,0.9958593,0.94870895,1.0807962,1.0172439,1.0062605,0.5590525,0.48631018,0.51977414,0.5148345,0.5067333,0.44094747,0.5136898,0.4802259,0.48516548,0.4932667,0.11810504,-0.027379636,0.039548222,0.02966902,0.013466598
SZ002236,0.09301722986164618,1.0,,2026-03-26,-0.0071132625,0.014819215,-0.48000264,0.0047421097,0.31999734,0.002963843,0.2,-0.008891529,-0.6,1.0071642,1.0119404,0.99701494,1.004676,1.0453644,1.0901495,1.1498467,1.1170156,1.1247674,1.0037022,1.0346832,1.064236,1.0853095,1.1286131,0.020035641,0.0363827,0.042946316,0.046799384,0.06291035,-0.0035825758,-0.010604029,-0.006233998,-0.0044976925,-0.0026022394,0.07993267,0.77868766,0.7374788,0.7158152,0.52185535,0.0034630406,0.013034901,-0.0050130226,-0.020092962,-0.051847026,1.0525393,1.0889484,1.1516377,1.1546227,1.2776082,0.9761205,0.9761205,0.9761205,0.9761205,0.9761205,1.0152841,1.0715133,1.0896665,1.129066,1.1813712,0.99164194,0.9989253,1.0288972,1.0563574,1.0828636,0.6,0.3,0.15,0.1,0.05,0.3124819,0.21164562,0.13605238,0.13377719,0.07920564,0.2,0.1,0.05,0.33333334,0.33333334,0.4,0.7,0.85,0.9,0.95,-0.2,-0.6,-0.8,-0.56666666,-0.6166667,-0.37404716,-0.20824288,0.18430461,0.3204296,0.69135,-0.8229051,-0.7730243,-0.55736965,-0.45116025,0.10872252,0.4,0.3,0.4,0.43333334,0.41666666,0.6,0.7,0.55,0.53333336,0.55,-0.2,-0.4,-0.15,-0.1,-0.13333334,0.28890914,0.24915977,0.254413,0.35014674,0.42718223,0.71109086,0.75084025,0.745587,0.6498533,0.57281774,-0.42218176,-0.5016805,-0.49117398,-0.29970655,-0.14563553,1.7245684,1.6599449,1.8950986,1.9836954,2.727136,0.85465777,0.6008925,0.64718413,0.57053244,1.4454964,1.3846486,1.3442144,1.3139665,1.3166102,1.5333499,0.3689802,0.4451111,0.42448297,0.45209,0.49663615,0.6310198,0.5548889,0.575517,0.54791,0.50336385,-0.2620396,-0.109777816,-0.15103404,-0.09581999,-0.006727694
SH601229,0.09265231519049247,1.0,,2026-03-26,0.0030674734,0.017382406,0.17647003,0.013292412,0.76470506,0.0010225188,0.058824934,-0.009202421,-0.52941006,0.9969419,1.0132518,0.9959225,1.0054406,1.016269,0.99376357,0.99484813,0.9549892,0.99783075,0.9995119,1.0072397,0.99933565,1.0024222,0.99706256,0.009671342,0.011364623,0.013124279,0.013779498,0.025898874,2.7122573e-05,-0.0020163667,0.00079530594,-0.00018880995,-0.0001636996,1.966203e-05,0.28856283,0.12852441,0.014550727,0.012185218,0.00043382883,0.0018339579,-0.0068910774,0.00031548092,0.0077665965,1.021386,1.0274614,1.0274614,1.0336328,1.0397489,0.97938335,0.97938335,0.9702296,0.956177,0.9284354,1.0063992,1.0164317,1.008731,1.016269,1.016269,0.996692,1.0,0.98996747,0.99338394,0.9816161,0.5,0.25,0.525,0.48333332,0.475,0.49084175,0.42881623,0.52017254,0.5657813,0.6429103,0.2,0.3,0.65,0.16666667,0.13333334,0.4,0.7,0.4,0.033333335,0.43333334,-0.2,-0.4,0.25,0.13333334,-0.3,-0.69469863,-0.24503084,0.09781203,0.031238232,-0.27679443,-0.7289657,-0.21501598,0.045815673,0.32027513,0.15754679,0.2,0.4,0.4,0.43333334,0.43333334,0.6,0.5,0.5,0.46666667,0.48333332,-0.4,-0.1,-0.1,-0.033333335,-0.05,0.36725667,0.53116536,0.5147746,0.57874763,0.50187266,0.63274336,0.46883464,0.48522538,0.42125237,0.4981273,-0.26548666,0.06233073,0.029549237,0.15749523,0.003745372,1.1845347,1.2322761,1.2766804,1.3364639,1.5437835,0.2260368,0.22339992,0.28069088,0.450131,0.55939245,0.989455,0.9171521,0.8748601,1.589788,1.2413138,0.49848935,0.50552917,0.52178514,0.4831382,0.49179688,0.5015107,0.49447086,0.47821486,0.5168618,0.50820315,-0.0030213085,0.011058286,0.043570302,-0.033723593,-0.016406257
SH601328,0.0922767302518121,1.0,,2026-03-26,0.008823511,0.013235267,0.6666667,0.0044117556,0.33333334,0.0,0.0,0.0044117556,0.33333334,0.9912537,1.0043732,0.9912537,1.0008742,1.0042895,0.9914209,0.9592494,0.97211796,1.0552279,0.9938874,0.9991421,0.9886863,0.98516536,0.9983378,0.013229946,0.010939729,0.01570297,0.015151644,0.032004025,0.00085790805,-0.0012933613,0.0018536941,0.0009151655,-0.0010680656,0.010512483,0.12812623,0.48773128,0.2827362,0.33969292,0.0043967785,0.006678034,-0.006296432,0.0015647596,0.03317012,1.0133389,1.0147121,1.0147121,1.0147121,1.0759888,0.9706605,0.9706605,0.9490446,0.9490446,0.94444066,1.0015013,1.0062199,1.0021448,0.99871314,1.0337801,0.9897051,0.99538875,0.97812337,0.9719035,0.969437,0.8,0.5,0.75,0.8333333,0.625,0.6874553,0.666026,0.7759609,0.7759609,0.42234987,0.2,0.3,0.65,0.76666665,0.083333336,0.4,0.7,0.1,0.4,0.43333334,-0.2,-0.4,0.55,0.36666667,-0.35,-0.8254594,-0.77637345,-0.23785086,-0.08150581,-0.5396145,-0.9449927,-0.54566544,0.058136206,0.035730734,0.031513337,0.8,0.7,0.65,0.56666666,0.45,0.2,0.3,0.35,0.4,0.5,0.6,0.4,0.3,0.16666667,-0.05,0.46774194,0.54545456,0.62025315,0.5565217,0.4408725,0.5322581,0.45454547,0.37974682,0.44347826,0.5591275,-0.06451613,0.09090909,0.24050634,0.11304348,-0.11825504,1.3365657,1.293256,1.3734386,1.3054256,1.3687135,0.31916046,0.23276915,0.48758852,0.4184881,0.48420748,1.2782812,1.4030658,1.3991836,1.307537,1.1517234,0.43427205,0.52100694,0.49707794,0.49297166,0.5009768,0.56572795,0.47899306,0.50292206,0.50702834,0.4990232,-0.13145588,0.042013876,-0.0058441195,-0.014056706,0.0019535937
SH601088,0.0918961621733494,1.0,,2026-03-26,0.011881982,0.019732667,0.60214776,0.0061532226,0.31182924,0.0016974632,0.086023,0.0074262223,0.37634152,0.9882575,1.006081,0.98658,0.9967415,1.0373292,1.0328778,0.8770793,0.8894963,0.85716516,1.0168529,1.0160719,0.99223745,0.956176,0.90735,0.02178322,0.01854561,0.039090868,0.060987722,0.066173285,-0.012510747,-0.0012570868,0.0048783817,0.0062638386,0.0032692389,0.824636,0.042117216,0.545091,0.8175193,0.7444367,0.008168676,-0.010414987,-0.03858206,-0.04700166,-0.0037925628,1.0564065,1.0564065,1.0564065,1.0564065,1.0564065,0.977155,0.977155,0.8739764,0.8607213,0.82870126,1.038157,1.0374541,1.0271925,1.016603,0.9917376,0.99815696,0.99910975,0.9618274,0.8859196,0.85240144,0.4,0.3,0.5,0.6666667,0.8333333,0.28825963,0.28825963,0.6908051,0.711749,0.752283,0.4,0.7,0.85,0.9,0.95,0.8,0.9,0.05,0.06666667,0.48333332,-0.4,-0.2,0.8,0.8333333,0.46666667,0.29031062,0.43878654,0.20167333,0.6587063,0.52052355,-0.1526423,0.38841578,0.7183205,0.627909,0.5678574,0.4,0.3,0.5,0.46666667,0.5,0.6,0.7,0.5,0.53333336,0.5,-0.2,-0.4,0.0,-0.06666667,0.0,0.18386203,0.38100624,0.661668,0.6133269,0.5840765,0.81613797,0.61899376,0.33833197,0.3866731,0.4159235,-0.63227594,-0.23798752,0.32333606,0.22665383,0.16815299,1.4349451,1.2657701,1.4334965,1.183292,1.0668253,0.40733734,0.37216434,0.5395402,0.5725928,0.5242788,1.0590835,1.1271687,1.1371355,1.309195,1.5168527,0.402646,0.43518654,0.52347493,0.44723538,0.49732894,0.597354,0.56481344,0.4765251,0.55276465,0.50267106,-0.19470799,-0.12962691,0.046949804,-0.10552926,-0.0053421
SZ000786,0.08955779735669195,1.0,,2026-03-26,0.0067973426,0.031987205,0.21250191,0.018392608,0.57499886,0.0067972564,0.21249923,-0.0047980077,-0.14999771,0.9932485,1.0182685,0.98649716,1.0030104,1.0246387,1.0405207,1.1219285,1.1735699,0.990877,1.0003263,1.0212991,1.0647266,1.084775,1.0636029,0.015983433,0.026129074,0.05492194,0.05484569,0.057795558,0.0017413673,-0.0061972146,-0.008624059,-0.005390064,0.001072447,0.029674314,0.51565176,0.86297816,0.7485219,0.10501774,-0.0038090064,0.006588306,0.017201962,-0.006619061,-0.09524006,1.0333922,1.0834254,1.1842941,1.1842941,1.1842941,0.958303,0.958303,0.958303,0.958303,0.958303,1.0109875,1.0425051,1.1123992,1.1378903,1.1186788,0.99459946,1.0047679,1.0116867,1.0335352,1.0069188,0.4,0.2,0.1,0.06666667,0.15,0.55529976,0.3332496,0.18450728,0.18450728,0.18450728,0.2,0.3,0.15,0.43333334,0.71666664,0.4,0.7,0.85,0.9,0.95,-0.2,-0.4,-0.7,-0.46666667,-0.23333333,-0.5907205,-0.045715768,0.51048505,0.5580012,0.662805,-0.47744972,-0.33939916,0.24429668,0.24174455,0.49967125,0.4,0.5,0.35,0.36666667,0.46666667,0.6,0.5,0.65,0.6333333,0.53333336,-0.2,0.0,-0.3,-0.26666668,-0.06666667,0.37979248,0.3749747,0.3481507,0.36211184,0.5040518,0.6202075,0.6250253,0.65184927,0.63788813,0.49594817,-0.24041502,-0.2500506,-0.3036986,-0.27577633,0.008103662,0.92160594,0.94126403,1.1526701,1.216729,1.3490534,0.13610324,0.15055665,0.4316579,0.3872883,0.74190134,0.7465066,0.8451421,1.160007,1.0110041,1.4371935,0.6140731,0.3569403,0.49491432,0.40355527,0.5055657,0.3859269,0.6430597,0.50508565,0.5964447,0.49443433,0.22814621,-0.28611937,-0.01017133,-0.19288948,0.011131353
SH600009,0.08940842189579892,1.0,,2026-03-26,-0.013938565,0.0218013,-0.6393456,0.0071479413,0.32786766,0.0007147941,0.032786764,-0.020371713,-0.9344265,1.0141356,1.0213846,0.9992751,1.009488,1.0540166,1.0645199,1.1051477,1.1305401,1.2120268,1.0089335,1.0356995,1.054334,1.0769506,1.1200504,0.018143842,0.030920645,0.030451855,0.041259788,0.058003712,-0.0054016565,-0.008960103,-0.0043922993,-0.004427588,-0.0031953482,0.22158244,0.7697335,0.728156,0.8924464,0.92560273,0.0018698004,0.0046210093,-0.012607189,-0.012750585,-0.02578764,1.0565742,1.0797797,1.1076525,1.1374617,1.2381501,0.9858743,0.9858743,0.9858743,0.9858743,0.9858743,1.018975,1.0635735,1.0703602,1.1159742,1.1805632,0.9984072,1.000277,1.0333103,1.0554941,1.0647968,0.4,0.2,0.1,0.06666667,0.033333335,0.19979838,0.15042496,0.11599544,0.093185365,0.05599318,0.2,0.3,0.05,0.033333335,0.05,0.4,0.7,0.85,0.9,0.95,-0.2,-0.4,-0.8,-0.8666667,-0.9,-0.041378476,-0.3917419,-0.11442193,0.16116604,0.3838682,-0.74219036,-0.6098275,-0.607066,-0.5937303,-0.35727957,0.4,0.4,0.45,0.4,0.36666667,0.6,0.6,0.55,0.6,0.6333333,-0.2,-0.2,-0.1,-0.2,-0.26666668,0.22535218,0.24144319,0.25576413,0.25864288,0.31112495,0.77464783,0.7585568,0.7442359,0.7413571,0.688875,-0.54929566,-0.5171136,-0.48847172,-0.48271424,-0.3777501,1.6071892,1.3772019,1.4316046,1.5114436,2.041186,0.7675231,0.5727422,0.56040263,0.5331679,0.9234347,1.2757249,1.6822368,1.5297214,1.5754617,1.2253819,0.47723097,0.5107159,0.4691149,0.38309753,0.46422225,0.52276903,0.48928413,0.5308851,0.6169025,0.53577775,-0.04553804,0.021431763,-0.061770204,-0.23380496,-0.07155551
SH601377,0.08926490654327852,1.0,,2026-03-26,-0.021138245,0.026016327,-0.8124993,0.0016260268,0.062500246,0.0032520536,0.12500049,-0.01951222,-0.749999,1.0215948,1.0232558,0.9966777,1.0064745,1.0514488,1.0833826,1.12123,1.1366055,1.2146659,1.0143111,1.0400946,1.0635718,1.0908929,1.1394836,0.01817142,0.03033605,0.033709496,0.048411913,0.06926021,-0.005736261,-0.008852571,-0.004968363,-0.005228097,-0.003691018,0.24912661,0.7806066,0.760309,0.9038253,0.8662128,-0.0028385522,-0.00025805974,-0.016372405,-0.01508556,-0.030598512,1.0580047,1.0900586,1.1245522,1.1728461,1.315699,0.99324304,0.99324304,0.99324304,0.99324304,0.99324304,1.0272028,1.068362,1.0833826,1.1408634,1.2041396,0.9996452,1.0066233,1.0378475,1.06233,1.077469,0.4,0.2,0.1,0.06666667,0.033333335,0.10433577,0.06979215,0.051458444,0.03762167,0.020954695,0.2,0.3,0.05,0.1,0.06666667,0.4,0.7,0.85,0.9,0.95,-0.2,-0.4,-0.8,-0.8,-0.8833333,-0.76241505,0.033384368,0.335386,0.4139224,0.7591683,-0.8988463,-0.27641672,-0.2463748,-0.14350764,0.28121525,0.4,0.3,0.35,0.36666667,0.38333333,0.6,0.7,0.55,0.53333336,0.55,-0.2,-0.4,-0.2,-0.16666667,-0.16666667,0.24855493,0.22988524,0.2766885,0.3045686,0.3754289,0.75144506,0.7701148,0.7233115,0.6954314,0.6245711,-0.5028901,-0.54022956,-0.44662303,-0.3908628,-0.24914221,0.9433822,0.98204094,1.0670074,1.1880744,1.773337,0.2028032,0.23620349,0.2501369,0.38385564,0.924902,0.90629333,0.9278625,0.8645621,0.8407532,1.4430208,0.5201518,0.5156972,0.43426883,0.4899336,0.47986796,0.47984818,0.4843028,0.56573117,0.5100664,0.520132,0.040303648,0.031394415,-0.1314623,-0.020132782,-0.040264066
SH600039,0.0888226084470644,1.0,,2026-03-26,-0.003018121,0.013078484,-0.23076995,0.007042242,0.53846014,0.003018121,0.23076995,-0.007042242,-0.53846014,1.0030272,1.0100908,0.99697274,1.0037427,0.9646754,0.99594295,0.99090654,0.988878,0.98384166,0.9808338,0.98587716,1.0031792,0.99690825,1.0035534,0.022842215,0.020970514,0.027914006,0.025167532,0.026238509,0.008778672,-0.0018716805,-0.003045964,-0.00013305212,-0.00042812913,0.3692506,0.0730225,0.41674775,0.002166028,0.08120281,0.0016088459,0.022545394,0.02575745,0.005021032,0.009076369,1.0100908,1.0282755,1.0726869,1.0726869,1.0746818,0.93948436,0.93948436,0.93948436,0.93948436,0.93948436,1.0,1.0008115,1.0175713,1.0108842,1.0248182,0.96954393,0.973573,0.98242867,0.9767767,0.9830442,0.9,0.75,0.425,0.6,0.5,0.8570836,0.6815501,0.45431304,0.45431304,0.4476096,1.0,0.1,0.3,0.53333336,0.23333333,0.4,0.7,0.85,0.9,0.95,0.6,-0.6,-0.55,-0.36666667,-0.71666664,-0.74655336,-0.33161908,0.33980173,0.43370655,0.24048853,-0.9471715,-0.30254728,-0.13307077,-0.021868639,-0.20260027,0.6,0.5,0.5,0.5,0.5,0.2,0.4,0.4,0.43333334,0.46666667,0.4,0.1,0.1,0.06666667,0.033333335,0.65500313,0.511171,0.5131366,0.51238513,0.5103988,0.34499687,0.48882905,0.48686337,0.48761487,0.48960117,0.31000623,0.022341937,0.026273236,0.024770256,0.020797657,0.96375227,0.9839057,1.0689225,0.96469545,1.0730952,0.10897969,0.13276677,0.24660835,0.28345716,0.34508058,0.7264138,0.6969104,1.0203643,1.1085112,1.054794,0.509296,0.57546735,0.5368182,0.5097973,0.4940764,0.49070403,0.42453268,0.4631818,0.4902027,0.5059236,0.018591946,0.15093467,0.07363638,0.019594599,-0.011847208
SZ002230,0.08832238509739997,1.0,,2026-03-26,-0.021638686,0.025000026,-0.86554646,0.00042015655,0.016806243,0.002941185,0.11764727,-0.019117657,-0.7647055,1.0221173,1.0225468,0.9969938,1.0092828,1.081388,1.1312101,1.1958385,1.2224585,1.0532558,1.015594,1.0597423,1.100723,1.137645,1.1716549,0.023144381,0.04998981,0.057262525,0.07125267,0.09425446,-0.008291595,-0.015276101,-0.00843717,-0.007355619,-0.0015695752,0.3208669,0.8559996,0.7598373,0.82592,0.08457856,0.0009892085,0.009000148,-0.020569885,-0.030988565,-0.12535244,1.091484,1.1277689,1.2082894,1.2551048,1.4494265,0.98218596,0.98218596,0.98218596,0.98218596,0.98218596,1.0278707,1.1085279,1.1415966,1.2063133,1.2487414,0.9994865,1.0044734,1.0470749,1.0952997,1.0810856,0.4,0.2,0.1,0.06666667,0.033333335,0.16298592,0.122363515,0.07878714,0.0652723,0.03812606,0.2,0.1,0.05,0.26666668,0.28333333,0.6,0.8,0.9,0.93333334,0.96666664,-0.4,-0.7,-0.85,-0.6666667,-0.68333334,-0.033777777,-0.41778946,0.29054126,0.6286251,0.8060314,-0.7185205,-0.4800533,-0.17744239,0.17676759,0.5573702,0.4,0.4,0.45,0.43333334,0.51666665,0.6,0.6,0.55,0.56666666,0.48333332,-0.2,-0.2,-0.1,-0.13333334,0.033333335,0.18566728,0.18917902,0.23268129,0.2939512,0.479407,0.8143327,0.810821,0.7673187,0.7060488,0.520593,-0.62866545,-0.62164193,-0.53463745,-0.41209757,-0.04118598,1.5438236,1.4102355,1.642377,1.9072412,3.051402,0.41394132,0.31889668,0.4775172,0.61507434,2.1415973,0.9876856,1.0207355,1.0625247,0.93430036,1.6333541,0.37820613,0.4495392,0.43289235,0.43275335,0.50142246,0.62179387,0.5504608,0.5671076,0.5672466,0.49857754,-0.2435877,-0.1009216,-0.13421528,-0.13449329,0.0028449171
SZ002466,0.08722737388828555,0.875,,2026-03-26,0.013842187,0.053123835,0.26056454,0.029741872,0.5598593,0.0095397765,0.17957619,-0.0063599097,-0.11971857,0.9863468,1.0293359,0.9769373,1.0061281,0.9027595,0.98892254,1.0339344,0.9732385,0.9948232,0.9534614,0.9562845,0.97154295,0.9659764,1.0204502,0.04042334,0.03726471,0.03629738,0.03743811,0.07172491,0.023359232,-0.00090254983,-0.0026482055,0.00039592342,-0.002631881,0.8348197,0.005377227,0.18630342,0.008667548,0.4106694,-0.00017986861,0.04777695,0.053615015,0.028282696,0.057190314,1.0293359,1.0321045,1.0477715,1.0632697,1.2177022,0.89076763,0.89076763,0.89076763,0.87932384,0.87932384,0.9890673,0.9906554,0.9992629,0.9992629,1.0931298,0.920286,0.920286,0.9500658,0.92839783,0.9523909,1.0,1.0,0.85,0.8333333,0.46666667,0.78829336,0.77285093,0.6957303,0.65604144,0.35663095,1.0,0.1,0.05,0.33333334,0.23333333,0.6,0.8,0.9,0.06666667,0.53333336,0.4,-0.7,-0.85,0.26666668,-0.3,0.9000784,0.19742185,0.057343863,0.25307155,0.63716626,0.51166135,0.35084438,0.15041707,0.113873735,0.22229196,0.8,0.5,0.55,0.6,0.55,0.2,0.5,0.45,0.4,0.45,0.6,0.0,0.1,0.2,0.1,0.85277736,0.5226722,0.46076995,0.52147585,0.50181305,0.14722264,0.47732782,0.53923005,0.47852412,0.49818695,0.7055547,0.045344364,-0.0784601,0.042951755,0.0036260851,0.85843843,0.68447715,0.6253482,0.63879585,0.8495942,0.108822644,0.2167242,0.20365922,0.22869547,0.32832685,0.5619377,0.72585034,0.9706639,1.0213088,0.9538799,0.8189189,0.69947827,0.4742731,0.5393826,0.49516243,0.1810811,0.30052176,0.5257269,0.4606174,0.5048376,0.6378378,0.39895648,-0.051453818,0.0787652,-0.009675146
SZ002311,0.08687523831338542,1.0,,2026-03-26,-0.012617106,0.02771939,-0.45517257,0.008984902,0.32413778,0.006117382,0.22068962,-0.0154846255,-0.55862075,1.0127783,1.021878,0.99380445,1.004936,1.0636867,1.0938946,1.0373611,1.0391161,1.0348616,1.0183163,1.0523134,1.0551388,1.0509378,1.0384748,0.025279606,0.041960854,0.031641282,0.026823828,0.030618325,-0.011466263,-0.012952959,-0.0016484114,4.3843145e-05,0.00031508095,0.5143315,0.8734958,0.09499288,0.00020704446,0.03229842,0.004616264,0.005974826,-0.039478924,-0.05157354,-0.047769707,1.0861715,1.1374614,1.1374614,1.1374614,1.1374614,0.99129516,0.99129516,0.99129516,0.99129516,0.9525772,1.0253205,1.083726,1.0760039,1.0674095,1.0629156,1.0048077,1.0069245,1.0231878,1.0312132,1.0069245,0.2,0.1,0.05,0.033333335,0.13333334,0.09174954,0.05955452,0.05955452,0.05955452,0.25650015,0.2,0.2,0.6,0.73333335,0.8666667,0.4,0.7,0.85,0.9,0.41666666,-0.2,-0.5,-0.25,-0.16666667,0.45,-0.24064861,0.2269725,0.23676804,0.23857786,-0.17906661,-0.8983172,-0.32036632,-0.009258766,0.019010745,0.11047594,0.4,0.4,0.45,0.46666667,0.43333334,0.6,0.6,0.55,0.53333336,0.55,-0.2,-0.2,-0.1,-0.06666667,-0.11666667,0.11996213,0.2102412,0.44606522,0.458017,0.48053795,0.88003784,0.7897588,0.55393475,0.541983,0.51946205,-0.76007575,-0.5795176,-0.107869536,-0.08396602,-0.03892411,1.3212538,1.3657203,1.3724607,1.3116829,1.4225665,0.6111922,0.4734895,0.4001138,0.42157993,0.4324384,1.7553523,1.4890559,1.2182872,1.2140654,1.0986919,0.47077116,0.4226645,0.5008721,0.44237775,0.5029082,0.52922887,0.5773355,0.4991279,0.55762225,0.49709186,-0.058457676,-0.15467101,0.001744201,-0.11524454,0.005816288
SZ000651,0.08535068815901439,1.0,,2026-03-26,-0.005765141,0.011792426,-0.48888505,0.004979047,0.42222413,0.0010482384,0.08889081,-0.00969595,-0.82221836,1.0057986,1.0108064,0.9989457,1.0039103,1.0163411,0.9984178,0.9907747,1.024776,1.0511135,0.9954134,1.0087767,0.9970343,1.0028813,1.0202096,0.013687823,0.017156495,0.017956704,0.017618936,0.023193,0.0016605515,-0.0037970813,0.0015523176,-0.00040904986,-0.001045875,0.03679391,0.44900802,0.2615628,0.04177292,0.6202197,0.0012654993,0.008310253,-0.011781354,0.003049937,0.01064373,1.0218766,1.0332099,1.0332099,1.0332099,1.0631979,0.9707426,0.9707426,0.9646803,0.9646803,0.9646803,1.0054818,1.0229834,1.016552,1.0184493,1.0421146,0.9875586,0.99820757,0.9799156,0.9853973,0.9979961,0.6,0.3,0.65,0.46666667,0.23333333,0.5721722,0.46836376,0.51539314,0.51539314,0.35851145,0.2,0.3,0.65,0.76666665,0.31666666,0.4,0.7,0.2,0.46666667,0.73333335,-0.2,-0.4,0.45,0.3,-0.41666666,-0.5389019,0.020552255,0.033387743,-0.2507785,0.18520086,-0.74005437,-0.0014665093,0.008794022,-0.22115263,-0.06959459,0.4,0.6,0.55,0.53333336,0.46666667,0.6,0.4,0.45,0.46666667,0.51666665,-0.2,0.2,0.1,0.06666667,-0.05,0.39666983,0.5065249,0.52721703,0.44483498,0.43846184,0.60333014,0.49347505,0.47278294,0.55516505,0.56153816,-0.20666032,0.013049874,0.05443412,-0.11033005,-0.12307631,1.8550388,2.0266829,1.9007694,1.8203619,2.1103933,0.74958086,0.6487868,0.5806942,0.7355636,0.82810104,1.042594,1.0645194,1.2505312,1.4992856,1.3171124,0.40106577,0.48140046,0.33725858,0.46892825,0.48703182,0.59893423,0.5185995,0.6627414,0.5310718,0.5129682,-0.19786844,-0.03719906,-0.32548282,-0.062143505,-0.025936391
SH600023,0.08435605414275349,0.875,,2026-03-26,0.02909089,0.043636337,0.6666667,0.010909036,0.2499989,0.0036364095,0.08333444,0.021818265,0.5000022,0.9717315,1.0106007,0.9681979,0.992751,0.96466434,0.99823326,0.91696113,0.8780919,0.90459365,0.9618375,0.96519434,0.965636,0.9391048,0.9113074,0.027130367,0.019390868,0.016989741,0.041272696,0.041157782,0.012720849,1.0705369e-05,0.00048487043,0.0038220717,0.0017587336,0.54961795,2.7939602e-06,0.028506635,0.66462046,0.5569241,0.012720859,0.034757484,0.029757699,0.0054751397,0.036809947,1.0106007,1.0106007,1.0106007,1.0106007,1.0106007,0.9222614,0.9222614,0.91696113,0.8727915,0.8639576,0.97879857,0.97561836,0.97420496,0.97031796,0.9618375,0.9445229,0.9572438,0.955477,0.88409895,0.87632513,1.0,1.0,1.0,1.0,1.0,0.8800006,0.8800006,0.8867929,0.9230773,0.9277112,1.0,1.0,1.0,1.0,1.0,0.4,0.7,0.05,0.033333335,0.3,0.6,0.3,0.95,0.96666664,0.7,0.71975404,0.44872093,0.14294346,0.6505151,0.370253,-0.13914408,0.25708264,0.36372533,0.38334945,-0.035449978,0.6,0.4,0.55,0.6,0.51666665,0.4,0.5,0.4,0.36666667,0.41666666,0.2,-0.1,0.15,0.23333333,0.1,0.6612901,0.50588226,0.6598638,0.6864864,0.5944056,0.3387099,0.49411774,0.3401362,0.3135136,0.40559444,0.32258022,0.01176453,0.3197276,0.3729728,0.18881112,0.58490825,0.47273114,0.54260373,0.4674254,0.43067047,0.25129738,0.21007861,0.19830361,0.20886268,0.18965913,0.6482158,0.99099624,0.9324492,1.0652481,1.1854252,0.8979477,0.6407225,0.58637863,0.5919592,0.54977757,0.10205225,0.3592775,0.41362137,0.40804085,0.45022246,0.7958955,0.281445,0.17275727,0.18391831,0.099555075
SH600061,0.08358729175614323,1.0,,2026-03-26,-0.01015965,0.01741652,-0.5833341,0.0058054803,0.33333182,0.0014513899,0.08333409,-0.01451374,-0.8333318,1.0102639,1.016129,0.9985337,1.0065439,1.064521,1.0747552,1.0938891,1.1143577,1.1056067,1.0137645,1.0419015,1.0556215,1.0758331,1.101367,0.022119539,0.03321135,0.0284103,0.037970215,0.03883642,-0.0084989695,-0.009696796,-0.003528102,-0.0038256692,-0.0017768829,0.36907995,0.78143847,0.53975743,0.7867385,0.6384679,0.0032334805,0.001734056,-0.022104507,-0.020360885,-0.04894901,1.0689154,1.0894177,1.0968217,1.1421403,1.1744013,0.9896855,0.9896855,0.9896855,0.9896855,0.9896855,1.0208247,1.0703056,1.0747552,1.1102047,1.1308217,0.99911004,1.0070009,1.0436963,1.0539899,1.0700089,0.4,0.2,0.1,0.06666667,0.033333335,0.13018502,0.10342243,0.096275076,0.06765647,0.05584012,0.2,0.3,0.05,0.2,0.25,0.4,0.7,0.85,0.9,0.95,-0.2,-0.4,-0.8,-0.7,-0.7,-0.33213285,-0.32289216,0.05905829,0.1897413,0.36679286,-0.7713848,-0.4406947,-0.33033276,-0.21200572,0.10649937,0.4,0.3,0.4,0.4,0.45,0.6,0.6,0.5,0.53333336,0.48333332,-0.2,-0.3,-0.1,-0.13333334,-0.033333335,0.17682011,0.18578514,0.27473277,0.3090638,0.41131032,0.8231799,0.8142149,0.72526723,0.6909362,0.5886897,-0.6463598,-0.6284297,-0.45053446,-0.38187242,-0.17737934,1.3136804,1.2174765,1.3254395,1.4265705,1.6363937,0.45749235,0.397344,0.4320739,0.5859758,0.8217365,1.4183418,1.855049,1.6265843,1.4322166,1.2538344,0.50001955,0.4798373,0.46092975,0.47391623,0.50131273,0.49998042,0.5201627,0.53907025,0.52608377,0.49868727,3.9145874e-05,-0.040325414,-0.0781405,-0.052167565,0.0026254414
SH600900,0.08280483497291528,1.0,,2026-03-26,0.004413432,0.012872329,0.34286195,0.005148909,0.39999822,0.0033099884,0.2571398,0.0025745116,0.20000355,0.99560595,1.0051262,0.9923105,0.99894387,0.99816495,1.0069538,0.9535445,0.9582769,1.0004829,0.9926212,0.99731505,0.99307513,0.9815498,0.9782338,0.008016381,0.007639437,0.0124682365,0.019670224,0.021473225,0.002665636,-0.0012725282,0.001017805,0.0017765973,8.7633925e-05,0.27642986,0.25434524,0.23323143,0.63220966,0.005079837,0.002047531,0.008411344,-0.0027442714,-0.0073104473,0.019180957,1.0051262,1.0125067,1.0125067,1.0125067,1.0125067,0.9762091,0.9762091,0.95281214,0.9495165,0.9220115,0.99706393,1.0022793,1.000367,0.99940115,0.99839675,0.98972374,0.99468803,0.99078614,0.9602279,0.95539886,1.0,0.7,0.8,0.8666667,0.8666667,0.82272536,0.6554404,0.79048866,0.8014504,0.86179733,1.0,0.4,0.7,0.8,0.9,0.4,0.7,0.05,0.33333334,0.43333334,0.6,-0.3,0.65,0.46666667,0.46666667,-0.96185505,-0.80896986,-0.32999742,0.3588767,-0.3904229,-0.93005896,-0.79824704,-0.04419406,-0.05157482,-0.32192338,0.6,0.4,0.55,0.5,0.45,0.4,0.6,0.4,0.46666667,0.5,0.2,-0.2,0.15,0.033333335,-0.05,0.5230026,0.44039735,0.69991684,0.63550836,0.49930146,0.47699738,0.5596027,0.30008313,0.3644916,0.50069857,0.046005256,-0.119205326,0.3998337,0.27101678,-0.0013971011,1.2352613,1.1478609,1.4077001,1.2271054,1.337277,0.47304475,0.33516717,0.5365601,0.51676756,0.71813595,1.1163433,1.2702235,1.3298306,1.4293494,1.3849962,0.45730323,0.45297316,0.51437396,0.49350378,0.48402816,0.5426968,0.5470269,0.48562604,0.50649625,0.51597184,-0.08539353,-0.094053686,0.02874793,-0.012992447,-0.031943664
SH600036,0.08249457476636486,1.0,,2026-03-26,0.010472511,0.014048586,0.7454495,0.003320601,0.2363655,0.00025547398,0.018185033,0.0074073835,0.527269,0.989636,1.0032862,0.9893832,0.9988805,1.005303,0.9984793,0.9782812,0.98611873,1.0292834,0.9934337,1.000967,0.99411607,0.99275136,0.99591815,0.010247528,0.010760196,0.011723498,0.011091783,0.024348453,0.0005068972,-0.0022124087,0.0010099919,0.00036958256,-0.00051070115,0.006117044,0.38752687,0.2597702,0.08604427,0.13418093,0.0055525056,0.008988796,-0.003710992,0.0018897223,0.019147517,1.0131378,1.020221,1.020221,1.020221,1.0600797,0.9744881,0.9744881,0.9608325,0.9608325,0.9431379,1.0009593,1.0089059,1.0051159,1.003985,1.014864,0.98928493,0.9923809,0.98034,0.98015285,0.9775014,0.8,0.4,0.7,0.73333335,0.6333333,0.66008073,0.5578454,0.6595131,0.6595131,0.48624304,0.2,0.3,0.65,0.76666665,0.16666667,0.4,0.7,0.2,0.46666667,0.38333333,-0.2,-0.4,0.45,0.3,-0.21666667,-0.88400507,-0.56900537,-0.3803432,-0.19073747,-0.47729257,-0.96403676,-0.65167475,-0.26682305,-0.16397342,-0.142049,0.6,0.6,0.6,0.5,0.46666667,0.4,0.4,0.35,0.46666667,0.51666665,0.2,0.2,0.25,0.033333335,-0.05,0.44670802,0.5102361,0.5730779,0.5336355,0.46655977,0.553292,0.48976392,0.4269221,0.46636447,0.53344023,-0.10658395,0.020472158,0.1461558,0.067271054,-0.06688045,1.1220862,1.1104202,1.1798962,1.1789747,1.5656685,0.24218269,0.17420016,0.34720132,0.3349914,0.728937,1.3216867,1.321193,1.1084805,1.1359224,1.1743017,0.47888196,0.5333695,0.5031422,0.4612599,0.50301737,0.52111804,0.46663052,0.49685782,0.5387401,0.49698266,-0.04223606,0.066738985,0.006284345,-0.077480204,0.006034688
SH601360,0.08200854389076453,1.0,,2026-03-26,-0.022831116,0.032876726,-0.69444615,0.00639264,0.19444273,0.0036529694,0.11111111,-0.025570786,-0.7777778,1.0233645,1.0299065,0.99626166,1.0109502,1.0877424,1.1776897,1.1521164,1.1477073,0.9823633,1.0141094,1.0611111,1.0902998,1.1197972,1.1206423,0.021879876,0.05344995,0.05882022,0.06881954,0.07791885,-0.004497363,-0.01584095,-0.005344046,-0.005327986,9.1405294e-05,0.10562488,0.80515456,0.28890502,0.46451992,0.00041971786,-0.0051146285,0.0101731615,-0.039531384,-0.042541385,-0.12333873,1.0922911,1.1717086,1.2100041,1.246584,1.3719232,0.977324,0.977324,0.977324,0.977324,0.9689664,1.0318342,1.1145502,1.137919,1.1805997,1.1789242,0.99770725,1.0081129,1.0400352,1.060582,1.0482364,0.4,0.2,0.1,0.06666667,0.1,0.19723895,0.11665536,0.09745569,0.084215954,0.0770146,0.2,0.1,0.4,0.23333333,0.26666668,0.4,0.7,0.85,0.9,0.016666668,-0.2,-0.6,-0.45,-0.6666667,0.25,0.002126263,0.59495795,0.7156124,0.7903572,0.72393,-0.59764063,-0.70344585,0.17111936,0.51565844,0.5477355,0.4,0.4,0.5,0.43333334,0.5,0.6,0.6,0.5,0.56666666,0.5,-0.2,-0.2,0.0,-0.13333334,0.0,0.24020872,0.23521686,0.36902052,0.41777122,0.5049776,0.7597913,0.76478314,0.6309795,0.5822288,0.4950224,-0.51958257,-0.5295663,-0.26195896,-0.16445757,0.009955204,1.2871454,1.499208,1.8680834,2.2124646,2.8330333,0.2496223,0.39031655,0.7956382,1.0773057,1.491048,0.6171245,0.66366845,0.9278683,1.2963792,1.2436535,0.2298818,0.18752237,0.44793344,0.44411737,0.497498,0.7701182,0.81247765,0.55206656,0.55588263,0.502502,-0.5402364,-0.62495524,-0.1041331,-0.11176528,-0.005004
SH601127,0.0818391352656388,1.0,,2026-03-26,-0.021139184,0.03540559,-0.5970578,0.012183724,0.34411865,0.0020826817,0.05882353,-0.031240227,-0.88235295,1.0215957,1.0340426,0.99787235,1.0112362,1.0734594,1.0625316,1.1285034,1.1733279,1.291713,1.0354346,1.0589497,1.0706415,1.100833,1.1780751,0.024634928,0.03111126,0.032689534,0.051511638,0.098215505,-0.015157341,-0.009017017,-0.0038850785,-0.0052938843,-0.0052465443,0.94641906,0.7700198,0.49436784,0.8185399,0.870335,-0.005119869,-0.01837311,-0.033733226,-0.02407172,-0.023302054,1.0946726,1.1202406,1.1486738,1.2068892,1.3935621,0.99787235,0.99787235,0.99787235,0.99787235,0.99787235,1.0571082,1.082566,1.0904179,1.160599,1.2865324,1.0216938,1.0315694,1.0529393,1.060771,1.0785186,0.2,0.1,0.05,0.033333335,0.016666668,0.021979902,0.017387338,0.014109008,0.010179367,0.005377088,0.4,0.3,0.05,0.1,0.16666667,1.0,1.0,1.0,1.0,1.0,-0.6,-0.7,-0.95,-0.9,-0.8333333,0.09721582,0.020352669,-0.022301454,-0.3711745,0.14144938,0.30927506,0.46643236,0.19589227,0.15285054,0.19816989,0.0,0.2,0.25,0.3,0.35,1.0,0.8,0.75,0.7,0.65,-1.0,-0.6,-0.5,-0.4,-0.3,0.0,0.26696846,0.28987435,0.29534063,0.34885186,1.0,0.7330315,0.7101256,0.7046594,0.65114814,-1.0,-0.46606308,-0.4202513,-0.40931877,-0.30229625,1.2647963,1.1720088,1.1373264,1.0451279,1.205006,0.42899543,0.401845,0.34503895,0.31953576,0.46721467,0.803479,1.003047,0.89199203,0.9552884,1.0871317,0.594562,0.51013756,0.49631882,0.4574066,0.50378525,0.405438,0.4898624,0.5036812,0.54259336,0.49621472,0.18912399,0.020275164,-0.0073623615,-0.08518676,0.0075705503
SH688271,0.08175790214881563,1.0,,2026-03-26,-0.020089554,0.02324768,-0.864153,8.7710025e-05,0.0037728508,0.0030704162,0.1320741,-0.017106846,-0.7358518,1.0205014,1.0205909,0.99686664,1.0068588,1.036048,1.0834001,1.1727637,1.1633289,1.1494437,1.010592,1.0350066,1.0728394,1.098024,1.1417876,0.010522671,0.028339589,0.047702875,0.053407222,0.06597051,-0.0018602612,-0.008587342,-0.00765405,-0.0056494563,-0.0028559812,0.07813325,0.8416699,0.9010762,0.86719155,0.5716245,-0.0068714037,0.0036363387,-0.00012590208,-0.01610695,-0.05753617,1.0456293,1.0816997,1.175644,1.1954134,1.3517172,0.9910485,0.9910485,0.9910485,0.9910485,0.9910485,1.0204896,1.0666845,1.1040143,1.1504406,1.1900846,0.9999644,1.0090432,1.0213441,1.051571,1.0890254,0.4,0.2,0.1,0.06666667,0.033333335,0.1640045,0.09874651,0.048492473,0.04380154,0.024819154,0.2,0.1,0.05,0.33333334,0.25,0.4,0.7,0.85,0.9,0.95,-0.2,-0.6,-0.8,-0.56666666,-0.7,-0.45886418,0.0890865,0.34541422,0.21144585,0.69399416,-0.61980736,-0.5970877,-0.47604844,0.032553967,0.21242684,0.4,0.3,0.3,0.33333334,0.43333334,0.6,0.7,0.7,0.6666667,0.56666666,-0.2,-0.4,-0.4,-0.33333334,-0.13333334,0.2737429,0.18911746,0.21877722,0.29312292,0.42314383,0.7262571,0.81088257,0.78122276,0.7068771,0.5768562,-0.45251417,-0.6217651,-0.5624455,-0.4137542,-0.15371235,1.157086,1.1985955,1.2840786,1.2976396,1.7856891,0.22465946,0.26308912,0.29119778,0.4346957,0.9147101,0.4401433,0.56257576,0.61291957,1.0008582,1.1313866,0.40687466,0.49264413,0.34295532,0.47170448,0.50129074,0.59312534,0.50735587,0.65704465,0.5282955,0.49870926,-0.18625069,-0.01471172,-0.31408933,-0.05659104,0.002581484
SZ001979,0.08170731692261878,1.0,,2026-03-26,-0.023595506,0.033707865,-0.7,0.006741573,0.2,0.0033707866,0.1,-0.026966292,-0.8,1.0241657,1.0310702,0.99654776,1.0088803,1.0550919,1.0918198,1.1502504,1.2504175,1.0016695,1.0185308,1.0573456,1.0840985,1.123261,1.1038815,0.01533942,0.045454912,0.044399586,0.06897205,0.07504223,-0.0056761354,-0.013896903,-0.006555413,-0.007496737,0.0010385233,0.3423163,0.85681254,0.76297504,0.91558766,0.05841452,-0.007178601,0.0051904903,-0.021822078,-0.014558309,-0.13451791,1.0659959,1.1535534,1.1610596,1.2772456,1.2772456,0.99654776,0.99654776,0.99654776,0.99654776,0.97525513,1.0297161,1.1056762,1.1207012,1.1954925,1.1654425,1.00601,1.0168614,1.0362271,1.0731219,1.0355593,0.2,0.1,0.05,0.033333335,0.06666667,0.049709637,0.02198803,0.02098477,0.01229879,0.08193929,0.2,0.3,0.15,0.1,0.55,1.0,1.0,1.0,1.0,0.1,-0.8,-0.7,-0.85,-0.9,0.45,-0.7882622,0.7998536,0.47499508,0.4799996,0.36459053,-0.7945007,0.27456653,-0.06146737,0.099005036,0.45369828,0.4,0.5,0.4,0.36666667,0.46666667,0.6,0.5,0.6,0.6333333,0.5,-0.2,0.0,-0.2,-0.26666668,-0.033333335,0.21052612,0.25663704,0.26190472,0.25728142,0.49931878,0.7894739,0.74336296,0.7380953,0.7427186,0.5006812,-0.5789477,-0.4867259,-0.47619054,-0.48543715,-0.001362436,0.9394636,1.154996,1.2005408,1.3018562,1.593794,0.12887286,0.32255515,0.32208043,0.40567303,0.6699758,0.6360243,0.5426507,0.668762,0.8877597,1.5593969,0.60551417,0.5526379,0.42403483,0.42487124,0.4901739,0.39448583,0.44736212,0.57596517,0.57512873,0.50982606,0.21102834,0.10527577,-0.15193032,-0.15025751,-0.019652167
SZ002352,0.08094407549400937,1.0,,2026-03-26,0.0076922886,0.021977983,0.34999976,0.010714271,0.4875002,0.0035714237,0.16250007,0.0005494412,0.024999617,0.99236643,1.0106325,0.9888223,1.0032758,0.99703413,1.0180122,1.0223523,1.0488281,1.0444878,0.98634255,1.0028356,1.0072627,1.0197555,1.0358603,0.0178415,0.023473464,0.01857399,0.025383918,0.026794745,0.0025245948,-0.005867705,-0.0013707223,-0.0022807454,-0.0011344459,0.050056525,0.57278764,0.19061482,0.62565947,0.54672396,0.008608253,0.023569057,0.0057591624,0.013315345,-0.002394152,1.0169427,1.0408872,1.0408872,1.0785695,1.0927031,0.95724297,0.95724297,0.95724297,0.95724297,0.95724297,1.0006076,1.0232784,1.0188369,1.0382812,1.0605469,0.97125286,0.98927945,0.9962673,1.0008681,1.0148437,0.8,0.5,0.3,0.2,0.1,0.7162014,0.5111773,0.5111773,0.3524128,0.31564283,0.2,0.1,0.55,0.033333335,0.31666666,0.4,0.7,0.85,0.9,0.95,-0.2,-0.6,-0.3,-0.8666667,-0.6333333,-0.35204613,0.06137715,0.0054375343,0.12836729,0.24204631,-0.48776913,0.10096297,-0.091516815,-0.004905686,0.23092243,0.8,0.5,0.5,0.4,0.41666666,0.2,0.5,0.4,0.53333336,0.53333336,0.6,0.0,0.1,-0.13333334,-0.11666667,0.5173878,0.43809044,0.45454562,0.42352143,0.46119875,0.48261222,0.56190956,0.5454544,0.5764786,0.53880125,0.034775555,-0.123819105,-0.09090876,-0.15295716,-0.0776025,1.0579808,1.0361843,1.1064837,1.1491363,1.2104104,0.4046519,0.42204463,0.42673612,0.4452425,0.47056946,1.2755342,1.183649,1.1261146,1.1880497,1.1864433,0.5610719,0.5285025,0.4629776,0.47094274,0.50002366,0.43892813,0.4714975,0.5370224,0.52905726,0.4999763,0.122143745,0.05700501,-0.074044846,-0.058114555,4.7357407e-05
SH600196,0.08086645179250722,1.0,,2026-03-26,-0.0039385594,0.016148094,-0.24390244,0.010240255,0.63414633,0.0019692797,0.12195122,-0.012209535,-0.75609756,1.0039542,1.0142349,0.9980229,1.0058336,0.99882585,1.0181993,1.0482469,1.053397,1.0763196,0.97762185,0.9945055,1.0070996,1.0238067,1.0504652,0.026295047,0.0255084,0.024970395,0.031908423,0.03795526,0.0095693,-0.0041617546,-0.002457583,-0.0030060736,-0.0017189074,0.33109483,0.24400459,0.33902648,0.6878445,0.6255483,0.0032395695,0.024222355,0.016247436,0.019781327,0.00024254396,1.0142349,1.0320191,1.0517908,1.0850236,1.1352226,0.93356633,0.93356633,0.93356633,0.93356633,0.93356633,1.000555,1.0134387,1.0249987,1.0508566,1.0837594,0.95721835,0.9786519,0.9958852,0.99976516,1.0169184,0.8,0.5,0.35,0.23333333,0.11666667,0.8235387,0.67477643,0.56192803,0.43862975,0.32944036,1.0,0.3,0.05,0.16666667,0.25,0.4,0.7,0.85,0.9,0.95,0.6,-0.4,-0.8,-0.73333335,-0.7,-0.06741936,-0.50310135,-0.23267415,-0.14086616,0.3838199,-0.14575472,-0.10169134,-0.054225404,-0.012871349,0.24115488,0.4,0.5,0.4,0.43333334,0.45,0.6,0.5,0.6,0.56666666,0.55,-0.2,0.0,-0.2,-0.13333334,-0.1,0.5048034,0.4424958,0.41824925,0.4242562,0.43966755,0.4951966,0.55750424,0.58175075,0.5757438,0.5603325,0.009606801,-0.115008436,-0.1635015,-0.15148757,-0.120664895,1.1953864,0.9820181,1.0171875,1.0170618,1.199547,0.35576215,0.33923513,0.2893515,0.31417474,0.49480242,0.9021937,1.3075964,1.1204848,1.2810332,1.2103121,0.5534337,0.5221007,0.49655345,0.49872229,0.5076129,0.44656625,0.47789934,0.5034466,0.5012777,0.49238715,0.106867485,0.044201333,-0.006893099,-0.002555409,0.015225712
SZ000568,0.08079292495492943,1.0,,2026-03-26,-0.01545895,0.025120806,-0.6153843,0.0085024815,0.3384637,0.0011593758,0.04615201,-0.022802055,-0.90769595,1.0157017,1.0243376,0.9988224,1.0075223,1.0343468,1.03219,1.0893049,1.23945,1.1776447,1.0142697,1.0339851,1.0370028,1.075372,1.1085726,0.012601365,0.023924107,0.02210443,0.06348477,0.06193766,-0.0051031252,-0.00738878,-0.001941979,-0.006245488,-0.0024043692,0.40999374,0.87435025,0.27014598,0.7500588,0.4596132,-0.0040634545,-0.0007356418,-0.018553976,0.01518754,-0.03764366,1.0478915,1.0827298,1.0941132,1.2552502,1.2552502,0.9988224,0.9988224,0.9988224,0.9988224,0.9988224,1.0217093,1.0590199,1.0590199,1.1358786,1.1590239,1.0042393,1.0127584,1.0186474,1.026752,1.0389019,0.2,0.1,0.05,0.033333335,0.016666668,0.023998389,0.014034288,0.012357755,0.0045922473,0.0045922473,0.2,0.2,0.05,0.033333335,0.51666665,1.0,1.0,1.0,1.0,1.0,-0.8,-0.8,-0.95,-0.96666664,-0.48333332,-0.8116626,0.45913255,0.27520585,0.59834254,0.54568154,-0.97714233,-0.064056374,-0.1756994,-0.21042982,0.41539043,0.4,0.4,0.4,0.33333334,0.38333333,0.6,0.6,0.6,0.6666667,0.6166667,-0.2,-0.2,-0.2,-0.33333334,-0.23333333,0.22224116,0.3734561,0.31306762,0.20771913,0.3979276,0.77775884,0.6265439,0.6869324,0.79228085,0.60207236,-0.5555177,-0.25308782,-0.37386477,-0.58456177,-0.20414478,0.8585249,1.0224079,1.1016393,1.2541655,1.487888,0.21862648,0.3973034,0.41436705,0.44579467,0.84544474,1.0274568,0.99540395,1.2436476,1.0308406,2.5739994,0.62725186,0.49856272,0.46976694,0.40484738,0.4980721,0.37274814,0.50143725,0.530233,0.5951526,0.5019279,0.2545037,-0.002874527,-0.060466096,-0.19030526,-0.0038558189
SZ000538,0.08061747786482373,1.0,,2026-03-26,-0.02057764,0.023826748,-0.86363614,0.00252709,0.10606106,0.0007220172,0.030302802,-0.022382712,-0.9393944,1.0210099,1.0235902,0.9992628,1.0104761,1.0455261,1.0375953,1.0366751,1.0385215,1.0422086,1.0203475,1.0331559,1.0337181,1.038427,1.0405778,0.016762156,0.017880019,0.013092397,0.013154673,0.011698356,-0.008312148,-0.0046809865,-0.00049261964,-0.00084590045,-0.00029349938,0.61476165,0.6282757,0.049551092,0.3204646,0.19198377,-0.0037232165,-0.012091513,-0.029038187,-0.026161423,-0.03191953,1.0573186,1.0573186,1.0573186,1.0726122,1.0726122,0.9992628,0.9992628,0.9992628,0.9992628,0.9992628,1.0272794,1.0468858,1.0455624,1.0484332,1.0508282,1.0100255,1.019167,1.0224507,1.0309263,1.0328418,0.2,0.1,0.05,0.033333335,0.016666668,0.0126979165,0.0126979165,0.0126979165,0.010050347,0.010050347,0.2,0.6,0.8,0.06666667,0.53333336,1.0,1.0,1.0,1.0,1.0,-0.8,-0.4,-0.2,-0.93333334,-0.46666667,-0.25221807,-0.38847426,-0.4028222,-0.15405478,-0.091085576,-0.8350625,-0.5465223,-0.56236213,-0.41621226,-0.11670598,0.4,0.4,0.45,0.4,0.43333334,0.6,0.5,0.5,0.56666666,0.55,-0.2,-0.1,-0.05,-0.16666667,-0.11666667,0.15599267,0.28482378,0.36238098,0.39303377,0.44045293,0.8440073,0.7151762,0.637619,0.60696626,0.55954707,-0.6880146,-0.43035245,-0.27523807,-0.21393245,-0.11909413,0.9809461,0.8325419,0.8130335,0.8235303,0.89708203,0.4393515,0.35312852,0.27492738,0.29949564,0.3174205,1.3577216,1.6978213,1.8043486,1.7397276,1.4209647,0.56989354,0.51250356,0.53506666,0.5054649,0.50917435,0.43010643,0.48749644,0.46493334,0.49453512,0.49082562,0.13978712,0.02500711,0.0701333,0.010929782,0.018348742
SH600018,0.07956505991906461,1.0,,2026-03-26,-0.0038909684,0.013618701,-0.28570774,0.007782145,0.57143074,0.0019455882,0.1428615,-0.0097275255,-0.71427697,1.0039061,1.0117188,0.9980468,1.0044374,1.0069283,1.017321,0.9896074,0.98729783,1.0773672,0.9923787,1.0017321,1.001097,0.9964973,1.0105658,0.015288801,0.014332477,0.011808617,0.011890594,0.03160929,0.0043880004,-0.0024844306,-6.511657e-05,0.00060395576,-0.0011409702,0.20593324,0.27543727,0.0010642728,0.19994238,0.3973919,-0.0011546962,0.009447883,-0.0004783405,-0.0052546137,0.023092847,1.01331,1.0213113,1.0244095,1.0244095,1.0831698,0.9626076,0.9626076,0.9626076,0.9626076,0.9527625,1.0011547,1.0117782,1.0117782,1.0073903,1.0489607,0.98683596,0.9965357,0.99422634,0.9861431,0.9861431,0.8,0.4,0.45,0.6333333,0.46666667,0.73748875,0.6369691,0.6050356,0.6050356,0.36223048,0.2,0.1,0.15,0.43333334,0.016666668,0.4,0.7,0.85,0.9,0.43333334,-0.2,-0.6,-0.7,-0.46666667,-0.41666666,-0.8242208,-0.6274475,-0.22991666,0.07498385,-0.6652789,-0.7850656,-0.66428274,-0.20714009,-0.15815358,-0.36497757,0.4,0.3,0.55,0.53333336,0.48333332,0.6,0.7,0.45,0.46666667,0.48333332,-0.2,-0.4,0.1,0.06666667,0.0,0.45945978,0.41573066,0.5263158,0.52558154,0.42154574,0.5405402,0.58426934,0.4736842,0.4744185,0.57845426,-0.08108042,-0.16853869,0.052631635,0.051163025,-0.15690853,1.4486657,1.3709335,1.8120278,1.6248614,1.6297181,0.49798903,0.36091685,0.8507673,0.7711176,1.0330724,0.9080843,1.3047599,1.150186,1.2989558,1.2685025,0.45679432,0.3716119,0.49790934,0.46220085,0.5044005,0.5432057,0.6283881,0.5020907,0.5377992,0.49559954,-0.08641133,-0.25677624,-0.004181342,-0.075598314,0.00880095
SZ300498,0.07954493813973428,1.0,,2026-03-26,-0.010676156,0.020759182,-0.514286,0.0071174675,0.34285876,0.0029655588,0.14285527,-0.014828065,-0.7142894,1.0107914,1.0179856,0.9970024,1.0042034,1.0277009,1.0515236,0.9371192,0.96038777,1.0210526,1.0113019,1.0264543,1.0102493,0.98644507,0.9824146,0.012415114,0.018973794,0.031882513,0.043457836,0.040777262,-0.0060110856,-0.0058944067,0.003053756,0.003956135,0.0002465367,0.5860632,0.8846741,0.32109362,0.64225525,0.0111487685,0.00072024023,7.053066e-05,-0.039259993,-0.043809015,0.01031258,1.0479981,1.0718981,1.0718981,1.0718981,1.0718981,0.98493093,0.98493093,0.9365859,0.91898584,0.9078087,1.0146815,1.0444322,1.0401108,1.0290859,1.0187258,1.0044321,1.0077562,0.9744598,0.9463158,0.940554,0.2,0.1,0.3,0.53333336,0.53333336,0.23893715,0.17327322,0.4686502,0.52980816,0.5618357,0.2,0.3,0.65,0.76666665,0.8833333,0.6,0.8,0.05,0.3,0.41666666,-0.4,-0.5,0.6,0.46666667,0.46666667,0.16967282,0.017873133,-0.18579008,0.43552122,-0.035579212,-0.6914803,-0.56228024,0.56027186,0.5526427,0.19099474,0.6,0.4,0.55,0.46666667,0.5,0.4,0.6,0.45,0.53333336,0.48333332,0.2,-0.2,0.1,-0.06666667,0.016666668,0.20238031,0.19607818,0.62738484,0.56344277,0.48318586,0.7976197,0.8039218,0.37261513,0.4365572,0.5168142,-0.59523934,-0.60784364,0.2547697,0.12688556,-0.033628292,1.7408483,1.6419721,2.0774746,1.7638228,1.6925701,0.69595593,0.49497303,0.82370365,0.82155997,0.7388502,1.4982796,1.3022994,1.1879152,1.3626996,1.4178818,0.42035732,0.31148836,0.47520244,0.46548072,0.50334114,0.57964265,0.6885116,0.52479756,0.53451926,0.4966589,-0.15928537,-0.37702325,-0.04959509,-0.06903855,0.0066822376
SH601166,0.07930669181259746,1.0,,2026-03-26,0.0069333073,0.014399916,0.48148248,0.005333306,0.37037063,0.0021333029,0.1481469,0.0037333043,0.25925875,0.9931144,1.0052966,0.9909958,1.0000216,0.99736434,0.99627376,0.9666455,0.98654914,1.0796146,0.9892938,0.99491954,0.98601747,0.9861038,1.0118755,0.013334218,0.011098756,0.013961856,0.0135841165,0.04533623,0.0037171624,-0.0011770881,0.001510251,0.0002835709,-0.0019253336,0.19427994,0.10310524,0.40952456,0.033772428,0.55007386,0.0032718412,0.010377331,-0.00036483465,0.00978443,0.044921782,1.0052966,1.0100852,1.0100852,1.0100852,1.1099164,0.96080357,0.96080357,0.95447284,0.95447284,0.9438681,0.9961465,1.0007453,0.99736434,0.9975643,1.0759794,0.98645824,0.99322003,0.9698264,0.9698264,0.9715351,1.0,0.8,0.9,0.9166667,0.625,0.88095695,0.7953548,0.818651,0.818651,0.3380454,1.0,0.3,0.65,0.76666665,0.16666667,0.4,0.7,0.2,0.46666667,0.43333334,0.6,-0.4,0.45,0.3,-0.26666668,-0.9145522,-0.6893196,-0.68083304,-0.40943965,-0.3935361,-0.8687799,-0.7087129,-0.47922087,-0.43314674,-0.2668015,0.6,0.5,0.6,0.53333336,0.46666667,0.4,0.4,0.3,0.4,0.48333332,0.2,0.1,0.3,0.13333334,-0.016666668,0.5202232,0.5218317,0.59818083,0.5304526,0.4213927,0.4797768,0.4781683,0.40181917,0.4695474,0.57860726,0.040446416,0.04366337,0.19636163,0.06090524,-0.15721458,1.2859718,1.2451284,1.3600296,1.345491,1.6382426,0.37086374,0.2647238,0.329827,0.3498485,0.7678591,1.1692004,1.431405,1.1156858,1.1468639,1.1205565,0.45840782,0.45491692,0.50187516,0.44066545,0.49778938,0.5415922,0.5450831,0.49812484,0.5593346,0.5022106,-0.083184384,-0.09016617,0.0037503047,-0.11866911,-0.0044212285
SH600085,0.07881666307083375,1.0,,2026-03-26,-0.009090902,0.02132864,-0.4262298,0.0076922867,0.36065528,0.004545451,0.2131149,-0.012237738,-0.57377017,1.0091743,1.0169371,0.9954128,1.0052475,1.053628,1.061044,1.079046,1.0846881,1.1354951,1.0152392,1.0376443,1.0501541,1.0647221,1.0868291,0.018755753,0.02691596,0.023934627,0.029446494,0.03705409,-0.009669907,-0.008081044,-0.0031058965,-0.003004142,-0.0018428242,0.66453165,0.82627887,0.5893709,0.8066321,0.75438887,0.0041006296,-0.0012796092,-0.020648107,-0.021161942,-0.03246571,1.057866,1.0751448,1.0857351,1.1464231,1.163722,0.9954128,0.9954128,0.9954128,0.9954128,0.9954128,1.0175076,1.0613989,1.065197,1.0866541,1.1216053,1.0073287,1.009161,1.0403664,1.0486141,1.0606253,0.2,0.1,0.05,0.033333335,0.016666668,0.07344948,0.057532217,0.050786555,0.03037644,0.02725433,0.2,0.3,0.05,0.06666667,0.23333333,1.0,1.0,1.0,1.0,1.0,-0.8,-0.7,-0.95,-0.93333334,-0.76666665,-0.53832155,-0.6079638,-0.3538197,0.27721727,0.1328017,-0.90675694,-0.5608471,-0.59281313,-0.2312388,-0.08182254,0.0,0.2,0.35,0.4,0.45,0.8,0.7,0.55,0.53333336,0.51666665,-0.8,-0.5,-0.2,-0.13333334,-0.06666667,0.0,0.105005406,0.24879847,0.32453617,0.3670302,1.0,0.8949946,0.7512015,0.67546386,0.6329698,-1.0,-0.7899892,-0.502403,-0.35092765,-0.26593956,1.1714232,1.0103172,1.0090915,1.2035782,1.4891956,0.36385053,0.3207549,0.34105754,0.7549764,0.8678737,1.746719,1.9925126,1.6961273,1.6491643,1.392574,0.5646042,0.5539514,0.50669324,0.46463138,0.49773997,0.43539575,0.44604865,0.49330673,0.5353686,0.50226,0.1292085,0.10790272,0.013386528,-0.07073722,-0.004520032
SH688396,0.07832774052994326,1.0,,2026-03-26,-0.014568427,0.030441355,-0.47857353,0.008045164,0.264284,0.007827765,0.25714245,-0.014785826,-0.4857151,1.0147839,1.0229479,0.9920565,1.0054994,1.053159,1.1276689,1.3130718,1.3067539,1.2246187,1.0113289,1.0472113,1.0993791,1.172324,1.2479411,0.01974113,0.04218638,0.07003381,0.119951755,0.13657542,-0.0049455296,-0.0128197055,-0.010948451,-0.012979855,-0.004276273,0.15689954,0.84649223,0.85537773,0.90746135,0.2990099,-0.0014378909,0.010477356,0.0046312083,0.015884008,-0.12179113,1.0670078,1.1275971,1.2965443,1.3846829,1.5646483,0.9778745,0.9778745,0.9778745,0.9778745,0.9778745,1.0253159,1.0865359,1.1338562,1.3130718,1.3534205,0.99808276,1.0034858,1.0365577,1.0721569,1.1285403,0.4,0.2,0.1,0.06666667,0.033333335,0.24822906,0.14777644,0.06943068,0.054387927,0.037706975,0.2,0.1,0.05,0.2,0.41666666,0.6,0.8,0.9,0.93333334,0.96666664,-0.4,-0.7,-0.85,-0.73333335,-0.55,-0.40043724,0.31875387,0.6083346,0.0049119294,0.59382707,-0.78375214,-0.4522674,-0.37434778,0.25459298,0.5365533,0.4,0.4,0.3,0.33333334,0.35,0.6,0.6,0.65,0.6333333,0.6333333,-0.2,-0.2,-0.35,-0.3,-0.28333333,0.2698113,0.19793785,0.17473963,0.3040089,0.44309527,0.73018867,0.80206215,0.82526034,0.6959911,0.55690473,-0.4603774,-0.6041243,-0.65052074,-0.3919822,-0.113809444,1.4470377,1.5565288,1.7234743,1.6414433,2.0847485,0.42658472,0.37955156,0.3964881,0.39086884,1.0248027,1.0097553,0.8742039,0.90896356,0.9059484,1.781452,0.38223284,0.4286414,0.44539097,0.48066854,0.489955,0.61776716,0.5713586,0.55460906,0.51933146,0.510045,-0.23553434,-0.14271721,-0.10921807,-0.038662907,-0.02009
SH600010,0.07831446504194481,0.75,,2026-03-26,-0.027237376,0.035019442,-0.7777787,0.0038910336,0.111110665,0.0038910336,0.111110665,-0.027237376,-0.7777787,1.028,1.0320001,0.996,1.0109382,1.0438095,1.1800001,1.1919048,0.98380953,0.96000004,1.008,1.0571904,1.1445953,1.1157143,1.0555873,0.016705388,0.059171427,0.103690155,0.10332528,0.09837708,0.0011428616,-0.017636364,-0.016904047,-0.00027056562,0.0031535216,0.011700761,0.8143395,0.93019575,0.0005314149,0.3134033,-0.010285717,0.022173168,0.015993206,-0.11179109,-0.1486162,1.056198,1.2000996,1.3640978,1.3640978,1.3640978,0.97609407,0.97609407,0.97609407,0.93990594,0.9000904,1.0193334,1.1151428,1.2262857,1.2127619,1.1528572,0.99761903,1.0030476,1.0287619,1.0153333,0.96952385,0.4,0.2,0.1,0.13333334,0.325,0.29843664,0.10672035,0.061612662,0.14166714,0.215319,0.2,0.1,0.1,0.4,0.7,0.4,0.7,0.85,0.06666667,0.3,-0.2,-0.6,-0.75,0.33333334,0.4,0.10142766,0.60294837,0.8092798,0.74594414,0.6215465,0.30523705,-0.23549363,0.033046838,0.44870156,0.37641582,0.4,0.2,0.3,0.43333334,0.45,0.6,0.8,0.7,0.56666666,0.46666667,-0.2,-0.6,-0.4,-0.13333334,-0.016666668,0.33333334,0.16370103,0.34630048,0.50857717,0.5126278,0.6666667,0.836299,0.6536995,0.49142283,0.48737222,-0.33333334,-0.67259794,-0.30739903,0.01715436,0.02525554,1.2619045,1.4622207,2.3063262,2.2926009,2.0086281,0.18893595,0.4192936,1.5077105,1.38817,1.219574,0.2636697,0.5576071,1.7293411,1.5694683,1.5413603,0.31192225,0.4621748,0.32217222,0.4981728,0.5045587,0.68807775,0.53782517,0.6778278,0.5018272,0.4954413,-0.37615553,-0.07565039,-0.35565552,-0.0036544197,0.0091173975
SH600999,0.0775115430817328,1.0,,2026-03-26,-0.013012376,0.01626547,-0.8,0.0013012612,0.08000146,0.0019518327,0.119998544,-0.012361805,-0.7600029,1.013184,1.0145024,0.99802244,1.0048985,1.0473337,1.0632116,1.0940683,1.1120431,1.1039546,1.0088676,1.0306171,1.0482175,1.0708408,1.0948722,0.015920954,0.025471114,0.027183918,0.040047906,0.03934733,-0.0045236624,-0.0071790363,-0.003932164,-0.00430023,-0.0017241247,0.20182839,0.72819525,0.7323306,0.8935636,0.5856076,0.00017973395,0.0016885306,-0.010861935,-0.008487479,-0.044010505,1.0520093,1.0749551,1.0999999,1.1402639,1.175977,0.9840024,0.9840024,0.9840024,0.9840024,0.9840024,1.0177351,1.0538646,1.0627322,1.1086879,1.1276213,0.9983823,1.0040743,1.0295986,1.0473337,1.0574595,0.4,0.2,0.1,0.06666667,0.033333335,0.23523463,0.17588899,0.13791302,0.10237693,0.08333172,0.2,0.3,0.05,0.13333334,0.16666667,0.4,0.7,0.85,0.9,0.95,-0.2,-0.4,-0.8,-0.76666665,-0.78333336,-0.23118475,0.28643292,0.28845802,0.32016474,0.5836676,-0.9435498,-0.38939622,-0.46038824,-0.2839609,0.16932799,0.4,0.3,0.4,0.36666667,0.36666667,0.6,0.7,0.55,0.6,0.5833333,-0.2,-0.4,-0.15,-0.23333333,-0.21666667,0.24013172,0.25292733,0.27113712,0.3060166,0.41346624,0.75986826,0.7470727,0.7288629,0.69398344,0.5865338,-0.5197366,-0.49414536,-0.45772573,-0.3879668,-0.17306751,1.6878234,1.8786893,1.9679857,2.0994482,2.680543,0.817299,0.75426257,0.73893034,0.7825472,1.3129793,1.2682678,1.3094817,1.3374113,1.2225254,1.6099677,0.42902136,0.47558483,0.43993855,0.46044797,0.49639684,0.57097864,0.52441514,0.56006145,0.53955203,0.50360316,-0.14195727,-0.048830323,-0.120122895,-0.07910407,-0.0072063436
SH600482,0.07738129751055162,1.0,,2026-03-26,-0.024092574,0.034105122,-0.70642096,0.0009386684,0.027522799,0.00907388,0.2660562,-0.015957363,-0.46788758,1.0246874,1.0256492,0.9907021,1.0070164,0.9880696,1.108663,1.0949054,0.8903697,0.6540198,0.99024075,1.0088993,1.074296,1.0427701,0.90958726,0.029389763,0.032504838,0.08553365,0.09642783,0.1599203,0.009178856,-0.0060970853,-0.008935036,0.0025959392,0.008037229,0.24385127,0.32252246,0.38193253,0.056167617,0.7703806,-0.008598452,0.0185375,0.01058686,-0.08041123,-0.14668553,1.0583862,1.0996913,1.2587059,1.2587059,1.2587059,0.9329941,0.9329941,0.9329941,0.8448107,0.64797884,1.0049441,1.0385425,1.1506019,1.1017841,1.055374,0.9792347,0.9880696,0.9989037,0.9880696,0.75582546,0.8,0.5,0.25,0.33333334,0.6666667,0.5343707,0.40196168,0.20572144,0.37494832,0.5763969,0.8,0.1,0.3,0.53333336,0.76666665,0.4,0.7,0.85,0.06666667,0.033333335,0.4,-0.6,-0.55,0.46666667,0.73333335,-0.032187644,0.13971429,0.53377235,0.5377479,0.55541503,0.31159803,0.008168662,-0.087739505,0.28036675,0.45845327,0.6,0.4,0.4,0.5,0.53333336,0.4,0.6,0.6,0.5,0.45,0.2,-0.2,-0.2,0.0,0.083333336,0.5366822,0.33377182,0.43691957,0.5508171,0.60922974,0.46331778,0.6662282,0.56308043,0.44918296,0.39077026,0.07336442,-0.33245638,-0.12616087,0.10163411,0.21845949,1.4685386,1.51056,1.7179741,1.7702897,1.5903517,0.29827988,0.32801273,0.3729165,0.63076985,0.6372104,0.6201521,0.6604098,0.7242475,0.77972794,0.97266316,0.29369968,0.29434356,0.42224464,0.49387386,0.5091027,0.7063003,0.70565647,0.5777554,0.5061261,0.4908973,-0.41260067,-0.41131288,-0.15551074,-0.012252265,0.018205421
SH688008,0.07726447143265598,0.875,,2026-03-26,-0.0206606,0.0303117,-0.6816048,0.0032885075,0.10848971,0.006362593,0.2099055,-0.017586514,-0.580189,1.0210965,1.0244544,0.99350315,1.0074785,1.0926477,1.0792606,1.2053407,1.2475563,0.878878,1.0194503,1.0564102,1.084541,1.1349152,1.0938212,0.02646603,0.045653887,0.0500695,0.08510858,0.13155752,-0.00774898,-0.011477285,-0.006701358,-0.008759855,0.0030554323,0.21431446,0.579341,0.62697065,0.8210108,0.16451812,-0.0039523956,-0.0047624675,-0.020878106,-0.007897334,-0.18395638,1.1086067,1.1238142,1.2094144,1.3139714,1.3787702,0.96431935,0.96431935,0.96431935,0.96431935,0.8593112,1.0408415,1.09677,1.1146904,1.2250035,1.2259668,0.9997308,1.0034,1.0535061,1.0699816,0.9667517,0.4,0.2,0.1,0.06666667,0.3,0.24728893,0.22371043,0.14557895,0.10204623,0.27083716,0.2,0.4,0.05,0.13333334,0.46666667,0.6,0.8,0.9,0.93333334,0.11666667,-0.4,-0.4,-0.85,-0.8,0.35,0.33923912,0.60098827,-0.014402051,0.21035391,0.48112616,0.05250214,0.7153356,0.020359397,0.22830279,0.506187,0.4,0.4,0.35,0.33333334,0.46666667,0.6,0.6,0.65,0.6666667,0.53333336,-0.2,-0.2,-0.3,-0.33333334,-0.06666667,0.22521012,0.3852778,0.33190307,0.3765803,0.5290204,0.77478987,0.6147222,0.6680969,0.6234197,0.47097957,-0.54957974,-0.22944437,-0.33619383,-0.24683942,0.058040872,1.29501,1.3868538,1.3315296,1.3625165,1.7428784,0.20613135,0.2854699,0.3298379,0.2922317,0.80434024,0.660006,0.6019726,0.8684991,0.79092735,1.2862495,0.23228292,0.5081181,0.47293657,0.43984774,0.5006162,0.76771706,0.4918819,0.5270634,0.56015223,0.4993838,-0.5354341,0.01623621,-0.054126885,-0.1203045,0.0012323827
SH600803,0.07682212459604601,0.875,,2026-03-26,0.031686775,0.044268426,0.7157873,0.008387767,0.18947515,0.0041938834,0.094737574,0.027492894,0.6210497,0.96928644,1.0081302,0.96522135,0.9919324,1.0393258,1.0067657,0.89386255,0.88528454,0.97245383,1.0240426,1.0221095,1.0050321,0.9649793,0.93458384,0.035294507,0.02616152,0.04087922,0.0667704,0.058672015,-0.019874359,-0.001855451,0.0021493558,0.0059861927,0.0019400333,0.79270566,0.046108868,0.09675635,0.6229241,0.33346957,0.015706163,-0.013759955,-0.025450928,-0.051779084,0.008185203,1.0840068,1.0840068,1.1088516,1.1088516,1.1088516,0.9607267,0.9607267,0.89433646,0.86091393,0.86091393,1.0470943,1.0398695,1.0389392,1.0297451,0.9888245,0.9955781,0.99892473,0.97418153,0.8913254,0.88510334,0.4,0.3,0.5,0.6666667,0.8333333,0.3185698,0.3185698,0.49256924,0.5609721,0.5609721,0.2,0.6,0.2,0.46666667,0.73333335,0.8,0.9,0.05,0.23333333,0.6166667,-0.6,-0.3,0.15,0.23333333,0.11666667,-0.08538218,0.22334164,0.34954712,0.81628215,0.6968454,-0.62318873,-0.014638104,0.55912256,0.5582159,0.41029182,0.4,0.5,0.55,0.5,0.45,0.6,0.5,0.45,0.5,0.53333336,-0.2,0.0,0.1,0.0,-0.083333336,0.35902974,0.4859437,0.58000183,0.57524365,0.51308686,0.6409703,0.5140563,0.4199982,0.42475632,0.4869131,-0.28194055,-0.0281126,0.1600036,0.15048736,0.026173754,1.360618,1.2289274,1.5367657,1.1647738,0.8407367,0.43245366,0.41496456,0.72304875,0.7986611,0.66005373,0.8791603,0.9387344,1.2877618,1.6153024,2.1268969,0.4069161,0.4383937,0.5266577,0.517361,0.51060885,0.5930839,0.5616063,0.4733423,0.482639,0.48939115,-0.18616779,-0.1232126,0.053315405,0.03472195,0.021217719
SZ300394,0.07646117650650999,0.75,,2026-03-26,0.02146656,0.069805436,0.30751988,0.04400156,0.63034576,0.0043373164,0.062134363,-0.018197684,-0.2606915,0.9789846,1.0430769,0.9747384,1.0179256,0.9476599,1.0278136,1.1139058,0.82049066,0.6861518,0.95526004,0.9476171,0.99057394,0.97579354,0.81138146,0.036195267,0.042150285,0.062822096,0.08618666,0.1825599,0.014033952,0.0024547793,-0.0073420806,0.001162041,0.008706779,0.37583435,0.031091047,0.47805908,0.01408849,0.69375175,0.016672064,0.04133639,0.07917585,0.007356877,-0.06823145,1.0430769,1.0430769,1.1967376,1.1967376,1.1967376,0.89384365,0.852829,0.852829,0.7437534,0.561139,0.98301345,0.98301345,1.0306194,1.0355179,1.0030769,0.9189699,0.9189699,0.94223857,0.91806626,0.6197043,1.0,0.95,0.575,0.5833333,0.7916667,0.7113454,0.7735751,0.42793643,0.5656856,0.6904688,1.0,1.0,0.1,0.4,0.7,0.6,0.3,0.65,0.06666667,0.31666666,0.4,0.7,-0.55,0.33333334,0.38333333,0.8917228,-0.42726824,0.016651642,-0.12384441,0.02800903,0.8259644,-0.23693626,-0.15819857,0.22749941,0.29454732,0.8,0.6,0.5,0.53333336,0.53333336,0.2,0.4,0.5,0.46666667,0.46666667,0.6,0.2,0.0,0.06666667,0.06666667,0.69316524,0.46414676,0.42367777,0.5658023,0.5789673,0.30683476,0.53585327,0.5763222,0.43419772,0.42103276,0.38633046,-0.071706496,-0.15264444,0.13160457,0.15793449,0.88156104,0.912175,0.9207371,0.95242953,0.9801864,0.14577562,0.225096,0.20725648,0.21276703,0.2703649,0.91180956,1.0121698,0.9680156,1.1262506,1.205089,0.6201043,0.5224531,0.49032307,0.4916009,0.48251754,0.3798957,0.47754687,0.50967693,0.5083991,0.51748246,0.24020864,0.044906266,-0.019353852,-0.016798208,-0.0349649
SH601878,0.07633946889853963,1.0,,2026-03-26,-0.011213016,0.016309865,-0.687499,0.003058083,0.18749897,0.0020387664,0.12500204,-0.012232332,-0.7499959,1.0113401,1.0144329,0.9979381,1.0053753,1.047486,1.0651768,1.094041,1.1024208,1.1210428,1.0106145,1.0337988,1.0512104,1.0670391,1.0927994,0.0139602795,0.026397731,0.027513262,0.032027256,0.0358933,-0.004841712,-0.007928443,-0.004018426,-0.0033511268,-0.00181475,0.30071124,0.826902,0.7466134,0.8484846,0.7796626,-0.00093107735,0.0018791431,-0.013035354,-0.01844774,-0.03926435,1.052188,1.0759959,1.10159,1.1125317,1.1583798,0.9909198,0.9909198,0.9909198,0.9909198,0.9909198,1.0184357,1.0595902,1.0651768,1.0996275,1.1202979,0.99962753,1.005959,1.0290502,1.0512104,1.0603352,0.4,0.2,0.1,0.06666667,0.033333335,0.148204,0.10673018,0.082047254,0.07466533,0.05422304,0.2,0.3,0.05,0.033333335,0.25,0.4,0.7,0.85,0.9,0.95,-0.2,-0.4,-0.8,-0.8666667,-0.7,-0.13759807,-0.03843632,0.06542822,-0.08849603,0.50086844,-0.81994873,-0.43045256,-0.41471756,-0.24782108,0.15930769,0.4,0.3,0.45,0.43333334,0.46666667,0.6,0.6,0.5,0.53333336,0.51666665,-0.2,-0.3,-0.05,-0.1,-0.05,0.20689669,0.17592612,0.24623135,0.28000018,0.37547892,0.7931033,0.8240739,0.7537686,0.71999985,0.6245211,-0.5862066,-0.64814776,-0.5075373,-0.43999964,-0.24904215,1.4364418,1.4231055,1.4396144,1.3898797,1.8742784,0.50385046,0.42389315,0.40703693,0.37307256,0.84853905,1.0724077,1.4206843,1.2109067,1.2888744,1.1956918,0.41285735,0.46630406,0.4887051,0.47504288,0.49967518,0.58714265,0.53369594,0.5112949,0.5249571,0.50032485,-0.17428528,-0.06739187,-0.022589775,-0.049914237,-0.0006496502
SZ000625,0.07482004587615944,1.0,,2026-03-26,-0.0118577145,0.016798379,-0.7058845,0.0039525717,0.23529483,0.0009880917,0.05882066,-0.014822194,-0.8823587,1.012,1.016,0.9990001,1.0046862,1.061985,1.0839984,1.104982,1.1130278,1.2050078,1.0142121,1.0461059,1.0669607,1.0831081,1.1248412,0.015176245,0.035671722,0.03307273,0.035717454,0.05297456,-0.006797122,-0.01107145,-0.0047260597,-0.0036344454,-0.002905974,0.5014891,0.88302356,0.71470433,0.8024482,0.91780096,-0.00061794027,0.003715682,-0.022063067,-0.03040862,-0.03911503,1.0670063,1.0929985,1.1220311,1.1299953,1.2070217,0.9960314,0.9960314,0.9960314,0.9960314,0.9960314,1.0190269,1.0824022,1.0872169,1.1131952,1.1833935,1.0031925,1.0120237,1.0340114,1.0739831,1.0839984,0.2,0.1,0.05,0.033333335,0.016666668,0.055915773,0.04092751,0.03149708,0.02962455,0.018809495,0.2,0.3,0.15,0.033333335,0.06666667,0.6,0.8,0.9,0.93333334,0.96666664,-0.4,-0.5,-0.75,-0.9,-0.9,0.091480024,-0.6703266,-0.18896924,-0.29330012,0.32208765,-0.7977548,-0.58889306,-0.19049281,-0.1028155,0.10137441,0.2,0.2,0.4,0.36666667,0.33333334,0.6,0.7,0.55,0.56666666,0.6,-0.4,-0.5,-0.15,-0.2,-0.26666668,0.12235331,0.118644215,0.2135584,0.2768176,0.28893307,0.8776467,0.88135576,0.7864416,0.7231824,0.7110669,-0.75529337,-0.7627116,-0.5728832,-0.4463648,-0.42213386,1.1928881,1.0525515,1.0744524,1.0216153,1.1991752,0.22535561,0.21411806,0.3371169,0.3452192,0.40508342,0.9731892,1.2767696,1.1978599,1.1915969,1.0735924,0.5292765,0.5744646,0.51445794,0.4998164,0.4300497,0.47072348,0.42553538,0.48554203,0.50018364,0.5699503,0.058553014,0.14892922,0.028915929,-0.0003672285,-0.13990061
SZ002252,0.07468136323586098,1.0,,2026-03-26,-0.00511944,0.018771324,-0.27272663,0.01023888,0.54545325,0.003413005,0.18182015,-0.011945315,-0.6363597,1.0051458,1.0154374,0.99656945,1.0047141,1.0497203,1.0737518,1.0806574,1.0823147,1.0959878,1.0048063,1.0334507,1.0530074,1.0618719,1.0767235,0.017048202,0.032630697,0.030817656,0.02814938,0.02631999,-0.0046267495,-0.009741499,-0.0042597675,-0.0024634784,-0.0011342375,0.18413433,0.8169779,0.6687143,0.59355587,0.5664172,0.0044472157,0.010386033,-0.012539577,-0.026151419,-0.043263495,1.0566082,1.0772182,1.0977969,1.0977969,1.1233728,0.9828274,0.9828274,0.9828274,0.9828274,0.9828274,1.0106622,1.0651889,1.0740972,1.0806574,1.0929494,0.9972516,1.0,1.0271114,1.0566258,1.0699675,0.5,0.25,0.125,0.083333336,0.041666668,0.23275141,0.18193078,0.14936659,0.14936659,0.12218538,0.2,0.1,0.1,0.4,0.23333333,0.4,0.7,0.85,0.9,0.95,-0.2,-0.6,-0.75,-0.5,-0.71666664,-0.07735482,-0.007027461,0.14580742,-0.12579127,0.1785386,-0.9015631,-0.73651254,-0.18872605,-0.17270836,0.22838324,0.4,0.2,0.25,0.3,0.38333333,0.6,0.7,0.55,0.53333336,0.53333336,-0.2,-0.5,-0.3,-0.23333333,-0.15,0.21608819,0.16955435,0.26733074,0.30661905,0.39700654,0.7839118,0.83044565,0.7326693,0.69338095,0.6029935,-0.5678236,-0.6608913,-0.46533856,-0.38676187,-0.20598695,1.5332366,1.4924449,1.6000638,1.4328196,1.680311,0.6800939,0.46924654,0.5886275,0.5458321,0.85820895,1.3325126,1.6800401,1.6291393,1.8367304,1.8160256,0.4288026,0.46692795,0.48021156,0.4850387,0.49820894,0.5711974,0.53307205,0.51978844,0.5149613,0.50179106,-0.14239477,-0.06614409,-0.039576914,-0.029922582,-0.003582115
SZ300408,0.07404544929123305,1.0,,2026-03-26,0.0029069823,0.01962209,0.14814846,0.014171517,0.7222227,0.0025435889,0.12962885,-0.0087209465,-0.44444537,0.9971014,1.0141305,0.99456525,1.0017726,1.0136046,1.0186706,1.1947542,0.96012586,0.80941296,0.9805777,0.9915758,1.0334784,1.0417154,0.96375376,0.031962454,0.025458036,0.05414886,0.07389883,0.09962292,0.010609954,-0.0013063592,-0.007878289,-0.0022374906,0.0041601234,0.27547795,0.024137199,0.74088895,0.071047544,0.53185564,-0.0017976029,0.014302847,0.041365363,-0.00927174,-0.08647738,1.0253792,1.035667,1.188766,1.2474777,1.2474777,0.91848516,0.91848516,0.91848516,0.90779775,0.7885856,1.0013727,1.0082119,1.0715692,1.079013,1.0382482,0.9712955,0.98638725,0.9927279,0.9915186,0.86386406,0.8,0.7,0.35,0.33333334,0.6666667,0.76257646,0.69562703,0.30159304,0.27143863,0.46070614,0.2,0.4,0.05,0.3,0.65,0.4,0.7,0.85,0.06666667,0.016666668,-0.2,-0.3,-0.8,0.23333333,0.6333333,-0.700298,-0.37485904,0.3755327,0.57692,0.5046408,-0.5548924,-0.31885454,-0.32098296,0.47204697,0.52612156,0.4,0.4,0.25,0.33333334,0.43333334,0.6,0.6,0.75,0.6333333,0.55,-0.2,-0.2,-0.5,-0.3,-0.11666667,0.46116164,0.46067795,0.30723816,0.5221637,0.56681275,0.5388384,0.539322,0.69276184,0.4778363,0.43318728,-0.077676736,-0.07864408,-0.38552368,0.04432735,0.13362548,1.6603415,1.7315391,1.9021848,2.0494688,1.9115584,0.46704334,0.382485,0.41369954,0.6650295,0.6066642,0.82780844,1.0387193,0.93337464,1.705987,1.6645353,0.28822705,0.34866667,0.37735322,0.43832874,0.49382144,0.711773,0.65133333,0.62264675,0.56167126,0.50617856,-0.42354593,-0.3026667,-0.24529354,-0.12334249,-0.012357089
SH601698,0.0734999684452466,0.75,,2026-03-26,-0.012927003,0.02739304,-0.47190833,0.0030778362,0.11235834,0.011388199,0.41573334,-0.0046166405,-0.16853334,1.0130963,1.0162145,0.9884627,1.0016541,1.059895,1.1398579,1.1589997,1.2284654,0.8082741,0.9965421,1.0313985,1.100463,1.1128743,1.1531336,0.019425157,0.043681454,0.08009477,0.06848179,0.16425832,-0.00321086,-0.012216639,-0.012000825,-0.00529517,-0.0014617967,0.06830519,0.7170026,0.7857456,0.46335232,0.024155669,0.0098796105,0.023576327,0.013544774,-0.036094334,-0.11001064,1.0686487,1.1582226,1.2742203,1.2742203,1.6798394,0.9580687,0.9580687,0.9580687,0.9580687,0.7232698,1.0053103,1.065514,1.1664093,1.1633837,1.2300092,0.98227847,0.9940722,1.0212411,1.053535,1.053535,0.8,0.4,0.2,0.13333334,0.15,0.3791942,0.20949534,0.1326303,0.1326303,0.28929436,0.2,0.1,0.1,0.4,0.21666667,0.6,0.8,0.9,0.93333334,0.033333335,-0.4,-0.7,-0.8,-0.53333336,0.18333334,-0.49350837,0.41249722,0.7268263,0.72685593,0.31822702,-0.5761251,-0.1912178,0.38063097,0.44868585,0.29537907,0.6,0.4,0.55,0.5,0.5833333,0.4,0.6,0.45,0.5,0.41666666,0.2,-0.2,0.1,0.0,0.16666667,0.22443175,0.23384261,0.3623731,0.35591903,0.5325369,0.77556825,0.7661574,0.6376269,0.64408094,0.46746305,-0.5511365,-0.5323148,-0.27525374,-0.28816193,0.0650739,0.9543205,1.052812,1.4478163,1.4728034,3.1759515,0.18634123,0.2012631,0.7169894,0.61616105,2.181141,1.0950539,0.766018,1.4995935,1.4298434,1.2565007,0.5290605,0.48276478,0.45649293,0.41457933,0.4578318,0.47093955,0.5172352,0.54350704,0.58542067,0.5421682,0.05812091,-0.034470435,-0.087014124,-0.17084132,-0.08433638
SZ002028,0.07348950404930658,1.0,,2026-03-26,-0.006708238,0.024990505,-0.26843148,0.013133043,0.52552134,0.005149224,0.20604722,-0.014692057,-0.5879056,1.0067536,1.0199753,0.994816,1.0055612,1.0039941,1.0135539,1.0811388,0.9599074,0.7148284,0.9831828,0.9968609,1.0302627,1.020302,0.92201024,0.022118248,0.024458623,0.044222463,0.052614726,0.1235617,0.011499891,-0.002161216,-0.005166502,0.00054357643,0.0061128554,0.6758122,0.0715721,0.4777222,0.008271957,0.7464837,-0.0061825807,0.012864531,0.018819107,-0.0281839,-0.102339484,1.0258718,1.0485598,1.1372596,1.1372596,1.1372596,0.94930196,0.94930196,0.94930196,0.8941318,0.7003237,1.002473,1.0070001,1.0724154,1.0664995,1.0400074,0.9669933,0.9737471,0.9986113,0.98107034,0.7643394,0.8,0.5,0.25,0.33333334,0.6666667,0.66211516,0.51077133,0.2697314,0.43544278,0.68585885,0.8,0.4,0.3,0.53333336,0.76666665,0.4,0.7,0.85,0.06666667,0.033333335,0.4,-0.3,-0.55,0.46666667,0.73333335,-0.6038499,-0.08682539,0.14742774,0.07332551,0.31730288,-0.16691954,0.02710575,-0.42909735,-0.0004602269,0.20359059,0.4,0.4,0.4,0.43333334,0.46666667,0.6,0.6,0.6,0.56666666,0.53333336,-0.2,-0.2,-0.2,-0.13333334,-0.06666667,0.48171064,0.4694416,0.41896084,0.52432305,0.59996694,0.5182893,0.5305584,0.58103913,0.47567695,0.40003303,-0.0365787,-0.06111683,-0.1620783,0.04864608,0.19993395,1.7160426,1.842981,2.0711622,1.9510102,2.045951,0.44133624,0.38063157,0.49782607,0.49062422,0.7854527,0.6963113,0.6409461,0.77411556,0.7943085,1.262337,0.31852767,0.2807739,0.47094053,0.4733291,0.49422446,0.6814723,0.7192261,0.52905947,0.52667093,0.5057756,-0.36294466,-0.43845218,-0.058118954,-0.05334181,-0.011551097
SZ300033,0.07345514956851887,1.0,,2026-03-26,-0.042297166,0.047652844,-0.88761055,0.0,0.0,0.0053556752,0.112389416,-0.03694149,-0.77522117,1.0441653,1.0441653,0.9944078,1.0148058,1.0858687,1.095068,1.1117415,1.2110536,1.0645468,1.035999,1.0590886,1.0690062,1.0964112,1.1435825,0.024230143,0.030384716,0.027896073,0.04832416,0.07982851,-0.011453851,-0.00792057,-0.0024801367,-0.00469849,-0.002468012,0.5586388,0.62289363,0.27665162,0.73263836,0.29152673,-0.013091246,-0.023445968,-0.045444902,-0.028283121,-0.07077614,1.0944269,1.1365036,1.1365036,1.2076851,1.4654354,0.9944078,0.9944078,0.9944078,0.9944078,0.9944078,1.0527822,1.0819622,1.0916582,1.1394354,1.2057867,1.0246595,1.0337895,1.0495414,1.057829,1.0717827,0.2,0.1,0.05,0.033333335,0.016666668,0.05591141,0.039355207,0.039355207,0.026220374,0.0118723605,0.2,0.3,0.65,0.033333335,0.25,1.0,1.0,1.0,1.0,1.0,-0.8,-0.7,-0.35,-0.96666664,-0.75,-0.47761285,0.07747341,-0.122258514,-0.31524295,0.6959891,-0.7632437,0.42613557,0.26301864,0.19906975,0.6428866,0.2,0.3,0.45,0.36666667,0.41666666,0.8,0.7,0.55,0.6333333,0.5833333,-0.6,-0.4,-0.1,-0.26666668,-0.16666667,0.15301175,0.26761737,0.34452468,0.32019225,0.4773599,0.84698826,0.73238266,0.6554753,0.6798078,0.5226401,-0.69397646,-0.46476528,-0.31095064,-0.35961553,-0.045280218,0.92290974,0.91364664,0.8388554,0.7931254,1.0032672,0.07867249,0.24719518,0.20690018,0.20161253,0.52979505,0.7414278,0.84856546,0.8730434,0.7983586,1.9520916,0.6388664,0.5598077,0.55364305,0.4767754,0.5143244,0.3611336,0.4401923,0.44635695,0.5232246,0.48567557,0.2777328,0.1196154,0.10728612,-0.04644921,0.028648835
SH601668,0.07323206233181342,1.0,,2026-03-26,-0.0060483622,0.0120967245,-0.5,0.0040322416,0.33333334,0.0020161208,0.16666667,-0.008064483,-0.6666667,1.0060852,1.010142,0.9979716,1.0046728,1.0196413,1.0418446,1.0196413,1.0418446,1.0486764,0.99777967,1.0146883,1.0188301,1.0214632,1.0296755,0.012221036,0.020597052,0.016530056,0.014768638,0.017322754,0.00059778086,-0.0057345442,-0.0010896161,-0.00076258916,-0.00069326133,0.005981471,0.71055734,0.15207802,0.20663413,0.48849475,0.001024771,0.011117154,-0.008478704,-0.010405589,-0.00922428,1.0244479,1.0545464,1.0545464,1.0545464,1.0661778,0.977158,0.977158,0.977158,0.977158,0.977158,1.0081981,1.0331341,1.0331341,1.0331341,1.0447481,0.9880444,0.9979505,1.0076857,1.0129803,1.0175918,0.6,0.3,0.15,0.1,0.05,0.48302034,0.2951604,0.2951604,0.2951604,0.25659424,0.2,0.1,0.55,0.7,0.083333336,0.4,0.7,0.85,0.9,0.95,-0.2,-0.6,-0.3,-0.2,-0.8666667,-0.4773809,0.07703295,0.14611164,-0.07342805,-0.45581555,-0.5249783,-0.3816695,-0.14621104,-0.20580566,0.052309103,0.4,0.4,0.5,0.43333334,0.4,0.6,0.6,0.4,0.43333334,0.41666666,-0.2,-0.2,0.1,0.0,-0.016666668,0.36470586,0.30399972,0.44334972,0.41155228,0.4471243,0.63529414,0.6960003,0.5566503,0.5884477,0.5528757,-0.27058828,-0.39200053,-0.11330053,-0.17689542,-0.10575137,1.7611185,1.7856009,1.9725739,1.8276315,1.7828468,0.7849571,0.5842835,0.5722798,0.7246308,0.90764445,1.083629,1.1740965,1.1936772,1.2263414,1.4033381,0.4590581,0.4375097,0.48626187,0.43863901,0.50083375,0.5409419,0.56249034,0.51373816,0.561361,0.49916622,-0.081883766,-0.12498065,-0.027476268,-0.12272197,0.0016675506
SH688126,0.07283325076838579,1.0,,2026-03-26,-0.012429377,0.02429385,-0.5116265,0.007909623,0.3255813,0.0039548483,0.16279218,-0.016384153,-0.67441565,1.0125858,1.020595,0.9959954,1.0081407,1.0667427,1.1169424,1.254421,1.2093554,1.2065032,1.0118654,1.0501426,1.0933257,1.1293211,1.210734,0.018891307,0.044125866,0.061531723,0.073882245,0.102950856,-0.00621792,-0.013694271,-0.009311642,-0.0073232152,-0.004846009,0.2708359,0.8828823,0.8015348,0.7614215,0.67578477,0.0005704717,0.011481623,-0.0048651234,-0.023134528,-0.067776695,1.0771064,1.1301247,1.2567421,1.2847137,1.4297432,0.987432,0.987432,0.987432,0.987432,0.987432,1.0212207,1.0851113,1.1210496,1.1896178,1.3092983,0.998745,1.0059327,1.0369653,1.0763263,1.1143183,0.4,0.2,0.1,0.06666667,0.033333335,0.14015162,0.08807742,0.0466674,0.04227641,0.028414395,0.2,0.1,0.05,0.3,0.18333334,0.4,0.7,0.85,0.9,0.95,-0.2,-0.6,-0.8,-0.6,-0.76666665,0.12839727,-0.023337496,0.49266234,0.5367438,0.81675667,-0.5506995,-0.37705746,-0.2744659,0.273673,0.38384783,0.4,0.3,0.35,0.4,0.43333334,0.6,0.7,0.65,0.6,0.56666666,-0.2,-0.4,-0.3,-0.2,-0.13333334,0.19999973,0.1571906,0.19283742,0.3125639,0.41854188,0.80000025,0.8428094,0.8071626,0.6874361,0.5814581,-0.60000056,-0.6856188,-0.61432517,-0.37487224,-0.16291623,1.5128592,1.4498523,1.6851737,1.7945803,2.6439815,0.3667471,0.2768456,0.5600545,0.71114445,1.3316002,0.940056,1.0600638,1.1589105,1.5033491,1.2064463,0.45185927,0.43511012,0.417431,0.46766627,0.48760033,0.5481407,0.56488985,0.582569,0.53233373,0.5123997,-0.096281454,-0.12977976,-0.16513799,-0.064667456,-0.024799336
SH601988,0.07192403235584734,1.0,,2026-03-26,0.009041572,0.014466516,0.625,0.003616629,0.25,0.0018083145,0.125,0.007233258,0.5,0.99103945,1.0035843,0.9892473,0.9996325,0.99098474,0.962552,0.9445215,0.95839113,1.0159501,0.9855756,0.98231626,0.97104716,0.96662045,0.9742834,0.01327975,0.012206709,0.015206518,0.014835255,0.022396252,0.005339794,0.0024587063,0.0021018207,0.0011182092,-0.0005790058,0.40421203,0.37190112,0.66865146,0.44030923,0.20385201,0.0037448031,0.006619582,0.008985526,0.01716551,0.04279725,1.0035843,1.0035843,1.0035843,1.0035843,1.032423,0.95347375,0.95347375,0.9407054,0.9407054,0.93712175,0.9955617,0.99167824,0.985853,0.98099864,0.9944522,0.97711515,0.967129,0.96005553,0.95423025,0.95492375,1.0,1.0,1.0,1.0,0.85,0.9284736,0.9284736,0.94299793,0.94299793,0.6597841,1.0,1.0,1.0,1.0,0.11666667,0.4,0.7,0.1,0.4,0.38333333,0.6,0.3,0.9,0.6,-0.26666668,-0.7775501,0.15820086,0.46495464,0.5390003,0.14173199,-0.71192825,-0.13814071,0.17517665,0.12553994,0.10544886,0.6,0.7,0.65,0.53333336,0.46666667,0.4,0.2,0.25,0.33333334,0.45,0.2,0.5,0.4,0.2,0.016666668,0.5764707,0.7142858,0.6801802,0.6,0.48238894,0.4235293,0.28571418,0.3198198,0.4,0.5176111,0.1529414,0.42857164,0.3603604,0.2,-0.035222117,1.1531605,1.1081803,1.0063432,0.9180442,1.0115045,0.249376,0.24135703,0.3571492,0.32735515,0.32585374,0.8071006,1.0170664,1.1594868,1.2141523,1.0614604,0.41169918,0.56561375,0.5347708,0.50058746,0.5122703,0.5883008,0.43438625,0.4652292,0.49941254,0.48772973,-0.17660165,0.13122751,0.06954155,0.0011748974,0.02454053
SZ002594,0.06958505819157873,0.75,,2026-03-26,-0.032639284,0.046707887,-0.698796,0.009941816,0.21285091,0.0041267863,0.08835309,-0.038454317,-0.8232938,1.0337405,1.0440178,0.995734,1.0133969,0.99196154,0.9608242,0.87113863,0.86427057,0.91496503,1.0219964,1.0066001,0.9676414,0.9381225,0.92976224,0.020947972,0.02436906,0.04748805,0.0574362,0.04740463,-0.00079152227,0.0048458334,0.007303,0.006123456,0.0008052166,0.0035692938,0.36246902,0.8277554,0.8808937,0.08800022,-0.020413322,-0.028406397,-0.037019935,-0.026912624,0.046483885,1.0841743,1.0841743,1.0841743,1.0841743,1.0841743,0.9847001,0.9530848,0.8504948,0.8504948,0.8326691,1.0358618,1.0336198,1.0028704,0.9976963,0.967606,0.99979055,0.99076045,0.92916316,0.8794234,0.8833349,0.4,0.6,0.8,0.8666667,0.93333334,0.15380801,0.3578868,0.6397876,0.6397876,0.66531813,0.4,0.7,0.85,0.9,0.95,0.2,0.1,0.1,0.4,0.48333332,0.2,0.6,0.75,0.5,0.46666667,0.6169513,0.73548687,0.54855675,0.7971515,0.64716935,0.6897412,0.76731086,0.8897501,0.87497246,0.71965164,0.4,0.5,0.45,0.5,0.48333332,0.6,0.5,0.55,0.5,0.51666665,-0.2,0.0,-0.1,0.0,-0.033333335,0.5422467,0.6069987,0.6696675,0.64683145,0.5552266,0.4577533,0.39300132,0.3303325,0.35316855,0.44477338,0.08449339,0.21399738,0.33933502,0.29366288,0.11045323,1.1649076,1.0169317,0.948274,0.74263114,0.62030345,0.57064366,0.45533413,0.4352012,0.46212062,0.37414804,1.3679236,1.3150901,1.4473193,1.7563212,1.9451003,0.5585568,0.54425514,0.53411895,0.52634674,0.52409804,0.4414432,0.4557449,0.46588102,0.47365326,0.47590193,0.11711361,0.08851023,0.06823796,0.052693497,0.04819611
SH601838,0.0693332999554614,1.0,,2026-03-26,0.0052878777,0.019389018,0.2727254,0.011750917,0.60606045,0.002350223,0.121214144,-0.004112816,-0.2121209,0.99473995,1.0116891,0.9924021,1.0050131,1.0012362,1.0053564,0.94602394,0.93860734,0.96621346,0.99241865,1.0003709,0.99252164,0.97983795,0.9590441,0.011387294,0.01222815,0.017023843,0.023462456,0.028611736,0.0024721792,-0.0020601584,0.0015883343,0.0020811479,0.0011599846,0.11783081,0.26019034,0.30467495,0.60976243,0.5013209,0.0026370056,0.008899868,-0.0076108263,-0.010014596,0.0067363544,1.0116891,1.0254859,1.0254859,1.0254859,1.0254859,0.96771896,0.96771896,0.9390125,0.9362696,0.8983245,0.99901116,1.0083231,1.005686,1.0014833,0.99068815,0.99019367,0.99596214,0.97915125,0.95632464,0.93860734,1.0,0.5,0.65,0.76666665,0.8833333,0.7341581,0.5588153,0.70527476,0.7143361,0.7995785,1.0,0.3,0.65,0.76666665,0.8833333,0.4,0.7,0.1,0.3,0.3,0.6,-0.4,0.55,0.46666667,0.5833333,-0.80788726,-0.25036883,-0.17894678,0.19184181,-0.33315352,-0.8195769,-0.6335993,0.34105086,0.29654688,0.109335944,0.4,0.4,0.5,0.5,0.4,0.6,0.6,0.5,0.5,0.5833333,-0.2,-0.2,0.0,0.0,-0.18333334,0.48965475,0.4713656,0.65126985,0.6264853,0.5358391,0.5103453,0.52863437,0.34873015,0.37351468,0.46416092,-0.020690523,-0.05726878,0.3025397,0.2529706,0.07167816,1.1284568,1.1625903,1.4199626,1.3089501,1.520041,0.24691683,0.24719189,0.57730675,0.53205085,0.6081841,1.1228306,1.1056352,1.6833462,1.6938263,1.4398452,0.54233855,0.46381006,0.49745202,0.49191698,0.5011525,0.45766142,0.5361899,0.502548,0.508083,0.49884748,0.08467715,-0.07237987,-0.0050959717,-0.016166007,0.0023050094
SH603288,0.06897148955771737,1.0,,2026-03-26,0.00054161856,0.016517805,0.032789987,0.012726767,0.77048784,0.0032494187,0.19672218,-0.00893573,-0.5409757,0.9994587,1.0127199,0.996211,1.0034063,1.0341088,1.0018796,0.96995836,0.97411793,1.0162686,0.9999445,1.0196487,1.0039608,0.99805677,0.9950557,0.015663357,0.024521964,0.027192688,0.02569286,0.026250402,-0.002951765,-0.006036707,0.0023079033,0.0012709303,1.9651647e-05,0.08878382,0.55552185,0.25211516,0.18963575,0.00017093298,0.005959048,0.0075164754,-0.025885914,-0.01648525,0.004364598,1.039528,1.0744343,1.0744343,1.0744343,1.0744343,0.9780696,0.9780696,0.95398736,0.95398736,0.9351687,1.0059589,1.0424834,1.0263195,1.0199292,1.0185857,0.9899183,0.9983731,0.9754737,0.9730888,0.9709012,0.6,0.3,0.4,0.5,0.51666665,0.3568335,0.22757722,0.38201597,0.38201597,0.46552286,0.2,0.3,0.65,0.76666665,0.8833333,0.4,0.7,0.1,0.4,0.43333334,-0.2,-0.4,0.55,0.36666667,0.45,-0.65246344,0.46528086,0.44424358,0.4970408,0.035447244,-0.93770236,-0.0899587,0.14162469,0.46146417,0.41233587,0.4,0.5,0.55,0.46666667,0.41666666,0.6,0.5,0.45,0.53333336,0.5833333,-0.2,0.0,0.1,-0.06666667,-0.16666667,0.2649681,0.49351203,0.56118995,0.5347568,0.4874477,0.7350319,0.50648797,0.43881002,0.4652432,0.51255226,-0.4700638,-0.012975902,0.12237995,0.069513604,-0.025104567,1.3061945,1.7562243,1.562164,1.5965686,1.4723076,0.52760583,0.7446307,0.62717,0.8637708,0.73698014,1.5080508,0.9765963,1.0476773,1.6641378,1.6831492,0.45282975,0.5004618,0.5037638,0.48967522,0.4955554,0.5471703,0.49953818,0.49623618,0.5103248,0.5044446,-0.09434052,0.0009236575,0.007527639,-0.020649552,-0.008889216
SH601825,0.06846141530417772,1.0,,2026-03-26,0.014689219,0.021469008,0.6842057,0.003389895,0.15789713,0.003389895,0.15789713,0.014689219,0.6842057,0.9855234,1.0033408,0.9821826,0.9987384,0.98236775,0.9622166,0.93198997,0.929471,1.0151134,0.9835433,0.9856423,0.96444166,0.95925,0.9707529,0.014861673,0.010878885,0.023904493,0.021725167,0.03313037,0.006968922,0.000249346,0.003501828,0.0016157521,-0.0008818107,0.5497127,0.0048155673,0.7511015,0.42867178,0.21607171,0.002518885,0.013235602,0.002290968,0.017321646,0.055260524,1.0033408,1.0033408,1.0033408,1.0033408,1.0475477,0.9560853,0.9560853,0.9208551,0.9208551,0.9132613,0.99193954,0.99143577,0.99009234,0.9835433,1.0050378,0.9753149,0.98035264,0.93971455,0.93904287,0.93904287,1.0,1.0,1.0,1.0,0.76666665,0.929303,0.929303,0.9594982,0.9594982,0.645923,1.0,1.0,1.0,1.0,0.13333334,0.4,0.7,0.2,0.46666667,0.48333332,0.6,0.3,0.8,0.53333336,-0.35,-0.15771726,-0.22245954,-0.0035460636,0.105283715,-0.1866068,-0.48460743,-0.3028823,-0.23566742,-0.056924794,0.025367556,0.4,0.5,0.6,0.56666666,0.43333334,0.6,0.5,0.4,0.43333334,0.5,-0.2,0.0,0.2,0.13333334,-0.06666667,0.6363639,0.6744188,0.676856,0.633758,0.48584902,0.36363608,0.32558122,0.32314405,0.366242,0.514151,0.27272788,0.34883758,0.3537119,0.26751602,-0.028301938,0.7693581,0.7105035,0.6925034,0.66747564,0.8118683,0.2583024,0.23374814,0.20766935,0.2107861,0.34694287,0.8826848,0.9395645,0.8740588,1.0686374,1.066083,0.6662193,0.5450669,0.5743907,0.5215946,0.5151067,0.33378074,0.45493308,0.42560926,0.47840542,0.48489332,0.33243853,0.09013382,0.14878148,0.043189187,0.030213354
SZ002460,0.06799633639756139,0.875,,2026-03-26,0.029273935,0.05343187,0.54787403,0.019042162,0.3563821,0.0051157726,0.09574384,0.015347545,0.2872358,0.97155863,1.0185006,0.9665884,0.99951166,0.8758827,0.9595522,1.0059386,0.9271041,0.90115154,0.9589427,0.94780076,0.9492987,0.9420522,0.94310826,0.029210841,0.035058793,0.032817725,0.037610646,0.04037775,0.018016389,0.0026933176,-0.0002508978,0.00139598,0.00047493802,0.95101494,0.05409943,0.0020457136,0.10676736,0.042197768,0.0050245146,0.040079296,0.053084876,0.037706085,0.042881086,1.0185006,1.0185006,1.0185006,1.0313425,1.0513667,0.873399,0.8716027,0.86994326,0.84205985,0.84205985,0.98012084,0.97482294,0.97482294,0.97482294,0.9756199,0.93262875,0.9288174,0.9260571,0.914459,0.9101534,1.0,1.0,0.95,0.93333334,0.8833333,0.8724991,0.8740582,0.87546504,0.83441406,0.75458664,1.0,1.0,1.0,0.33333334,0.38333333,0.2,0.5,0.35,0.06666667,0.53333336,0.8,0.5,0.65,0.26666668,-0.15,-0.24891585,0.26452646,0.22922611,0.43050072,0.36569622,0.9331764,0.39998746,0.253869,0.26572257,0.39798805,1.0,0.7,0.6,0.6333333,0.55,0.0,0.3,0.4,0.36666667,0.45,1.0,0.4,0.2,0.26666668,0.1,1.0,0.5849157,0.49285758,0.5579165,0.5369284,0.0,0.4150843,0.5071424,0.44208348,0.4630716,1.0,0.16983141,-0.014284828,0.115833044,0.073856786,0.9390018,0.73956174,0.6457995,0.6099796,0.75409955,0.14430112,0.2424965,0.21395047,0.21830095,0.2645604,0.9802858,1.023833,1.1358377,1.0790539,0.96567106,0.6846556,0.65746886,0.50703794,0.5565704,0.5021085,0.3153444,0.34253117,0.4929621,0.4434296,0.4978915,0.3693112,0.31493765,0.014075838,0.113140844,0.0042170016
SZ002142,0.06774701709731475,1.0,,2026-03-26,0.0026368073,0.0131838955,0.20000213,0.00922872,0.69999945,0.0013183684,0.09999839,-0.005273544,-0.39999893,0.9973701,1.0092045,0.99605525,1.0030166,0.99280196,1.0342575,1.0183951,1.042122,0.9398827,0.99194884,1.0015062,1.0212677,1.0286057,0.99373275,0.014186222,0.016957883,0.024846146,0.025743466,0.04648243,0.0017595314,-0.0037493003,-0.003709185,-0.0023265276,0.0018728692,0.03845923,0.44809344,0.78002214,0.6329714,0.49515036,0.0045321193,0.015365587,0.013969601,0.005128952,-0.048982415,1.0115782,1.0385016,1.071055,1.0821507,1.0821507,0.96322864,0.96322864,0.96322864,0.96322864,0.9112438,1.0010663,1.018635,1.042122,1.0516129,1.0348973,0.9836577,0.99168223,0.99773395,1.0042655,0.942362,0.8,0.6,0.3,0.2,0.5,0.76053077,0.48850715,0.3410239,0.30920574,0.5193249,0.2,0.3,0.1,0.06666667,0.53333336,0.4,0.7,0.85,0.9,0.083333336,-0.2,-0.4,-0.75,-0.8333333,0.45,-0.62677586,-0.35587832,-0.0047515733,0.31098968,-0.16286859,-0.71936166,-0.6485664,-0.31438306,-0.111418635,0.24041294,0.8,0.4,0.4,0.36666667,0.45,0.2,0.6,0.55,0.6,0.53333336,0.6,-0.2,-0.15,-0.23333333,-0.083333336,0.545608,0.35769638,0.45838353,0.4348185,0.54096276,0.454392,0.6423036,0.54161644,0.5651815,0.45903724,0.091216005,-0.2846072,-0.08323293,-0.13036297,0.081925526,1.53846,1.6387297,1.6298356,1.7264566,2.2513175,0.65102255,0.60480803,0.5243463,0.6534259,1.0155302,1.1305153,1.1675386,1.1801901,1.1882491,1.3261123,0.37219554,0.48745856,0.49934673,0.4497623,0.4978296,0.62780446,0.5125415,0.50065327,0.55023766,0.5021704,-0.25560895,-0.0250829,-0.0013065172,-0.10047534,-0.004340818
SH600522,0.06693378894214816,0.75,,2026-03-26,-0.019413918,0.050549466,-0.38405785,0.028571388,0.5652164,0.0025641592,0.050725743,-0.045421146,-0.89854854,1.0197983,1.0489353,0.9973851,1.0229896,0.96749383,1.1296089,1.0306356,0.84050375,0.7366255,0.9812445,1.0010808,1.0412707,0.9971415,0.8610653,0.03704813,0.052172318,0.061007984,0.0896316,0.15602191,0.017599884,-0.008125142,-0.0069734445,0.004610379,0.008025739,0.56419206,0.22232746,0.45728755,0.20504664,0.80704683,-0.016444275,0.03548242,0.024977032,-0.06399197,-0.097824655,1.0489353,1.1856558,1.188627,1.188627,1.188627,0.9189291,0.9189291,0.9189291,0.76055497,0.6626927,1.0067257,1.0381843,1.0930955,1.077466,1.0243504,0.9555305,0.9659974,0.9755746,0.9348464,0.6909174,0.8,0.7,0.35,0.53333336,0.76666665,0.6235925,0.30394745,0.300599,0.5593569,0.6413488,1.0,0.1,0.1,0.4,0.7,0.4,0.7,0.85,0.033333335,0.26666668,0.6,-0.6,-0.75,0.36666667,0.43333334,0.79465556,0.3917235,0.70386237,0.17508051,0.41442004,0.69667554,0.30565003,0.46196818,0.25510705,0.34191805,0.4,0.3,0.45,0.53333336,0.53333336,0.6,0.7,0.55,0.46666667,0.45,-0.2,-0.4,-0.1,0.06666667,0.083333336,0.601876,0.318721,0.477592,0.57273936,0.58488744,0.39812398,0.681279,0.522408,0.42726064,0.41511253,0.20375206,-0.362558,-0.04481601,0.14547871,0.16977493,1.1371311,1.1215028,1.4076468,1.4207902,1.3152797,0.25735208,0.23430052,0.44014668,0.39615488,0.42490995,0.8226179,0.8071036,0.83050066,0.7341968,0.9223643,0.56400466,0.4348471,0.49763358,0.4886047,0.47738147,0.43599534,0.56515294,0.5023664,0.5113953,0.52261853,0.12800932,-0.13030584,-0.0047328314,-0.022790585,-0.04523705
SZ000768,0.06578204568309748,1.0,,2026-03-26,-0.019928252,0.023515342,-0.84745747,0.0,0.0,0.0035870895,0.15254252,-0.016341163,-0.69491494,1.0203334,1.0203334,0.99634,1.0053477,1.0475471,1.1105813,1.2610606,1.2419379,1.002408,1.0113792,1.0454082,1.1166345,1.1515872,1.1506776,0.018730467,0.040071532,0.08472031,0.086110584,0.084970765,-0.004513893,-0.012086585,-0.013805138,-0.008519469,-0.00011447174,0.14519286,0.83396304,0.9293396,0.7586014,0.0005535506,-0.0023514244,0.008981431,0.014514374,-0.028054995,-0.14730068,1.0565274,1.112631,1.2830217,1.2830217,1.2997092,0.9857575,0.9857575,0.9857575,0.9857575,0.98371845,1.026753,1.0862741,1.18151,1.2256764,1.2264035,0.9986968,1.0012844,1.0350536,1.0713065,1.0456017,0.4,0.2,0.1,0.06666667,0.05,0.20125087,0.1122574,0.047911886,0.047911886,0.051525336,0.2,0.1,0.05,0.36666667,0.35,0.4,0.7,0.85,0.9,0.033333335,-0.2,-0.6,-0.8,-0.53333336,0.31666666,-0.43802458,-0.4161858,0.73211443,0.7395261,0.6670121,-0.47962004,-0.4870519,-0.11477284,0.10572632,0.47514233,0.4,0.4,0.4,0.5,0.51666665,0.6,0.6,0.6,0.5,0.48333332,-0.2,-0.2,-0.2,0.0,0.033333335,0.28099203,0.20812605,0.23897666,0.32279718,0.4992401,0.71900797,0.79187393,0.76102334,0.6772028,0.5007599,-0.43801597,-0.5837479,-0.5220467,-0.35440567,-0.0015198246,1.2014471,1.1415578,1.721375,1.8273972,2.3764234,0.25511673,0.21936119,0.81265616,0.7174319,1.2562639,0.8860949,0.91351867,1.399565,1.3124604,1.458656,0.42133275,0.33554375,0.4161959,0.43065768,0.49987704,0.5786672,0.66445625,0.5838041,0.5693423,0.50012296,-0.1573345,-0.3289125,-0.1676082,-0.13868465,-0.00024595196
SH601939,0.06558276868032036,1.0,,2026-03-26,0.008546995,0.01602565,0.5333322,0.005341883,0.33333334,0.0021367706,0.13333443,0.005341883,0.33333334,0.9915254,1.0052966,0.98940676,0.9976677,0.9893843,0.9639066,0.9129511,0.92356694,0.973673,0.9892144,0.9836093,0.96403396,0.953121,0.9520948,0.011518336,0.010993429,0.02436701,0.02626232,0.024440423,0.0037367481,0.002702181,0.0038906187,0.0024876904,6.761724e-05,0.26311654,0.5538267,0.8922795,0.6953895,0.0023345188,0.0033120818,0.0042308513,-0.0009948357,0.010807487,0.04591047,1.0052966,1.0052966,1.0052966,1.0052966,1.0052966,0.9649797,0.95777243,0.90258944,0.90258944,0.90258944,0.9959236,0.99388534,0.98768574,0.9785138,0.9749469,0.9838641,0.9719745,0.94607216,0.9312102,0.92356694,1.0,1.0,1.0,1.0,1.0,0.8686256,0.8885491,0.94842994,0.94842994,0.94842994,1.0,1.0,1.0,1.0,1.0,0.4,0.1,0.1,0.4,0.7,0.6,0.9,0.9,0.6,0.3,-0.99016523,0.007062809,-0.16615301,0.061424725,-0.2562027,-0.95374644,-0.3850845,0.23453788,0.089428484,0.056047823,0.8,0.8,0.75,0.6333333,0.53333336,0.2,0.2,0.2,0.33333334,0.45,0.6,0.6,0.55,0.3,0.083333336,0.59259254,0.7033491,0.7543425,0.66245484,0.5284404,0.40740746,0.29665086,0.24565752,0.3375452,0.47155958,0.18518507,0.40669826,0.508685,0.32490963,0.056880813,1.2247946,1.1250623,1.2091669,1.1440786,1.1468197,0.28089282,0.2659253,0.378495,0.34532008,0.31737798,0.94271916,1.0061648,1.0569888,1.0649478,0.945988,0.38053763,0.49494734,0.50255716,0.48957112,0.50856674,0.6194624,0.5050526,0.49744287,0.51042885,0.4914333,-0.23892474,-0.0101053,0.005114283,-0.020857748,0.017133437
SH601236,0.06301499704897462,1.0,,2026-03-26,-0.013836485,0.022641499,-0.6111117,0.0062892777,0.27777654,0.002515736,0.11111172,-0.017610027,-0.77777654,1.0140306,1.0204082,0.997449,1.0069178,1.0427808,1.0149733,1.0363636,1.0545454,1.0673797,1.011123,1.0208555,1.0195187,1.0268805,1.0427451,0.013068275,0.016009081,0.01480699,0.01666797,0.02247842,-0.0045989268,-0.002547397,-0.00051063445,-0.0012044278,-0.0010378404,0.3096111,0.23209824,0.041625045,0.4046671,0.6501737,-0.0019251292,-0.009392316,-0.014667677,-0.009416353,-0.012128795,1.0476042,1.0542679,1.0542679,1.0600603,1.1010398,0.98489696,0.98489696,0.98489696,0.98489696,0.98489696,1.0181818,1.033369,1.0331551,1.0427808,1.0566845,0.9997861,1.0085561,1.0062032,1.0106952,1.0235294,0.4,0.2,0.1,0.06666667,0.033333335,0.24084996,0.217714,0.217714,0.20093614,0.13003837,0.2,0.4,0.7,0.033333335,0.25,0.4,0.7,0.85,0.9,0.95,-0.2,-0.3,-0.15,-0.8666667,-0.7,-0.046534836,0.36719513,0.24108158,0.04059341,0.21388441,-0.8509508,-0.18631645,-0.20171489,-0.018946806,0.09786775,0.4,0.5,0.5,0.43333334,0.43333334,0.6,0.4,0.4,0.5,0.5,-0.2,0.1,0.1,-0.06666667,-0.06666667,0.21428572,0.4313727,0.40000007,0.38864633,0.4334038,0.78571427,0.5686273,0.5999999,0.6113537,0.5665962,-0.5714286,-0.13725461,-0.19999985,-0.22270735,-0.13319245,1.4343911,1.4400511,1.2283453,1.1383727,1.2001739,0.42755422,0.42108306,0.4605811,0.41275406,0.42487106,1.0064236,1.140707,1.2684989,1.3014902,1.1203161,0.2717663,0.52814096,0.514118,0.4701582,0.51356333,0.7282337,0.47185907,0.48588198,0.5298418,0.48643667,-0.4564674,0.05628188,0.028236026,-0.059683617,0.027126653
SH600346,0.06244041369479111,1.0,,2026-03-26,-0.01720929,0.03255816,-0.52857065,0.009767478,0.3000009,0.0055813952,0.17142844,-0.021395372,-0.6571431,1.0175107,1.0274491,0.99432087,1.0093248,1.0070838,1.0638771,1.1968617,1.1760637,0.94794285,0.98334503,1.0185536,1.0827746,1.1162486,1.1232288,0.02534042,0.046264175,0.09241919,0.089950286,0.09114553,0.009888383,-0.010962807,-0.013932272,-0.008402557,-0.00027255106,0.3806825,0.5147132,0.7954037,0.67626905,0.0027272494,-0.0031217774,0.030779017,0.04958197,0.0055884095,-0.11518849,1.0345407,1.1150067,1.2777947,1.2777947,1.2901025,0.93754023,0.93754023,0.93754023,0.93754023,0.926637,1.0035007,1.055006,1.2003871,1.2012355,1.2158972,0.9600676,0.9757753,1.005667,1.0364482,1.041547,0.8,0.4,0.2,0.13333334,0.13333334,0.6439122,0.35195267,0.18356787,0.18356787,0.20184308,0.8,0.1,0.15,0.43333334,0.38333333,0.6,0.8,0.9,0.93333334,0.033333335,0.2,-0.7,-0.75,-0.5,0.35,-0.2587912,0.25310388,0.3638491,0.045252677,0.24680154,0.59041965,0.14172332,-0.13061595,0.09746557,0.22702892,0.4,0.4,0.4,0.43333334,0.5,0.6,0.6,0.6,0.56666666,0.5,-0.2,-0.2,-0.2,-0.13333334,0.0,0.47131407,0.39569595,0.36902672,0.41117805,0.51465815,0.5286859,0.6043041,0.6309733,0.58882195,0.48534188,-0.05737187,-0.20860809,-0.2619466,-0.17764391,0.029316261,1.7337718,1.9989063,2.3865566,2.1799607,1.9638317,0.47554272,0.6603883,0.75120395,0.77491677,0.7204672,0.9639794,0.9297954,1.0443194,1.1392307,1.2616184,0.22839572,0.3384939,0.48647743,0.47572118,0.49031904,0.7716043,0.66150606,0.51352257,0.5242788,0.509681,-0.5432086,-0.32301217,-0.02704513,-0.04855763,-0.019361924
SH601390,0.061741912072330665,0.875,,2026-03-26,-0.018214969,0.023679411,-0.7692324,0.00182146,0.07692168,0.0036429816,0.15384595,-0.016393447,-0.69230807,1.0185529,1.0204082,0.99628943,1.0067008,1.0377114,1.096229,1.1417425,1.0572171,0.9986996,1.0096229,1.0378413,1.0730169,1.0683138,1.0458387,0.015237323,0.035137013,0.048555948,0.050364748,0.04591437,-0.0032509794,-0.010631675,-0.0075921286,-0.0010865999,0.001162619,0.1138023,0.8392381,0.85567784,0.03607345,0.19555883,-0.0031209416,0.010001164,-0.00089171017,-0.052558158,-0.08013603,1.0447545,1.1268647,1.1801846,1.2001845,1.2001845,0.98533046,0.98533046,0.98533046,0.98533046,0.9833024,1.0205462,1.0626788,1.1006502,1.1053317,1.0941483,0.99817944,1.0072823,1.0275682,1.0202861,1.0049415,0.4,0.2,0.1,0.06666667,0.09166667,0.2468618,0.103646465,0.07528467,0.068276726,0.076989286,0.2,0.1,0.05,0.3,0.65,0.4,0.7,0.85,0.9,0.3,-0.2,-0.6,-0.8,-0.6,0.35,-0.5619281,0.5470726,0.69494593,0.7358289,0.5895926,-0.8517372,-0.5006075,-0.3277487,0.53282154,0.4196312,0.4,0.3,0.35,0.4,0.45,0.6,0.7,0.6,0.56666666,0.46666667,-0.2,-0.4,-0.25,-0.16666667,-0.016666668,0.29577434,0.20634876,0.2895753,0.45022625,0.5005767,0.70422566,0.7936512,0.7104247,0.54977375,0.4994233,-0.4084513,-0.58730245,-0.42084938,-0.09954748,0.001153391,1.2027634,1.4495165,1.6795405,1.8745754,1.7254273,0.38350055,0.53989017,0.55112505,1.1207945,1.4753311,1.051644,1.0179657,0.9072886,1.9649507,2.077222,0.40149465,0.4362358,0.41399488,0.46445724,0.5088952,0.5985053,0.5637642,0.58600515,0.5355428,0.49110475,-0.19701067,-0.12752846,-0.17201026,-0.071085535,0.017790487
SH600845,0.061316084614953616,0.75,,2026-03-26,-0.016744178,0.026511645,-0.63157827,0.006046554,0.22807162,0.0037209128,0.14035013,-0.019069819,-0.71929973,1.0170293,1.0231788,0.9962157,1.0104027,1.0704815,1.1258248,1.1437998,1.0728556,0.96405005,0.99962384,1.0321206,1.0706496,1.0831453,1.0764912,0.0242908,0.0414534,0.05419014,0.051066786,0.06421271,-0.00028673126,-0.009538066,-0.0065602073,-0.0032615087,0.00065775303,0.0003483425,0.48530167,0.51293534,0.3161271,0.032002475,0.00094961625,0.010800681,-0.008327673,-0.035853397,-0.09589496,1.0756912,1.1191915,1.1650988,1.1650988,1.2336748,0.9621695,0.9621695,0.9621695,0.9621695,0.9422787,1.0222236,1.0711414,1.1277179,1.1354814,1.1313189,0.97740024,0.9957452,1.0247024,1.0445706,0.9986742,0.6,0.3,0.15,0.1,0.21666667,0.3332445,0.2409246,0.18642195,0.18642195,0.19808541,0.2,0.1,0.4,0.6,0.25,0.6,0.8,0.9,0.93333334,0.033333335,-0.4,-0.7,-0.5,-0.33333334,0.21666667,0.35238555,0.6211622,0.4571987,0.547779,0.78174627,0.37872514,0.29128695,0.29303965,0.45858568,0.60209274,0.4,0.3,0.4,0.46666667,0.48333332,0.6,0.7,0.55,0.5,0.5,-0.2,-0.4,-0.15,-0.033333335,-0.016666668,0.29127103,0.325881,0.3671225,0.45137662,0.51280415,0.70872897,0.674119,0.63287747,0.5486234,0.48719582,-0.41745797,-0.348238,-0.265755,-0.097246766,0.025608351,1.628788,1.8774391,1.9884005,2.034457,2.3179693,0.46939355,0.57534826,0.6331068,0.67659265,1.5607582,0.6995313,0.79262966,1.0322487,1.0101537,1.4448382,0.33981115,0.47261545,0.42277625,0.4860403,0.50143266,0.66018885,0.5273845,0.5772237,0.5139597,0.49856734,-0.3203777,-0.054769084,-0.15444748,-0.02791939,0.0028653152
SH600519,0.0610008311389247,1.0,,2026-03-26,-0.005550023,0.009652281,-0.574996,0.0034776984,0.36029807,0.00062455994,0.06470594,-0.008403162,-0.8705881,1.005581,1.0090781,0.99937195,1.0023667,1.0368903,0.993448,1.0464107,1.0883683,1.0050521,1.0094132,1.0243034,1.0158135,1.0340668,1.0162537,0.012455034,0.021800447,0.020267943,0.03278463,0.036025003,-0.006097735,-0.0044979863,0.00019329262,-0.0025903978,0.0005627564,0.5992213,0.3902266,0.0031833127,0.48383138,0.07442737,0.0027821932,-0.0040625376,-0.017649755,0.003493944,-0.032855056,1.0437632,1.0691483,1.0691483,1.1190563,1.1190563,0.999179,0.99344766,0.98716754,0.98716754,0.943497,1.0114442,1.0433375,1.0371971,1.0616844,1.0471169,1.0035111,1.0048113,0.9998315,1.0003996,0.9931225,0.2,0.1,0.275,0.18333334,0.34166667,0.01841495,0.086556055,0.15652987,0.09729742,0.32184556,0.2,0.3,0.65,0.06666667,0.53333336,0.4,0.1,0.35,0.56666666,0.41666666,-0.2,0.2,0.3,-0.5,0.11666667,-0.13951178,0.5238642,0.43153137,0.6552309,0.1331697,-0.915107,0.18880464,0.060843952,-0.023886826,0.34710398,0.2,0.4,0.3,0.3,0.33333334,0.8,0.6,0.7,0.7,0.6666667,-0.6,-0.2,-0.4,-0.4,-0.33333334,0.051063508,0.5251248,0.3807187,0.3657049,0.4963971,0.9489365,0.47487524,0.6192813,0.6342951,0.50360286,-0.897873,0.050249517,-0.2385626,-0.26859018,-0.007205777,1.3089432,1.5595877,1.5057522,1.7139195,2.042185,0.42068076,0.5290733,0.44240084,0.67371976,1.2078269,1.6047069,1.1070666,1.2215887,1.1312461,2.5644746,0.42697302,0.4798928,0.47126466,0.34578097,0.5016523,0.57302696,0.5201072,0.52873534,0.65421903,0.4983477,-0.14605395,-0.040214427,-0.05747066,-0.30843803,0.0033046142
SZ000002,0.060982822316060024,0.875,,2026-03-26,-0.014634216,0.026829246,-0.5454576,0.009756069,0.3636356,0.002438961,0.09090681,-0.021951323,-0.8181864,1.0148516,1.0247525,0.9975248,1.0095656,1.1138704,1.1509918,1.1930716,1.2128788,1.2203029,1.020303,1.083175,1.122407,1.1529765,1.172283,0.031721696,0.07071038,0.06407299,0.06852684,0.05548002,-0.012378765,-0.021602552,-0.008979732,-0.006688462,-0.0016651907,0.38069907,0.85556924,0.68745583,0.73829985,0.2747607,0.004454533,0.014036597,-0.037099533,-0.055993844,-0.1231599,1.1213001,1.1782262,1.1980301,1.2549577,1.2821834,0.9925798,0.9925798,0.9925798,0.9925798,0.9925798,1.0306997,1.1534711,1.1613911,1.208427,1.2108953,0.99901104,1.0099063,1.0633773,1.1376281,1.1529752,0.4,0.2,0.1,0.06666667,0.033333335,0.05764592,0.039969523,0.036116738,0.028280575,0.025621906,0.2,0.3,0.05,0.3,0.43333334,0.4,0.7,0.85,0.9,0.95,-0.2,-0.4,-0.8,-0.6,-0.51666665,0.30969068,0.056772083,-0.12823455,0.41276786,0.5492949,-0.74550426,-0.23793897,-0.3264499,0.0033332095,0.41087595,0.4,0.4,0.4,0.43333334,0.43333334,0.6,0.5,0.5,0.5,0.5,-0.2,-0.1,-0.1,-0.06666667,-0.06666667,0.15150504,0.16485244,0.21327123,0.2932772,0.41325712,0.84849495,0.83514756,0.7867288,0.7067228,0.5867429,-0.69698995,-0.6702951,-0.57345754,-0.4134456,-0.17348576,1.5498614,1.4956646,1.3600051,1.7542874,2.2926066,0.71906275,0.52452785,0.46301594,0.7824554,1.2283462,1.2051033,1.4302443,1.5856507,1.308238,1.3667216,0.35942584,0.5109367,0.36748463,0.41656715,0.4920698,0.64057416,0.48906332,0.6325154,0.58343285,0.5079302,-0.28114828,0.021873362,-0.26503074,-0.16686569,-0.015860379
SH600372,0.060083390225377856,0.875,,2026-03-26,-0.01684536,0.02143949,-0.7857164,0.0,0.0,0.0045941304,0.21428356,-0.01225123,-0.5714329,1.017134,1.017134,0.9953272,1.0049393,1.0507969,1.1354582,1.2719125,1.2430279,1.0094622,1.0059761,1.0439991,1.1163098,1.1546896,1.1582545,0.018999528,0.04449817,0.08489893,0.08955634,0.091965,-0.0014442236,-0.013188158,-0.013590376,-0.008895951,-0.00016939071,0.01444519,0.8051845,0.896864,0.7647049,0.0010347464,-0.003087675,0.015347675,0.012798779,-0.02569831,-0.15325749,1.0616628,1.1271068,1.2896814,1.2896814,1.3216504,0.97369486,0.97369486,0.97369486,0.97369486,0.97369486,1.0198208,1.0874004,1.184014,1.2413845,1.2431774,0.9955179,1.0055777,1.025498,1.0669323,1.0497012,0.4,0.2,0.1,0.06666667,0.041666668,0.2990308,0.17146732,0.083247595,0.083247595,0.0755991,0.2,0.1,0.05,0.36666667,0.21666667,0.4,0.7,0.85,0.9,0.95,-0.2,-0.6,-0.8,-0.53333336,-0.73333335,-0.5047836,0.09701355,0.7314942,0.72008383,0.5205085,-0.55215466,-0.56813264,-0.13040161,0.019786572,0.40497828,0.4,0.3,0.35,0.43333334,0.46666667,0.6,0.7,0.65,0.56666666,0.51666665,-0.2,-0.4,-0.3,-0.13333334,-0.05,0.3068182,0.22244906,0.23339851,0.32098317,0.49733743,0.6931818,0.77755094,0.7666015,0.6790168,0.5026626,-0.3863636,-0.5551019,-0.533203,-0.35803363,-0.0053251395,1.3398738,1.3700433,1.9293007,2.0646055,3.396463,0.30347648,0.2513705,0.84847003,0.80703694,2.154908,0.7904356,0.67769843,1.3937268,1.3261611,1.6391902,0.41262835,0.33563086,0.42375618,0.43980244,0.49057975,0.58737165,0.66436917,0.5762438,0.5601976,0.5094203,-0.17474332,-0.32873827,-0.15248764,-0.12039515,-0.01884051
SH600426,0.0595282513713232,1.0,,2026-03-26,0.017291054,0.037463978,0.4615381,0.014409269,0.38461664,0.0057636555,0.15384527,0.0086454395,0.23076673,0.98300284,1.0141643,0.9773372,1.0027725,1.0325819,1.1679931,1.0422127,1.0339975,0.84901655,1.0000043,1.04448,1.0864643,1.0683719,1.0213131,0.0138068525,0.060180005,0.06376036,0.058455087,0.08323848,-0.0048712054,-0.017958485,-0.008437889,1.5283997e-05,0.0033330102,0.31118852,0.8162936,0.6129627,5.2982314e-06,0.48901793,0.009738102,0.0363332,-0.006304346,-0.06859356,-0.11963683,1.0560935,1.2323053,1.2492934,1.2492934,1.2492934,0.9620479,0.9620479,0.9620479,0.9620479,0.836552,1.0094593,1.0788143,1.147543,1.1394479,1.079668,0.9885116,0.9979065,1.0166019,1.0170567,0.9419318,0.6,0.3,0.15,0.1,0.35,0.40355003,0.14042947,0.13212427,0.13212427,0.39600578,0.4,0.1,0.35,0.56666666,0.78333336,0.8,0.9,0.95,0.96666664,0.033333335,-0.4,-0.8,-0.6,-0.4,0.75,0.6611417,0.64184713,0.53000313,0.59024113,0.63367414,0.40946048,-0.42558032,0.14930782,0.08428994,0.002608751,0.4,0.4,0.5,0.53333336,0.53333336,0.6,0.6,0.5,0.46666667,0.46666667,-0.2,-0.2,0.0,0.06666667,0.06666667,0.31389317,0.17668386,0.46725237,0.47884354,0.55084586,0.6861068,0.82331616,0.5327476,0.5211565,0.44915414,-0.37221366,-0.64663225,-0.065495275,-0.04231293,0.10169173,1.3445191,1.5706468,1.7448928,1.4728265,1.2928739,0.27967182,0.42260015,0.5081619,0.5825994,0.5644549,0.6071946,0.95135677,0.8197887,1.008387,1.1675382,0.1228503,0.32290176,0.51644003,0.5124822,0.5090829,0.8771497,0.6770983,0.48355997,0.48751774,0.49091712,-0.7542994,-0.3541965,0.032880094,0.024964489,0.01816577
SH601766,0.05917837687229429,1.0,,2026-03-26,-0.011023582,0.018897682,-0.5833298,0.003149658,0.16666901,0.004724443,0.25000116,-0.009448797,-0.49999768,1.0111464,1.0143312,0.9952229,1.0058867,0.99347824,1.0271739,1.0108695,1.0315217,1.0913043,0.99630433,1.0045652,1.0036956,1.0086231,1.0425724,0.015818853,0.015758153,0.014107973,0.014024611,0.04599486,0.0027173995,-0.0030039467,7.682613e-05,-0.0006528982,-0.0022538265,0.07377292,0.3331082,0.0010379028,0.16796201,0.73235595,-0.0017391443,0.00895256,-0.004425467,0.0008438689,0.023915451,1.0192624,1.0387579,1.0387579,1.0466473,1.132382,0.97123384,0.97123384,0.97123384,0.97123384,0.97123384,1.0078261,1.0171739,1.0169566,1.020652,1.098913,0.9858696,0.99260867,0.9952174,0.99847823,1.0030434,0.6,0.4,0.4,0.26666668,0.15,0.5989378,0.42601332,0.42601332,0.3814456,0.17850746,0.2,0.1,0.55,0.3,0.23333333,0.4,0.7,0.85,0.9,0.95,-0.2,-0.6,-0.3,-0.6,-0.71666664,-0.3247732,-0.12357409,-0.15586491,-0.23798196,-0.52231723,0.0942355,0.12896642,0.12104444,0.16391236,-0.008863073,0.6,0.3,0.4,0.33333334,0.38333333,0.4,0.7,0.55,0.6,0.5833333,0.2,-0.4,-0.15,-0.26666668,-0.2,0.532609,0.39837405,0.4761905,0.45051205,0.42758623,0.46739104,0.601626,0.5238095,0.54948795,0.57241374,0.06521792,-0.20325193,-0.04761901,-0.09897589,-0.14482751,1.5903693,1.5029103,1.6836641,1.5957158,1.620708,0.4779969,0.36241692,0.45449746,0.57226706,0.9636036,0.6979204,0.9928184,0.91019213,0.93739736,1.058778,0.46635544,0.39579856,0.4294172,0.43165165,0.5030596,0.53364456,0.60420144,0.5705828,0.56834835,0.49694037,-0.067289144,-0.20840289,-0.14116564,-0.13669673,0.0061192466
SZ000100,0.058882405309799796,0.875,,2026-03-26,-0.0138569,0.025404131,-0.5454585,0.0069283387,0.2727249,0.0046188924,0.1818166,-0.016166346,-0.6363668,1.0140516,1.0210773,0.9953162,1.007191,1.0466418,1.1449006,1.1287314,1.1523632,1.0516169,1.0116916,1.0468284,1.0925063,1.1029644,1.112386,0.020486554,0.04479729,0.057911236,0.051973067,0.050549753,-0.004228864,-0.013466762,-0.008693845,-0.0041263374,-0.00045588575,0.10652453,0.82838905,0.7887987,0.48851115,0.024806974,-0.0032338444,0.013772032,-0.009914745,-0.043132503,-0.0989374,1.0677538,1.1546396,1.1894594,1.1894594,1.2249289,0.97914594,0.97914594,0.97914594,0.97914594,0.97914594,1.0243781,1.0745026,1.1434081,1.145398,1.159204,0.99676615,1.0129354,1.0340797,1.0635573,1.0634329,0.4,0.2,0.1,0.06666667,0.033333335,0.2353521,0.11883067,0.09915691,0.09915691,0.08484736,0.2,0.1,0.25,0.5,0.25,0.4,0.7,0.85,0.9,0.95,-0.2,-0.6,-0.6,-0.4,-0.7,-0.37827748,0.29351035,0.61004627,0.4901717,0.5925225,-0.8494767,-0.6793422,0.14388813,0.30876604,0.56329435,0.2,0.1,0.3,0.3,0.38333333,0.8,0.8,0.65,0.6333333,0.55,-0.6,-0.7,-0.35,-0.33333334,-0.16666667,0.30769208,0.16997145,0.35443038,0.37907207,0.4783063,0.6923079,0.83002853,0.6455696,0.62092793,0.5216937,-0.3846158,-0.6600571,-0.29113925,-0.24185587,-0.04338739,1.4981533,1.6328945,1.9255093,1.8757104,2.2210672,0.46702597,0.50233126,0.5900334,0.55735147,1.1216573,1.1210619,1.0265255,1.0292193,1.0902548,1.6477065,0.433395,0.41868675,0.4815345,0.46278542,0.49426216,0.566605,0.58131325,0.5184655,0.5372146,0.50573784,-0.13320999,-0.1626265,-0.036930997,-0.07442914,-0.011475707
SH603195,0.057935314205019454,1.0,,2026-03-26,-0.0057873274,0.015674006,-0.3692309,0.007957521,0.50768906,0.0019291572,0.12308004,-0.011815691,-0.7538399,1.005821,1.0138248,0.99805963,1.0035969,1.0347178,1.056798,1.0693645,1.0633298,1.0206603,1.0081646,1.027263,1.0366277,1.0423737,1.0289385,0.014491911,0.023320373,0.020493174,0.019593878,0.022684662,-0.0047355294,-0.0069956225,-0.0020179308,-0.0013511959,0.0006602513,0.26694742,0.8248846,0.3393612,0.36855096,0.25837696,0.0013063629,0.0042172726,-0.017457258,-0.02278133,-0.04841598,1.047803,1.069612,1.069612,1.0771492,1.0771492,0.9854486,0.9854486,0.9854486,0.9854486,0.9854486,1.0132481,1.0450265,1.0564004,1.0592971,1.0503799,0.99855167,1.0064181,1.0217395,1.0317074,1.0079801,0.4,0.2,0.1,0.06666667,0.09166667,0.23336552,0.1728943,0.1728943,0.15868372,0.15868372,0.2,0.1,0.55,0.033333335,0.51666665,0.6,0.8,0.9,0.93333334,0.96666664,-0.4,-0.7,-0.35,-0.9,-0.45,-0.1935124,0.10353282,-0.042839147,0.25718373,0.1536241,-0.85171735,-0.5949496,-0.24553582,-0.093864724,0.26348078,0.2,0.3,0.35,0.36666667,0.45,0.8,0.7,0.65,0.6,0.53333336,-0.6,-0.4,-0.3,-0.23333333,-0.083333336,0.23961651,0.23856215,0.34175584,0.38668695,0.48221055,0.7603835,0.76143783,0.6582442,0.6133131,0.5177895,-0.520767,-0.52287567,-0.31648836,-0.22662611,-0.03557891,1.6632137,1.7350537,1.7499094,1.8882926,2.186007,0.6394799,0.52014714,0.5369822,0.604045,1.0082628,1.4442937,1.3871294,1.1244435,1.136443,2.074818,0.45200554,0.49047464,0.41925973,0.42933127,0.48770115,0.54799443,0.50952536,0.5807403,0.5706687,0.5122988,-0.0959889,-0.01905072,-0.16148052,-0.14133744,-0.02459768
SH600760,0.05649686773794208,0.875,,2026-03-26,-0.023113083,0.02843115,-0.8129493,0.0,0.0,0.0053180666,0.18705072,-0.017795017,-0.6258986,1.02366,1.02366,0.9945561,1.0053432,1.0362227,1.1086683,1.1689632,1.1591507,1.145789,1.0031358,1.0323875,1.0949278,1.1176354,1.1655844,0.013195276,0.03394159,0.07155128,0.066801466,0.07737276,0.004104557,-0.009500867,-0.011610495,-0.006396049,-0.0033016664,0.2418999,0.71824646,0.9215836,0.7104825,0.5553797,-0.011344938,0.01036635,0.015371967,-0.024892652,-0.06818533,1.0403999,1.1088719,1.2215149,1.2215149,1.3669709,0.9675469,0.9675469,0.9675469,0.9675469,0.9675469,1.0060253,1.0656604,1.1640611,1.1694267,1.2338928,0.99546957,0.9992442,1.0209695,1.0531421,1.1270658,0.6,0.3,0.15,0.1,0.05,0.44546002,0.22963461,0.12778433,0.12778433,0.08124984,0.2,0.1,0.1,0.4,0.2,0.4,0.7,0.85,0.9,0.95,-0.2,-0.6,-0.75,-0.5,-0.75,-0.27130172,-0.28349534,0.45846802,0.30601063,0.6698616,-0.3130501,-0.23867884,0.3431586,0.36848134,0.40743643,0.4,0.3,0.3,0.4,0.43333334,0.6,0.7,0.7,0.6,0.56666666,-0.2,-0.4,-0.4,-0.2,-0.13333334,0.32449967,0.21572937,0.29711723,0.34721616,0.44285506,0.67550033,0.78427064,0.70288277,0.6527838,0.55714494,-0.3510007,-0.5685413,-0.40576553,-0.30556768,-0.114289895,1.596803,1.4193033,1.6925455,1.5965321,2.0156784,0.58968943,0.46159565,0.8725462,0.73447764,0.9539977,0.9036827,0.83426404,1.324501,1.4406868,1.201606,0.49450654,0.47064295,0.49204186,0.47925347,0.49830383,0.50549346,0.529357,0.5079581,0.5207465,0.50169617,-0.010986908,-0.058714088,-0.015916273,-0.041493084,-0.0033923683
SZ300274,0.05638861764668726,0.75,,2026-03-26,0.005512134,0.0574232,0.09599141,0.03634384,0.6329121,0.015567227,0.27109647,-0.015264478,-0.26582423,0.9945181,1.0361446,0.9790362,1.0080874,0.9945789,1.0427676,0.87740624,0.91728556,1.009395,1.0119264,1.0159383,0.9740107,0.95206493,0.97126293,0.020761745,0.023388429,0.06115635,0.060454935,0.0604286,-0.010035141,-0.0044028745,0.007836936,0.005296308,-0.00094722665,0.58406246,0.32484934,0.57474804,0.59481883,0.07494153,0.008143887,0.0038746928,-0.04846159,-0.028861383,0.056680232,1.0852364,1.0963248,1.0963248,1.0963248,1.1155387,0.9451186,0.9451186,0.8558998,0.85000074,0.85000074,1.0213962,1.0428891,1.0321438,1.0082653,1.0301214,0.9984093,0.9989158,0.9019017,0.8980088,0.90583134,0.4,0.3,0.55,0.7,0.6333333,0.39168036,0.3629574,0.59935623,0.60895103,0.5648882,0.2,0.1,0.55,0.7,0.06666667,0.6,0.8,0.1,0.06666667,0.53333336,-0.4,-0.7,0.45,0.6333333,-0.46666667,0.6861612,0.6278307,0.7229705,0.6820272,0.38238397,0.8036514,0.68165046,0.8019891,0.5473124,0.45793924,0.4,0.4,0.55,0.53333336,0.5,0.6,0.6,0.45,0.46666667,0.5,-0.2,-0.2,0.1,0.06666667,0.0,0.52152944,0.39466527,0.6507276,0.5598616,0.49643773,0.47847053,0.60533476,0.34927237,0.44013843,0.5035623,0.043058924,-0.21066949,0.30145526,0.11972314,-0.007124554,1.5082624,1.3927127,1.3049428,1.1813844,1.1558743,0.4197787,0.3611224,0.48241413,0.455343,0.3827939,0.8957416,0.9887395,1.527096,1.3434116,1.2698277,0.49850738,0.3654816,0.47539654,0.50022966,0.50054675,0.5014926,0.63451844,0.5246034,0.49977037,0.49945322,-0.002985257,-0.26903686,-0.049206898,0.00045928062,0.0010935628
SZ302132,0.05415633313674111,0.75,,2026-03-26,-0.0256929,0.026125876,-0.98342735,0.00043297446,0.01657263,0.0,0.0,-0.026125876,-1.0,1.0263704,1.0268148,1.0,1.0116044,1.0361466,1.1004429,1.1842767,1.1599902,1.129626,1.0047392,1.0378199,1.0896913,1.1138108,1.150967,0.018400501,0.03934727,0.066508725,0.065396816,0.06596781,0.0035998959,-0.010808877,-0.0106872935,-0.006153042,-0.0026597078,0.09568866,0.69174075,0.9037457,0.6860698,0.49579656,-0.011938996,0.010820033,0.0118380645,-0.024591617,-0.07250568,1.0426673,1.1002923,1.2327417,1.2327417,1.3263583,0.9601396,0.9601396,0.9601396,0.9601396,0.9601396,1.0116192,1.0805562,1.1429232,1.1710039,1.1954331,0.9930315,0.9988435,1.0295719,1.0635285,1.1019783,0.6,0.3,0.15,0.1,0.05,0.48299482,0.28440702,0.14622201,0.14622201,0.10884325,0.8,0.1,0.1,0.4,0.2,0.4,0.7,0.85,0.9,0.95,0.4,-0.6,-0.75,-0.5,-0.75,0.2581691,-0.5697774,0.5746559,0.48699638,0.7453455,0.4869714,0.020280456,0.3743057,0.446684,0.5278674,0.4,0.4,0.35,0.36666667,0.45,0.6,0.6,0.65,0.6333333,0.55,-0.2,-0.2,-0.3,-0.26666668,-0.1,0.3617022,0.25403738,0.28701434,0.3631618,0.44859883,0.6382978,0.7459626,0.7129857,0.6368382,0.55140114,-0.27659556,-0.4919252,-0.42597136,-0.2736764,-0.102802314,1.2868181,1.1639918,1.5593182,1.5406942,2.0684803,0.23239747,0.25055113,0.97061276,0.87498224,1.136788,0.5969404,0.7901315,1.4120387,1.4196274,1.2134444,0.40693253,0.5154222,0.48396832,0.47604367,0.4976967,0.59306747,0.4845778,0.5160317,0.5239563,0.5023033,-0.18613495,0.030844402,-0.03206335,-0.04791263,-0.004606582
SH601628,0.05312045775271841,1.0,,2026-03-26,-0.039450265,0.056248415,-0.7013578,0.0012726232,0.02262505,0.015525528,0.27601716,-0.025197359,-0.44796565,1.0410705,1.0423954,0.9838368,1.0010713,1.12308,1.117566,1.1868846,1.2902719,1.2282395,1.0474203,1.0860182,1.1123769,1.160982,1.2167127,0.037605856,0.048494577,0.04535464,0.08170717,0.08471708,-0.020894052,-0.0136202555,-0.0063687675,-0.008708464,-0.0036850965,0.77174604,0.72309536,0.6901372,0.88036835,0.57710606,-0.005632169,-0.024727011,-0.051873673,-0.034709334,-0.10800231,1.1260223,1.1512152,1.1943126,1.3158231,1.3756889,0.9838368,0.9838368,0.9838368,0.9838368,0.9838368,1.0580938,1.1248918,1.1339898,1.2560457,1.292438,1.0327688,1.0437968,1.0935408,1.1146516,1.1293029,0.2,0.1,0.05,0.033333335,0.016666668,0.11367664,0.09656668,0.076793484,0.04868626,0.04124814,0.2,0.3,0.05,0.16666667,0.23333333,1.0,1.0,1.0,1.0,1.0,-0.8,-0.7,-0.95,-0.8333333,-0.76666665,-0.9314508,-0.72168636,-0.44720113,-0.54738677,-0.06521377,-0.9201715,-0.6136438,-0.5378501,-0.4356892,-0.078504845,0.2,0.4,0.4,0.33333334,0.38333333,0.8,0.6,0.6,0.6666667,0.6,-0.6,-0.2,-0.2,-0.33333334,-0.21666667,0.03976472,0.1893862,0.20436132,0.21500388,0.39961886,0.9602353,0.8106138,0.7956387,0.78499615,0.60038114,-0.92047054,-0.62122756,-0.59127736,-0.56999224,-0.20076224,0.5989765,0.4962499,0.46215302,0.4231207,0.452986,0.26473,0.21995479,0.18590148,0.17072321,0.17646451,1.1523902,1.4237711,1.4672964,1.3834182,1.1898246,0.7392035,0.7053402,0.60280657,0.59554857,0.5471697,0.2607965,0.29465976,0.39719346,0.40445143,0.45283034,0.47840703,0.41068047,0.20561309,0.19109717,0.09433934
SH601995,0.05227619921470862,1.0,,2026-03-26,-0.015868183,0.01861459,-0.85245943,0.00030516376,0.016393796,0.0024412435,0.13114677,-0.013732103,-0.7377064,1.016124,1.0164341,0.9975194,1.005447,1.0554384,1.0593553,1.0753239,1.0762278,1.1156975,1.0155469,1.0362158,1.0506026,1.0603998,1.0769811,0.018967982,0.025277648,0.023297373,0.023778172,0.026084501,-0.008285627,-0.0072822245,-0.0032655455,-0.002277513,-0.0012652909,0.47703308,0.76079255,0.68764704,0.71099496,0.7176547,0.0010243884,-0.0034457375,-0.01957993,-0.0273758,-0.039654963,1.0578389,1.0696337,1.09151,1.0948281,1.1332783,0.99261266,0.99261266,0.99261266,0.99261266,0.99261266,1.023019,1.05815,1.0635132,1.0756855,1.096957,1.0036155,1.0078939,1.0414582,1.0547756,1.0595963,0.2,0.1,0.05,0.033333335,0.016666668,0.113256864,0.09591302,0.074696794,0.072271995,0.0525169,0.2,0.3,0.15,0.13333334,0.23333333,0.6,0.8,0.9,0.93333334,0.96666664,-0.4,-0.5,-0.75,-0.8,-0.73333335,0.11702994,0.47341543,0.22282119,0.25337663,0.56257915,-0.7928816,-0.47791407,-0.3647475,-0.2386704,0.16005288,0.4,0.5,0.4,0.4,0.45,0.6,0.5,0.55,0.56666666,0.53333336,-0.2,0.0,-0.15,-0.16666667,-0.083333336,0.15413545,0.20060802,0.24066408,0.30920073,0.37251,0.84586453,0.799392,0.75933594,0.69079924,0.62749004,-0.69172907,-0.59878397,-0.5186719,-0.3815985,-0.25498006,1.641525,1.8847663,1.9395175,1.9500494,2.4074125,0.6281498,0.5642321,0.8356611,0.68995273,0.906105,1.4135048,1.6315091,1.707298,1.5864422,1.308417,0.3691752,0.4703824,0.46192816,0.46706346,0.4569008,0.6308248,0.5296176,0.5380719,0.5329366,0.54309916,-0.26164958,-0.059235215,-0.0761437,-0.065873116,-0.086198375
SZ300316,0.05136000540679493,0.875,,2026-03-26,-0.029736368,0.041676123,-0.7135109,0.0038297612,0.09189341,0.008109996,0.19459574,-0.025456132,-0.61080855,1.0306478,1.0345949,0.99164146,1.0073048,1.0157726,1.0935539,1.2939337,1.4443749,0.866726,1.0389026,1.0490466,1.1021807,1.1541543,1.0690429,0.026040224,0.029119058,0.08017938,0.102159776,0.14706677,-0.015738975,-0.007320488,-0.011623393,-0.010661398,0.004473531,0.91327906,0.57934445,0.7355437,0.8440539,0.2822095,-0.0074246954,-0.016104456,0.00824149,0.00043595507,-0.20101212,1.1012226,1.1332507,1.3517468,1.4070041,1.5300484,0.99164146,0.99164146,0.99164146,0.99164146,0.8500011,1.0621673,1.0666635,1.1290231,1.2807915,1.2090884,1.023582,1.0267366,1.0475776,1.0601716,0.90371954,0.2,0.1,0.05,0.033333335,0.35,0.076277204,0.05902546,0.0232114,0.020123495,0.22057128,0.2,0.1,0.1,0.1,0.5,1.0,1.0,1.0,1.0,0.13333334,-0.8,-0.9,-0.9,-0.9,0.36666667,0.970707,0.18202256,0.63631386,0.7671742,0.62937886,0.94552714,0.67485577,0.36096108,0.48724025,0.6442255,0.4,0.3,0.3,0.33333334,0.45,0.6,0.7,0.7,0.6666667,0.55,-0.2,-0.4,-0.4,-0.33333334,-0.1,0.42832178,0.25750974,0.20166923,0.25411105,0.529443,0.5716782,0.7424903,0.7983308,0.74588895,0.470557,-0.14335644,-0.48498055,-0.5966615,-0.49177793,0.05888602,1.5553356,1.2407739,1.4805676,1.7940056,1.9087617,0.47847787,0.47699466,0.5435603,0.854605,1.0505522,1.0935775,1.1818364,1.5015124,1.5261412,1.8884324,0.51162434,0.45072427,0.4035477,0.33630586,0.49329346,0.48837563,0.54927576,0.5964523,0.66369414,0.50670654,0.023248704,-0.09855146,-0.19290458,-0.3273883,-0.013413092
SZ300782,0.051182000051989064,0.875,,2026-03-26,-0.015837152,0.04355209,-0.36363703,0.025452472,0.5844145,0.0022624652,0.051948488,-0.03902716,-0.896103,1.0160921,1.041954,0.9977011,1.0152082,0.911503,0.9416213,0.8819531,0.85288393,0.8726422,1.0061023,0.95849013,0.9497541,0.92154247,0.9156536,0.022766512,0.053174984,0.040938467,0.052670907,0.043783877,-0.0036106878,0.013884828,0.0036382675,0.004911666,0.00087442267,0.06288208,0.6249967,0.27643573,0.6739346,0.1216506,0.0011190559,-0.020971878,0.015682349,0.007238362,0.05855092,1.0938056,1.0938056,1.0938056,1.0938056,1.0938056,0.9339187,0.8874763,0.87012225,0.84114754,0.84114754,1.0204751,1.0033265,0.98345894,0.96905553,0.9462199,0.9952659,0.91416085,0.9181475,0.8695605,0.8708369,0.4,0.7,0.85,0.9,0.95,0.41330034,0.54535973,0.58063215,0.6287251,0.6287251,0.2,0.6,0.8,0.8666667,0.93333334,0.2,0.3,0.05,0.033333335,0.51666665,0.0,0.3,0.75,0.8333333,0.41666666,0.30185306,0.8854551,0.8265788,0.86582506,0.78962386,0.89646304,0.8288311,0.8391221,0.80165744,0.78012425,0.6,0.5,0.5,0.53333336,0.46666667,0.4,0.5,0.5,0.46666667,0.53333336,0.2,0.0,0.0,0.06666667,-0.06666667,0.68139064,0.58379865,0.5997931,0.6103986,0.5532662,0.31860936,0.41620132,0.40020692,0.38960138,0.4467338,0.36278132,0.16759734,0.19958618,0.22079724,0.106532395,1.8552568,1.1312355,0.9194536,0.72588456,0.72953403,0.9631301,0.99808043,0.7398292,0.66243064,0.5073901,1.426428,1.9941775,2.2276514,2.68829,2.5994668,0.5631134,0.5421455,0.53694874,0.52894604,0.51138234,0.43688664,0.45785448,0.4630513,0.47105393,0.48861766,0.12622674,0.084291026,0.073897436,0.057892125,0.022764662
SZ300979,0.05048637380941136,1.0,,2026-03-26,-0.014776064,0.022959724,-0.6435645,0.0063650226,0.27722558,0.0018186372,0.079209894,-0.01932245,-0.8415802,1.0149977,1.0214581,0.9981541,1.0091683,1.0735799,1.1045078,1.0958157,1.1574692,1.229634,1.011805,1.0526582,1.0706286,1.0940232,1.1288188,0.016994778,0.045423456,0.037663948,0.047778655,0.05263375,-0.0063270684,-0.0135631645,-0.0043489565,-0.0047068894,-0.0026610268,0.34650868,0.81728435,0.46664485,0.75214547,0.77959615,0.0008490318,0.008376092,-0.02931355,-0.025773387,-0.050318487,1.0818118,1.1233737,1.1233737,1.1848363,1.2304815,0.98820025,0.98820025,0.98820025,0.98820025,0.98820025,1.0186375,1.0972307,1.0999798,1.1279159,1.1738427,0.9993936,1.0071154,1.034526,1.0690519,1.0895896,0.4,0.2,0.1,0.06666667,0.033333335,0.1260505,0.08729355,0.08729355,0.060008205,0.048702806,0.2,0.3,0.65,0.033333335,0.016666668,0.4,0.7,0.85,0.9,0.95,-0.2,-0.4,-0.2,-0.8666667,-0.93333334,0.48349977,0.21359436,0.201679,0.2774741,0.50325465,-0.54303813,-0.3442403,-0.064226806,-0.09815864,-0.10510794,0.4,0.4,0.4,0.4,0.46666667,0.6,0.6,0.55,0.56666666,0.51666665,-0.2,-0.2,-0.15,-0.16666667,-0.05,0.15399216,0.2065833,0.3407257,0.3223893,0.3623364,0.8460078,0.7934167,0.6592743,0.6776107,0.6376636,-0.6920157,-0.5868334,-0.3185486,-0.35522136,-0.27532718,1.9601065,1.8957406,1.8995887,2.055697,2.718405,1.1030873,0.7914088,0.67818874,0.89698184,1.0451031,1.0429598,1.0607072,1.0658914,1.0732002,0.86553377,0.45167872,0.4674008,0.39816827,0.45805866,0.47572914,0.5483213,0.5325992,0.60183173,0.54194134,0.52427083,-0.096642576,-0.06519843,-0.20366348,-0.08388267,-0.0485417
SH601238,0.049475562512807235,1.0,,2026-03-26,-0.013624018,0.016348755,-0.8333367,0.0013623687,0.083331645,0.0013623687,0.083331645,-0.013624018,-0.8333367,1.0138122,1.0151933,0.99861884,1.005955,1.0497322,1.0856924,1.1055853,1.0986993,1.1522571,1.0111706,1.044453,1.0643458,1.0752615,1.1045396,0.015057352,0.038375147,0.034661345,0.032689866,0.041563556,-0.0057383412,-0.011958918,-0.00468386,-0.002812783,-0.0019987272,0.36309105,0.89021534,0.63912386,0.5737833,0.7053125,0.00030604264,0.009362159,-0.019849183,-0.034476083,-0.045577224,1.0539168,1.1039512,1.1162558,1.1205906,1.1980618,0.9889305,0.9889305,0.9889305,0.9889305,0.9889305,1.0182097,1.0875287,1.0887529,1.0988524,1.1338944,0.999847,1.0055088,1.0315226,1.061974,1.0803367,0.4,0.2,0.1,0.06666667,0.033333335,0.17033523,0.09623888,0.08693847,0.0840761,0.05293067,0.2,0.3,0.15,0.3,0.15,0.6,0.8,0.9,0.93333334,0.96666664,-0.4,-0.5,-0.75,-0.6333333,-0.81666666,-0.08597912,0.1309528,-0.0769815,-0.09531197,0.63389397,-0.74780595,-0.32916537,-0.30352262,-0.014572557,0.29492566,0.4,0.4,0.45,0.43333334,0.45,0.6,0.6,0.55,0.56666666,0.53333336,-0.2,-0.2,-0.1,-0.13333334,-0.083333336,0.1844659,0.16666688,0.26369882,0.3391521,0.38224855,0.8155341,0.83333313,0.7363012,0.6608479,0.6177514,-0.63106817,-0.6666662,-0.47260234,-0.32169583,-0.23550288,1.5608258,1.6517746,1.5724362,1.5009373,2.1446064,0.43816745,0.38966194,0.41817844,0.4428987,1.1310053,1.0618148,1.019188,0.97662205,1.018079,1.8093739,0.30918851,0.49701282,0.46241513,0.4795303,0.4707757,0.6908115,0.50298715,0.5375849,0.52046967,0.52922434,-0.381623,-0.005974348,-0.07516975,-0.040939365,-0.058448642
SZ300442,0.049361461038206794,0.875,,2026-03-26,-0.028808445,0.043443196,-0.66312903,0.012330082,0.2838208,0.0023046692,0.05305018,-0.038833857,-0.8938996,1.029663,1.0423589,0.99762696,1.0165699,1.0649103,1.0523213,1.2122328,0.97506756,0.5950012,1.014726,1.011238,1.0708148,1.0665019,0.9396897,0.016325314,0.02917745,0.07226711,0.08041575,0.17539638,-0.0012281951,0.0032111835,-0.010225039,-0.0032929457,0.0073883208,0.014149843,0.11103171,0.700675,0.09641726,0.5983002,-0.012269699,-0.025688326,0.026322976,-0.027809756,-0.16092886,1.0666744,1.1073881,1.2616088,1.2616088,1.2616088,0.96688503,0.96142316,0.96142316,0.89880174,0.5894602,1.0240113,1.0329525,1.1352001,1.1372021,1.0694547,1.00113,0.99069023,1.00113,1.0008475,0.7801523,0.2,0.4,0.2,0.20833333,0.5925926,0.33184877,0.26428849,0.12850998,0.27893135,0.6107873,0.8,0.5,0.05,0.06666667,0.53333336,0.6,0.3,0.65,0.06666667,0.53333336,0.2,0.2,-0.6,0.0,0.0,0.9149128,0.7786207,0.8982554,0.74423,0.6564755,0.9855975,0.7535639,0.7034356,0.7355243,0.64966387,0.2,0.3,0.3,0.23333333,0.41666666,0.8,0.7,0.7,0.5,0.45,-0.6,-0.4,-0.4,-0.26666668,-0.033333335,0.2715089,0.4215758,0.3233129,0.44279936,0.5735177,0.72849107,0.5784242,0.6766871,0.5572006,0.42648232,-0.45698217,-0.15684839,-0.3533742,-0.11440127,0.14703535,1.2147886,1.359377,1.7828741,1.9551564,1.937837,0.21129578,0.4012473,0.66731334,0.8254239,0.84742814,0.68953,0.8005161,0.71753573,1.8395698,1.6113747,0.20948821,0.43718496,0.33483216,0.3899527,0.47509181,0.7905118,0.56281507,0.66516787,0.6100473,0.5249082,-0.5810236,-0.1256301,-0.33033568,-0.2200946,-0.049816396
SH600025,0.04923143940242314,0.875,,2026-03-26,0.005876591,0.018609166,0.31579015,0.009794279,0.5263148,0.0029382955,0.15789507,-0.0009793924,-0.05262957,0.99415773,1.009737,0.9912366,0.99914783,0.99920946,1.0300394,0.90276676,0.88774705,0.9011858,0.9936759,1.0006324,0.9924111,0.958498,0.9240316,0.008550727,0.0113692265,0.029306194,0.054359958,0.051919267,0.0025296442,-0.0025200553,0.00248685,0.005273668,0.0023328834,0.21880277,0.4503703,0.25202778,0.72940564,0.6157845,0.0012648191,0.010707857,-0.016036129,-0.0349662,0.007148334,1.0116259,1.0378957,1.0378957,1.0378957,1.0378957,0.9718396,0.9718396,0.90056986,0.8763135,0.8626819,0.9981028,1.0060079,1.0104347,1.0050592,0.99636364,0.9925692,0.99604744,0.9777075,0.8916996,0.886166,1.0,0.7,0.6,0.73333335,0.8666667,0.7077927,0.4263108,0.72404563,0.76547134,0.7837176,0.2,0.1,0.55,0.7,0.85,0.4,0.7,0.05,0.23333333,0.43333334,-0.2,-0.6,0.5,0.46666667,0.41666666,-0.62688196,-0.21177262,-0.115288384,0.70886725,0.6451774,-0.82171774,-0.6537277,0.12712556,0.19125205,0.20158353,0.4,0.2,0.55,0.53333336,0.48333332,0.6,0.7,0.35,0.4,0.45,-0.2,-0.5,0.2,0.13333334,0.033333335,0.50877243,0.30208343,0.7392998,0.71913594,0.6252505,0.4912276,0.69791657,0.26070026,0.28086403,0.37474948,0.01754482,-0.3958331,0.47859952,0.43827194,0.25050104,1.2348983,1.1479301,1.4075221,1.1383975,0.9672325,0.34189716,0.26848185,0.43399584,0.5305988,0.44242236,1.0591813,1.0190352,0.9579591,1.1618384,1.3346032,0.53578824,0.4521493,0.5156713,0.5072319,0.5076726,0.46421176,0.5478507,0.48432866,0.4927681,0.4923274,0.07157647,-0.0957014,0.031342674,0.014463766,0.015345241
SZ000938,0.04811027612071095,0.875,,2026-03-26,-0.026819939,0.0375479,-0.714286,0.0072796955,0.19387758,0.0034482647,0.091836415,-0.03065137,-0.81632715,1.027559,1.0350394,0.9964567,1.0142163,1.053984,1.0441136,1.0130136,0.9767853,0.9775572,1.015914,1.0147009,0.9947836,0.993905,1.0029979,0.017223947,0.026055058,0.037517834,0.032017697,0.035596356,-0.0024427844,0.0014323515,0.003575606,0.0013544685,-0.00014742615,0.050285745,0.027702982,0.317901,0.13869454,0.0052316394,-0.011028434,-0.021146474,-0.028751858,-0.013544801,0.0013511513,1.0622103,1.0827255,1.0925397,1.0925397,1.1141832,0.97760206,0.9610452,0.9145634,0.9145634,0.9145634,1.0319713,1.0357652,1.0316626,1.0169507,1.0357652,1.0,0.9999228,0.95409983,0.9618308,0.97165704,0.3,0.35,0.575,0.5833333,0.5,0.26472518,0.32014045,0.48004484,0.48004484,0.42799667,0.2,0.5,0.5,0.6666667,0.3,0.6,0.4,0.35,0.56666666,0.78333336,-0.4,0.1,0.15,0.1,-0.48333332,0.67071074,0.86947304,0.7970772,0.6530153,0.7379916,0.7350881,0.8437642,0.60218155,0.61697173,0.62018806,0.4,0.4,0.55,0.5,0.43333334,0.6,0.6,0.45,0.5,0.56666666,-0.2,-0.2,0.1,0.0,-0.13333334,0.2890996,0.42668623,0.48748937,0.5183282,0.5108923,0.7109004,0.5733138,0.51251066,0.4816718,0.48910776,-0.4218008,-0.14662753,-0.025021277,0.0366564,0.021784507,1.3169274,1.4176921,1.1815565,0.98126274,0.9457663,0.18635413,0.4635202,0.60637075,0.57424104,0.498186,0.29604673,0.807136,1.0744556,1.2991915,1.3638506,0.051436085,0.3239642,0.5159533,0.5233459,0.51443475,0.94856393,0.6760358,0.48404673,0.4766541,0.48556522,-0.8971278,-0.35207158,0.031906564,0.046691798,0.028869543
SZ300014,0.04690889408033472,0.875,,2026-03-26,-0.011857759,0.055335935,-0.21428677,0.02964424,0.5357141,0.013833936,0.24999914,-0.027668063,-0.5000017,1.0120001,1.042,0.98600006,1.0154737,0.9580033,0.98700386,0.8880011,0.91357374,0.98585343,1.0068573,0.9910869,0.9450359,0.93355775,0.9455787,0.0068203085,0.020251421,0.05782428,0.050534032,0.04708891,-0.003371082,0.0035460647,0.008631845,0.004158291,-0.0005851932,0.61076003,0.28105655,0.77992857,0.52476346,0.047104362,-0.00011506047,-0.0070441915,-0.027038421,0.0061470442,0.0716845,1.0485728,1.0485728,1.0485728,1.0485728,1.0485728,0.95000154,0.9497171,0.8337113,0.8337113,0.8337113,1.0123698,1.0065137,1.0002861,0.98946005,0.9901705,1.0011442,0.97254634,0.8791167,0.8863439,0.8995718,0.2,0.6,0.8,0.8666667,0.8666667,0.5072314,0.5086493,0.7739343,0.7739343,0.7739343,0.4,0.7,0.85,0.9,0.95,0.6,0.4,0.35,0.56666666,0.78333336,-0.2,0.3,0.5,0.33333334,0.16666667,0.751284,0.83719665,0.82797295,0.75586116,0.47396186,0.9199263,0.8795201,0.7629624,0.58969873,0.48845214,0.6,0.4,0.5,0.53333336,0.51666665,0.4,0.6,0.5,0.46666667,0.48333332,0.2,-0.2,0.0,0.06666667,0.033333335,0.7560905,0.5405076,0.6739082,0.58325964,0.5067282,0.24390951,0.4594924,0.3260918,0.41674036,0.49327183,0.512181,0.08101522,0.3478164,0.1665193,0.013456343,1.2851956,1.0819262,0.9056184,0.7933789,0.7772786,0.36141163,0.34208885,0.4089684,0.38327116,0.29345164,1.541081,1.3854326,1.6634834,1.5716709,1.3243781,0.56026477,0.48327616,0.49924448,0.52686274,0.5233766,0.43973523,0.5167238,0.50075555,0.47313726,0.47662342,0.120529525,-0.033447668,-0.0015110667,0.05372545,0.046753164
SH601288,0.04686847568458771,1.0,,2026-03-26,-0.003062771,0.012251171,-0.24999821,0.009188401,0.7500018,0.0,0.0,-0.012251171,-1.0,1.0030721,1.0122888,1.0,1.0052818,1.0493151,1.019863,0.9863014,1.0246576,1.1657535,1.0073973,1.019863,1.0186987,1.0177398,1.064121,0.017856888,0.01977491,0.017957471,0.018128144,0.06282313,-0.00643836,-0.0036031553,5.1478523e-06,-6.354224e-05,-0.0030895378,0.3249967,0.30433252,2.8762715e-06,0.0009521822,0.7376455,0.005479449,-0.0036488278,-0.018747555,-0.01681839,0.027020339,1.0537164,1.0571278,1.0571278,1.0571278,1.1830055,0.98312247,0.98312247,0.9721684,0.9721684,0.9721684,1.0126027,1.0383562,1.0356164,1.0339726,1.1495891,0.99767125,0.99972606,0.99972606,0.99972606,1.0167123,0.6,0.3,0.25,0.26666668,0.13333334,0.23907903,0.22805852,0.32758734,0.32758734,0.1320054,0.2,0.4,0.7,0.8,0.23333333,0.8,0.9,0.1,0.4,0.7,-0.6,-0.5,0.6,0.4,-0.46666667,0.04205507,0.40107727,0.44026145,0.4231665,-0.27594313,-0.5866889,-0.12650046,0.2818583,0.17888933,0.29157156,0.4,0.5,0.5,0.5,0.41666666,0.6,0.5,0.5,0.5,0.5833333,-0.2,0.0,0.0,0.0,-0.16666667,0.16666646,0.41317356,0.5312499,0.46069857,0.3789999,0.83333355,0.58682644,0.46875012,0.53930146,0.6210001,-0.66666704,-0.17365287,0.062499747,-0.07860287,-0.24200024,1.5604986,1.6529921,1.7213535,1.616913,1.6243426,0.5516212,0.53420764,0.7069694,0.6108197,0.6002866,1.4650651,1.4061612,1.5290128,1.5031621,1.2075086,0.32653058,0.50576025,0.48853406,0.48783502,0.502971,0.6734694,0.49423978,0.51146597,0.51216495,0.49702898,-0.34693885,0.011520448,-0.022931892,-0.024329958,0.005942026
SH601888,0.045690055533106726,0.875,,2026-03-26,-0.011605181,0.023909401,-0.48538148,0.008389263,0.3508772,0.003914957,0.16374132,-0.016079487,-0.67251736,1.0117414,1.0202292,0.9960391,1.0054123,1.0264202,1.0431387,1.133077,1.2942218,1.2885472,1.0080541,1.0293063,1.0541888,1.1319828,1.213749,0.009897456,0.026199417,0.03666252,0.12574226,0.123341024,-0.0027823572,-0.007062753,-0.005621688,-0.012824385,-0.0056039863,0.19756891,0.6661565,0.8229187,0.8061434,0.62962055,-0.0024894795,0.0024761434,-0.0007827614,0.053970754,-0.048431467,1.0448384,1.0821657,1.1506004,1.3964705,1.4118876,0.98358196,0.98358196,0.98358196,0.98358196,0.98358196,1.0170602,1.0609921,1.081933,1.3067057,1.3212765,1.0008787,1.0016841,1.0202819,1.0346696,1.0653853,0.2,0.1,0.05,0.033333335,0.016666668,0.26802143,0.16653913,0.09830083,0.039763898,0.03833258,0.2,0.3,0.05,0.16666667,0.31666666,0.6,0.8,0.9,0.93333334,0.96666664,-0.4,-0.5,-0.85,-0.76666665,-0.65,-0.37989917,0.3658914,0.5396714,0.7383475,0.77710104,-0.589969,0.05303978,-0.36054212,-0.038999096,0.3201244,0.4,0.4,0.4,0.4,0.35,0.6,0.6,0.6,0.6,0.65,-0.2,-0.2,-0.2,-0.2,-0.3,0.26492873,0.33565763,0.2599604,0.27957582,0.4047763,0.7350713,0.66434234,0.7400396,0.7204242,0.5952237,-0.47014254,-0.32868475,-0.48007917,-0.44084835,-0.19044742,1.2167026,1.3391228,1.5987122,2.1643035,3.0657136,0.23532754,0.38418928,0.57743293,1.0258682,1.5244019,0.8536294,1.0159295,1.1011765,1.4114491,1.2901349,0.3856871,0.43714967,0.3888907,0.48292327,0.46027488,0.6143129,0.5628503,0.6111093,0.51707673,0.5397251,-0.22862577,-0.12570064,-0.22221859,-0.034153473,-0.07945022
SH601012,0.045312091495264405,0.875,,2026-03-26,-0.02752784,0.039703578,-0.693334,0.008999476,0.22666663,0.0031762621,0.07999939,-0.033351056,-0.8400012,1.0283071,1.0375613,0.99673384,1.0133129,1.0081406,1.0310172,0.99453616,1.0511618,0.9858436,1.0244881,1.0206745,1.0071458,1.0069549,1.0066482,0.014519881,0.011859098,0.022637468,0.02068691,0.025644347,-0.0063165617,-0.0001645674,0.0026504188,0.0007514341,0.00012757555,0.47312444,0.0017652073,0.47977912,0.102256835,0.0075483406,-0.01185498,-0.019933874,-0.03232479,-0.017850744,-0.010411659,1.0669554,1.0669554,1.0669554,1.0750979,1.0914441,0.96732026,0.96732026,0.95698404,0.95698404,0.93085384,1.03429,1.029378,1.0274242,1.024604,1.025465,1.0191622,1.0090237,0.98506546,0.9912688,0.9869198,0.2,0.1,0.35,0.4,0.36666667,0.32799393,0.32799393,0.3911561,0.36419052,0.43057513,0.2,0.6,0.8,0.1,0.38333333,0.6,0.8,0.2,0.46666667,0.33333334,-0.4,-0.2,0.6,-0.36666667,0.05,0.7030826,0.77446645,0.7703196,0.7009961,0.53985745,0.7270737,0.73086536,0.5740215,0.5784107,0.61520195,0.4,0.3,0.5,0.46666667,0.46666667,0.6,0.7,0.5,0.53333336,0.53333336,-0.2,-0.4,0.0,-0.06666667,-0.06666667,0.45175037,0.36990756,0.5120057,0.44126222,0.5063608,0.54824966,0.63009244,0.4879943,0.55873775,0.4936392,-0.09649928,-0.26018485,0.024011366,-0.117475554,0.012721616,1.4224052,1.1868907,0.9539843,0.913873,0.9270158,0.36460772,0.39798957,0.38968265,0.39170533,0.4376767,0.6184589,0.9129956,0.91175926,1.2547872,1.4953485,0.57773787,0.49761292,0.5426275,0.45989528,0.5183027,0.42226216,0.5023871,0.45737246,0.5401047,0.48169732,0.15547568,-0.00477418,0.08525506,-0.08020942,0.036605384
SH600111,0.04503994033780868,0.75,,2026-03-26,-0.024076061,0.025554363,-0.9421507,0.0,0.0,0.0014783014,0.057849273,-0.02259776,-0.8843015,1.02467,1.02467,0.9984852,1.0091771,1.0088763,1.1185961,1.278947,1.1051745,0.98572093,0.9988766,1.0297364,1.1179433,1.1404854,1.105139,0.021777332,0.041889157,0.109100774,0.10451475,0.09046027,0.006534934,-0.010917381,-0.017508272,-0.0073033227,0.0014583697,0.22511949,0.6226517,0.9013614,0.3784317,0.0792719,-0.011946427,0.019391803,0.048385315,-0.034587245,-0.14816095,1.0348402,1.1285427,1.3756759,1.3756759,1.3756759,0.952613,0.952613,0.952613,0.952613,0.952613,1.006968,1.0631541,1.1994876,1.2132028,1.1769755,0.98412144,0.9934651,1.007101,1.0433304,1.0128555,0.8,0.4,0.2,0.13333334,0.18333334,0.57629365,0.26935214,0.1120094,0.1120094,0.1120094,0.8,0.1,0.1,0.4,0.7,0.6,0.8,0.9,0.93333334,0.96666664,0.2,-0.7,-0.8,-0.53333336,-0.26666668,0.40574232,-0.16978182,0.7539362,0.7755581,0.6466683,0.5395442,0.27839038,0.102181666,0.5297324,0.5910114,0.4,0.3,0.3,0.43333334,0.56666666,0.6,0.7,0.7,0.56666666,0.43333334,-0.2,-0.4,-0.4,-0.13333334,0.13333334,0.46344018,0.24392387,0.24873017,0.44849277,0.5039193,0.5365598,0.75607616,0.7512698,0.55150723,0.4960807,-0.073119625,-0.51215225,-0.50253963,-0.10301449,0.007838584,1.2610878,1.2234327,1.5788661,1.8054737,1.9083583,0.2939405,0.2263297,0.69615686,0.8047832,0.9643424,0.91641635,0.9112941,1.5833784,1.3884695,1.3360894,0.41454014,0.4690154,0.37412027,0.48537043,0.50240076,0.5854599,0.5309846,0.6258797,0.5146296,0.49759924,-0.17091972,-0.06196921,-0.25175944,-0.029259173,0.004801494
SZ300476,0.04463436689984387,0.875,,2026-03-26,0.01425825,0.043642312,0.326707,0.019275043,0.4416595,0.01010902,0.23163347,0.0050922274,0.11668097,0.9859422,1.0190041,0.9759753,0.9929818,1.0312053,1.0431371,1.1724126,0.9539232,1.1074017,0.9978277,1.0248579,1.0452951,1.0328077,1.0419313,0.023866726,0.035889693,0.042001113,0.054938342,0.060828757,-0.0054443395,-0.008909369,-0.005221401,0.0007465494,-0.0012037009,0.13009025,0.56489265,0.54090434,0.014310925,0.11943156,0.013060989,0.015234244,0.004308218,-0.043632682,-0.0064220536,1.0669782,1.1493204,1.1493204,1.2043217,1.2043217,0.9638909,0.9638909,0.9638909,0.9085485,0.9085485,1.0073113,1.0480515,1.0748247,1.0748247,1.0970287,0.98602545,0.99060524,1.003419,0.9874983,0.98611295,0.8,0.4,0.2,0.36666667,0.36666667,0.35027665,0.19473214,0.19473214,0.30919468,0.30919468,0.2,0.3,0.65,0.33333334,0.6666667,0.6,0.8,0.9,0.06666667,0.53333336,-0.4,-0.5,-0.25,0.26666668,0.13333334,0.24524818,0.65005153,0.614584,0.80432624,0.67671424,-0.23435605,-0.02303763,0.112495266,0.45353115,0.4893763,0.8,0.6,0.4,0.43333334,0.43333334,0.2,0.4,0.6,0.56666666,0.56666666,0.6,0.2,-0.2,-0.13333334,-0.13333334,0.33993182,0.41757172,0.34367576,0.526168,0.46651408,0.6600682,0.5824283,0.6563242,0.47383198,0.53348595,-0.32013637,-0.16485655,-0.31264848,0.05233603,-0.06697184,0.97295976,1.1475322,1.1965681,1.1744272,1.1516236,0.1939104,0.2918277,0.2780509,0.46444705,0.36929277,1.4565432,0.8365386,0.9097186,1.275767,1.222857,0.4293573,0.50822073,0.35393772,0.5020309,0.49313694,0.5706427,0.49177927,0.6460623,0.49796912,0.50686306,-0.14128543,0.016441487,-0.2921246,0.004061783,-0.013726086
SH600309,0.04418715537748266,0.875,,2026-03-26,0.01576924,0.042179506,0.3738602,0.021282058,0.5045592,0.0051282095,0.12158059,-0.00038461032,-0.009118416,0.98447555,1.0209516,0.979427,1.0041054,0.9899034,1.0930188,1.1361847,1.0703014,0.956582,0.97139984,0.99456,1.0673229,1.0784634,1.0509464,0.024051731,0.035120074,0.081346184,0.069258794,0.06584776,0.0099711865,-0.007478659,-0.012797602,-0.005060448,0.0013238487,0.42967594,0.4156694,0.8662653,0.41374215,0.12328053,0.0086577535,0.039093938,0.054254424,-0.0050869253,-0.089999944,1.0209516,1.1104363,1.2242836,1.2242836,1.2242836,0.9259121,0.9259121,0.9259121,0.9259121,0.9259121,0.99212444,1.0128994,1.1382809,1.1329048,1.111221,0.9479501,0.9671331,0.9901051,1.0020194,0.98538333,1.0,0.6,0.3,0.2,0.3,0.7795479,0.4015078,0.24830756,0.24830756,0.24830756,1.0,0.1,0.35,0.56666666,0.78333336,0.4,0.7,0.85,0.9,0.95,0.6,-0.6,-0.5,-0.33333334,-0.16666667,-0.25004116,0.1780252,0.29324874,0.22642939,0.44621626,0.05617886,-0.5326518,-0.16050704,0.11735913,0.17377563,0.6,0.5,0.5,0.53333336,0.53333336,0.4,0.5,0.5,0.46666667,0.46666667,0.2,0.0,0.0,0.06666667,0.06666667,0.552353,0.2983026,0.37108773,0.45301172,0.51591134,0.44764695,0.7016974,0.62891227,0.5469883,0.4840887,0.104706086,-0.4033948,-0.25782457,-0.09397658,0.031822633,1.1347001,1.2672962,1.3562256,1.2946353,1.2730321,0.16580191,0.4355781,0.38903105,0.3862937,0.43691367,0.8118226,1.1956983,0.8534508,0.86003196,1.1715838,0.4763892,0.42454687,0.48420867,0.50289166,0.5043823,0.52361083,0.5754531,0.51579136,0.49710834,0.4956177,-0.047221616,-0.15090623,-0.031582672,0.0057832915,0.008764645
SH601898,0.042984269471661715,0.625,,2026-03-26,0.023441995,0.048027407,0.48809618,0.014293819,0.29761794,0.010291595,0.21428587,0.019439772,0.40476412,0.97709495,1.0139664,0.9670391,0.9950634,1.0355912,1.0815154,0.8143896,0.78645235,0.7259854,1.0130883,1.0160352,0.9927095,0.93181527,0.8329506,0.02619398,0.024394685,0.05135076,0.09737291,0.12202769,-0.0131649375,-0.0031010408,0.0050772745,0.009775798,0.006326799,0.6315018,0.1481276,0.34216496,0.78114176,0.8198815,0.0132414885,-0.002080502,-0.04094361,-0.07356433,-0.019591175,1.0837156,1.1043489,1.1043489,1.1043489,1.1043489,0.950692,0.950692,0.8115555,0.76872873,0.6885693,1.0327593,1.0358208,1.0325296,1.0193647,0.98155373,0.99471873,0.99747413,0.9663988,0.81393033,0.7287409,0.4,0.4,0.55,0.7,0.85,0.37067124,0.3208967,0.6436091,0.6890863,0.7490283,0.4,0.1,0.55,0.7,0.85,0.8,0.9,0.05,0.06666667,0.15,-0.4,-0.8,0.5,0.6333333,0.7,-0.73769706,-0.1618017,0.111094885,0.4488468,0.6670758,-0.8163893,-0.2135995,0.46473745,0.5005839,0.4794394,0.4,0.4,0.55,0.53333336,0.53333336,0.6,0.6,0.45,0.46666667,0.46666667,-0.2,-0.2,0.1,0.06666667,0.06666667,0.30379745,0.32040486,0.631294,0.62578905,0.60419095,0.6962026,0.6795952,0.36870596,0.37421095,0.39580905,-0.39240512,-0.35919032,0.26258808,0.25157806,0.20838192,1.0329238,1.0208043,1.2668911,1.1224749,0.85713863,0.3115527,0.2368428,0.48064035,0.4868337,0.48884237,1.340885,0.8821874,0.9886942,1.1667128,1.3886337,0.46600938,0.38421336,0.5317457,0.4951531,0.5156339,0.5339906,0.6157866,0.4682543,0.5048469,0.48436615,-0.067981265,-0.23157325,0.06349139,-0.0096937865,0.031267725
SH601868,0.04293738619099773,0.625,,2026-03-26,-0.042168632,0.048192777,-0.87499905,0.0030120718,0.062500484,0.0030120718,0.062500484,-0.042168632,-0.87499905,1.0440251,1.0471698,0.9968553,1.0087289,1.0567163,1.1940298,0.7850746,0.7671642,0.7462687,1.0161194,1.0495522,0.980597,0.9082587,0.8350746,0.023371415,0.05256141,0.12449662,0.14500368,0.12629445,0.005373129,-0.012555402,0.01405005,0.013917951,0.0055694575,0.13213703,0.5230445,0.4457678,0.71399355,0.5931398,-0.026865646,0.006947099,-0.114072464,-0.110068984,0.0006263965,1.0853517,1.2390134,1.2390134,1.2390134,1.2390134,0.9715435,0.9715435,0.78132564,0.7490913,0.7341759,1.0340298,1.0656716,1.0656716,1.0519402,0.98985076,0.999403,1.002388,0.82268655,0.760597,0.75462687,0.4,0.2,0.5,0.6666667,0.8333333,0.25003934,0.106391475,0.47778058,0.51213986,0.5265537,0.8,0.1,0.55,0.7,0.85,0.4,0.7,0.05,0.23333333,0.11666667,0.4,-0.6,0.5,0.46666667,0.73333335,0.42965868,0.83422625,0.84514093,0.9082419,0.8664692,0.19871949,0.33248854,0.5050737,0.48968726,0.41524532,0.6,0.4,0.65,0.6,0.48333332,0.4,0.6,0.35,0.36666667,0.38333333,0.2,-0.2,0.3,0.23333333,0.1,0.3272727,0.21739118,0.6374046,0.6382979,0.62318844,0.6727273,0.7826088,0.36259538,0.3617021,0.3768116,-0.34545454,-0.5652176,0.2748092,0.2765958,0.24637683,1.324406,1.5955223,1.4807264,1.0790336,0.7070114,0.19844304,0.52402574,0.82047874,0.8827317,0.740744,0.66448647,1.009856,1.2353402,1.6199478,2.2715492,0.4095528,0.14882976,0.5390868,0.5329288,0.5299402,0.5904472,0.85117024,0.46091318,0.46707115,0.4700598,-0.18089439,-0.7023405,0.07817364,0.06585769,0.059880372
SH601225,0.04201615316091155,0.875,,2026-03-26,0.015872998,0.021680206,0.73214245,0.0034843239,0.16071452,0.0023228826,0.107143015,0.014711558,0.6785709,0.984375,1.0034299,0.98208845,0.99445224,1.014442,1.0175055,0.8849015,0.86433256,0.83807445,1.0131729,1.0017068,0.9806674,0.9449526,0.88985777,0.023841359,0.022994047,0.032962132,0.05894708,0.07044514,-0.0126477005,0.0021616605,0.004305785,0.006231139,0.003522587,0.7035601,0.08101316,0.5972308,0.8659883,0.76264286,0.012122522,-0.011434265,-0.021572376,-0.035304125,0.0062259003,1.0646924,1.0646924,1.0646924,1.0646924,1.0646924,0.9606054,0.9584561,0.87867695,0.8268769,0.7865271,1.035536,1.0185558,1.0125164,1.0,0.968709,0.9962363,0.9802188,0.95912474,0.886477,0.8302845,0.4,0.55,0.725,0.81666666,0.90833336,0.37847784,0.391052,0.6522205,0.72797257,0.767432,0.4,0.7,0.85,0.9,0.95,0.8,0.4,0.05,0.06666667,0.48333332,-0.4,0.3,0.8,0.8333333,0.46666667,0.3895953,0.67160875,0.15668052,0.4973481,0.3277853,-0.26872465,0.38134596,0.58371586,0.5836018,0.55584437,0.6,0.5,0.55,0.56666666,0.5,0.4,0.5,0.45,0.43333334,0.48333332,0.2,0.0,0.1,0.13333334,0.016666668,0.4266667,0.45238093,0.6563616,0.634432,0.59153885,0.57333326,0.5476191,0.34363842,0.365568,0.40846115,-0.14666656,-0.09523817,0.31272316,0.26886398,0.1830777,1.5363538,1.3869764,1.5819942,1.3828242,1.3163761,0.41134575,0.39800605,0.59795123,0.57808554,0.6616216,0.6198946,0.7641057,1.0051141,1.0562209,1.709372,0.361367,0.38961542,0.5169106,0.41879565,0.50343263,0.638633,0.6103846,0.4830894,0.58120435,0.49656737,-0.277266,-0.22076915,0.0338212,-0.16240872,0.0068652458
SH600027,0.04191503055486276,0.625,,2026-03-26,-0.01841623,0.031307593,-0.5882353,0.0,0.0,0.0128913615,0.4117647,-0.005524869,-0.1764706,1.0187618,1.0187618,0.9868668,1.0010997,0.9795418,1.01473,0.93453354,0.91571194,0.9721768,0.98985267,0.98805237,0.9821195,0.96082926,0.9503682,0.021609206,0.01551331,0.01678188,0.033706907,0.029219216,0.009574467,0.0011307814,0.001541293,0.0033439596,0.0007184896,0.49078545,0.048703462,0.2952278,0.76275665,0.18441817,-0.009001628,0.006859108,0.0032382454,-0.00931665,0.02843632,1.0357081,1.0357081,1.0357081,1.0357081,1.0357081,0.9547791,0.9547791,0.93036807,0.90469056,0.90214086,1.0037643,0.99869066,0.99247134,0.98903435,0.9811784,0.9770867,0.98085105,0.9677577,0.9173486,0.92225856,0.8,0.9,0.9,0.93333334,0.96666664,0.5587723,0.5587723,0.66102046,0.72745544,0.7326581,0.8,0.9,0.95,0.96666664,0.98333335,0.6,0.8,0.05,0.033333335,0.48333332,0.2,0.1,0.9,0.93333334,0.5,0.8962057,0.62761337,0.306533,0.7456968,0.68337476,0.57664394,0.62583095,0.6108852,0.4324341,0.32444623,0.6,0.3,0.45,0.5,0.43333334,0.4,0.6,0.5,0.43333334,0.46666667,0.2,-0.3,-0.05,0.06666667,-0.033333335,0.6033056,0.44512203,0.62269926,0.6323906,0.52768725,0.3966944,0.554878,0.37730074,0.36760938,0.47231275,0.2066112,-0.109755956,0.24539854,0.26478127,0.055374514,0.88919747,0.70133257,0.69673216,0.5676856,0.46208504,0.2512622,0.27182952,0.23034647,0.29115602,0.2516701,0.7229719,1.0740124,0.92623305,1.1793084,1.4472938,0.7372479,0.5780761,0.57917434,0.58388215,0.5394372,0.26275212,0.42192388,0.42082566,0.41611788,0.46056286,0.47449577,0.15615223,0.1583487,0.16776428,0.07887432
SH688472,0.04069104783257972,0.875,,2026-03-26,-0.0378006,0.04810991,-0.7857134,0.007560162,0.15714353,0.0027491497,0.057143107,-0.042611614,-0.8857138,1.0392857,1.0471427,0.99714285,1.015601,1.0817039,1.146648,1.0321229,1.192039,1.0670391,1.0389664,1.0666201,1.0490922,1.0574023,1.1066457,0.027543534,0.03694185,0.05097141,0.0467697,0.07125632,-0.01717876,-0.011427117,0.0029182616,-0.000585379,-0.0022938359,0.97248834,0.87709683,0.11472635,0.012140788,0.316066,-0.0046089445,-0.015198065,-0.076815635,-0.0489142,-0.038977515,1.1311891,1.1529887,1.1595076,1.1643354,1.3216666,0.9855289,0.9855289,0.96143246,0.96143246,0.96143246,1.0567039,1.0999999,1.0999999,1.0999999,1.1641061,1.022905,1.0375699,1.0011173,1.017877,1.043715,0.2,0.1,0.2,0.13333334,0.06666667,0.0993483,0.086415365,0.19471161,0.19007878,0.10706239,0.2,0.1,0.5,0.1,0.25,0.6,0.8,0.2,0.46666667,0.73333335,-0.4,-0.7,0.3,-0.36666667,-0.48333332,0.9439969,0.47357756,0.76765263,0.566119,0.7324259,0.5715048,0.5186834,0.5310137,0.32021588,0.57465863,0.0,0.1,0.4,0.4,0.45,1.0,0.9,0.6,0.6,0.55,-1.0,-0.8,-0.2,-0.2,-0.1,0.0,0.14999987,0.46525684,0.37185463,0.48254547,1.0,0.85000014,0.53474313,0.62814534,0.51745456,-1.0,-0.7000003,-0.06948632,-0.25629073,-0.034909092,1.5751778,1.5090647,1.3699429,1.2481029,1.5447054,0.6757533,0.4923607,0.62914735,0.568191,0.700025,0.36643118,0.46386254,1.1576084,1.1700099,1.2635651,0.4605191,0.37471813,0.5042973,0.45188785,0.49879482,0.53948087,0.6252819,0.49570268,0.54811215,0.50120515,-0.07896177,-0.25056374,0.008594657,-0.0962243,-0.0024103234
SH601021,0.040131237884081045,0.875,,2026-03-26,0.017180612,0.045594748,0.3768112,0.022246724,0.48792294,0.0061674127,0.13526586,0.0011013006,0.02415411,0.9831096,1.021871,0.9770463,1.0064651,1.0222992,1.0478567,1.2029326,1.2754302,1.215253,0.9804501,1.0108237,1.0501221,1.1153446,1.1815803,0.029329157,0.038257457,0.05843159,0.10693453,0.102377556,0.0028103073,-0.0092942435,-0.008797552,-0.011725934,-0.004843543,0.02295348,0.54101247,0.7934075,0.9318815,0.6826791,0.01392932,0.031000348,0.03345455,0.05468137,-0.038695782,1.033136,1.0738595,1.216572,1.2947189,1.3072854,0.93286365,0.93286365,0.93286365,0.93286365,0.93286365,1.0020365,1.044028,1.0897872,1.2321963,1.27207,0.95128804,0.9856634,1.0081458,1.0290601,1.054638,0.8,0.4,0.2,0.13333334,0.06666667,0.6695397,0.47615856,0.23663858,0.18553375,0.17930676,0.2,0.3,0.05,0.033333335,0.16666667,0.4,0.7,0.85,0.9,0.95,-0.2,-0.4,-0.8,-0.8666667,-0.78333336,-0.59610873,-0.76767933,-0.41462493,-0.8064359,-0.7039934,-0.6974418,-0.70623404,-0.73908305,-0.68887067,-0.34928253,0.6,0.5,0.35,0.33333334,0.41666666,0.4,0.5,0.65,0.6666667,0.5833333,0.2,0.0,-0.3,-0.33333334,-0.16666667,0.41518202,0.3666289,0.2590085,0.24658059,0.39717898,0.584818,0.6333711,0.74099153,0.7534194,0.60282105,-0.16963597,-0.26674226,-0.481983,-0.50683886,-0.20564206,0.9803508,0.7955406,0.8170011,0.6447914,0.53443193,0.2964179,0.28995872,0.3811286,0.39799958,0.30695045,1.0748705,1.4221697,1.3980973,1.6826372,1.7653753,0.6395779,0.6059552,0.55100006,0.5276986,0.52591515,0.36042207,0.39404485,0.44899997,0.47230142,0.47408485,0.27915582,0.21191032,0.102000065,0.055397138,0.051830273
SZ000661,0.037794847367457564,0.625,,2026-03-26,-0.013165581,0.017825933,-0.73856336,0.004427338,0.24836501,0.00023301394,0.013071626,-0.017359905,-0.97385675,1.0133412,1.0178276,0.9997639,1.0085926,1.0504043,1.0646875,1.1629287,1.0792215,1.1238418,1.0082158,1.0367011,1.0553783,1.0610489,1.1012357,0.018383749,0.033098314,0.033620313,0.038399603,0.05707529,-0.005040438,-0.009676565,-0.0043892637,-0.0017952168,-0.0021630996,0.18793531,0.7835058,0.5965514,0.16938776,0.43808326,0.0018650567,0.006843509,-0.013680356,-0.035018202,-0.03742436,1.0552471,1.0867643,1.1461545,1.2514765,1.2591398,0.988786,0.988786,0.988786,0.988786,0.988786,1.0179425,1.0665998,1.0769315,1.0769315,1.1567078,0.9977808,1.0014166,1.0324619,1.0366877,1.053922,0.4,0.2,0.1,0.06666667,0.033333335,0.16873075,0.1144543,0.07125975,0.042689163,0.041479137,0.2,0.3,0.05,0.33333334,0.21666667,0.4,0.7,0.85,0.9,0.95,-0.2,-0.4,-0.8,-0.56666666,-0.73333335,-0.3329404,-0.05852688,0.5570348,0.7243439,0.63749033,-0.89920306,-0.6759203,-0.15211874,0.6177,0.4963591,0.4,0.3,0.35,0.36666667,0.38333333,0.6,0.7,0.65,0.6333333,0.6166667,-0.2,-0.4,-0.3,-0.26666668,-0.23333333,0.2449223,0.27284977,0.23789397,0.419498,0.43735352,0.7550777,0.72715026,0.76210606,0.580502,0.56264645,-0.5101554,-0.4543005,-0.52421206,-0.16100399,-0.12529294,1.3674526,1.3421588,2.0008445,2.313221,2.4310997,0.60171837,0.4182805,1.2754,2.15928,1.7360595,1.3209468,1.4392487,1.4178914,2.101983,1.8679452,0.43245298,0.43318558,0.1322323,0.48816192,0.49262947,0.567547,0.5668144,0.8677677,0.5118381,0.50737053,-0.13509402,-0.13362883,-0.73553544,-0.023676157,-0.014741077
SZ002001,0.03382804297559709,1.0,,2026-03-26,-0.005853073,0.03219202,-0.1818175,0.017851975,0.55454654,0.008486974,0.26363593,-0.0152180735,-0.4727281,1.0058875,1.0238446,0.99146307,1.0079169,1.0097122,1.156899,0.91433245,0.8154238,0.72681874,1.0105375,1.036943,1.0359119,0.98336595,0.87796414,0.00789546,0.045361646,0.061358195,0.09138325,0.12683424,-0.0027966714,-0.012258534,0.0016632578,0.007681372,0.006694194,0.31366637,0.66943896,0.025718287,0.5475782,0.8496174,-0.004944168,0.018220477,-0.051712904,-0.09474585,-0.07544288,1.035323,1.1757437,1.1830983,1.1830983,1.1830983,0.96496964,0.96496964,0.91079915,0.80482525,0.71621984,1.0179576,1.0504532,1.0744771,1.0662344,1.0085347,1.0061193,1.0081221,0.9958748,0.88401574,0.75101244,0.2,0.1,0.3,0.53333336,0.76666665,0.49792036,0.16619867,0.32758403,0.51596254,0.60782444,0.2,0.2,0.5,0.6666667,0.8333333,0.4,0.7,0.05,0.033333335,0.033333335,-0.2,-0.5,0.45,0.6333333,0.8,0.9318045,0.27140638,0.11692663,0.42809597,0.75531733,0.86102676,-0.23085548,0.38741553,0.4803498,0.3549451,0.2,0.1,0.45,0.56666666,0.56666666,0.8,0.9,0.55,0.43333334,0.4,-0.6,-0.8,-0.1,0.13333334,0.16666667,0.34584624,0.060970966,0.59273833,0.6486489,0.6485229,0.65415376,0.93902904,0.40726164,0.35135108,0.35147706,-0.30830756,-0.8780581,0.1854767,0.29729784,0.29704586,1.490179,1.694986,1.977773,1.8018094,1.3677973,0.48201162,0.5958173,0.6507069,0.6403639,0.67965204,0.953732,1.3658675,1.1925681,1.2550062,1.5062789,0.3985255,0.4019265,0.47084618,0.5045091,0.50859964,0.6014745,0.59807354,0.5291538,0.49549094,0.4914004,-0.20294902,-0.19614705,-0.058307666,0.009018138,0.017199231
SH601607,0.03346716671332649,1.0,,2026-03-26,-0.008443898,0.01326903,-0.6363613,0.0036188776,0.27273116,0.0012062549,0.090907544,-0.01085652,-0.8181849,1.0085158,1.0121655,0.99878347,1.0043135,1.038946,1.0480937,1.0474913,1.050504,1.0863278,1.005861,1.0270925,1.0354568,1.0400909,1.0550522,0.0134808235,0.024406457,0.019179318,0.016968584,0.022053914,-0.0037741046,-0.0072371457,-0.0021400726,-0.0012702919,-0.0010833086,0.19594538,0.8060028,0.43577147,0.43432766,0.73592377,0.0016871454,0.0054746973,-0.0151261315,-0.02167169,-0.02309461,1.0425953,1.0578352,1.0578352,1.0578352,1.1028008,0.98725164,0.98725164,0.98725164,0.98725164,0.98725164,1.0123137,1.050745,1.0483347,1.0506245,1.0776511,0.9983019,1.0014899,1.0236197,1.0355608,1.0444237,0.4,0.2,0.1,0.06666667,0.033333335,0.23034905,0.18061356,0.18061356,0.18061356,0.1103284,0.2,0.3,0.65,0.76666665,0.23333333,0.4,0.7,0.85,0.9,0.95,-0.2,-0.4,-0.2,-0.13333334,-0.71666664,-0.05590369,0.010965319,-0.014427384,-0.13112986,0.18812878,-0.8536399,-0.6582993,-0.2876404,-0.24614447,-0.19848432,0.4,0.4,0.5,0.46666667,0.45,0.6,0.6,0.45,0.5,0.5,-0.2,-0.2,0.05,-0.033333335,-0.05,0.23330832,0.24506424,0.31434694,0.33733234,0.36506853,0.7666917,0.75493574,0.6856531,0.66266763,0.63493145,-0.53338337,-0.50987154,-0.37130612,-0.32533532,-0.26986292,1.6924268,1.6328218,1.6099489,1.4951019,2.0117376,0.8154014,0.55824965,0.553757,0.50287396,1.2125734,1.3103416,1.6189861,1.8385993,2.0102005,2.2017097,0.43659765,0.44312683,0.4721546,0.4793955,0.4943433,0.56340235,0.5568732,0.52784544,0.5206045,0.50565666,-0.1268047,-0.11374635,-0.055690844,-0.04120898,-0.011313369
SH601456,0.03213629807692381,1.0,,2026-03-26,-0.009836115,0.016393447,-0.6000028,0.003278628,0.19999625,0.0032787048,0.20000094,-0.009836038,-0.5999981,1.0099338,1.013245,0.9966887,1.0041335,1.0414894,1.0457447,1.0808511,1.0797873,1.1521277,1.006383,1.0246809,1.039734,1.0535816,1.0773581,0.013115779,0.021245845,0.023663124,0.027737742,0.035320785,-0.0025531836,-0.0057898136,-0.0034338513,-0.002876718,-0.001837715,0.094736196,0.6807577,0.73703283,0.8335931,0.8256491,-0.0012766229,0.0013732946,-0.0071124756,-0.011869161,-0.023145579,1.0465472,1.058996,1.087234,1.0906258,1.1557193,0.9904255,0.9904255,0.9904255,0.9904255,0.9904255,1.0159575,1.0423404,1.0510638,1.0814894,1.0980852,0.9980851,1.0025532,1.0223404,1.0404255,1.0457447,0.4,0.2,0.1,0.06666667,0.033333335,0.17060228,0.13962986,0.09890117,0.09555346,0.057924017,0.2,0.3,0.05,0.16666667,0.06666667,0.4,0.7,0.85,0.9,0.95,-0.2,-0.4,-0.8,-0.73333335,-0.8833333,-0.33477262,-0.17351049,0.36861637,0.27436823,0.32531106,-0.59148175,-0.2574089,-0.12664732,-0.0506366,-0.08528694,0.4,0.3,0.35,0.4,0.38333333,0.6,0.6,0.6,0.53333336,0.53333336,-0.2,-0.3,-0.25,-0.13333334,-0.15,0.26506057,0.27835056,0.2865167,0.32876697,0.3643263,0.7349394,0.7216494,0.71348333,0.67123306,0.6356737,-0.46987885,-0.44329888,-0.42696664,-0.34246606,-0.2713474,1.3148093,1.2783837,1.4341778,1.4460137,1.9390744,0.39531568,0.36713672,0.39919987,0.3810398,0.86798036,0.89575833,1.2943707,1.0789194,1.1500169,1.6150775,0.45797583,0.4514408,0.48505956,0.46993515,0.4932788,0.54202414,0.5485592,0.51494044,0.5300648,0.5067212,-0.084048316,-0.09711839,-0.029880892,-0.0601297,-0.013442372
SH601633,0.03207636551447564,0.875,,2026-03-26,-0.0067082043,0.018687125,-0.35897464,0.010541434,0.56410146,0.001437487,0.07692392,-0.015812151,-0.8461522,1.0067536,1.0173662,0.9985528,1.0076003,1.0100838,0.9941684,1.0034018,1.0038878,1.0771474,1.007897,1.0122464,0.99404687,0.9991131,1.0243125,0.011244399,0.009197399,0.021607842,0.019336402,0.036344294,-0.0050662123,-0.0021323673,0.0025427432,3.6677335e-05,-0.0016614076,0.50749797,0.49272597,0.48467463,0.00027883414,0.63735265,0.002235453,-0.002650729,-0.018202955,0.00035507212,0.024698973,1.0371811,1.0371811,1.0371811,1.0371811,1.1234965,0.9850423,0.9850423,0.95168597,0.95168597,0.95168597,1.0119061,1.0199003,1.0164014,1.0152351,1.0628842,0.9999028,1.0038878,0.97195965,0.98282105,0.996501,0.4,0.2,0.6,0.43333334,0.26666668,0.28688234,0.28688234,0.5651085,0.5651085,0.28120533,0.4,0.7,0.85,0.9,0.06666667,0.6,0.8,0.2,0.46666667,0.73333335,-0.2,-0.1,0.65,0.43333334,-0.6666667,0.6202205,0.49501106,0.4793777,0.2067524,0.16242571,0.5154377,0.584828,0.26565924,0.3984864,0.44415206,0.4,0.4,0.45,0.43333334,0.41666666,0.6,0.6,0.55,0.56666666,0.5833333,-0.2,-0.2,-0.1,-0.13333334,-0.16666667,0.41749504,0.5299252,0.4913793,0.49303135,0.43108314,0.5825049,0.47007477,0.5086207,0.5069687,0.56891686,-0.16500989,0.059850436,-0.017241398,-0.013937296,-0.13783371,1.8719314,1.905669,1.7091638,1.519975,1.5748492,0.794471,0.6307549,0.5977245,0.59990084,0.56748635,0.8725241,1.0715663,0.9672776,1.0240902,1.0332286,0.3448632,0.48247835,0.50409716,0.48436108,0.50328076,0.65513676,0.5175216,0.49590287,0.5156389,0.49671927,-0.31027356,-0.03504327,0.00819429,-0.03127783,0.0065614646
SH600048,0.03206120104877701,0.75,,2026-03-26,-0.021630628,0.024958441,-0.86666584,0.0033278123,0.13333414,0.0,0.0,-0.024958441,-1.0,1.0221089,1.0255102,1.0,1.0119122,1.0612285,1.0867242,1.1513649,1.2227659,1.0782256,1.0183749,1.0537472,1.0833377,1.1137844,1.1092175,0.018376386,0.041021187,0.04615142,0.05908479,0.052645918,-0.008002822,-0.012801728,-0.0071757734,-0.006403386,-4.668734e-05,0.47413957,0.8927548,0.8461267,0.9102689,0.00023986597,-0.0023693247,0.0038606506,-0.015167785,-0.020935355,-0.10784027,1.0680523,1.130948,1.173485,1.2398094,1.2398094,1.0,1.0,1.0,1.0,1.0,1.0271955,1.0986351,1.1180402,1.1605717,1.1564512,1.0054597,1.0136235,1.0425315,1.0762168,1.0646408,0.2,0.1,0.05,0.033333335,0.016666668,0.0,0.0,0.0,0.0,0.0,0.2,0.1,0.1,0.1,0.55,1.0,1.0,1.0,1.0,1.0,-0.8,-0.9,-0.9,-0.9,-0.45,-0.45963296,0.63150567,0.37975252,0.5265495,0.51154876,-0.7985329,-0.1023349,-0.16703057,0.11389142,0.4394315,0.4,0.4,0.3,0.3,0.38333333,0.6,0.5,0.55,0.6,0.56666666,-0.2,-0.1,-0.25,-0.3,-0.18333334,0.16631602,0.21972579,0.18860935,0.23684213,0.4630092,0.83368397,0.7802742,0.81139064,0.7631579,0.5369908,-0.66736794,-0.5605484,-0.62278134,-0.52631575,-0.0739816,1.2220763,1.5336913,1.5550537,1.7110255,2.2068925,0.38018447,0.54101765,0.4645931,0.5757197,1.2039887,1.1105431,0.9193639,1.0614122,0.99154985,1.3183683,0.4425089,0.47189626,0.4436373,0.3963027,0.49711776,0.5574911,0.52810377,0.5563627,0.6036973,0.50288224,-0.11498221,-0.056207493,-0.1127254,-0.20739459,-0.0057644923
SH600050,0.031317659130709635,0.75,,2026-03-26,-0.011013215,0.017621178,-0.62499887,0.0044053355,0.25000232,0.0022026268,0.12499884,-0.013215925,-0.7500023,1.0111358,1.0155902,0.9977729,1.0053358,1.1038648,1.1195652,1.0869565,1.0845411,1.1449275,1.0128019,1.0634058,1.0828502,1.0823269,1.1137078,0.019334983,0.055301912,0.043860443,0.035654068,0.046319366,-0.0071256068,-0.016944813,-0.00461843,-0.0012958572,-0.0019277696,0.33954403,0.8606066,0.38807064,0.102375925,0.52830523,0.0014492787,0.01284585,-0.03897516,-0.063536964,-0.056838527,1.0959179,1.1403635,1.1403635,1.1403635,1.2311273,0.9884901,0.9884901,0.9884901,0.9884901,0.9884901,1.0195652,1.1108695,1.1108695,1.1067632,1.1461352,0.9990338,1.0086957,1.0384058,1.0756038,1.0816425,0.4,0.2,0.1,0.06666667,0.033333335,0.10714069,0.07578612,0.07578612,0.07578612,0.04743662,0.2,0.1,0.55,0.7,0.21666667,0.4,0.7,0.85,0.9,0.95,-0.2,-0.6,-0.3,-0.2,-0.73333335,0.6199088,0.019587042,-0.056347355,-0.027566923,0.2906939,-0.60897356,-0.3591235,-0.2264183,-0.20228733,-0.043677304,0.4,0.3,0.4,0.43333334,0.41666666,0.6,0.6,0.5,0.46666667,0.48333332,-0.2,-0.3,-0.1,-0.033333335,-0.06666667,0.12931012,0.15862037,0.32857108,0.3622046,0.39090902,0.87068987,0.84137964,0.6714289,0.6377954,0.609091,-0.7413798,-0.6827592,-0.34285784,-0.27559078,-0.21818195,2.0736609,1.8376274,1.741491,1.5475136,1.8563719,1.358617,0.98776054,0.7481601,0.67807305,1.0246298,1.2484747,1.6699281,1.8795546,2.142333,1.8415123,0.4687927,0.49082172,0.4929783,0.4817879,0.5017352,0.5312073,0.5091783,0.5070217,0.5182121,0.4982648,-0.062414613,-0.018356552,-0.014043395,-0.036424197,0.00347043
SH688223,0.03123982840394941,1.0,,2026-03-26,-0.061776005,0.06563707,-0.9411756,0.0012870213,0.019608147,0.0025740426,0.039216295,-0.060488984,-0.92156744,1.0658436,1.0672153,0.99725646,1.024959,0.98940396,1.1311258,1.015894,1.1509933,0.7456953,1.0392053,1.030596,1.035894,1.0520971,0.94929355,0.025384188,0.033516,0.052922416,0.056066025,0.12558858,-0.0056953668,-0.0010676277,0.0011133798,-0.0023119135,0.005687415,0.12585105,0.009301366,0.015490856,0.13177873,0.62550294,-0.027814547,-0.025791679,-0.046471126,-0.018574359,-0.117072314,1.1075312,1.132865,1.2058986,1.3244164,1.3244164,0.9847343,0.96473736,0.9488294,0.9488294,0.7305717,1.0609272,1.0609272,1.0651655,1.1030463,1.0609272,1.0243708,0.9978808,0.99258274,1.005298,0.8169536,0.2,0.3,0.3,0.2,0.5833333,0.12431682,0.20973748,0.19905381,0.13624166,0.4537016,0.8,0.1,0.45,0.1,0.55,0.2,0.5,0.2,0.46666667,0.033333335,0.6,-0.4,0.25,-0.36666667,0.51666665,0.506589,0.2793983,0.60671926,0.7016148,0.7874746,0.82721806,0.5758066,0.7416348,0.605738,0.7198952,0.4,0.3,0.4,0.4,0.45,0.4,0.6,0.55,0.53333336,0.51666665,0.0,-0.3,-0.15,-0.13333334,-0.06666667,0.5333334,0.292887,0.48672566,0.41810346,0.56417114,0.46666655,0.707113,0.5132744,0.58189654,0.43582886,0.06666688,-0.414226,-0.02654869,-0.16379307,0.12834229,1.5638127,1.3346574,1.2234356,1.3326114,1.1075405,0.43520617,0.4101455,0.3992606,0.52722406,0.5879892,0.9191839,0.82324046,1.152872,1.0943561,1.7698913,0.38028798,0.45602322,0.5081465,0.4188271,0.52302206,0.61971205,0.5439768,0.49185345,0.58117294,0.47697794,-0.23942406,-0.08795356,0.016293107,-0.16234586,0.0460441
SH603259,0.028948771538215866,0.875,,2026-03-26,0.002964479,0.024033908,0.12334569,0.018740118,0.7797365,0.0023293127,0.09691777,-0.013446325,-0.5594731,0.99704427,1.0186847,0.99472183,1.0067737,0.9667358,0.97021985,1.034633,1.0092908,0.96283704,0.9735297,0.97182083,0.9797387,1.0057266,1.0134689,0.03034461,0.021679483,0.022777364,0.044030834,0.043964837,0.014666117,0.0027832005,-0.0014555482,-0.0038196098,-0.00066475215,0.58399236,0.15107846,0.14292702,0.58321124,0.069728196,-0.0028619044,0.015654754,0.034088984,0.049657777,0.006141334,1.0186847,1.0186847,1.0459282,1.1250757,1.1293936,0.9193217,0.9193217,0.9193217,0.9193217,0.9193217,0.99399424,0.989606,0.99276656,1.0443219,1.0467193,0.9529905,0.959494,0.9616757,0.9695231,0.9712153,1.0,1.0,0.9,0.6,0.46666667,0.81195486,0.81195486,0.63723624,0.39211035,0.38405082,1.0,1.0,0.05,0.2,0.25,0.4,0.7,0.85,0.9,0.95,0.6,0.3,-0.8,-0.7,-0.7,0.23455425,0.2282253,-0.009380335,0.18955825,0.473166,0.25645432,0.2460235,0.07722607,0.26203418,0.39193347,0.6,0.6,0.45,0.5,0.48333332,0.4,0.4,0.5,0.46666667,0.48333332,0.2,0.2,-0.05,0.033333335,0.0,0.64677894,0.5865059,0.44719857,0.49068528,0.5202367,0.3532211,0.4134941,0.55280143,0.5093147,0.47976333,0.29355785,0.17301178,-0.10560287,-0.01862942,0.040473364,1.1619089,0.95339674,0.86889684,0.8854463,1.0142205,0.5135044,0.42898086,0.317898,0.28881037,0.3667456,1.488249,1.7368772,1.6024666,1.4096754,1.4665611,0.5727626,0.5369785,0.53629017,0.50719124,0.5013305,0.4272374,0.46302152,0.46370983,0.49280876,0.4986695,0.14552522,0.07395695,0.07258034,0.014382467,0.0026610014
SH601618,0.028834468976525092,0.875,,2026-03-26,-0.009771997,0.016286626,-0.6000013,0.0032573668,0.20000255,0.003257263,0.19999617,-0.0097721005,-0.60000765,1.0098684,1.013158,0.9967106,1.0032951,1.0126903,1.0837563,1.0406091,1.0228426,0.9898478,0.99593914,1.0205584,1.0324873,1.0252115,1.0187395,0.014085694,0.033188485,0.029502356,0.027578024,0.028371077,0.002538075,-0.009121667,-0.0025571538,0.00032862293,0.000623481,0.08116941,0.69244456,0.26294708,0.011004521,0.14729726,-0.0010152636,0.02048912,-0.008194356,-0.029976543,-0.037132125,1.0215528,1.1085696,1.1085696,1.1085696,1.1389633,0.9713267,0.9713267,0.9713267,0.9713267,0.9698327,1.0060914,1.0436548,1.0517766,1.0436548,1.0406091,0.9868021,0.99796957,1.009137,1.0040609,0.99898475,0.6,0.3,0.15,0.16666667,0.25,0.57088387,0.20892371,0.20892371,0.20892371,0.17836688,0.2,0.1,0.55,0.7,0.41666666,0.4,0.7,0.85,0.9,0.05,-0.2,-0.6,-0.3,-0.2,0.36666667,-0.5839244,0.6731265,0.6977967,0.68234473,0.7278144,-0.47011006,-0.27493584,0.015617503,0.18393913,0.48954424,0.4,0.3,0.45,0.46666667,0.46666667,0.6,0.7,0.55,0.53333336,0.48333332,-0.2,-0.4,-0.1,-0.06666667,-0.016666668,0.42424253,0.24615364,0.43333325,0.47204968,0.5060975,0.57575744,0.75384635,0.5666667,0.52795035,0.49390247,-0.15151492,-0.50769275,-0.13333349,-0.05590064,0.012195039,1.5348899,2.0607822,2.1881518,2.0713143,2.1490734,0.48728994,0.9112198,0.7497274,0.9760536,1.1952585,0.8624545,1.1582476,0.95588493,1.0220722,1.5761218,0.34993333,0.33150983,0.41946432,0.47736964,0.49834993,0.6500667,0.6684902,0.58053565,0.5226304,0.50165004,-0.30013338,-0.33698034,-0.16107136,-0.045260742,-0.0033001252
SH600066,0.028772201742894847,0.75,,2026-03-26,0.013011186,0.026951663,0.48276007,0.011462226,0.42528826,0.0024782505,0.091951676,0.004027212,0.1494235,0.9871559,1.011315,0.9847095,1.0024972,0.9513742,0.9559623,0.9079492,0.9480116,1.0131465,0.9727205,0.96171105,0.9424914,0.94984597,0.9639948,0.026707016,0.021910736,0.028750464,0.02842336,0.029677063,0.01629995,0.0055788993,0.0040207985,9.934114e-05,-0.0009586131,0.9312404,0.59428465,0.6845465,0.0009466929,0.31823263,-0.0053203925,0.013183892,0.019311013,0.048713587,0.06428426,1.011315,1.011315,1.011315,1.011315,1.0547395,0.91559625,0.91559625,0.8929645,0.8929645,0.8929645,0.9907023,0.98348385,0.95907974,0.9734538,0.98960024,0.9549231,0.94856054,0.91333336,0.9232398,0.94220096,1.0,1.0,1.0,1.0,0.89166665,0.8817891,0.8817891,0.9043941,0.9043941,0.66163206,1.0,1.0,1.0,1.0,0.15,0.4,0.7,0.05,0.36666667,0.68333334,0.6,0.3,0.95,0.6333333,-0.53333336,0.38516545,0.51553917,0.46068522,-0.13420801,-0.11977048,0.5795023,0.5820327,0.5358724,0.12993157,0.063581176,0.8,0.5,0.5,0.5,0.45,0.2,0.5,0.45,0.46666667,0.53333336,0.6,0.0,0.05,0.033333335,-0.083333336,0.7809243,0.66438526,0.6371993,0.5539362,0.4921119,0.21907566,0.3356147,0.3628007,0.44606385,0.5078881,0.56184864,0.32877058,0.27439862,0.10787231,-0.01577619,1.0323261,0.89799404,0.83580047,0.76370215,0.77804977,0.34781632,0.3226837,0.2690813,0.2964963,0.26422524,0.75464296,0.9565321,0.9676929,1.1212455,1.1231132,0.5988954,0.56524724,0.46380365,0.48542845,0.49763548,0.4011046,0.4347528,0.53619635,0.51457155,0.5023645,0.19779079,0.13049442,-0.07239271,-0.029143123,-0.004729058
SH600176,0.024635747839909586,0.625,,2026-03-26,-0.02390441,0.043027896,-0.55555606,0.012749025,0.29629672,0.006374462,0.1481472,-0.030278971,-0.7037056,1.0244899,1.037551,0.9934694,1.010996,0.9571333,1.081619,1.1632589,0.89510036,0.6387606,0.97975063,0.9909312,1.0421141,1.0386717,0.90236133,0.041243438,0.040519457,0.062407378,0.079534784,0.15781924,0.022695014,-0.0033234365,-0.00866327,-0.000846795,0.0077428655,0.7569918,0.061667874,0.67446566,0.008785046,0.7341476,-0.02514064,0.02402423,0.040186886,-0.026393218,-0.13077585,1.043673,1.0938578,1.1791737,1.1791737,1.1791737,0.8812135,0.8812135,0.8812135,0.8612096,0.63550204,1.0064489,1.0133009,1.0845579,1.1065203,1.0760812,0.9499496,0.9569695,0.98382735,0.9569695,0.7200017,0.8,0.6,0.3,0.33333334,0.6666667,0.73117566,0.55861616,0.3986656,0.4364971,0.67043763,0.8,0.1,0.15,0.43333334,0.71666664,0.4,0.7,0.85,0.06666667,0.016666668,0.4,-0.6,-0.7,0.36666667,0.7,-0.13743033,-0.19888407,0.09491532,0.38081944,0.55865675,0.27491957,-0.20264219,-0.21322268,0.13738687,0.30623248,0.6,0.4,0.35,0.46666667,0.55,0.4,0.6,0.6,0.5,0.4,0.2,-0.2,-0.25,-0.033333335,0.15,0.6241489,0.383732,0.38151678,0.5448524,0.60589015,0.37585112,0.616268,0.61848325,0.45514765,0.39410982,0.24829778,-0.23253602,-0.23696643,0.0897047,0.21178035,1.7095563,1.5796251,1.6220448,1.8145128,1.5530337,0.45795122,0.55359423,0.5253219,0.7260566,0.65933996,0.3637683,0.60665774,0.7682203,0.9429036,1.0851868,0.4560053,0.49093103,0.41348138,0.4527016,0.50333166,0.5439947,0.50906897,0.58651865,0.54729843,0.49666834,-0.08798941,-0.018137956,-0.17303725,-0.09459681,0.0066633467
SH600660,0.02121505125801506,0.75,,2026-03-26,0.0,0.016416576,0.0,0.011297418,0.6881714,0.005119158,0.3118286,-0.0061782594,-0.37634277,1.0,1.0112975,0.99488086,1.0027685,0.9968227,1.0573702,1.086143,1.1057372,1.1089145,0.99216306,1.0111922,1.030186,1.0445431,1.0724661,0.013130349,0.026341861,0.028340355,0.03257075,0.040189788,0.0013413337,-0.0071615023,-0.0039705643,-0.0030879371,-0.0020207437,0.026089221,0.67752725,0.68700826,0.6965993,0.77106464,0.0051542567,0.02103461,0.007534347,0.00023198342,-0.012854175,1.018006,1.0677847,1.0847307,1.1186242,1.1475743,0.9664618,0.9664618,0.9664618,0.9664618,0.9664618,1.0010946,1.0412357,1.0547585,1.0676435,1.1060203,0.98136073,0.99410456,0.99964696,1.0166293,1.0433894,0.8,0.5,0.25,0.16666667,0.083333336,0.65066856,0.3310033,0.28357562,0.22041048,0.18517885,0.2,0.3,0.05,0.033333335,0.11666667,0.4,0.7,0.85,0.9,0.95,-0.2,-0.4,-0.8,-0.8666667,-0.8333333,-0.47011286,-0.17438875,-0.40458483,-0.13332926,-0.27135342,-0.7182595,-0.31325233,-0.44557127,-0.3260438,-0.1567347,0.8,0.5,0.5,0.5,0.5,0.2,0.5,0.5,0.5,0.5,0.6,0.0,0.0,0.0,0.0,0.52393574,0.28476545,0.3328744,0.35945547,0.42339197,0.47606426,0.7152345,0.66712564,0.64054453,0.576608,0.04787148,-0.4304691,-0.33425122,-0.28108907,-0.15321606,1.4715685,1.6761845,1.4276484,1.5115755,1.4734843,0.3784012,0.7754382,0.6088849,0.60605496,0.6193012,1.0270095,1.0641371,1.0392748,1.1537043,1.2674012,0.1687413,0.49842405,0.4998772,0.4554751,0.4898451,0.8312587,0.50157595,0.5001228,0.5445249,0.5101549,-0.66251737,-0.0031518945,-0.00024559244,-0.08904984,-0.020309811
SH601877,0.020788343670967647,0.75,,2026-03-26,-0.015963484,0.03905359,-0.4087584,0.01596358,0.4087609,0.007126525,0.18248068,-0.024800539,-0.6350387,1.0162225,1.032445,0.99275786,1.0097829,0.9930596,1.184789,0.94346446,0.9018219,0.82186234,1.0105841,1.0236843,1.0364228,0.99148834,0.92835456,0.009026541,0.033686288,0.07760836,0.09131044,0.09432905,-0.0013302459,-0.0071367244,0.0011926135,0.006659092,0.004381808,0.05429516,0.41143665,0.008265144,0.41218376,0.6581359,-0.0079236515,0.00843105,-0.04775262,-0.08804517,-0.057617884,1.0477567,1.1963574,1.2204063,1.2204063,1.2204063,0.957113,0.957113,0.9188366,0.85452235,0.7998541,1.0169462,1.0316079,1.1145171,1.0316079,1.0064777,1.0048583,1.0048583,0.9784268,0.914893,0.85107,0.2,0.2,0.35,0.56666666,0.78333336,0.4731384,0.17926021,0.26913658,0.39760607,0.4759122,0.8,0.1,0.45,0.6333333,0.81666666,0.6,0.8,0.2,0.06666667,0.033333335,0.2,-0.7,0.25,0.56666666,0.78333336,0.34848377,0.79603416,0.78470033,0.8777443,0.7434625,0.67977124,0.016126296,0.38799158,0.41969442,0.40593064,0.6,0.4,0.6,0.6,0.53333336,0.4,0.6,0.4,0.4,0.46666667,0.2,-0.2,0.2,0.2,0.06666667,0.5479998,0.19542411,0.5446245,0.5635887,0.5746848,0.45200023,0.8045759,0.4553755,0.43641132,0.4253152,0.09599956,-0.6091518,0.08924899,0.12717737,0.14936961,1.6111163,1.8261461,1.9118391,1.547101,1.3594862,0.39384887,0.6156253,0.7467097,0.8103982,0.710554,0.64403194,1.088432,1.1114948,1.3286257,1.479805,0.34950185,0.39530125,0.50028706,0.50346047,0.5092795,0.65049815,0.6046988,0.49971297,0.4965395,0.49072054,-0.3009963,-0.20939751,0.000574077,0.006920993,0.018558929
SZ000858,0.020755652338611673,0.75,,2026-03-26,-0.009001969,0.015753403,-0.57143015,0.0067514344,0.42856988,0.0,0.0,-0.015753403,-1.0,1.0090837,1.0158966,1.0,1.0065162,1.0123436,1.0097755,1.0256721,1.0714889,1.0893599,1.0025681,1.0132618,1.011524,1.0234416,1.0373915,0.009090613,0.014325853,0.011679528,0.021160811,0.02782294,-2.0265677e-05,-0.003441607,-0.00033899953,-0.0018484425,-0.0011254253,1.2424413e-05,0.52904546,0.029485986,0.5913559,0.49903062,-0.002527631,0.0022254302,-0.008303447,0.0033609222,-0.0041914964,1.018761,1.0448306,1.0448306,1.0915287,1.0938013,0.98775804,0.98775804,0.98775804,0.98775804,0.98775804,1.011158,1.0257126,1.0201428,1.0401292,1.0623622,0.9979271,1.000475,1.0014627,1.0065566,1.0109408,0.4,0.2,0.15,0.1,0.083333336,0.3948645,0.2144985,0.2144985,0.11797144,0.11544319,0.2,0.3,0.65,0.033333335,0.45,0.6,0.8,0.9,0.93333334,0.96666664,-0.4,-0.5,-0.25,-0.9,-0.51666665,-0.7691645,0.27101386,0.14619479,0.60148764,0.2856998,-0.8053234,-0.27700388,-0.32022586,-0.21305446,0.41351512,0.4,0.5,0.55,0.5,0.41666666,0.6,0.5,0.45,0.5,0.5833333,-0.2,0.0,0.1,0.0,-0.16666667,0.390135,0.45272002,0.42206004,0.3590237,0.43171737,0.609865,0.54727995,0.5779399,0.6409763,0.56828266,-0.21973003,-0.094559945,-0.15587988,-0.28195262,-0.13656527,1.313691,1.4548892,1.490644,1.739231,2.1893232,0.4687117,0.43691242,0.4558622,0.65726036,1.4917245,0.9911693,0.83683056,0.8686881,0.8400828,3.4308302,0.45865303,0.47402152,0.44452593,0.3966844,0.49835867,0.54134697,0.5259785,0.5554741,0.6033156,0.50164133,-0.08269395,-0.051956955,-0.110948145,-0.20663115,-0.0032826504
SZ000876,0.01900096064718207,0.625,,2026-03-26,-0.013333355,0.018181792,-0.7333356,0.0024242185,0.13333221,0.0024242185,0.13333221,-0.013333355,-0.7333356,1.0135136,1.0159705,0.99754304,1.0052319,1.0614243,1.0982788,1.0602093,1.0737091,1.1277759,1.0120149,1.044941,1.0630003,1.0630442,1.0850985,0.017178439,0.037499137,0.032702338,0.026642792,0.034118235,-0.006500179,-0.011702308,-0.0037481335,-0.0011607455,-0.0015327501,0.35795072,0.89271325,0.45976987,0.14710121,0.6155587,0.000985496,0.007719439,-0.02739309,-0.04621342,-0.039882317,1.066297,1.1105226,1.1105226,1.1105226,1.1461626,0.9913739,0.9913739,0.9913739,0.9913739,0.9913739,1.0188998,1.081809,1.0896388,1.0839959,1.1216335,0.9995005,1.006858,1.0350996,1.0560107,1.0650692,0.4,0.2,0.1,0.06666667,0.033333335,0.11513278,0.072397806,0.072397806,0.072397806,0.05572827,0.2,0.2,0.6,0.73333335,0.1,0.6,0.8,0.9,0.93333334,0.96666664,-0.4,-0.6,-0.3,-0.2,-0.8666667,0.364602,0.54589707,0.55501306,0.38268057,-0.030959439,-0.6309253,-0.52891153,0.02697173,0.074114904,0.042610206,0.4,0.2,0.45,0.43333334,0.45,0.6,0.7,0.5,0.53333336,0.5,-0.2,-0.5,-0.05,-0.1,-0.05,0.17124239,0.122797586,0.3550066,0.35000005,0.38287336,0.8287576,0.8772024,0.64499336,0.65,0.61712664,-0.6575152,-0.75440484,-0.28998676,-0.29999992,-0.23425329,1.5836078,1.7538452,1.946499,1.6624482,1.8765101,0.6500847,0.5202927,0.56265557,0.61961555,0.9926573,1.0827109,1.1921461,1.0892398,1.3149445,1.5224977,0.39745682,0.33284676,0.4965667,0.4784826,0.4995238,0.6025432,0.66715324,0.5034333,0.5215174,0.50047624,-0.20508638,-0.33430645,-0.0068665696,-0.043034773,-0.0009524405
SH601985,0.01882888235595763,0.5,,2026-03-26,-0.0032327361,0.016163783,-0.19999874,0.004310349,0.2666671,0.008620698,0.5333342,0.0010776127,0.06666835,1.0032432,1.0075675,0.99135137,0.9989406,0.95690405,0.9903254,0.9226033,0.9366754,0.9393139,0.98645556,0.97933155,0.96644676,0.9533274,0.9526092,0.019974688,0.019247847,0.02362772,0.027037239,0.023065913,0.011609499,0.0022867194,0.0030544703,0.0025964552,0.000321867,0.8445142,0.12938172,0.5849196,0.71472454,0.059389744,-0.009674547,0.010378228,0.0045357854,0.009023975,0.03789576,1.0206887,1.0206887,1.0206887,1.0206887,1.0206887,0.9437303,0.9437303,0.9172064,0.9149612,0.9149612,1.001759,0.99929637,0.9889182,0.97977126,0.97537374,0.97326297,0.9584872,0.9474054,0.92770445,0.93139833,0.8,0.9,0.95,0.96666664,0.98333335,0.7311712,0.7311712,0.80007577,0.8043213,0.8043213,0.8,0.9,0.95,0.96666664,0.98333335,0.2,0.6,0.1,0.3,0.65,0.6,0.3,0.85,0.6666667,0.33333334,0.28592467,0.676441,0.627277,0.73435813,0.6854986,0.65230995,0.6904494,0.6304318,0.31324053,0.37310877,0.8,0.5,0.6,0.5,0.46666667,0.2,0.5,0.4,0.5,0.51666665,0.6,0.0,0.2,0.0,-0.05,0.85507363,0.54330724,0.7018352,0.63740486,0.56521755,0.14492637,0.45669279,0.29816478,0.3625951,0.43478245,0.71014726,0.086614445,0.40367043,0.27480975,0.13043511,1.3640921,1.2112055,1.1090983,0.8567096,0.700751,0.50784755,0.47441566,0.388998,0.49993312,0.42050618,0.88334537,0.8778429,0.90515226,1.1873685,1.2336804,0.5385401,0.472263,0.5359471,0.52841413,0.5256286,0.46145985,0.527737,0.46405292,0.47158587,0.47437137,0.0770803,-0.05547399,0.071894184,0.056828257,0.051257234
SH600886,0.01636206227045404,0.625,,2026-03-26,0.01569968,0.025938563,0.6052641,0.005460706,0.21052462,0.0047781756,0.18421128,0.015017151,0.57895076,0.98454297,1.0053763,0.97983867,0.99612683,0.9784851,1.0087335,0.87970555,0.8763446,0.9018828,0.9768782,0.9799681,0.95876664,0.93023854,0.90841925,0.018435879,0.013434778,0.03521422,0.05010751,0.042473853,0.008602272,-0.000244056,0.004652082,0.0051576965,0.0016103091,0.5443004,0.0030250284,0.6108388,0.82112205,0.4384046,0.0059172083,0.021130163,-0.002961393,-0.0050251586,0.044076603,1.0053763,1.0147835,1.0181421,1.0181421,1.0181421,0.9469004,0.9469004,0.87701,0.85819334,0.853497,0.989245,0.9879007,0.9860165,0.9802367,0.9534867,0.96800244,0.97459674,0.9209641,0.8776841,0.8760748,1.0,1.0,0.95,0.96666664,0.98333335,0.90805954,0.78222144,0.8714531,0.8865756,0.88981086,1.0,0.1,0.5,0.6666667,0.8333333,0.4,0.7,0.05,0.23333333,0.43333334,0.6,-0.6,0.45,0.43333334,0.4,0.14629771,0.30657387,-0.18037476,0.55114734,0.49995372,-0.658733,-0.17400797,0.1205108,0.07254448,0.06211974,0.6,0.4,0.65,0.56666666,0.53333336,0.4,0.6,0.35,0.4,0.41666666,0.2,-0.2,0.3,0.16666667,0.11666667,0.6379799,0.46449956,0.7336672,0.70172524,0.59862906,0.36202005,0.5355004,0.26633278,0.29827476,0.40137094,0.27595988,-0.07100087,0.46733445,0.40345052,0.19725811,0.85122573,0.92681074,1.182963,0.9574931,0.8297064,0.16870955,0.31414148,0.4215149,0.48611876,0.39188072,0.57625234,0.71588236,0.74757266,1.0070645,1.1259439,0.6962405,0.29131314,0.52982235,0.5315294,0.51326513,0.3037595,0.7086868,0.47017765,0.4684706,0.48673487,0.392481,-0.41737372,0.059644673,0.063058816,0.026530279
SH601186,0.016113766603457143,0.75,,2026-03-26,-0.012765939,0.018439667,-0.69230855,0.0014184155,0.07692196,0.004255313,0.23076952,-0.009929041,-0.53846097,1.012931,1.0143678,0.9956897,1.004986,1.0331384,1.0653021,1.0575049,1.0467837,1.1179338,1.0077972,1.0311891,1.0391812,1.0407407,1.0658706,0.0144729335,0.028740952,0.023037735,0.019296234,0.0362582,-0.0036062351,-0.008777834,-0.0021706312,-0.00080531306,-0.0017592877,0.15521546,0.85503495,0.31071386,0.13498516,0.71806055,-0.00058477843,0.008311196,-0.018560264,-0.029063674,-0.013971683,1.0378647,1.0904408,1.0904408,1.0904408,1.1309669,0.9897915,0.9897915,0.9897915,0.9897915,0.9897915,1.016764,1.0547758,1.0578947,1.0567251,1.1066277,0.9982456,1.0038986,1.0237817,1.0300195,1.0387914,0.4,0.2,0.1,0.06666667,0.033333335,0.2123534,0.10142648,0.10142648,0.10142648,0.07231073,0.2,0.1,0.55,0.7,0.23333333,0.4,0.7,0.85,0.9,0.95,-0.2,-0.6,-0.3,-0.2,-0.71666664,-0.5616841,0.56050533,0.492851,0.34809318,-0.41951728,-0.9044086,-0.31934917,-0.26154453,-0.08413859,-0.090675406,0.4,0.3,0.4,0.4,0.41666666,0.6,0.7,0.55,0.53333336,0.5,-0.2,-0.4,-0.15,-0.13333334,-0.083333336,0.28749982,0.26241136,0.37004405,0.41999996,0.38939667,0.71250015,0.73758864,0.62995595,0.58000004,0.61060333,-0.42500034,-0.47517726,-0.25991192,-0.16000012,-0.22120664,1.1088028,1.4351891,1.4420501,1.406434,1.440173,0.46996513,0.71994,0.52558887,0.78692406,1.1266677,1.3208205,1.0073305,1.0055362,1.0784119,1.2071611,0.43730906,0.45585445,0.44163692,0.48208165,0.50833553,0.5626909,0.5441456,0.5583631,0.51791835,0.49166444,-0.12538187,-0.08829114,-0.11672614,-0.035836726,0.016671112
SH600795,0.01606245548401076,0.5,,2026-03-26,0.0059054866,0.02362208,0.24999858,0.009842545,0.41666713,0.007874049,0.33333427,0.003936991,0.16666572,0.9941292,1.0097848,0.98630136,0.9979392,0.9686905,1.0254455,0.9432515,0.9060714,1.1487333,0.9780833,0.9788661,0.9827801,0.9607981,0.96921307,0.02011841,0.015123929,0.01736002,0.035386268,0.060561605,0.009979902,0.00021347174,0.00015301107,0.0031139883,-0.0009888797,0.6151843,0.0018262614,0.0027190256,0.60015875,0.081319,0.001956859,0.020173298,0.015766298,-0.005950915,0.05995889,1.0097848,1.0332683,1.0332683,1.0332683,1.1820009,0.9432512,0.9432512,0.9393366,0.8962867,0.88649607,0.9953036,0.99452084,0.99452084,0.992564,0.992564,0.9679078,0.9718214,0.970256,0.91585565,0.9154643,1.0,1.0,0.9,0.93333334,0.8666667,0.852935,0.6304222,0.6458241,0.75713277,0.38410175,1.0,0.1,0.55,0.7,0.05,0.4,0.7,0.05,0.06666667,0.48333332,0.6,-0.6,0.5,0.6333333,-0.43333334,0.35776877,0.41918045,0.26993814,0.64189637,-0.26800406,-0.29091248,0.092195675,0.24106763,0.27665532,-0.27619365,0.8,0.4,0.5,0.53333336,0.43333334,0.2,0.6,0.5,0.46666667,0.56666666,0.6,-0.2,0.0,0.06666667,-0.13333334,0.6999999,0.40577757,0.61787987,0.6481422,0.3967357,0.30000007,0.5942224,0.3821201,0.3518578,0.60326433,0.39999983,-0.18844484,0.23575978,0.2962844,-0.20652862,0.9698353,0.89616317,0.99428916,0.9002714,0.93873626,0.08923492,0.21457146,0.21465899,0.26740685,0.40430856,0.6469389,0.87627184,0.85589653,0.94054335,1.18804,0.7521756,0.44590914,0.5072439,0.52988786,0.5082197,0.24782439,0.55409086,0.4927561,0.47011212,0.49178028,0.5043512,-0.1081817,0.014487789,0.059775762,0.016439464
SH601117,0.013050102835632668,0.375,,2026-03-26,-0.02457256,0.044871807,-0.5476169,0.011752171,0.26190546,0.008547074,0.19047761,-0.027777657,-0.6190448,1.0251915,1.0372398,0.99123764,1.010382,0.9916735,1.092423,0.97751874,0.9358867,0.83097416,0.9776852,1.007577,1.0154871,0.9888703,0.9402581,0.032751426,0.048651353,0.03992046,0.051730264,0.07359145,0.014654462,-0.010481155,-0.0019207043,0.0032040412,0.003532691,0.5005176,0.4254415,0.08102107,0.29730928,0.7028399,-0.0069941585,0.03958823,0.0027596483,-0.035328936,-0.044472452,1.0372398,1.1479847,1.1479847,1.1479847,1.1479847,0.928168,0.928168,0.928168,0.9049476,0.81332,1.0046628,1.0279766,1.0346378,1.0234804,1.0026644,0.95203996,0.9626977,0.99766856,0.9338884,0.86311406,0.8,0.5,0.3,0.53333336,0.76666665,0.65857524,0.32678118,0.32678118,0.39110234,0.5578119,1.0,0.1,0.55,0.7,0.85,0.6,0.8,0.9,0.06666667,0.13333334,0.4,-0.7,-0.35,0.6333333,0.71666664,0.7074406,0.792058,0.77795285,0.84152395,0.7409193,0.8413724,0.60889155,0.6608725,0.6132776,0.546416,0.4,0.3,0.45,0.5,0.48333332,0.6,0.7,0.5,0.46666667,0.45,-0.2,-0.4,-0.05,0.033333335,0.033333335,0.5287359,0.3362831,0.5223141,0.5483062,0.57683575,0.47126412,0.6637169,0.47768593,0.45169377,0.42316422,0.057471763,-0.32743385,0.04462814,0.09661244,0.15367153,1.1326729,1.2794985,1.3515376,1.1910317,1.1527264,0.29196563,0.4134391,0.42247617,0.43559495,0.6465978,1.1519687,1.0350417,0.9890782,1.0825121,1.4743599,0.46474668,0.2916989,0.5094578,0.51324123,0.51671857,0.53525335,0.7083011,0.49054217,0.48675874,0.48328143,-0.07050664,-0.4166022,0.018915672,0.026482493,0.033437133
SH600436,0.009981743922365734,0.625,,2026-03-26,-0.01239772,0.017915016,-0.6920295,0.0033103784,0.18478233,0.002206919,0.12318822,-0.0135011785,-0.75362355,1.0125533,1.0159053,0.99776536,1.0039449,1.031876,1.0279312,1.0713135,1.0771582,1.1303298,1.0085433,1.0252848,1.0327507,1.0547004,1.0762281,0.011659213,0.021110341,0.018791912,0.03601169,0.039744586,-0.0041077016,-0.0057033976,-0.002196402,-0.003734489,-0.0018830961,0.31031254,0.66909564,0.47813419,0.8334452,0.68468183,-0.00032790308,0.00038056922,-0.011884939,-0.00055026665,-0.020676823,1.042257,1.0634278,1.0753174,1.154125,1.154125,0.9946107,0.9946107,0.9946107,0.9946107,0.9946107,1.0155203,1.0424987,1.0446303,1.0911992,1.1173191,0.99988234,1.0028394,1.0242354,1.0280392,1.0346652,0.4,0.2,0.1,0.06666667,0.033333335,0.11310957,0.078312635,0.06677575,0.033785384,0.033785384,0.2,0.3,0.05,0.06666667,0.53333336,0.6,0.8,0.9,0.93333334,0.96666664,-0.4,-0.5,-0.85,-0.8666667,-0.43333334,-0.2140015,0.39701414,0.26571274,0.70630515,0.20067798,-0.8298593,0.35717246,0.09246346,0.2791345,0.31861675,0.4,0.4,0.4,0.36666667,0.36666667,0.6,0.6,0.6,0.6333333,0.6166667,-0.2,-0.2,-0.2,-0.26666668,-0.25,0.22654349,0.38001353,0.32356626,0.38642186,0.40182227,0.7734565,0.6199865,0.67643374,0.61357814,0.59817773,-0.546913,-0.23997296,-0.35286745,-0.22715628,-0.19635546,1.3769886,1.5070862,1.4541005,1.986742,2.3579948,0.5778264,0.73529077,0.5966287,1.3795551,1.754992,1.3075261,1.3882052,1.373817,1.8596625,2.684008,0.49391574,0.4719801,0.44799304,0.4541294,0.49558285,0.50608426,0.5280199,0.55200696,0.5458706,0.5044172,-0.01216854,-0.056039833,-0.10401393,-0.09174118,-0.008834332
SH603986,0.007589020062545697,0.625,,2026-03-26,-0.022388086,0.03246266,-0.6896565,0.0026119081,0.08045884,0.007462667,0.22988464,-0.017537327,-0.54023075,1.0229008,1.0255725,0.99236643,1.0030121,1.159081,1.0487785,1.1809157,1.0775942,0.8261801,1.0516493,1.0965954,1.0885156,1.1044418,1.0621057,0.03885699,0.06311156,0.049435522,0.056990713,0.106428966,-0.01959858,-0.013414595,-0.0011733249,-0.0018307567,0.0035127213,0.6359909,0.4141416,0.019716341,0.079975106,0.33225197,-0.012452131,-0.036229726,-0.07736908,-0.07789581,-0.16573097,1.1706102,1.1972526,1.1972526,1.2639664,1.2639664,0.98046,0.98046,0.98046,0.98046,0.8113723,1.0716054,1.1609745,1.1328251,1.1609745,1.1577402,1.0346545,1.0444211,1.0479622,1.0540227,0.98470014,0.2,0.1,0.05,0.033333335,0.25,0.10276104,0.09013235,0.09013235,0.068922676,0.41677007,0.2,0.4,0.7,0.26666668,0.6333333,0.6,0.8,0.9,0.93333334,0.11666667,-0.4,-0.4,-0.2,-0.6666667,0.51666665,-0.43725312,0.56199473,0.2615441,0.25781766,-0.017735962,-0.24035296,0.6552292,0.18077035,0.352526,0.3635004,0.4,0.5,0.45,0.43333334,0.51666665,0.6,0.5,0.55,0.56666666,0.48333332,-0.2,0.0,-0.1,-0.13333334,0.033333335,0.09755199,0.44498134,0.37762272,0.46332097,0.5402035,0.902448,0.55501866,0.6223773,0.536679,0.4597965,-0.80489606,-0.11003734,-0.24475457,-0.073358044,0.080407016,0.89295805,0.9629194,0.82870615,0.7907075,0.9289204,0.08793473,0.2018699,0.2239478,0.20496878,0.26588222,0.74319637,0.8965655,0.9902429,0.97885686,0.98444927,0.593882,0.62606674,0.5493598,0.52337444,0.5129939,0.40611798,0.37393323,0.45064017,0.47662553,0.48700616,0.18776403,0.25213352,0.09871964,0.046748932,0.025987707
SH688303,0.0033063586581653396,0.625,,2026-03-26,-0.015172406,0.028965496,-0.5238097,0.012873545,0.44444415,0.0009195443,0.031746197,-0.027126407,-0.9365076,1.0154061,1.028478,0.9990663,1.0105877,1.0375053,1.123051,1.1125158,1.2043827,1.2760218,1.0230931,1.0466498,1.0722293,1.0879196,1.1564546,0.0152855255,0.03317217,0.037575208,0.038820714,0.086333655,-0.009060251,-0.010438133,-0.0051829955,-0.0036479174,-0.0045863045,0.878334,0.90763104,0.6659275,0.6843286,0.8607269,-0.004972629,0.00032179977,-0.022990782,-0.035024844,-0.021158565,1.0892986,1.1439354,1.1444372,1.1839181,1.3671911,0.9923668,0.9923668,0.9923668,0.9923668,0.9923668,1.0303414,1.0752634,1.1075432,1.119174,1.2525073,1.015845,1.024863,1.0354825,1.0461862,1.090097,0.2,0.1,0.05,0.033333335,0.016666668,0.07874853,0.050361563,0.050195415,0.03984956,0.020364838,0.2,0.1,0.15,0.033333335,0.06666667,0.6,0.8,0.9,0.93333334,0.96666664,-0.4,-0.7,-0.75,-0.9,-0.9,0.8275067,0.18665752,0.13715966,0.03001293,0.16648172,0.44183126,0.32560375,0.49299842,0.2543412,0.34686455,0.4,0.2,0.45,0.46666667,0.46666667,0.6,0.8,0.55,0.53333336,0.53333336,-0.2,-0.6,-0.1,-0.06666667,-0.06666667,0.11965873,0.04375023,0.27712858,0.3007396,0.39691535,0.8803413,0.9562498,0.7228714,0.6992604,0.6030847,-0.7606825,-0.91249955,-0.44574285,-0.39852083,-0.2061693,1.5765947,1.4455459,1.4038571,1.4001613,1.6055297,0.44030285,0.38571385,0.37597013,0.5255611,0.6792255,0.8341613,0.68052804,0.76728654,1.7992984,1.5792469,0.48773926,0.36215976,0.49307957,0.42329687,0.5039539,0.51226074,0.6378402,0.50692046,0.57670313,0.49604616,-0.02452145,-0.27568048,-0.0138408765,-0.15340628,0.007907713
SH600438,0.001989653429746029,0.5,,2026-03-26,-0.036781598,0.03965525,-0.92753416,0.0,0.0,0.0028736515,0.07246585,-0.033907946,-0.8550683,1.0381862,1.0381862,0.9970166,1.01462,1.0799886,1.1664706,,1.1670823,1.2434479,1.0504869,1.0801533,1.0899167,1.0958711,1.1593393,0.03792658,0.044387538,0.04766393,0.03916906,0.07920687,-0.023215527,-0.013886663,-0.011914072,-0.0015794218,-0.0036383208,0.93671983,0.8971915,0.81223947,0.18013933,0.68399626,-0.004055896,-0.01766336,-0.02438928,-0.07454893,-0.042549234,1.1330677,1.1778387,1.1855637,1.1855637,1.3305913,0.9970166,0.9970166,0.9970166,0.9970166,0.9970166,1.0766386,1.1053874,1.1191267,1.1218746,1.2464592,1.0315061,1.0408131,1.0470239,1.0737495,1.0958452,0.2,0.1,0.083333336,0.05,0.02,0.021928422,0.016499005,0.015823025,0.015823025,0.00894368,0.2,0.1,0.05,0.3,0.65,1.0,1.0,0.05,0.3,0.65,-0.8,-0.9,0.0,0.0,0.0,0.49190685,0.4233865,0.61301816,0.35925034,0.2083263,0.14373939,0.080159575,0.20611186,0.17604263,0.3591611,0.4,0.2,0.15,0.2,0.35,0.6,0.8,0.4,0.43333334,0.45,-0.2,-0.6,-0.25,-0.23333333,-0.1,0.18378001,0.10914723,0.2932517,0.28606918,0.39352694,0.81622,0.89085275,0.7067483,0.7139308,0.6064731,-0.63244,-0.78170556,-0.41349658,-0.42786163,-0.21294613,1.1490896,1.1394708,1.3984305,1.2061684,1.2938607,0.25072286,0.30439493,0.6697344,0.61830914,0.54307413,0.5656488,0.61249113,1.1379385,1.1842409,1.1955158,0.56338227,0.2494204,0.3199846,0.30433008,0.4572714,0.43661773,0.7505796,0.6800154,0.69566995,0.5427286,0.12676452,-0.5011592,-0.36003077,-0.39133987,-0.08545723
SH601728,-1.2656071622866704e-06,0.5,,2026-03-26,-0.01715268,0.022298433,-0.7692326,0.0034305362,0.1538465,0.0017152166,0.07692094,-0.018868001,-0.8461581,1.017452,1.0209424,0.99825484,1.008603,1.066187,1.0460432,0.99136686,1.0028777,1.1582733,1.0166906,1.0417266,1.0379137,1.0254197,1.0453717,0.013288931,0.028203728,0.021591699,0.025483401,0.04251798,-0.006474821,-0.008737738,-5.0846655e-05,0.0015742513,-0.0014139018,0.5934928,0.8798254,0.00019409716,0.295757,0.3372819,-0.0037410068,-0.002406799,-0.03743063,-0.048246313,-0.0036616016,1.0673642,1.0923619,1.0923619,1.0923619,1.1595784,0.99825484,0.99825484,0.9908823,0.9867459,0.980204,1.0233094,1.066187,1.060144,1.0466187,1.0926619,1.0080576,1.0158274,1.0195683,1.0,1.0043166,0.2,0.1,0.05,0.18333334,0.108333334,0.025251998,0.018544318,0.08984772,0.1254934,0.110361375,0.2,0.2,0.6,0.73333335,0.016666668,1.0,1.0,0.05,0.23333333,0.5,-0.8,-0.8,0.55,0.5,-0.48333332,0.31068847,0.38086078,0.23855194,0.5591321,-0.03528706,-0.9717275,0.4040633,0.43821192,0.42751125,0.21769719,0.2,0.3,0.5,0.4,0.4,0.8,0.7,0.45,0.53333336,0.56666666,-0.6,-0.4,0.05,-0.13333334,-0.16666667,0.11666655,0.33999985,0.5192308,0.49494943,0.37723216,0.88333344,0.66000015,0.48076922,0.5050506,0.6227678,-0.7666669,-0.3200003,0.038461573,-0.010101152,-0.24553566,1.2574679,1.4196627,1.3606242,1.1997526,1.4073191,0.40399015,0.6554034,0.48794517,0.46720317,0.6098229,0.8269288,1.1557455,1.2343879,1.3699826,1.415989,0.4086361,0.495998,0.51578367,0.48186913,0.49434316,0.5913639,0.504002,0.48421633,0.51813084,0.50565684,-0.18272781,-0.008004,0.03156733,-0.03626172,-0.011313677
SZ002459,-0.0036090264599479855,0.5,,2026-03-26,-0.043019474,0.05194804,-0.828125,0.0032467404,0.062499765,0.005681828,0.109375216,-0.040584385,-0.7812496,1.0449533,1.048346,0.9940628,1.0164092,1.0602937,1.0984067,1.0168697,1.1043423,0.9525148,1.046298,1.0575757,1.0460793,1.0428303,1.0187389,0.029204505,0.024639564,0.028860591,0.026375895,0.040193368,-0.017494522,-0.006367329,0.0019491088,0.00090301316,0.0014567809,0.8971074,0.612153,0.1596356,0.09083965,0.4006633,-0.011308951,-0.02892275,-0.064595856,-0.055924024,-0.061713945,1.1195713,1.135545,1.135545,1.135545,1.135545,0.97199833,0.97199833,0.97199833,0.97199833,0.9076138,1.0664167,1.0774758,1.0764136,1.0662292,1.0503592,1.0344892,1.0466104,1.0196189,1.0216182,0.98619175,0.2,0.1,0.05,0.033333335,0.31666666,0.1897477,0.17121495,0.17121495,0.17121495,0.40532485,0.2,0.3,0.65,0.76666665,0.8833333,0.6,0.8,0.9,0.93333334,0.33333334,-0.4,-0.5,-0.25,-0.16666667,0.55,0.6302302,0.14261042,0.56880784,0.53993654,0.59538895,0.39945966,0.45555016,0.5599388,0.54108864,0.5650844,0.2,0.3,0.55,0.5,0.51666665,0.8,0.7,0.45,0.5,0.48333332,-0.6,-0.4,0.1,0.0,0.033333335,0.17940159,0.19417462,0.47145885,0.40554297,0.51754385,0.8205984,0.80582535,0.52854115,0.59445703,0.48245612,-0.6411968,-0.61165076,-0.057082288,-0.18891405,0.035087746,1.2545967,1.1184559,0.982837,0.92462623,0.83815575,0.24456441,0.23130473,0.28669482,0.31761003,0.38310304,0.6294754,0.7266131,1.0944954,1.243286,1.4282131,0.5259328,0.4004321,0.55403256,0.43995664,0.52510786,0.47406724,0.5995679,0.44596744,0.5600434,0.47489214,0.051865544,-0.19913577,0.10806514,-0.120086744,0.050215725
SH600011,-0.00536268672861803,0.375,,2026-03-26,-0.018252889,0.023468012,-0.7777774,0.0,0.0,0.0052151224,0.2222226,-0.013037766,-0.5555548,1.0185922,1.0185922,0.9946879,1.0023582,0.9934723,1.0466985,0.94175243,0.9244288,1.041175,0.9990459,1.0035652,1.0014436,0.9764164,0.9802201,0.016070658,0.018408459,0.02101744,0.040019467,0.04024475,0.00421793,-0.0022945998,0.00094254094,0.0036911042,-0.00022170469,0.17221518,0.14242639,0.07038965,0.65928274,0.009256165,-0.00748179,0.0067605586,-0.0103977565,-0.029937433,0.026320204,1.0426654,1.0626051,1.0626051,1.0626051,1.07988,0.9669241,0.9669241,0.94033617,0.9137709,0.9018973,1.0052222,1.0158675,1.0158675,1.0075822,1.0025609,0.9939744,0.99447656,0.9859402,0.92568415,0.9374341,0.6,0.6,0.6,0.73333335,0.76666665,0.43669602,0.345689,0.48797178,0.57936305,0.5511924,0.8,0.1,0.55,0.7,0.06666667,0.4,0.7,0.05,0.033333335,0.48333332,0.4,-0.6,0.5,0.6666667,-0.41666666,0.8065516,0.5264092,0.044625733,0.7426386,0.27803713,0.8807787,0.806702,0.558966,0.28363124,-0.06509732,0.6,0.3,0.5,0.46666667,0.46666667,0.4,0.6,0.45,0.43333334,0.45,0.2,-0.3,0.05,0.033333335,0.016666668,0.5326633,0.34754115,0.5994854,0.60961396,0.46860647,0.46733674,0.65245885,0.40051457,0.39038602,0.5313935,0.06532653,-0.3049177,0.19897084,0.21922794,-0.062787026,0.92494345,0.7744971,0.75656116,0.60894674,0.5001496,0.31011996,0.2907208,0.24274598,0.30636328,0.2588057,0.47491702,0.809192,0.76533306,1.0192606,1.2676362,0.6724667,0.5680644,0.5876868,0.5730757,0.54765564,0.32753333,0.43193564,0.41231322,0.42692432,0.45234436,0.34493333,0.13612872,0.17537357,0.14615136,0.09531128
SZ000408,-0.010230605632987111,0.5,,2026-03-26,-0.0030749587,0.038180623,-0.08053715,0.023446493,0.614094,0.011659173,0.30536884,-0.014862278,-0.3892623,1.0030844,1.0266032,0.98830485,1.0052286,0.9309762,1.0359765,1.1181066,1.1151587,1.0267383,0.9644254,0.9851025,1.0205607,1.0418775,1.0852715,0.041981157,0.046019506,0.052165266,0.0531069,0.06879842,0.022412064,-0.0062382477,-0.006689508,-0.004710226,-0.0023796011,0.7125165,0.16844293,0.5755639,0.6096538,0.364881,-0.009249494,0.04296966,0.042989627,0.026420813,-0.015073206,1.0266032,1.083405,1.133142,1.1472802,1.2502307,0.89962924,0.89962924,0.89962924,0.89962924,0.89962924,1.0008224,1.0267571,1.0464239,1.0904294,1.1556077,0.930657,0.9355127,0.994934,1.0037254,1.0323901,0.8,0.5,0.25,0.16666667,0.083333336,0.7904827,0.54615897,0.42982998,0.40529126,0.2862817,1.0,0.3,0.05,0.33333334,0.38333333,0.4,0.7,0.85,0.9,0.95,0.6,-0.4,-0.8,-0.56666666,-0.56666666,-0.44300547,-0.461815,-0.54569924,-0.5897745,-0.22370714,-0.0890071,-0.4490315,-0.39689612,-0.3540668,-0.19285664,0.6,0.4,0.35,0.46666667,0.5,0.4,0.6,0.65,0.53333336,0.5,0.2,-0.2,-0.3,-0.06666667,0.0,0.75164276,0.43219134,0.36482415,0.4067791,0.49036822,0.2483572,0.5678087,0.6351758,0.5932209,0.50963175,0.5032856,-0.13561733,-0.27035168,-0.18644176,-0.019263562,1.6913244,1.7398449,1.4724572,1.3277957,1.3226283,0.435624,0.47387958,0.5042601,0.4877191,0.42031005,1.008864,1.1658788,1.3940661,1.4256945,1.2464753,0.19439475,0.51298755,0.4677325,0.49806046,0.49325395,0.80560523,0.48701242,0.5322675,0.50193954,0.50674605,-0.61121047,0.025975164,-0.06453503,-0.0038790978,-0.013492082
SZ002179,-0.017617773857281256,0.125,,2026-03-26,-0.016205018,0.022097869,-0.7333295,0.0002946894,0.013335647,0.005598161,0.25333488,-0.010901548,-0.49333024,1.016472,1.0167714,0.9943096,1.0044868,1.0350485,1.1314819,1.0739846,1.0485256,1.0236647,0.9959967,1.0236388,1.0466696,1.0450627,1.0651335,0.01353193,0.03198474,0.03947034,0.032978572,0.046700727,0.002601732,-0.00876159,-0.0039545796,-0.000866924,-0.0011389477,0.092415676,0.68784666,0.3513395,0.053555008,0.18140951,-0.0012001836,0.015788348,-0.009101047,-0.032492265,-0.031534545,1.0374506,1.1171049,1.1398677,1.1398677,1.256073,0.96886766,0.96886766,0.96886766,0.96886766,0.96886766,1.0054028,1.059431,1.064754,1.0618234,1.102853,0.9870173,0.99796647,1.0089914,1.0271934,1.0318187,0.6,0.3,0.15,0.1,0.05,0.45393735,0.21001704,0.18206047,0.18206047,0.108397484,0.2,0.1,0.5,0.6666667,0.23333333,0.6,0.8,0.9,0.93333334,0.96666664,-0.4,-0.7,-0.4,-0.26666668,-0.73333335,-0.25908428,0.66800326,0.78632474,0.7320855,0.81275094,-0.36959997,-0.07821954,0.5086773,0.49078035,0.45884874,0.4,0.3,0.45,0.46666667,0.46666667,0.6,0.7,0.55,0.53333336,0.53333336,-0.2,-0.4,-0.1,-0.06666667,-0.06666667,0.33135092,0.23710452,0.4218705,0.4571389,0.4902566,0.6686491,0.76289546,0.5781295,0.5428611,0.5097434,-0.33729813,-0.5257909,-0.15625899,-0.08572219,-0.019486783,1.3751777,1.8264503,2.2388117,1.9687154,2.7298703,0.3658467,0.8403906,1.2902107,1.1361156,1.625015,0.6368593,1.259053,1.3157431,1.5286238,1.354899,0.08327466,0.023001514,0.4521381,0.48620152,0.48777485,0.91672534,0.9769985,0.5478619,0.5137985,0.51222515,-0.8334507,-0.95399696,-0.09572378,-0.027596947,-0.024450306
SZ300661,-0.01827144267473634,0.125,,2026-03-26,-0.018110054,0.046296287,-0.39117727,0.01770148,0.38235208,0.01048475,0.22647066,-0.025326785,-0.5470587,1.0184441,1.0364721,0.9893219,1.0104116,0.98335665,1.0372992,0.97350913,0.96699584,0.9166561,0.98626995,1.0039362,0.9726649,0.97098196,0.9865556,0.022425512,0.032261647,0.06398582,0.052088633,0.049087502,0.005864734,-0.0059166644,0.005852134,0.0020176228,-0.00016474188,0.1709826,0.30831325,0.29277173,0.11627752,0.0034353107,0.0020006108,0.022688812,-0.02826018,-0.0002375016,0.018304322,1.0680819,1.0879235,1.1091336,1.1091336,1.1676575,0.92636114,0.92636114,0.85951495,0.85951495,0.85951495,1.0024668,1.0193249,1.0193249,1.0126139,1.0249877,0.9717402,0.98191553,0.908357,0.94966024,0.9597253,0.8,0.5,0.6,0.73333335,0.65,0.5196053,0.45579195,0.5627988,0.5627988,0.45590925,0.8,0.2,0.5,0.6666667,0.41666666,0.6,0.8,0.3,0.53333336,0.76666665,0.2,-0.6,0.2,0.13333334,-0.35,0.5007034,0.4469515,0.72057015,0.6045403,0.66191226,0.7584977,0.8110023,0.7099503,0.7015533,0.66029215,0.4,0.3,0.35,0.4,0.51666665,0.6,0.7,0.65,0.6,0.48333332,-0.2,-0.4,-0.3,-0.2,0.033333335,0.57520425,0.43611464,0.5201461,0.5223515,0.5303937,0.42479575,0.5638854,0.4798539,0.4776485,0.46960625,0.15040852,-0.12777075,0.04029218,0.044703007,0.060787488,1.3093143,1.2309647,1.3002898,1.0731307,1.1497885,0.35256162,0.3802839,0.7170879,0.6678986,0.6071647,1.2918224,1.0293427,1.4228331,1.76928,1.5999291,0.53786045,0.3828063,0.5178188,0.501915,0.5104958,0.46213958,0.6171937,0.4821812,0.498085,0.48950422,0.07572086,-0.23438738,0.03563764,0.0038299998,0.02099157
SH600941,-0.02178865628704324,0.125,,2026-03-26,0.0007462679,0.010554369,0.070707016,0.004477607,0.42424208,0.0053304937,0.5050509,0.0015991542,0.15151586,0.9992543,1.0044743,0.9939278,0.9982362,1.0502377,1.0273622,1.0010558,1.0112617,1.0775998,1.003748,1.0235438,1.0203282,1.0145346,1.029254,0.012380837,0.02259233,0.016775431,0.016641261,0.02802211,-0.0044518677,-0.0063496064,-8.407846e-05,0.0006984512,-0.001033021,0.32323954,0.7240742,0.000879205,0.13652161,0.41449228,0.0051557287,0.0050293477,-0.019529408,-0.024662104,0.0012202174,1.0481359,1.0533268,1.0533268,1.0533268,1.0859451,0.99259883,0.99259883,0.99259883,0.98600614,0.9748162,1.0051382,1.0418617,1.0408938,1.027679,1.0667253,0.9985043,0.9999472,1.0037479,1.0000703,1.003924,0.6,0.3,0.15,0.2,0.13333334,0.13326512,0.12187376,0.12187376,0.20786878,0.22661765,0.2,0.5,0.75,0.8333333,0.033333335,0.8,0.9,0.95,0.23333333,0.46666667,-0.6,-0.4,-0.2,0.6,-0.43333334,0.278917,0.14735192,0.14495945,0.25286222,0.2814162,-0.9159622,0.24277395,0.2840045,0.19900316,-0.0019865518,0.4,0.6,0.6,0.5,0.43333334,0.6,0.4,0.35,0.46666667,0.53333336,-0.2,0.2,0.25,0.033333335,-0.1,0.106206894,0.34917593,0.49658698,0.4749216,0.41830316,0.8937931,0.65082407,0.503413,0.5250784,0.58169687,-0.7875862,-0.30164814,-0.0068260403,-0.050156787,-0.16339368,1.547319,1.575337,1.543905,1.4545928,1.8933977,0.5471142,0.5313249,0.4830976,0.44500288,0.74355835,1.2446764,1.344863,1.2925235,1.2689531,1.5004953,0.22135828,0.4976344,0.498184,0.4470502,0.4760879,0.7786417,0.5023656,0.501816,0.5529498,0.5239121,-0.55728346,-0.0047312025,-0.0036319862,-0.105899595,-0.047824185
SZ000999,-0.022632341953875507,0.0,,2026-03-26,-0.010954149,0.03003529,-0.36470926,0.016607685,0.55293906,0.002473457,0.08235169,-0.025088377,-0.83529663,1.0110755,1.0278671,0.99749917,1.0088953,1.0406928,1.0531574,1.0256622,1.0092567,1.0185136,1.024984,1.0353314,1.0468427,1.0423365,1.0308251,0.02124127,0.018224655,0.019726444,0.018788924,0.019314844,-0.012675287,-0.0046719667,-0.0019762085,-6.402724e-06,0.00046705888,0.89021456,0.60241014,0.35126588,8.9996865e-06,0.1783449,0.00036659694,-0.014307498,-0.028068684,-0.04224367,-0.044603433,1.0735604,1.0735604,1.0892413,1.0892413,1.0892413,0.99749917,0.99749917,0.99749917,0.99749917,0.9877827,1.0339291,1.0486115,1.0600861,1.0587114,1.047695,1.0140042,1.0205847,1.0309412,1.0262488,1.0140042,0.2,0.1,0.05,0.033333335,0.05,0.03287948,0.03287948,0.027259564,0.027259564,0.12041655,0.2,0.6,0.35,0.56666666,0.78333336,1.0,1.0,1.0,1.0,0.43333334,-0.8,-0.4,-0.65,-0.43333334,0.35,0.8002243,-0.14507765,0.18395591,0.15062009,0.35603237,0.70266753,0.5158304,0.49397638,0.5843642,0.51537377,0.2,0.3,0.4,0.4,0.4,0.8,0.7,0.6,0.6,0.5833333,-0.6,-0.4,-0.2,-0.2,-0.18333334,0.23123509,0.26650566,0.43339667,0.4850547,0.48102212,0.7687649,0.73349434,0.56660336,0.5149453,0.5189779,-0.5375298,-0.46698868,-0.1332067,-0.02989062,-0.03795577,1.2397827,0.9923193,1.0496936,1.1622208,0.9431823,0.31601027,0.33878145,0.35356325,0.6319864,0.5206821,0.84375733,1.0745292,1.020181,1.9505535,2.2146542,0.61073804,0.58461314,0.5201997,0.5033371,0.51383436,0.38926193,0.41538686,0.4798003,0.49666288,0.48616564,0.22147612,0.16922627,0.040399373,0.006674212,0.027668701
SZ000708,-0.023062081177962407,0.25,,2026-03-26,0.0012277582,0.020257866,0.0606065,0.011663655,0.57575935,0.0073664524,0.36363417,-0.0030694443,-0.15151864,0.99877375,1.0116494,0.99141634,1.0016955,0.98467326,1.0755191,1.0625609,0.9478891,0.9657239,0.9827505,0.99991643,1.0398983,1.0180345,0.994775,0.016808767,0.029521292,0.046451144,0.05357667,0.046580628,0.008764094,-0.0058199395,-0.0070734518,0.0012075708,0.0011996042,0.67964524,0.35626867,0.81159246,0.03937091,0.20228569,-0.0002786717,0.0262733,0.027299479,-0.03554427,-0.030163327,1.0116494,1.0944437,1.1244829,1.1244829,1.1244829,0.9535128,0.9535128,0.9535128,0.927156,0.90566814,0.99855095,1.0149088,1.0797547,1.0756305,1.0306814,0.97230047,0.9794901,0.9954856,0.9735823,0.962547,1.0,0.7,0.35,0.5,0.71666664,0.79962087,0.32985827,0.27190256,0.36915395,0.4311038,1.0,0.1,0.05,0.36666667,0.68333334,0.6,0.8,0.9,0.06666667,0.48333332,0.4,-0.7,-0.85,0.3,0.2,-0.97465795,-0.10160949,0.13803953,0.45347315,0.16193394,-0.7373552,-0.8354272,-0.63247395,-0.0026751494,-0.1266552,0.6,0.5,0.45,0.5,0.53333336,0.4,0.5,0.55,0.5,0.46666667,0.2,0.0,-0.1,0.0,0.06666667,0.6170215,0.31387362,0.40114486,0.54792416,0.5188131,0.38297847,0.6861264,0.59885514,0.45207584,0.48118693,0.23404306,-0.37225276,-0.19771029,0.095848314,0.037626162,1.2833239,1.5087452,1.5866231,1.469221,1.4682924,0.3119495,0.44361818,0.58083534,0.5922207,0.61042863,0.65246224,1.1728154,1.2998986,1.252723,1.8757267,0.2959566,0.4909489,0.3721814,0.47371945,0.50318766,0.7040434,0.5090511,0.6278186,0.5262806,0.49681234,-0.40808678,-0.018102225,-0.2556372,-0.052561115,0.006375309
SH600089,-0.023344893024868283,0.25,,2026-03-26,-0.023448285,0.028965512,-0.8095243,0.0,0.0,0.0055172266,0.19047572,-0.017931059,-0.61904854,1.0240113,1.0240113,0.9943503,1.0068496,0.9936417,1.0889797,1.0798002,1.0275384,0.79307616,1.0033162,1.0152866,1.0618262,1.0459132,0.9881919,0.014714477,0.025117258,0.056569103,0.055923708,0.098103695,0.005474354,-0.0049113184,-0.007146594,0.0004666467,0.0041264617,0.34603193,0.35048,0.5586088,0.0053961775,0.53961587,-0.0142649,0.0068143867,0.0060664485,-0.05267955,-0.10992252,1.0331906,1.1062846,1.1751385,1.1751385,1.1751385,0.9650389,0.9650389,0.9650389,0.9572707,0.78213215,1.0107301,1.0292323,1.1145439,1.0912415,1.0707614,0.99300456,0.9939231,1.0053632,0.9931478,0.88022494,0.6,0.4,0.2,0.3,0.48333332,0.51299,0.24751998,0.16640268,0.19612509,0.55436224,0.8,0.1,0.25,0.5,0.75,0.4,0.7,0.85,0.06666667,0.016666668,0.4,-0.6,-0.6,0.43333334,0.73333335,0.041491088,0.21349217,0.83509624,0.79331297,0.4835799,0.32688585,0.100103006,0.47185978,0.5229392,0.37514144,0.6,0.4,0.4,0.43333334,0.46666667,0.4,0.6,0.6,0.56666666,0.53333336,0.2,-0.2,-0.2,-0.13333334,-0.06666667,0.54593295,0.2789534,0.42466867,0.48103428,0.57097906,0.45406705,0.7210466,0.57533133,0.5189657,0.42902094,0.09186592,-0.4420932,-0.15066265,-0.037931424,0.14195813,1.4069881,1.4189407,2.0570102,1.9427568,2.39649,0.3648892,0.26318267,0.828374,0.7494638,1.3596241,0.56602436,0.5541421,1.0360314,1.0527064,1.3069257,0.41631413,0.3925402,0.42656368,0.45679775,0.4984973,0.5836859,0.6074598,0.5734363,0.5432023,0.5015027,-0.16737178,-0.21491961,-0.14687267,-0.086404525,-0.0030053859
SZ002736,-0.02404701263881812,0.375,,2026-03-26,-0.018276751,0.02436898,-0.75000066,0.0034812544,0.14285597,0.002610974,0.10714334,-0.019147033,-0.7857133,1.018617,1.022163,0.99734044,1.0081879,1.0857528,1.0857528,1.0952059,1.0945307,1.1525996,1.0126941,1.0542201,1.0686361,1.0790007,1.110691,0.021199107,0.048096232,0.037995417,0.034414038,0.048241448,-0.006414587,-0.012960119,-0.0041239164,-0.0026323798,-0.0023237008,0.22889815,0.66559076,0.4123114,0.45344803,0.7076518,0.00013506501,0.004100439,-0.029458832,-0.04083115,-0.042141784,1.0920061,1.1785917,1.1785917,1.1785917,1.2289249,0.9883077,0.9883077,0.9883077,0.9883077,0.9883077,1.0259284,1.089399,1.0956111,1.1027684,1.1535449,0.99864954,1.0027009,1.0409184,1.0625254,1.0823767,0.4,0.2,0.1,0.06666667,0.033333335,0.1127529,0.061446514,0.061446514,0.061446514,0.04859293,0.2,0.3,0.65,0.76666665,0.16666667,0.6,0.8,0.9,0.93333334,0.96666664,-0.4,-0.5,-0.25,-0.16666667,-0.8,0.417277,0.50669855,0.18979432,-0.006214457,0.13958232,-0.54752916,0.62493175,0.47768703,0.45091662,0.4404502,0.4,0.3,0.45,0.43333334,0.45,0.6,0.7,0.55,0.56666666,0.53333336,-0.2,-0.4,-0.1,-0.13333334,-0.083333336,0.19617233,0.32409975,0.37566125,0.39971343,0.4110236,0.8038277,0.6759002,0.62433875,0.6002866,0.58897644,-0.60765535,-0.3518005,-0.24867748,-0.20057316,-0.17795283,2.08028,2.6208446,2.019588,1.7479178,1.8388953,0.9915464,1.7333416,1.3826948,1.1936612,0.99072427,0.93590146,1.2208526,1.4925671,1.7282184,1.5909549,0.20934217,0.5047133,0.5044879,0.48548132,0.500719,0.7906578,0.4952867,0.49551213,0.5145187,0.499281,-0.5813157,0.009426607,0.008975735,-0.029037377,0.0014379921
SH601919,-0.0255493712758062,0.125,,2026-03-26,-0.0026143887,0.0137254605,-0.1904773,0.0078430595,0.5714241,0.0032680125,0.23809856,-0.0071894354,-0.5238029,1.0026213,1.0104848,0.9967234,1.0008066,1.0470846,1.044347,0.98740757,0.9545579,1.0052012,1.0108951,1.030824,1.0312482,1.0067068,0.9863354,0.016815327,0.02487714,0.028727263,0.043040924,0.039993837,-0.008814669,-0.0066927103,-0.00081156834,0.0031471532,0.0011004133,0.6869758,0.6634598,0.027933782,0.4143566,0.23090076,0.0067342147,-0.0007067417,-0.023538345,-0.052340496,-0.01879759,1.0457476,1.0760099,1.1126181,1.1126181,1.1126181,0.98808044,0.98808044,0.9796434,0.93693024,0.9258726,1.0199288,1.054421,1.0483985,1.0397482,1.0199835,0.9987955,1.0061319,1.0087599,0.95554334,0.9492472,0.4,0.2,0.15,0.43333334,0.6666667,0.20669538,0.13555804,0.15308641,0.35898763,0.39694357,0.2,0.4,0.15,0.43333334,0.71666664,0.8,0.9,0.05,0.23333333,0.46666667,-0.6,-0.5,0.1,0.2,0.25,0.49227452,0.06490829,0.4871426,0.70298344,0.49679103,-0.5808359,-0.43588778,0.4733845,0.44000432,0.27390367,0.4,0.5,0.5,0.5,0.46666667,0.6,0.5,0.5,0.5,0.51666665,-0.2,0.0,0.0,0.0,-0.05,0.18613163,0.32618034,0.5157751,0.5465247,0.49622566,0.81386834,0.67381966,0.48422495,0.4534753,0.50377434,-0.62773675,-0.34763935,0.03155014,0.0930494,-0.00754869,1.4874675,1.4497272,2.1437328,1.7725306,1.3833663,0.34552687,0.25635153,1.474493,1.3598822,1.0739921,0.78330237,0.77937645,2.2681015,2.5917196,3.2552388,0.42852974,0.37230322,0.48535874,0.48235092,0.5064715,0.57147026,0.62769675,0.5146413,0.51764905,0.49352846,-0.14294054,-0.25539353,-0.029282538,-0.03529816,0.012943089
SH600406,-0.026605450900805305,0.125,,2026-03-26,-0.02527995,0.028530173,-0.88607764,0.0003611268,0.012657715,0.002889097,0.10126461,-0.02275198,-0.79747075,1.0259356,1.0263062,0.997036,1.0078146,1.0303835,1.1196771,1.016675,0.95850474,0.85068655,1.0076332,1.0300484,1.060949,1.0302092,0.96598804,0.00920527,0.027978621,0.051899925,0.06302292,0.08481612,-0.0014462607,-0.008436262,-0.0038092933,0.0033099288,0.004211777,0.061710656,0.8334103,0.18854865,0.21376765,0.7520968,-0.0047406987,0.007914783,-0.02476073,-0.07820314,-0.09023545,1.0407605,1.11819,1.1878455,1.1878455,1.1878455,0.98184574,0.98184574,0.98184574,0.9229319,0.83030826,1.0160831,1.0494245,1.113451,1.0844747,1.0323839,0.99992603,1.0029651,1.014454,0.9791037,0.8785474,0.4,0.2,0.1,0.36666667,0.68333334,0.3081443,0.13314998,0.08812748,0.2909179,0.4746128,0.2,0.1,0.35,0.56666666,0.78333336,0.6,0.8,0.9,0.06666667,0.11666667,-0.4,-0.7,-0.55,0.5,0.6666667,0.2702823,0.6568158,0.86278605,0.8660632,0.610539,0.15272215,0.06217042,0.63632184,0.5919173,0.51120436,0.2,0.2,0.35,0.46666667,0.55,0.8,0.8,0.65,0.53333336,0.45,-0.6,-0.6,-0.3,-0.06666667,0.1,0.28418368,0.14965208,0.48048228,0.5369387,0.5829559,0.7158163,0.85034794,0.5195177,0.46306127,0.41704413,-0.43163267,-0.7006959,-0.03903547,0.073877454,0.16591175,1.3937186,1.5238063,1.9590172,1.7319138,1.7249165,0.28411144,0.3538918,0.67008895,0.6702516,1.0740607,0.44640768,0.7573684,0.92363477,1.0100638,1.6684992,0.44899726,0.28743154,0.47392365,0.49701482,0.5095545,0.55100274,0.71256846,0.5260763,0.5029852,0.4904455,-0.10200548,-0.4251369,-0.05215269,-0.0059703486,0.019109031
SH601800,-0.02676363908801454,0.25,,2026-03-26,-0.015345207,0.019181594,-0.79999644,0.0012788185,0.06666904,0.0025575687,0.13333452,-0.014066457,-0.73333097,1.0155843,1.0168831,0.99740255,1.0059886,1.0358391,1.0734265,1.0550699,1.062937,1.0594405,1.0118881,1.0380244,1.0454109,1.0482225,1.0628787,0.013746296,0.033464413,0.026236765,0.021902021,0.0254075,-0.0039335536,-0.0102193225,-0.00209593,-0.0010238651,-0.00083638227,0.20470987,0.8548486,0.22335777,0.1693631,0.33051077,-0.0040209834,0.007962503,-0.025499476,-0.03337654,-0.038205486,1.0422761,1.109636,1.109636,1.109636,1.1516623,0.9895856,0.9895856,0.9895856,0.9895856,0.9895856,1.0215034,1.0638112,1.0638112,1.0606643,1.0805944,0.99947554,1.0097902,1.0241258,1.0340909,1.0496503,0.4,0.2,0.1,0.06666667,0.033333335,0.19765237,0.08675037,0.08675037,0.08675037,0.064256065,0.2,0.1,0.55,0.7,0.28333333,0.4,0.7,0.85,0.9,0.95,-0.2,-0.6,-0.3,-0.2,-0.6666667,-0.44419223,0.8144073,0.65957797,0.33768672,0.35644424,-0.88170093,0.27386427,0.1877534,0.12879528,0.30548936,0.4,0.3,0.5,0.43333334,0.43333334,0.6,0.7,0.5,0.56666666,0.55,-0.2,-0.4,0.0,-0.13333334,-0.11666667,0.2747256,0.2920793,0.39603955,0.40374333,0.45442364,0.7252744,0.70792073,0.60396045,0.5962567,0.5455764,-0.45054883,-0.41584143,-0.2079209,-0.19251333,-0.09115275,1.2602557,2.104551,1.931355,1.6767181,1.691072,0.36614767,1.5211942,1.105628,1.087455,1.0319104,1.0151634,1.2221962,1.3775437,1.5697504,1.3870131,0.3602031,0.44989598,0.49505743,0.4875053,0.50275594,0.6397969,0.550104,0.5049426,0.51249474,0.49724403,-0.2795938,-0.100208044,-0.009885156,-0.024989443,0.005511934
SH605117,-0.026784807071001986,0.375,,2026-03-26,0.034441993,0.061475422,0.5602563,0.025614792,0.4166672,0.0014186377,0.0230765,0.010245839,0.16666561,0.9667048,1.0247619,0.96533334,1.0020336,0.97532207,1.0361106,0.7491774,0.6883888,0.67176956,1.02784,1.0060886,0.9652243,0.8819419,0.7733862,0.032037295,0.035103694,0.06684513,0.13267128,0.14433374,-0.019344974,0.0029188504,0.008746823,0.014009344,0.0072077527,0.91151685,0.06337668,0.59927917,0.8641388,0.7606133,0.010849895,-0.019223446,-0.048319153,-0.08507738,0.013985115,1.0818325,1.0818325,1.0818325,1.0818325,1.0818325,0.9638075,0.9413414,0.74285764,0.6445712,0.6316271,1.0493894,1.0320925,1.0234482,1.0009593,0.9507724,0.9988567,0.97512406,0.9165579,0.7338994,0.6582427,0.4,0.6,0.7,0.8,0.9,0.30665082,0.41752526,0.75858825,0.81285214,0.81823295,0.4,0.7,0.85,0.9,0.95,0.8,0.4,0.05,0.06666667,0.25,-0.4,0.3,0.8,0.8333333,0.7,0.6774007,0.8342352,0.5752919,0.80295664,0.74410653,0.80418974,0.73891914,0.5199118,0.48933682,0.48485795,0.4,0.4,0.55,0.56666666,0.51666665,0.6,0.6,0.45,0.43333334,0.48333332,-0.2,-0.2,0.1,0.13333334,0.033333335,0.5685091,0.43373242,0.6693719,0.66775256,0.62757957,0.43149087,0.56626755,0.3306281,0.33224747,0.37242043,0.13701825,-0.13253514,0.33874384,0.33550507,0.25515914,1.3227572,1.086957,1.0416574,0.85164946,0.7007918,0.3252184,0.34929767,0.34773007,0.40444747,0.34312943,1.2356601,1.4191201,0.95002574,1.1139164,1.3565738,0.5609568,0.3948038,0.5146579,0.5292137,0.52554303,0.43904322,0.6051962,0.48534212,0.4707863,0.47445697,0.12191357,-0.2103924,0.029315794,0.05842741,0.051086072
SH600905,-0.03649797502039139,0.25,,2026-03-26,-0.0109890625,0.026373675,-0.41666785,0.0021977748,0.083332136,0.013186838,0.5,0.0,0.0,1.0111111,1.0133333,0.9866666,0.99655867,0.9580713,0.9958072,0.9098533,0.91194963,0.9161426,0.98280925,0.97421384,0.96394134,0.9457722,0.9315164,0.024734376,0.020278778,0.025079869,0.033114325,0.027628738,0.013417189,0.0034432353,0.0029917548,0.0033029946,0.0011258658,0.73563296,0.26427817,0.4980461,0.7710555,0.50646687,-0.009643601,0.010291596,0.007637014,0.006334379,0.035270523,1.0370048,1.0370048,1.0370048,1.0370048,1.0370048,0.9383502,0.9383502,0.90897137,0.90344065,0.90122086,1.0025157,0.98826,0.9874214,0.97148854,0.95471704,0.96058697,0.9572327,0.94171906,0.9098533,0.91194963,0.8,0.9,0.95,0.96666664,0.98333335,0.62490493,0.62490493,0.71097505,0.7229432,0.72747254,0.8,0.9,0.95,0.96666664,0.98333335,0.4,0.7,0.05,0.23333333,0.48333332,0.4,0.2,0.9,0.73333335,0.5,0.7240371,0.8006893,0.88131076,0.9258651,0.8592874,0.39835992,0.5399848,0.6041675,0.5041206,0.4763866,0.6,0.4,0.6,0.53333336,0.45,0.4,0.6,0.35,0.4,0.43333334,0.2,-0.2,0.25,0.13333334,0.016666668,0.7500006,0.5161289,0.70476204,0.6810348,0.61904764,0.24999943,0.48387107,0.295238,0.31896517,0.38095233,0.50000113,0.03225783,0.40952402,0.36206967,0.23809534,1.0796279,0.9462946,0.8711808,0.6537291,0.46793896,0.30653343,0.2946486,0.32615346,0.4104868,0.3525108,0.85500157,0.9677246,1.1373526,1.5038488,1.9930327,0.62232065,0.42529187,0.5900325,0.5724683,0.5596557,0.37767932,0.57470816,0.40996745,0.42753172,0.44034424,0.24464136,-0.14941627,0.18006508,0.14493655,0.11931148
SZ000792,-0.040604108323267135,0.375,,2026-03-26,0.0065555694,0.052990958,0.123711094,0.034416784,0.6494841,0.012018604,0.22680481,-0.015842611,-0.2989682,0.9934871,1.0341927,0.9815468,1.0112866,0.9159085,1.0382702,1.0586394,0.9001437,0.76444805,0.9738554,0.98200303,1.0005046,0.9771324,0.9253864,0.029809581,0.044792376,0.040721554,0.05695405,0.081685424,0.016958263,-0.0048308005,-0.00296005,0.0028759092,0.0037264626,0.80907905,0.10662068,0.18493429,0.19760725,0.6347523,-0.007771921,0.039735585,0.027615862,-0.018833052,-0.035317097,1.0341927,1.1099414,1.1099414,1.1099414,1.1099414,0.923217,0.90912396,0.90912396,0.8475079,0.74086785,0.9982909,1.0026078,1.03718,1.0367012,0.99796677,0.9436296,0.9436296,0.9712992,0.9195919,0.8701536,1.0,0.8,0.55,0.6666667,0.8333333,0.69189066,0.45253083,0.45253083,0.58106965,0.70211536,1.0,0.1,0.55,0.7,0.85,0.4,0.5,0.75,0.06666667,0.1,0.6,-0.4,-0.2,0.6333333,0.75,-0.29233426,0.48313546,-0.060745385,0.5021698,0.115241356,0.86172044,0.3496953,0.24157052,0.42690942,0.45368743,0.8,0.5,0.5,0.56666666,0.56666666,0.2,0.5,0.5,0.43333334,0.43333334,0.6,0.0,0.0,0.13333334,0.13333334,0.93287796,0.43453062,0.43748033,0.5707648,0.5907942,0.06712202,0.5654694,0.56251967,0.42923522,0.4092058,0.865756,-0.13093877,-0.12503934,0.14152957,0.1815884,1.0785849,1.0690812,0.9881396,0.93274635,1.0457631,0.082348414,0.19611627,0.2536945,0.3209731,0.35470498,1.0618047,0.77114,1.0127063,1.1920247,1.1695247,0.5030304,0.57883567,0.4225978,0.52469337,0.49488774,0.49696958,0.4211643,0.57740223,0.47530666,0.50511223,0.0060608424,0.15767138,-0.15480444,0.049386688,-0.0102245025
SZ300999,-0.04124646902505536,0.0,,2026-03-26,-0.01385526,0.01870454,-0.7407432,0.0013854918,0.074072495,0.0034637866,0.18518429,-0.011776965,-0.62963146,1.0140499,1.0154549,0.99648756,1.0036052,1.0620881,1.0735346,1.0308707,1.0395421,1.027402,1.0128338,1.0508151,1.0497226,1.0476702,1.0418893,0.01971623,0.04429186,0.03911455,0.03242575,0.02573447,-0.008463415,-0.014078351,-0.0005938362,-2.2763548e-05,0.00041203122,0.46066323,0.92611974,0.0080672335,3.8194557e-05,0.07818612,0.004092937,0.012537412,-0.044081107,-0.047340214,-0.05404419,1.0738705,1.1345425,1.1804316,1.1804316,1.1804316,0.9859114,0.9859114,0.9859114,0.9859114,0.9859114,1.0188693,1.0951786,1.0801249,1.0742977,1.0575789,1.001665,1.0029137,1.0110302,1.0224767,1.0205342,0.2,0.1,0.05,0.033333335,0.016666668,0.16017202,0.094789006,0.07242744,0.07242744,0.07242744,0.2,0.1,0.35,0.56666666,0.78333336,0.6,0.8,0.9,0.93333334,0.96666664,-0.4,-0.7,-0.55,-0.36666667,-0.18333334,-0.058701534,0.62936884,0.6923079,0.5637448,0.6144834,-0.86504346,0.1873889,0.6847641,0.6571003,0.62547517,0.4,0.3,0.4,0.4,0.48333332,0.6,0.7,0.6,0.6,0.5,-0.2,-0.4,-0.2,-0.2,-0.016666668,0.119148806,0.27824262,0.4585275,0.45608634,0.481889,0.8808512,0.7217574,0.5414725,0.54391366,0.518111,-0.7617024,-0.44351476,-0.082945004,-0.08782731,-0.036221977,1.466221,1.8629155,2.1033134,1.7125537,1.4301217,0.4471848,0.9158287,1.3553264,1.2414141,0.9795733,1.3738507,1.29685,2.212383,2.5945642,2.8077276,0.384228,0.42773992,0.5070443,0.49425596,0.50256664,0.615772,0.5722601,0.49295568,0.50574404,0.49743333,-0.23154403,-0.14452016,0.014088654,-0.011488055,0.005133312
SH601669,-0.043423855762183675,0.125,,2026-03-26,-0.027777757,0.031045746,-0.89473635,0.0,0.0,0.0032679893,0.10526367,-0.024509767,-0.78947264,1.0285714,1.0285714,0.99663866,1.0071908,1.01,1.09875,0.95374995,0.95374995,0.8825,0.99775,1.035125,1.015,0.98749995,0.96004164,0.020886606,0.068232775,0.06324556,0.065058835,0.06349128,0.008874999,-0.015734846,0.0030000014,0.0046390444,0.0024492915,0.45137858,0.48747274,0.07875006,0.39404535,0.4538921,-0.015499999,0.035681818,-0.043499995,-0.054766122,-0.032295745,1.0384012,1.2075,1.2075,1.2075,1.2075,0.96280766,0.96280766,0.9261228,0.91375,0.8703894,1.006,1.0415,1.03825,1.028,1.003,0.98125,0.9965,0.9655,0.93224996,0.9035,0.7,0.35,0.475,0.65,0.7583333,0.4920036,0.15199631,0.26255578,0.29361707,0.38447496,0.8,0.1,0.55,0.7,0.85,0.4,0.7,0.2,0.23333333,0.11666667,0.4,-0.6,0.35,0.46666667,0.73333335,0.37621027,0.8388317,0.89754397,0.9081603,0.89784783,0.653526,0.45098653,0.55150694,0.48509827,0.53254753,0.4,0.4,0.55,0.5,0.48333332,0.6,0.6,0.45,0.5,0.51666665,-0.2,-0.2,0.1,0.0,-0.033333335,0.45744693,0.38483974,0.5364892,0.5311973,0.55097616,0.54255307,0.6151603,0.46351084,0.4688027,0.44902387,-0.08510614,-0.23032053,0.07297833,0.06239464,0.10195226,1.2195141,1.9963206,1.6983508,1.291699,1.0185736,0.16539654,1.2389541,1.1242006,1.0873586,0.92645764,0.4547629,1.4374379,1.6238576,2.0008392,2.266817,0.36252522,0.26600212,0.52750427,0.52538264,0.52286327,0.6374748,0.7339979,0.47249573,0.47461736,0.47713673,-0.27494955,-0.46799576,0.055008527,0.050765257,0.045726527
SZ000983,-0.04453263610265172,0.125,,2026-03-26,-0.008403354,0.026610652,-0.3157891,0.009803944,0.3684218,0.008403354,0.3157891,-0.009803944,-0.3684218,1.0084746,1.0183616,0.9915254,1.0019053,0.97743386,1.0550567,1.0099244,1.0395794,0.9293478,1.0172496,1.0128663,1.0240076,1.0147724,0.9896247,0.035612117,0.03271822,0.029119847,0.028108217,0.041652627,-0.0008506649,-0.0012380398,-0.0021296751,0.00070559926,0.0016937894,0.001426466,0.013125061,0.18720461,0.048837267,0.5043521,-0.015548222,-0.007295096,-0.0037756723,-0.02500358,-0.03959149,1.0720487,1.0762317,1.087591,1.087591,1.087591,0.9604737,0.9604737,0.9604737,0.9575648,0.90395683,1.0438092,1.0409735,1.0499527,1.0406901,1.0254017,0.99491966,0.97743386,0.9991493,0.9903592,0.95588374,0.4,0.4,0.25,0.38333333,0.60833335,0.35425785,0.34145635,0.31094345,0.32635912,0.52301365,0.4,0.1,0.15,0.43333334,0.71666664,0.2,0.6,0.8,0.13333334,0.11666667,0.2,-0.5,-0.65,0.3,0.6,0.9510524,0.6881432,0.58937895,0.6140752,0.8414688,0.96787417,0.882595,0.8075468,0.74418855,0.73402506,0.2,0.1,0.35,0.36666667,0.45,0.8,0.8,0.6,0.6,0.53333336,-0.6,-0.7,-0.25,-0.23333333,-0.083333336,0.5700659,0.3846535,0.4895157,0.46741876,0.529996,0.42993405,0.6153465,0.51048434,0.5325812,0.47000402,0.14013186,-0.230693,-0.020968623,-0.06516247,0.059991952,1.5401846,1.1542404,1.1108539,0.9415246,0.7535345,0.8475026,0.7040425,0.54354304,0.5126542,0.49934012,1.462417,1.86221,1.6539744,1.8323159,1.8869735,0.5420883,0.4747626,0.53406024,0.47646144,0.52113956,0.45791164,0.5252374,0.46593973,0.5235386,0.47886044,0.0841767,-0.050474808,0.06812051,-0.04707714,0.042279102
SH600233,-0.045154808333379974,0.125,,2026-03-26,0.0030105093,0.021575557,0.13953333,0.0060210987,0.27907038,0.012543949,0.5813963,0.00953336,0.44185925,0.99699855,1.006003,0.98449224,0.99650156,0.98650724,0.9860545,0.92547315,0.88544786,0.84044194,0.9790999,0.9958707,0.9814951,0.9543572,0.89996076,0.024761671,0.027010422,0.026503045,0.04503062,0.06488899,0.0065561854,-0.0055858735,0.0018032722,0.004146296,0.0034051992,0.1752599,0.3920405,0.16203135,0.6570621,0.83992946,0.007787728,0.029265745,0.0013738474,-0.0144785,-0.00041413197,1.0069865,1.0455939,1.0455939,1.0455939,1.0455939,0.92700243,0.92700243,0.9204536,0.870445,0.8064467,0.99478406,1.0138367,1.0016118,0.9938966,0.9711854,0.9642851,0.98330164,0.9547949,0.90227294,0.8390474,1.0,0.6,0.8,0.8666667,0.93333334,0.9126511,0.61553836,0.63565797,0.7396851,0.80934817,0.2,0.1,0.55,0.7,0.85,0.4,0.7,0.05,0.33333334,0.18333334,-0.2,-0.6,0.5,0.36666667,0.6666667,-0.86051625,-0.4194246,-0.08928323,0.58339024,0.4375199,-0.8465878,0.042928472,0.18191478,0.34940103,0.29712054,0.8,0.6,0.55,0.53333336,0.53333336,0.2,0.4,0.4,0.43333334,0.45,0.6,0.2,0.15,0.1,0.083333336,0.5555557,0.53057986,0.59232664,0.61192703,0.5955739,0.4444443,0.4694201,0.40767333,0.38807294,0.4044261,0.1111114,0.061159767,0.18465333,0.22385411,0.19114779,1.5272223,1.4093826,1.3452598,1.1410023,1.0059341,0.5521383,0.46038762,0.5361705,0.60253716,0.48387158,0.99317336,0.9862825,1.2632806,1.440573,1.5145352,0.44694522,0.541442,0.44022062,0.498729,0.49447256,0.55305475,0.45855802,0.55977935,0.501271,0.50552744,-0.10610955,0.082883984,-0.11955873,-0.0025420005,-0.011054859
SH600809,-0.04758847546153302,0.25,,2026-03-26,-0.00805367,0.016174488,-0.4979243,0.0031543581,0.1950206,0.004966459,0.3070551,-0.0062415698,-0.3858898,1.0081191,1.011299,0.9949932,0.9991512,1.0564328,1.0673198,1.0918888,1.2217861,1.2053497,1.0125054,1.0442402,1.0584846,1.0870247,1.1295652,0.016335502,0.036259733,0.030503942,0.053031515,0.062284917,-0.008004329,-0.01131182,-0.0037877266,-0.0054119756,-0.0030401791,0.60024005,0.89212805,0.53965145,0.8071333,0.72666186,0.003503227,0.0066630025,-0.0225012,-0.00855108,-0.03987998,1.0602206,1.1010233,1.1163797,1.2447236,1.2447236,0.9949932,0.9949932,0.9949932,0.9949932,0.9949932,1.0158371,1.0796416,1.087431,1.1226932,1.1942569,1.0035193,1.0069418,1.0347134,1.0553895,1.0720904,0.2,0.1,0.05,0.033333335,0.016666668,0.076758884,0.047220405,0.041246615,0.02004875,0.02004875,0.2,0.3,0.15,0.033333335,0.51666665,1.0,1.0,1.0,1.0,1.0,-0.8,-0.7,-0.85,-0.96666664,-0.48333332,0.12424483,-0.03279705,0.1270927,0.59573454,0.27072358,-0.35964113,-0.08029017,0.27491334,0.16113439,0.49633056,0.2,0.3,0.3,0.23333333,0.3,0.8,0.6,0.65,0.73333335,0.68333334,-0.6,-0.3,-0.35,-0.5,-0.38333333,0.07712129,0.2159407,0.32464275,0.22032216,0.3904086,0.92287874,0.7840593,0.6753573,0.77967787,0.6095914,-0.8457574,-0.56811863,-0.35071453,-0.5593557,-0.21918282,0.85720223,0.8285454,0.8553623,0.9517195,1.1331409,0.16915068,0.14833294,0.20566767,0.2642438,0.6152824,1.0029036,0.9244749,0.99924767,0.9905464,2.5252187,0.63459915,0.57528305,0.48486924,0.39084578,0.5098779,0.36540085,0.42471692,0.51513076,0.6091542,0.4901221,0.2691983,0.15056616,-0.030261526,-0.21830846,0.019755801
SH600674,-0.05213488969968906,0.25,,2026-03-26,-0.0025526227,0.016592277,-0.15384401,0.0057434584,0.3461525,0.008296196,0.50000346,1.1520095e-07,6.943046e-06,1.0025592,1.0083174,0.9916826,0.99982154,0.98975724,1.0396727,0.9059537,0.8937923,0.91297966,0.99283856,0.99398696,0.9888685,0.9589672,0.9275409,0.011936933,0.009072641,0.026197918,0.048058897,0.046775267,0.0033267515,-0.00037125798,0.002178499,0.0046310546,0.0020776703,0.19417588,0.015349548,0.24201891,0.7196377,0.6017563,0.00050792727,0.007683694,-0.009564204,-0.026117517,0.011167853,1.0083174,1.046703,1.046703,1.046703,1.046703,0.9712175,0.9712175,0.90531707,0.88547754,0.86499447,1.0008973,1.0008973,1.0066534,1.0008973,0.98720646,0.9842663,0.9891196,0.9732505,0.9028724,0.8928894,0.8,0.8,0.7,0.8,0.9,0.7758124,0.38129804,0.669677,0.7103248,0.7429784,1.0,0.1,0.55,0.7,0.85,0.4,0.7,0.05,0.23333333,0.43333334,0.6,-0.6,0.5,0.46666667,0.41666666,-0.509791,0.11589403,-0.16540812,0.6672363,0.6123822,-0.2697003,-0.07362567,0.46592498,0.429667,0.22748226,0.6,0.3,0.55,0.5,0.45,0.4,0.6,0.4,0.43333334,0.46666667,0.2,-0.3,0.15,0.06666667,-0.016666668,0.57846993,0.32778087,0.68239015,0.66277456,0.58675593,0.42153007,0.67221916,0.31760988,0.3372254,0.41324407,0.15693988,-0.34443828,0.36478028,0.32554916,0.17351185,1.2212833,1.2064543,1.5830349,1.2643608,1.0083183,0.22467723,0.30798545,0.5988493,0.67743254,0.5781103,0.727874,1.1210117,1.0207868,1.2428439,1.454381,0.49212345,0.35885078,0.51753163,0.50293386,0.5085049,0.5078765,0.6411492,0.48246837,0.4970661,0.49149507,-0.015753075,-0.28229845,0.035063263,0.0058677737,0.017009864
SH600188,-0.05389896392817148,0.25,,2026-03-26,0.045338754,0.059602667,0.7606833,0.009169659,0.15384644,0.0050942544,0.085470244,0.041263353,0.6923071,0.95662767,1.0087719,0.9517544,0.99065524,1.0067945,1.0803764,0.8279732,0.74412405,0.657406,0.9995974,1.0030047,0.9840958,0.9260104,0.8019134,0.024829553,0.029714677,0.048232164,0.095064454,0.1427184,-0.010478641,-0.004187735,0.003992164,0.009363858,0.007615336,0.44525838,0.18206553,0.23977908,0.7519258,0.8683965,0.02135992,0.015840122,-0.022021383,-0.06178631,-0.026565783,1.0721041,1.1130424,1.1130424,1.1130424,1.1130424,0.9361436,0.9361436,0.82115823,0.7334289,0.63548684,1.0146056,1.0200815,1.0130454,1.0017213,0.97590214,0.991907,0.9739494,0.950083,0.8361468,0.67483014,0.4,0.4,0.65,0.76666665,0.8833333,0.46966878,0.36097735,0.61271507,0.7022173,0.7632897,0.4,0.1,0.55,0.7,0.85,0.8,0.9,0.05,0.06666667,0.11666667,-0.4,-0.8,0.5,0.6333333,0.73333335,-0.18921407,0.49426445,0.18858661,0.11812576,0.72018635,-0.6264387,-0.046952248,0.50779706,0.47411382,0.5611519,0.4,0.3,0.5,0.53333336,0.51666665,0.6,0.7,0.5,0.43333334,0.45,-0.2,-0.4,0.0,0.1,0.06666667,0.47320366,0.35199267,0.60997427,0.6346969,0.63259184,0.52679634,0.64800733,0.39002573,0.3653031,0.36740813,-0.053592697,-0.29601467,0.21994853,0.2693938,0.26518375,1.0763942,1.153122,1.3173316,1.2877436,0.92701364,0.21352933,0.24760778,0.37924677,0.39146987,0.51133853,0.6202389,0.5618554,0.8246057,0.9199537,1.2898722,0.41202766,0.42142484,0.5050156,0.48457512,0.5210227,0.58797234,0.57857513,0.4949844,0.51542485,0.47897735,-0.1759447,-0.15715031,0.010031232,-0.03084975,0.042045318
SH600938,-0.05461776560089373,0.125,,2026-03-26,0.008873578,0.022676865,0.39130533,0.006655136,0.2934769,0.0071481513,0.3152178,0.009366592,0.41304618,0.99120444,1.0065966,0.9841192,0.99665946,1.0320561,1.0506449,0.86665404,0.8309939,0.6756449,1.0138088,1.0097686,1.0091616,0.95800453,0.854369,0.016866382,0.020146394,0.04122335,0.0822203,0.12687182,-0.008497721,-4.9429134e-05,0.0013445981,0.0074836137,0.006861563,0.63460135,5.5180146e-05,0.0372363,0.6420462,0.8921042,0.0031866513,-0.009546135,-0.021935273,-0.066516936,-0.05678508,1.0555185,1.0667344,1.0882,1.0882,1.0882,0.96556604,0.94319636,0.86215794,0.7994098,0.6770626,1.0257587,1.0266691,1.035053,1.0266691,1.0024279,0.99829286,0.9908953,0.9892261,0.8635053,0.7218133,0.4,0.4,0.35,0.56666666,0.78333336,0.3828018,0.459807,0.60980725,0.69458807,0.7854733,0.4,0.1,0.35,0.56666666,0.78333336,0.8,0.4,0.05,0.06666667,0.016666668,-0.4,-0.3,0.3,0.5,0.76666665,0.19234927,0.47536197,0.7111671,0.8620208,0.7238379,-0.62985295,0.4068496,0.71963406,0.75786597,0.58025354,0.4,0.3,0.45,0.46666667,0.55,0.6,0.7,0.55,0.53333336,0.43333334,-0.2,-0.4,-0.1,-0.06666667,0.11666667,0.22653691,0.3676907,0.6051451,0.60086036,0.6215525,0.7734631,0.63230926,0.3948549,0.3991396,0.3784475,-0.5469262,-0.26461855,0.21029021,0.20172076,0.24310502,1.3915585,1.4910822,2.053787,1.6304535,1.2930266,0.26303738,0.33404866,0.95819026,1.0006487,0.83685863,1.1965618,1.1353453,1.2679533,1.4567103,1.5703423,0.23879443,0.3388745,0.51102334,0.5100728,0.5047778,0.76120555,0.66112554,0.4889767,0.48992717,0.49522218,-0.5224111,-0.32225105,0.022046626,0.020145634,0.009555634
SZ002709,-0.05626992804481215,0.125,,2026-03-26,0.033689577,0.07736988,0.43543532,0.04065984,0.52552545,0.003020463,0.039039258,-0.003949799,-0.051050857,0.9674084,1.0393347,0.9644864,1.010401,0.9296367,1.0930442,0.9527972,0.9069404,0.8717897,0.9768426,1.0006452,0.98903704,0.973967,0.9762722,0.014064809,0.05162824,0.060371798,0.05608477,0.04980003,0.0075329514,-0.01129674,0.0027057016,0.0031147304,-0.00014526566,0.7171379,0.43887725,0.0703007,0.23903018,0.0025951746,0.008091486,0.050190184,-0.014741226,-0.019130617,0.02801309,1.0393347,1.1463238,1.1463238,1.1463238,1.1463238,0.9237944,0.9222194,0.88806033,0.8698605,0.8698605,0.9814716,1.0346959,1.0346959,1.0029674,1.0029674,0.9702828,0.9702828,0.9394888,0.9301813,0.93247104,1.0,0.7,0.7,0.8,0.8,0.65955883,0.34707308,0.43343207,0.47072983,0.47072983,1.0,0.1,0.55,0.7,0.85,0.6,0.5,0.35,0.06666667,0.53333336,0.4,-0.4,0.2,0.6333333,0.31666666,0.32900795,0.19347872,0.7046418,0.73540354,0.7160678,0.90450317,0.26294285,0.46150097,0.5532663,0.5809721,0.8,0.5,0.45,0.5,0.46666667,0.2,0.5,0.55,0.5,0.53333336,0.6,0.0,-0.1,0.0,-0.06666667,0.9434474,0.31320664,0.54794604,0.5669926,0.54864347,0.05655259,0.6867933,0.45205393,0.4330074,0.45135656,0.8868948,-0.3735867,0.095892124,0.13398522,0.09728691,0.8403626,0.77868086,0.70589,0.62657976,0.6784514,0.14562489,0.1778915,0.28825313,0.27401632,0.3118625,0.9252488,0.8248427,1.2458776,1.2682941,1.3661911,0.6703202,0.5249134,0.54600203,0.562384,0.5211828,0.3296798,0.4750866,0.45399797,0.437616,0.4788172,0.34064043,0.049826782,0.092004076,0.12476803,0.042365607
SH601808,-0.05694509599192473,0.0,,2026-03-26,0.017052338,0.025578449,0.66666824,0.00060900784,0.023809414,0.007917102,0.3095224,0.024360433,0.9523812,0.9832336,1.0005988,0.9754492,0.9902257,1.0410358,1.0796287,1.0107474,0.94968253,0.8207133,0.9892526,1.020127,1.0737909,1.0384954,0.96858823,0.013049046,0.035797972,0.07798355,0.08415521,0.100605145,-0.0007327885,-0.01040399,-0.009839084,0.0022199112,0.0045064627,0.0078838775,0.7742736,0.55714905,0.05392757,0.61197126,0.012212972,0.026690906,0.019680342,-0.07068412,-0.10152887,1.0171267,1.1070418,1.3079457,1.3079457,1.3079457,0.9499788,0.9499788,0.9499788,0.9033932,0.8183525,1.0012702,1.0600879,1.1276991,1.0906693,1.0446508,0.9790914,0.9822179,1.0050807,0.96355647,0.86946756,0.8,0.4,0.2,0.36666667,0.65833336,0.7449404,0.31847823,0.13973685,0.23879914,0.37101716,0.2,0.2,0.2,0.46666667,0.73333335,0.8,0.9,0.95,0.06666667,0.033333335,-0.6,-0.7,-0.75,0.4,0.7,0.3584094,0.74814695,0.9149234,0.9340416,0.8807635,0.60654587,0.6848939,0.6629699,0.66243595,0.6189219,0.6,0.5,0.5,0.5,0.5833333,0.4,0.5,0.5,0.5,0.4,0.2,0.0,0.0,0.0,0.18333334,0.26136312,0.27170864,0.49169183,0.52907956,0.56360483,0.73863685,0.72829133,0.5083082,0.4709204,0.43639517,-0.47727373,-0.45658273,-0.016616324,0.058159165,0.1272097,0.9890097,1.0906557,2.007311,1.6262664,1.2319686,0.06641874,0.14730549,1.3758314,1.2668481,1.0603689,0.86256546,0.7499518,1.5433993,1.7271796,1.8762103,0.18479186,0.3288795,0.49947107,0.50092965,0.5143912,0.81520814,0.6711205,0.50052893,0.49907035,0.48560882,-0.6304163,-0.342241,-0.001057887,0.0018593271,0.02878235
SH601857,-0.07328083282925432,0.0,,2026-03-26,0.020512864,0.02991449,0.6857166,0.0076922695,0.25714192,0.0017093585,0.05714149,0.014529953,0.4857162,0.97989947,1.0075376,0.97822446,0.99455,1.0452003,1.0242311,0.9119292,0.88443613,0.81407267,1.008574,1.0101118,1.022041,0.9834265,0.91679865,0.021274047,0.019420363,0.044333573,0.06672804,0.08453617,-0.01039142,-0.0009912748,-0.0015114683,0.004818754,0.0042025624,0.59647125,0.02388278,0.040681843,0.40416107,0.75377727,0.012208773,-0.0056510787,-0.0076820417,-0.053298444,-0.040774275,1.0436016,1.0485504,1.1462522,1.1462522,1.1462522,0.95399785,0.95399785,0.9045738,0.8627742,0.81306034,1.0268406,1.0268406,1.0487418,1.0309412,1.0046598,0.99599254,0.99860203,1.0007455,0.90941286,0.8304753,0.4,0.3,0.2,0.46666667,0.73333335,0.5133955,0.48652503,0.3948479,0.4840792,0.5610571,0.4,0.5,0.2,0.46666667,0.73333335,0.8,0.9,0.05,0.06666667,0.28333333,-0.4,-0.4,0.15,0.4,0.45,0.76715356,0.8312395,0.82785,0.86514646,0.7356851,0.64966154,0.87823236,0.74500996,0.66252935,0.52320385,0.4,0.4,0.5,0.5,0.56666666,0.6,0.6,0.5,0.5,0.43333334,-0.2,-0.2,0.0,0.0,0.13333334,0.27853876,0.43627447,0.5711061,0.5746988,0.577176,0.72146124,0.56372553,0.4288939,0.4253012,0.422824,-0.4429225,-0.12745105,0.14221218,0.1493976,0.154352,1.1698363,1.1825935,1.7716376,1.4055334,1.113726,0.21362141,0.34638938,0.95555896,0.94729954,0.78353196,0.33672258,1.1586854,1.3927977,1.6259577,1.8403636,0.22754635,0.43905866,0.5210658,0.512031,0.5154036,0.77245367,0.56094134,0.47893423,0.48796895,0.48459637,-0.5449073,-0.12188271,0.042131566,0.024062078,0.030807251
SH601998,-0.0776728739445665,0.125,,2026-03-26,0.021951243,0.029268298,0.7500007,0.0073170546,0.24999931,0.0,0.0,0.014634189,0.5000014,0.9785203,1.0071598,0.9785203,0.9992982,0.9401511,0.88436955,0.86287045,0.8768158,0.88204527,0.9708309,0.9468332,0.90624636,0.89914775,0.89545804,0.0247799,0.03357671,0.048038304,0.041112944,0.03194953,0.014410225,0.010575245,0.007703601,0.0030909162,0.0004581462,0.84543914,0.90931875,0.9000782,0.43804523,0.062716104,0.00034865766,0.005578176,0.020569446,0.056033954,0.09102664,1.0071598,1.0071598,1.0071598,1.0071598,1.0071598,0.92583406,0.8769016,0.8469968,0.8469968,0.8469968,0.9893085,0.9782684,0.94421846,0.9401511,0.91074955,0.94898313,0.9270192,0.862638,0.8647298,0.86728644,1.0,1.0,1.0,1.0,1.0,0.9119605,0.94503313,0.9552963,0.9552963,0.9552963,1.0,1.0,1.0,1.0,1.0,0.4,0.1,0.2,0.46666667,0.73333335,0.6,0.9,0.8,0.53333336,0.26666668,-0.4896602,0.3589466,0.63154846,0.58719224,0.3007751,0.019778939,0.42310822,0.15344234,0.004893316,0.120201744,0.8,0.8,0.7,0.6,0.51666665,0.2,0.2,0.3,0.36666667,0.46666667,0.6,0.6,0.4,0.23333333,0.05,0.86524826,0.9061226,0.81720436,0.70384616,0.5975024,0.13475174,0.09387736,0.18279561,0.29615384,0.4024976,0.7304965,0.81224525,0.6344088,0.4076923,0.1950048,1.2564104,1.1732385,0.96753865,0.84391063,0.9525308,0.19064817,0.24024846,0.32586494,0.32932517,0.35229814,0.86108404,0.9035678,1.0755365,1.1442194,0.9848696,0.56310827,0.562365,0.5534951,0.5079373,0.5174432,0.43689173,0.43763497,0.4465049,0.4920627,0.48255682,0.12621655,0.12473004,0.10699024,0.015874622,0.034886368
SZ300866,-0.07906651128006878,0.25,,2026-03-26,0.017523019,0.075963266,0.23067753,0.05110083,0.6727045,0.007339416,0.09661796,-0.026238399,-0.34540904,0.9827787,1.0502208,0.97556573,1.0157164,0.85149837,0.86409616,0.8809569,0.91766876,1.0337213,0.9890564,0.9343004,0.89753765,0.90149516,0.9357617,0.015992723,0.05990381,0.05653884,0.047374804,0.05940016,0.0073741917,0.016803266,0.0075878757,0.0014874882,-0.0021784347,0.5315254,0.721257,0.63039786,0.07640361,0.4102171,-0.003804773,-0.009915105,0.030377517,0.07693626,0.12850215,1.0502208,1.0502208,1.0502208,1.0502208,1.0727786,0.84976566,0.8459083,0.8223745,0.8223745,0.8223745,0.9982694,0.99432456,0.96736014,0.9319208,0.99432456,0.9866386,0.8805242,0.85520136,0.86277276,0.87986255,1.0,1.0,1.0,1.0,0.85,0.74946606,0.7541961,0.7795847,0.7795847,0.7093553,1.0,1.0,1.0,1.0,0.016666668,0.2,0.5,0.35,0.56666666,0.78333336,0.8,0.5,0.65,0.43333334,-0.76666665,-0.46673304,0.9107556,0.8003094,0.55389583,0.3783426,0.95021564,0.8829982,0.7093691,0.65830606,0.5770964,0.8,0.7,0.55,0.46666667,0.4,0.2,0.3,0.45,0.53333336,0.6,0.6,0.4,0.1,-0.06666667,-0.2,0.9698067,0.7831389,0.64302087,0.5791534,0.48284793,0.03019335,0.21686113,0.3569791,0.4208466,0.5171521,0.9396133,0.56627774,0.28604177,0.15830679,-0.034304123,1.1438876,0.7516983,0.5783587,0.47566807,0.46483144,0.31760746,0.46594757,0.38650838,0.352442,0.26837054,1.558563,2.0237699,2.174076,2.4911094,2.3040125,0.66711444,0.6647919,0.57083035,0.56387305,0.5258275,0.33288556,0.33520812,0.42916965,0.43612692,0.47417247,0.3342289,0.32958376,0.1416607,0.12774615,0.05165503
SZ003816,-0.09777217485970272,0.0,,2026-03-26,0.029082732,0.04250557,0.68420994,0.0067114187,0.15789504,0.0067114187,0.15789504,0.029082732,0.68420994,0.9717392,1.0065217,0.9652174,0.9957314,0.89757913,0.9515829,0.85288644,0.85288644,0.83426446,0.94748604,0.93054,0.9163873,0.8935444,0.8660149,0.04475864,0.036796927,0.036164396,0.04414919,0.042176347,0.02811918,0.007256925,0.004250849,0.004286575,0.0019720455,0.98671454,0.356528,0.4835674,0.7305957,0.6668004,-0.0037243955,0.036803797,0.043229587,0.044300273,0.07580975,1.0065217,1.0065217,1.0065217,1.0065217,1.0065217,0.88515544,0.88515544,0.85195297,0.8324022,0.81502014,0.9851024,0.9560521,0.9497207,0.9243948,0.90316576,0.9087523,0.9020484,0.8916201,0.85214156,0.8361267,1.0,1.0,1.0,1.0,1.0,0.94626397,0.94626397,0.9578068,0.96254444,0.9659442,1.0,1.0,1.0,1.0,1.0,0.2,0.6,0.05,0.23333333,0.13333334,0.8,0.4,0.95,0.76666665,0.8666667,0.64239395,0.76968086,0.5566705,0.7716206,0.72870296,-0.2015296,0.3437604,0.22716467,0.19806638,0.23313281,0.8,0.4,0.65,0.5,0.51666665,0.2,0.6,0.35,0.36666667,0.38333333,0.6,-0.2,0.3,0.13333334,0.13333334,0.9661018,0.64772713,0.7615893,0.7283236,0.65505224,0.03389817,0.3522729,0.23841068,0.27167642,0.3449478,0.93220365,0.29545423,0.52317864,0.45664716,0.31010443,0.8904415,0.6841454,0.6433995,0.52881795,0.44857013,0.24880746,0.28459048,0.20644595,0.23891793,0.20153144,0.65039086,0.95935017,0.9869381,1.2702806,1.3721743,0.9115997,0.676497,0.6568337,0.5530349,0.5680611,0.08840028,0.32350302,0.3431663,0.44696513,0.4319389,0.82319945,0.352994,0.31366742,0.106069766,0.13612221
SH601872,-0.10766347942314508,0.25,,2026-03-26,-0.029651217,0.045348823,-0.6538475,0.011046472,0.24358894,0.0046511353,0.10256353,-0.036046553,-0.79487294,1.0305573,1.0419413,0.9952067,1.015538,1.0581356,0.9566564,0.9346405,0.71895427,0.53491575,1.0302718,1.0214311,1.0214999,0.9377365,0.77940035,0.03444355,0.046004836,0.058011774,0.13737081,0.19210394,0.0013415782,0.00678612,-0.00077231496,0.011845597,0.010222721,0.003792767,0.19945619,0.0062033264,0.5762708,0.86369485,-0.03295493,-0.051968604,-0.014162881,-0.10949769,-0.08097061,1.1100967,1.1100967,1.1771586,1.1771586,1.1771586,0.9941187,0.9198262,0.9198262,0.67298007,0.5133801,1.0512556,1.06247,1.0630203,1.0485038,1.000688,1.0044032,0.99759203,0.97592026,0.78142416,0.6307534,0.2,0.3,0.4,0.6,0.8,0.05071038,0.4213674,0.31155735,0.6486193,0.73310584,0.8,0.9,0.15,0.43333334,0.71666664,0.2,0.1,0.55,0.06666667,0.033333335,0.6,0.8,-0.4,0.36666667,0.68333334,0.92432594,0.8272522,0.5762667,0.8235873,0.8589315,0.9316045,0.9216835,0.62003076,0.44301218,0.40176737,0.4,0.4,0.4,0.46666667,0.48333332,0.6,0.6,0.6,0.53333336,0.48333332,-0.2,-0.2,-0.2,-0.06666667,0.0,0.3652311,0.5495283,0.5329861,0.59742427,0.6229538,0.6347689,0.45047173,0.4670139,0.40257573,0.37704623,-0.2695378,0.09905655,0.0659722,0.19484854,0.24590756,1.2818191,1.2899138,1.5820189,1.3547134,1.0095775,0.22300886,0.2536375,0.47751078,0.55417573,0.54535407,0.57378584,0.76552796,0.91857547,0.9065906,1.2270564,0.30651352,0.46773654,0.45026028,0.50070155,0.51105875,0.6934865,0.53226346,0.5497397,0.49929845,0.48894128,-0.386973,-0.06452692,-0.09947941,0.001403119,0.022117443
SH600028,-0.10804607999334025,0.0,,2026-03-26,-0.0016977817,0.01528019,-0.11110998,0.008488986,0.555555,0.0050934227,0.333335,-0.005093345,-0.33332995,1.0017006,1.0102041,0.9948979,1.0022275,1.0680374,1.0986916,1.1039252,1.1054206,0.99850464,1.0157009,1.0403738,1.1089532,1.1075888,1.0743926,0.014354845,0.02940757,0.0901607,0.07332601,0.066191144,-0.008859808,-0.009193994,-0.012968589,-0.003611739,0.0015714439,0.9523392,0.8959868,0.7241341,0.18802617,0.17190866,0.0020186838,0.0009991443,0.014248326,-0.055218566,-0.120750114,1.0510256,1.1072507,1.3794578,1.3794578,1.3794578,0.98462176,0.98462176,0.98462176,0.98462176,0.98143923,1.0286355,1.069757,1.1917009,1.1321121,1.1072898,1.0053833,1.0097196,1.0326729,1.0586916,1.0153271,0.2,0.1,0.05,0.033333335,0.06666667,0.23158646,0.1254045,0.038948372,0.038948372,0.046632938,0.2,0.1,0.2,0.46666667,0.73333335,0.8,0.9,0.95,0.96666664,0.083333336,-0.6,-0.8,-0.75,-0.5,0.65,0.860003,0.7646532,0.83886856,0.6728325,0.67623025,0.7810595,0.47902402,0.7379787,0.68188006,0.5960679,0.0,0.1,0.2,0.26666668,0.36666667,1.0,0.8,0.75,0.6666667,0.56666666,-1.0,-0.7,-0.55,-0.4,-0.2,0.0,0.17804891,0.42155755,0.43549863,0.50059456,1.0,0.8219511,0.57844245,0.5645014,0.49940547,-1.0,-0.6439022,-0.1568849,-0.12900276,0.001189065,1.233917,1.4368329,2.5229955,1.9789189,1.5792773,0.20141691,0.34992066,1.7468188,1.6188397,1.2786266,0.9364002,0.80051243,1.6343623,1.9635938,2.3250341,0.16588871,0.28185096,0.5102493,0.4971932,0.50669265,0.8341113,0.71814907,0.4897507,0.50280684,0.49330735,-0.6682226,-0.43629807,0.02049858,-0.005613629,0.013385294
SH600026,-0.1337923172791225,0.25,,2026-03-26,-0.05645475,0.06592967,-0.8562875,0.0,0.0,0.009474918,0.1437125,-0.046979833,-0.71257496,1.0598326,1.0598326,0.98995817,1.0139309,0.9929282,0.9401105,0.8552486,0.70121545,0.4996685,1.0216132,1.003337,0.98985636,0.90767586,0.7399889,0.046463884,0.04601079,0.053866796,0.13155231,0.19823618,0.011248621,0.009108991,0.0033657625,0.012709862,0.010888887,0.14652358,0.35927963,0.13664468,0.7234132,0.9202397,-0.044110492,-0.044327464,-0.021831086,-0.09196886,-0.061211113,1.1368811,1.1368811,1.1368811,1.1368811,1.1368811,0.95738804,0.9122581,0.8365256,0.65698874,0.48192537,1.0643978,1.0448618,1.0426519,1.008221,0.97493917,0.9836022,0.9796243,0.95005524,0.7676906,0.56269616,0.6,0.7,0.7,0.8,0.9,0.23740181,0.39061853,0.5442697,0.7147671,0.7910071,0.8,0.9,0.95,0.96666664,0.98333335,0.2,0.2,0.05,0.06666667,0.033333335,0.6,0.7,0.9,0.9,0.95,0.9633504,0.92046094,0.3415214,0.7778355,0.83876365,0.88747126,0.89878196,0.329969,0.392815,0.33653575,0.4,0.4,0.5,0.53333336,0.56666666,0.6,0.6,0.5,0.46666667,0.41666666,-0.2,-0.2,0.0,0.06666667,0.15,0.5181818,0.5712783,0.5826812,0.619182,0.65532386,0.4818182,0.42872176,0.41731885,0.38081804,0.34467617,0.03636361,0.1425565,0.16536231,0.23836395,0.31064767,1.0558454,1.0345012,1.2906697,1.0885596,0.7871119,0.19869003,0.1840234,0.4279896,0.48567545,0.47314516,1.1455582,0.8660273,0.9106015,0.9367822,1.3004135,0.46606594,0.49215382,0.50191134,0.5201863,0.5287953,0.53393406,0.5078462,0.4980887,0.4798137,0.4712047,-0.06786813,-0.015692338,0.0038226394,0.040372606,0.057590585
SZ000617,-0.13585997950462975,0.125,,2026-03-26,-0.042990677,0.05046725,-0.85185295,0.0037382278,0.07407235,0.003738345,0.07407468,-0.042990558,-0.8518506,1.0449219,1.048828,0.99609375,1.0149177,1.0459164,0.88673925,0.8789029,0.8749847,0.8948206,1.0154524,0.9861516,0.9393718,0.9162238,0.9169177,0.03910869,0.05848232,0.06451951,0.06210801,0.048884995,0.012403586,0.014677698,0.008336594,0.005577344,0.00039003807,0.25147104,0.5774018,0.58433694,0.6249731,0.01941613,-0.040259596,-0.05220121,-0.018569496,0.0029047022,0.071576215,1.0840397,1.0840397,1.0840397,1.0840397,1.0840397,0.93358254,0.8653174,0.85941774,0.85258037,0.85258037,1.0553201,1.0476797,0.9968654,0.96642584,0.9517326,0.99062073,0.95349574,0.88203746,0.87047875,0.87459284,0.6,0.7,0.85,0.9,0.95,0.44143784,0.61577,0.6258617,0.6369139,0.6369139,0.8,0.9,0.95,0.96666664,0.98333335,0.4,0.1,0.25,0.23333333,0.6166667,0.4,0.8,0.7,0.73333335,0.36666667,0.23255561,0.76620334,0.8557038,0.8731642,0.86806685,0.6048803,0.7038335,0.6919147,0.6946719,0.712323,0.6,0.6,0.5,0.43333334,0.43333334,0.4,0.4,0.5,0.53333336,0.55,0.2,0.2,0.0,-0.1,-0.11666667,0.3973728,0.62550884,0.5947499,0.5881541,0.54589164,0.60262716,0.37449116,0.40525004,0.41184592,0.45410833,-0.20525438,0.2510177,0.1894999,0.17630816,0.09178332,1.431539,1.315647,0.8871103,0.64019704,0.5062291,0.25950226,0.44288015,0.5671195,0.58075166,0.44950575,0.7271148,0.8967527,1.2766632,1.6715025,1.9634737,0.20298932,0.5930101,0.57523805,0.57327074,0.5367327,0.79701066,0.40698987,0.42476195,0.42672923,0.46326733,-0.5940214,0.18602024,0.15047608,0.14654152,0.07346534
SH600930,-0.1475026027594985,0.0,,2026-03-26,-0.008230381,0.06995888,-0.11764598,0.034293626,0.49019685,0.027434876,0.39215717,-0.015089129,-0.21568568,1.0082986,1.0428768,0.9723374,1.0013338,0.9202201,0.8872076,0.8198074,0.8211829,0.8789546,0.9881705,0.95405775,0.9004126,0.87326914,0.86279225,0.028283484,0.043484077,0.06436194,0.06511404,0.049531918,0.014442918,0.012304611,0.0103504965,0.006690606,0.0010743089,0.65190464,0.73398405,0.90517426,0.8182449,0.14347883,-0.01705635,-0.009428479,0.0012576606,0.029717103,0.10551563,1.0897496,1.0897496,1.0897496,1.0897496,1.0897496,0.9089151,0.86901647,0.81701493,0.8129298,0.8129298,1.005227,0.99559826,0.95928466,0.93507564,0.87922966,0.96093535,0.9246217,0.83741397,0.8195323,0.8225584,0.8,0.9,0.95,0.96666664,0.98333335,0.50369215,0.5934024,0.67092717,0.6757834,0.6757834,0.8,0.9,0.95,0.96666664,0.98333335,0.2,0.3,0.2,0.06666667,0.53333336,0.6,0.6,0.75,0.9,0.45,0.7868595,0.65163946,0.89932024,0.90458405,0.720083,0.8889092,0.8971635,0.6738083,0.6606836,0.21480149,0.6,0.5,0.6,0.5,0.45,0.4,0.5,0.35,0.36666667,0.45,0.2,0.0,0.25,0.13333334,0.0,0.79000014,0.678261,0.72203404,0.7083335,0.60628027,0.20999983,0.321739,0.27796593,0.2916665,0.3937197,0.58000034,0.35652202,0.4440681,0.41666695,0.21256056,1.0466268,0.9810729,0.6173201,0.432212,0.28520942,0.17489432,0.2120051,0.4159881,0.42933223,0.3493701,0.57103705,0.7099782,1.2352121,1.6520829,2.283963,0.6391818,0.57187784,0.61002135,0.60315293,0.5709999,0.3608182,0.42812213,0.38997862,0.39684707,0.42900008,0.2783636,0.1437557,0.22004277,0.20630588,0.14199984
SZ002648,-0.23050961984606066,0.125,,2026-03-26,0.030983726,0.04608836,0.6722679,0.012393571,0.26890892,0.002711062,0.058823142,0.021301217,0.46218213,0.9699474,1.0120211,0.9673178,0.9971238,0.9936369,1.0931625,0.870394,0.85162264,0.63675016,0.9744548,0.98971194,0.9787268,0.9374733,0.84193665,0.015328294,0.030094018,0.057946056,0.07613818,0.12678769,0.0075519052,-0.0057792594,0.003745481,0.006750911,0.006800824,0.60682774,0.3380613,0.14622964,0.6092863,0.8775437,0.010441354,0.036294706,-0.014308895,-0.035361495,-0.042560965,1.0120211,1.1239657,1.1269717,1.1269717,1.1269717,0.9196169,0.9196169,0.8640151,0.81180495,0.6299896,0.98197496,1.0029329,1.0198474,1.0021808,0.9686701,0.96415806,0.9664141,0.926089,0.86072195,0.6996356,1.0,0.8,0.7,0.8,0.9,0.8699073,0.39336213,0.51713824,0.59712857,0.7445146,1.0,0.1,0.5,0.6666667,0.8333333,0.6,0.8,0.05,0.06666667,0.033333335,0.4,-0.7,0.45,0.6,0.8,0.17256354,0.6971368,0.64513725,0.769221,0.6002521,0.23968557,0.2552522,0.49881792,0.47838408,0.42608842,0.6,0.5,0.6,0.56666666,0.5833333,0.4,0.5,0.4,0.43333334,0.38333333,0.2,0.0,0.2,0.13333334,0.2,0.5363272,0.28988922,0.59929967,0.59240574,0.6369963,0.46367282,0.7101108,0.4007003,0.40759423,0.36300367,0.07265435,-0.42022157,0.19859938,0.18481152,0.27399263,0.99053633,1.0902065,1.2888696,1.1159616,1.0592241,0.06637062,0.24621236,0.5003646,0.4854182,0.46817094,0.7624696,0.7763032,0.9149058,1.0794122,1.2796193,0.44789279,0.31095433,0.529699,0.52224505,0.51532936,0.5521072,0.68904567,0.470301,0.47775498,0.48467064,-0.1042144,-0.3780913,0.059397995,0.044490065,0.030658705
