exp_name,rid,datetime,instrument,score,real_label,error,abs_error
EXP_LGBModel_Alpha158_csi300_expanding_step40_s_20260121_01,0d5b2c317ad04013b1cb76da95b478fc,2026-03-10,SH600000,-0.06642586766347719,,,
EXP_LinearModel_Alpha158_csi300_sliding_step40_s_20260111_11,91c306e388e8433fbae734de03637583,2026-03-10,SH601136,-0.10821790248155594,,,
EXP_LinearModel_Alpha158_csi300_sliding_step40_s_20260111_11,91c306e388e8433fbae734de03637583,2026-03-10,SH601138,-0.020155461505055428,,,
EXP_LinearModel_Alpha158_csi300_sliding_step40_s_20260111_11,91c306e388e8433fbae734de03637583,2026-03-10,SH601166,0.09285411238670349,,,
EXP_LinearModel_Alpha158_csi300_sliding_step40_s_20260111_11,91c306e388e8433fbae734de03637583,2026-03-10,SH601169,0.022073449566960335,,,
EXP_LinearModel_Alpha158_csi300_sliding_step40_s_20260111_11,91c306e388e8433fbae734de03637583,2026-03-10,SH601186,-0.05664500966668129,,,
EXP_LinearModel_Alpha158_csi300_sliding_step40_s_20260111_11,91c306e388e8433fbae734de03637583,2026-03-10,SH601211,0.058160971850156784,,,
EXP_LinearModel_Alpha158_csi300_sliding_step40_s_20260111_11,91c306e388e8433fbae734de03637583,2026-03-10,SH601127,0.02760492078959942,,,
EXP_LinearModel_Alpha158_csi300_sliding_step40_s_20260111_11,91c306e388e8433fbae734de03637583,2026-03-10,SH601225,0.01208301167935133,,,
EXP_LinearModel_Alpha158_csi300_sliding_step40_s_20260111_11,91c306e388e8433fbae734de03637583,2026-03-10,SH601236,-0.0018555320566520095,,,
EXP_LinearModel_Alpha158_csi300_sliding_step40_s_20260111_11,91c306e388e8433fbae734de03637583,2026-03-10,SH601238,-0.0718763917684555,,,
EXP_LinearModel_Alpha158_csi300_sliding_step40_s_20260111_11,91c306e388e8433fbae734de03637583,2026-03-10,SH601288,-0.06374309957027435,,,
EXP_LinearModel_Alpha158_csi300_sliding_step40_s_20260111_11,91c306e388e8433fbae734de03637583,2026-03-10,SH601298,-0.00704534724354744,,,
EXP_LinearModel_Alpha158_csi300_sliding_step40_s_20260111_11,91c306e388e8433fbae734de03637583,2026-03-10,SH601318,0.05592254176735878,,,
EXP_LinearModel_Alpha158_csi300_sliding_step40_s_20260111_11,91c306e388e8433fbae734de03637583,2026-03-10,SH601319,0.02825159579515457,,,
EXP_LinearModel_Alpha158_csi300_sliding_step40_s_20260111_11,91c306e388e8433fbae734de03637583,2026-03-10,SH601229,0.030469518154859543,,,
EXP_LinearModel_Alpha158_csi300_sliding_step40_s_20260111_11,91c306e388e8433fbae734de03637583,2026-03-10,SH601117,0.0925222784280777,,,
EXP_LinearModel_Alpha158_csi300_sliding_step40_s_20260111_11,91c306e388e8433fbae734de03637583,2026-03-10,SH601111,0.0631200447678566,,,
EXP_LinearModel_Alpha158_csi300_sliding_step40_s_20260111_11,91c306e388e8433fbae734de03637583,2026-03-10,SH601100,0.030253112316131592,,,
EXP_LinearModel_Alpha158_csi300_sliding_step40_s_20260111_11,91c306e388e8433fbae734de03637583,2026-03-10,SH600938,-0.005160882603377104,,,
EXP_LinearModel_Alpha158_csi300_sliding_step40_s_20260111_11,91c306e388e8433fbae734de03637583,2026-03-10,SH600941,-0.024249158799648285,,,
EXP_LinearModel_Alpha158_csi300_sliding_step40_s_20260111_11,91c306e388e8433fbae734de03637583,2026-03-10,SH600958,-0.039084311574697495,,,
EXP_LinearModel_Alpha158_csi300_sliding_step40_s_20260111_11,91c306e388e8433fbae734de03637583,2026-03-10,SH600989,-0.043013643473386765,,,
EXP_LinearModel_Alpha158_csi300_sliding_step40_s_20260111_11,91c306e388e8433fbae734de03637583,2026-03-10,SH600999,0.015033160336315632,,,
EXP_LinearModel_Alpha158_csi300_sliding_step40_s_20260111_11,91c306e388e8433fbae734de03637583,2026-03-10,SH601006,-0.14823149144649506,,,
EXP_LinearModel_Alpha158_csi300_sliding_step40_s_20260111_11,91c306e388e8433fbae734de03637583,2026-03-10,SH601009,-0.013387166894972324,,,
EXP_LinearModel_Alpha158_csi300_sliding_step40_s_20260111_11,91c306e388e8433fbae734de03637583,2026-03-10,SH601012,-0.04526215046644211,,,
EXP_LinearModel_Alpha158_csi300_sliding_step40_s_20260111_11,91c306e388e8433fbae734de03637583,2026-03-10,SH601018,0.007787185721099377,,,
EXP_LinearModel_Alpha158_csi300_sliding_step40_s_20260111_11,91c306e388e8433fbae734de03637583,2026-03-10,SH601021,0.07547155022621155,,,
EXP_LinearModel_Alpha158_csi300_sliding_step40_s_20260111_11,91c306e388e8433fbae734de03637583,2026-03-10,SH601058,0.04047951102256775,,,
EXP_LinearModel_Alpha158_csi300_sliding_step40_s_20260111_11,91c306e388e8433fbae734de03637583,2026-03-10,SH601059,,,,
EXP_LinearModel_Alpha158_csi300_sliding_step40_s_20260111_11,91c306e388e8433fbae734de03637583,2026-03-10,SH601066,0.05014975368976593,,,
EXP_LinearModel_Alpha158_csi300_sliding_step40_s_20260111_11,91c306e388e8433fbae734de03637583,2026-03-10,SH601077,0.04665489122271538,,,
EXP_LinearModel_Alpha158_csi300_sliding_step40_s_20260111_11,91c306e388e8433fbae734de03637583,2026-03-10,SH601088,-0.009113458916544914,,,
EXP_LinearModel_Alpha158_csi300_sliding_step40_s_20260111_11,91c306e388e8433fbae734de03637583,2026-03-10,SH601328,0.0013763655442744493,,,
EXP_LinearModel_Alpha158_csi300_sliding_step40_s_20260111_11,91c306e388e8433fbae734de03637583,2026-03-10,SH600930,-0.14360886812210083,,,
EXP_LinearModel_Alpha158_csi300_sliding_step40_s_20260111_11,91c306e388e8433fbae734de03637583,2026-03-10,SH601336,0.10649435967206955,,,
EXP_LinearModel_Alpha158_csi300_sliding_step40_s_20260111_11,91c306e388e8433fbae734de03637583,2026-03-10,SH601377,-0.055956508964300156,,,
EXP_LinearModel_Alpha158_csi300_sliding_step40_s_20260111_11,91c306e388e8433fbae734de03637583,2026-03-10,SH601808,-0.04066190496087074,,,
EXP_LinearModel_Alpha158_csi300_sliding_step40_s_20260111_11,91c306e388e8433fbae734de03637583,2026-03-10,SH601816,0.008889629505574703,,,
EXP_LinearModel_Alpha158_csi300_sliding_step40_s_20260111_11,91c306e388e8433fbae734de03637583,2026-03-10,SH601818,0.007567884400486946,,,
EXP_LinearModel_Alpha158_csi300_sliding_step40_s_20260111_11,91c306e388e8433fbae734de03637583,2026-03-10,SH601825,0.005128427408635616,,,
EXP_LinearModel_Alpha158_csi300_sliding_step40_s_20260111_11,91c306e388e8433fbae734de03637583,2026-03-10,SH601838,-0.11189381778240204,,,
EXP_LinearModel_Alpha158_csi300_sliding_step40_s_20260111_11,91c306e388e8433fbae734de03637583,2026-03-10,SH601857,-0.013835113495588303,,,
EXP_LinearModel_Alpha158_csi300_sliding_step40_s_20260111_11,91c306e388e8433fbae734de03637583,2026-03-10,SH601800,0.015572138130664825,,,
EXP_LinearModel_Alpha158_csi300_sliding_step40_s_20260111_11,91c306e388e8433fbae734de03637583,2026-03-10,SH601868,-0.12393931299448013,,,
EXP_LinearModel_Alpha158_csi300_sliding_step40_s_20260111_11,91c306e388e8433fbae734de03637583,2026-03-10,SH601877,-0.10014539211988449,,,
EXP_LinearModel_Alpha158_csi300_sliding_step40_s_20260111_11,91c306e388e8433fbae734de03637583,2026-03-10,SH601878,-0.04295821860432625,,,
EXP_LinearModel_Alpha158_csi300_sliding_step40_s_20260111_11,91c306e388e8433fbae734de03637583,2026-03-10,SH601881,0.012685846537351608,,,
EXP_LinearModel_Alpha158_csi300_sliding_step40_s_20260111_11,91c306e388e8433fbae734de03637583,2026-03-10,SH601888,0.07678000628948212,,,
EXP_LinearModel_Alpha158_csi300_sliding_step40_s_20260111_11,91c306e388e8433fbae734de03637583,2026-03-10,SH601898,0.017008410766720772,,,
EXP_LinearModel_Alpha158_csi300_sliding_step40_s_20260111_11,91c306e388e8433fbae734de03637583,2026-03-10,SH601899,0.03699319809675217,,,
EXP_LinearModel_Alpha158_csi300_sliding_step40_s_20260111_11,91c306e388e8433fbae734de03637583,2026-03-10,SH601872,0.07687479257583618,,,
EXP_LinearModel_Alpha158_csi300_sliding_step40_s_20260111_11,91c306e388e8433fbae734de03637583,2026-03-10,SH601788,-0.02943967469036579,,,
EXP_LinearModel_Alpha158_csi300_sliding_step40_s_20260111_11,91c306e388e8433fbae734de03637583,2026-03-10,SH601766,-0.052183832973241806,,,
EXP_LinearModel_Alpha158_csi300_sliding_step40_s_20260111_11,91c306e388e8433fbae734de03637583,2026-03-10,SH601728,-0.017277633771300316,,,
EXP_LinearModel_Alpha158_csi300_sliding_step40_s_20260111_11,91c306e388e8433fbae734de03637583,2026-03-10,SH601390,0.013250906951725483,,,
EXP_LinearModel_Alpha158_csi300_sliding_step40_s_20260111_11,91c306e388e8433fbae734de03637583,2026-03-10,SH601398,0.030670342966914177,,,
EXP_LinearModel_Alpha158_csi300_sliding_step40_s_20260111_11,91c306e388e8433fbae734de03637583,2026-03-10,SH601456,-0.039803359657526016,,,
EXP_LinearModel_Alpha158_csi300_sliding_step40_s_20260111_11,91c306e388e8433fbae734de03637583,2026-03-10,SH601600,0.06605144590139389,,,
EXP_LinearModel_Alpha158_csi300_sliding_step40_s_20260111_11,91c306e388e8433fbae734de03637583,2026-03-10,SH601601,0.05835021287202835,,,
EXP_LinearModel_Alpha158_csi300_sliding_step40_s_20260111_11,91c306e388e8433fbae734de03637583,2026-03-10,SH601607,-0.07461391389369965,,,
EXP_LinearModel_Alpha158_csi300_sliding_step40_s_20260111_11,91c306e388e8433fbae734de03637583,2026-03-10,SH601618,0.038431696593761444,,,
EXP_LinearModel_Alpha158_csi300_sliding_step40_s_20260111_11,91c306e388e8433fbae734de03637583,2026-03-10,SH601628,0.07614611089229584,,,
EXP_LinearModel_Alpha158_csi300_sliding_step40_s_20260111_11,91c306e388e8433fbae734de03637583,2026-03-10,SH601633,0.002506432356312871,,,
EXP_LinearModel_Alpha158_csi300_sliding_step40_s_20260111_11,91c306e388e8433fbae734de03637583,2026-03-10,SH601658,-0.018164342269301414,,,
EXP_LinearModel_Alpha158_csi300_sliding_step40_s_20260111_11,91c306e388e8433fbae734de03637583,2026-03-10,SH601668,-0.048973701894283295,,,
EXP_LinearModel_Alpha158_csi300_sliding_step40_s_20260111_11,91c306e388e8433fbae734de03637583,2026-03-10,SH601669,-0.011591845192015171,,,
EXP_LinearModel_Alpha158_csi300_sliding_step40_s_20260111_11,91c306e388e8433fbae734de03637583,2026-03-10,SH601688,0.021445974707603455,,,
EXP_LinearModel_Alpha158_csi300_sliding_step40_s_20260111_11,91c306e388e8433fbae734de03637583,2026-03-10,SH601689,0.008662153035402298,,,
EXP_LinearModel_Alpha158_csi300_sliding_step40_s_20260111_11,91c306e388e8433fbae734de03637583,2026-03-10,SH601698,0.00535806966945529,,,
EXP_LinearModel_Alpha158_csi300_sliding_step40_s_20260111_11,91c306e388e8433fbae734de03637583,2026-03-10,SH601360,0.0015898821875452995,,,
EXP_LinearModel_Alpha158_csi300_sliding_step40_s_20260111_11,91c306e388e8433fbae734de03637583,2026-03-10,SH600926,-0.01245217863470316,,,
EXP_LinearModel_Alpha158_csi300_sliding_step40_s_20260111_11,91c306e388e8433fbae734de03637583,2026-03-10,SH600919,0.04358739033341408,,,
EXP_LinearModel_Alpha158_csi300_sliding_step40_s_20260111_11,91c306e388e8433fbae734de03637583,2026-03-10,SH600918,-0.03726652264595032,,,
EXP_LinearModel_Alpha158_csi300_sliding_step40_s_20260111_11,91c306e388e8433fbae734de03637583,2026-03-10,SH600066,-0.009061865508556366,,,
EXP_LinearModel_Alpha158_csi300_sliding_step40_s_20260111_11,91c306e388e8433fbae734de03637583,2026-03-10,SH600085,-0.06591222435235977,,,
EXP_LinearModel_Alpha158_csi300_sliding_step40_s_20260111_11,91c306e388e8433fbae734de03637583,2026-03-10,SH600089,0.03760559484362602,,,
EXP_LinearModel_Alpha158_csi300_sliding_step40_s_20260111_11,91c306e388e8433fbae734de03637583,2026-03-10,SH600104,-0.046033989638090134,,,
EXP_LinearModel_Alpha158_csi300_sliding_step40_s_20260111_11,91c306e388e8433fbae734de03637583,2026-03-10,SH600111,0.03133801370859146,,,
EXP_LinearModel_Alpha158_csi300_sliding_step40_s_20260111_11,91c306e388e8433fbae734de03637583,2026-03-10,SH600115,0.107786625623703,,,
EXP_LinearModel_Alpha158_csi300_sliding_step40_s_20260111_11,91c306e388e8433fbae734de03637583,2026-03-10,SH600061,-0.024892320856451988,,,
EXP_LinearModel_Alpha158_csi300_sliding_step40_s_20260111_11,91c306e388e8433fbae734de03637583,2026-03-10,SH600150,0.12563835084438324,,,
EXP_LinearModel_Alpha158_csi300_sliding_step40_s_20260111_11,91c306e388e8433fbae734de03637583,2026-03-10,SH600161,-0.08840708434581757,,,
EXP_LinearModel_Alpha158_csi300_sliding_step40_s_20260111_11,91c306e388e8433fbae734de03637583,2026-03-10,SH600176,0.05932353436946869,,,
EXP_LinearModel_Alpha158_csi300_sliding_step40_s_20260111_11,91c306e388e8433fbae734de03637583,2026-03-10,SH600183,0.008705342188477516,,,
EXP_LinearModel_Alpha158_csi300_sliding_step40_s_20260111_11,91c306e388e8433fbae734de03637583,2026-03-10,SH600188,-0.02777150459587574,,,
EXP_LinearModel_Alpha158_csi300_sliding_step40_s_20260111_11,91c306e388e8433fbae734de03637583,2026-03-10,SH600196,-0.0687553882598877,,,
EXP_LinearModel_Alpha158_csi300_sliding_step40_s_20260111_11,91c306e388e8433fbae734de03637583,2026-03-10,SH600219,0.026359353214502335,,,
EXP_LinearModel_Alpha158_csi300_sliding_step40_s_20260111_11,91c306e388e8433fbae734de03637583,2026-03-10,SH600160,0.1127285435795784,,,
EXP_LinearModel_Alpha158_csi300_sliding_step40_s_20260111_11,91c306e388e8433fbae734de03637583,2026-03-10,SH600050,0.031286388635635376,,,
EXP_LinearModel_Alpha158_csi300_sliding_step40_s_20260111_11,91c306e388e8433fbae734de03637583,2026-03-10,SH600048,-0.048702288419008255,,,
EXP_LinearModel_Alpha158_csi300_sliding_step40_s_20260111_11,91c306e388e8433fbae734de03637583,2026-03-10,SH600039,0.09164149314165115,,,
EXP_LinearModel_Alpha158_csi300_sliding_step40_s_20260111_11,91c306e388e8433fbae734de03637583,2026-03-10,SH600010,0.04648271203041077,,,
EXP_LinearModel_Alpha158_csi300_sliding_step40_s_20260111_11,91c306e388e8433fbae734de03637583,2026-03-10,SH600011,0.011655987240374088,,,
EXP_LinearModel_Alpha158_csi300_sliding_step40_s_20260111_11,91c306e388e8433fbae734de03637583,2026-03-10,SH600015,-0.016842151060700417,,,
EXP_LinearModel_Alpha158_csi300_sliding_step40_s_20260111_11,91c306e388e8433fbae734de03637583,2026-03-10,SH600016,0.03580467775464058,,,
EXP_LinearModel_Alpha158_csi300_sliding_step40_s_20260111_11,91c306e388e8433fbae734de03637583,2026-03-10,SH600018,0.04656704515218735,,,
EXP_LinearModel_Alpha158_csi300_sliding_step40_s_20260111_11,91c306e388e8433fbae734de03637583,2026-03-10,SH600019,0.014918961562216282,,,
EXP_LinearModel_Alpha158_csi300_sliding_step40_s_20260111_11,91c306e388e8433fbae734de03637583,2026-03-10,SH600023,-0.01684865914285183,,,
EXP_LinearModel_Alpha158_csi300_sliding_step40_s_20260111_11,91c306e388e8433fbae734de03637583,2026-03-10,SH600025,-0.12727424502372742,,,
EXP_LinearModel_Alpha158_csi300_sliding_step40_s_20260111_11,91c306e388e8433fbae734de03637583,2026-03-10,SH600026,0.056625474244356155,,,
EXP_LinearModel_Alpha158_csi300_sliding_step40_s_20260111_11,91c306e388e8433fbae734de03637583,2026-03-10,SH600027,-0.027713578194379807,,,
EXP_LinearModel_Alpha158_csi300_sliding_step40_s_20260111_11,91c306e388e8433fbae734de03637583,2026-03-10,SH600028,-0.009021041914820671,,,
EXP_LinearModel_Alpha158_csi300_sliding_step40_s_20260111_11,91c306e388e8433fbae734de03637583,2026-03-10,SH600029,0.06614396721124649,,,
EXP_LinearModel_Alpha158_csi300_sliding_step40_s_20260111_11,91c306e388e8433fbae734de03637583,2026-03-10,SH600030,0.02831745706498623,,,
EXP_LinearModel_Alpha158_csi300_sliding_step40_s_20260111_11,91c306e388e8433fbae734de03637583,2026-03-10,SH600031,0.029234737157821655,,,
EXP_LinearModel_Alpha158_csi300_sliding_step40_s_20260111_11,91c306e388e8433fbae734de03637583,2026-03-10,SH600036,0.037324123084545135,,,
EXP_LinearModel_Alpha158_csi300_sliding_step40_s_20260111_11,91c306e388e8433fbae734de03637583,2026-03-10,SH600233,-0.021116795018315315,,,
EXP_LinearModel_Alpha158_csi300_sliding_step40_s_20260111_11,91c306e388e8433fbae734de03637583,2026-03-10,SH600276,-0.041043754667043686,,,
EXP_LinearModel_Alpha158_csi300_sliding_step40_s_20260111_11,91c306e388e8433fbae734de03637583,2026-03-10,SH600309,0.08184526860713959,,,
EXP_LinearModel_Alpha158_csi300_sliding_step40_s_20260111_11,91c306e388e8433fbae734de03637583,2026-03-10,SH600346,0.09104993939399719,,,
EXP_LinearModel_Alpha158_csi300_sliding_step40_s_20260111_11,91c306e388e8433fbae734de03637583,2026-03-10,SH600660,0.028393452987074852,,,
EXP_LinearModel_Alpha158_csi300_sliding_step40_s_20260111_11,91c306e388e8433fbae734de03637583,2026-03-10,SH600674,-0.12194664776325226,,,
EXP_LinearModel_Alpha158_csi300_sliding_step40_s_20260111_11,91c306e388e8433fbae734de03637583,2026-03-10,SH600690,-0.08379600942134857,,,
EXP_LinearModel_Alpha158_csi300_sliding_step40_s_20260111_11,91c306e388e8433fbae734de03637583,2026-03-10,SH600741,0.04108748584985733,,,
EXP_LinearModel_Alpha158_csi300_sliding_step40_s_20260111_11,91c306e388e8433fbae734de03637583,2026-03-10,SH600760,0.0031979717314243317,,,
EXP_LinearModel_Alpha158_csi300_sliding_step40_s_20260111_11,91c306e388e8433fbae734de03637583,2026-03-10,SH600795,-0.029877562075853348,,,
EXP_LinearModel_Alpha158_csi300_sliding_step40_s_20260111_11,91c306e388e8433fbae734de03637583,2026-03-10,SH600803,-0.002849683864042163,,,
EXP_LinearModel_Alpha158_csi300_sliding_step40_s_20260111_11,91c306e388e8433fbae734de03637583,2026-03-10,SH600809,-0.00454845791682601,,,
EXP_LinearModel_Alpha158_csi300_sliding_step40_s_20260111_11,91c306e388e8433fbae734de03637583,2026-03-10,SH600845,0.0014424844412133098,,,
EXP_LinearModel_Alpha158_csi300_sliding_step40_s_20260111_11,91c306e388e8433fbae734de03637583,2026-03-10,SH600875,0.00861178245395422,,,
EXP_LinearModel_Alpha158_csi300_sliding_step40_s_20260111_11,91c306e388e8433fbae734de03637583,2026-03-10,SH600886,-0.047718193382024765,,,
EXP_LinearModel_Alpha158_csi300_sliding_step40_s_20260111_11,91c306e388e8433fbae734de03637583,2026-03-10,SH600887,-0.030457453802227974,,,
EXP_LinearModel_Alpha158_csi300_sliding_step40_s_20260111_11,91c306e388e8433fbae734de03637583,2026-03-10,SH600893,-0.0018423100700601935,,,
EXP_LinearModel_Alpha158_csi300_sliding_step40_s_20260111_11,91c306e388e8433fbae734de03637583,2026-03-10,SH600900,-0.1037217527627945,,,
EXP_LinearModel_Alpha158_csi300_sliding_step40_s_20260111_11,91c306e388e8433fbae734de03637583,2026-03-10,SH600905,-0.11836938560009003,,,
EXP_LinearModel_Alpha158_csi300_sliding_step40_s_20260111_11,91c306e388e8433fbae734de03637583,2026-03-10,SH600600,0.06256464123725891,,,
EXP_LinearModel_Alpha158_csi300_sliding_step40_s_20260111_11,91c306e388e8433fbae734de03637583,2026-03-10,SH601901,0.0005741162458434701,,,
EXP_LinearModel_Alpha158_csi300_sliding_step40_s_20260111_11,91c306e388e8433fbae734de03637583,2026-03-10,SH600588,-0.04372755065560341,,,
EXP_LinearModel_Alpha158_csi300_sliding_step40_s_20260111_11,91c306e388e8433fbae734de03637583,2026-03-10,SH600584,0.020528066903352737,,,
EXP_LinearModel_Alpha158_csi300_sliding_step40_s_20260111_11,91c306e388e8433fbae734de03637583,2026-03-10,SH600362,0.02733183652162552,,,
EXP_LinearModel_Alpha158_csi300_sliding_step40_s_20260111_11,91c306e388e8433fbae734de03637583,2026-03-10,SH600372,0.002628824906423688,,,
EXP_LinearModel_Alpha158_csi300_sliding_step40_s_20260111_11,91c306e388e8433fbae734de03637583,2026-03-10,SH600377,0.008154137060046196,,,
EXP_LinearModel_Alpha158_csi300_sliding_step40_s_20260111_11,91c306e388e8433fbae734de03637583,2026-03-10,SH600406,-0.08525910973548889,,,
EXP_LinearModel_Alpha158_csi300_sliding_step40_s_20260111_11,91c306e388e8433fbae734de03637583,2026-03-10,SH600415,-0.01737990789115429,,,
EXP_LinearModel_Alpha158_csi300_sliding_step40_s_20260111_11,91c306e388e8433fbae734de03637583,2026-03-10,SH600426,0.08217927813529968,,,
EXP_LinearModel_Alpha158_csi300_sliding_step40_s_20260111_11,91c306e388e8433fbae734de03637583,2026-03-10,SH600436,-0.07369007170200348,,,
EXP_LinearModel_Alpha158_csi300_sliding_step40_s_20260111_11,91c306e388e8433fbae734de03637583,2026-03-10,SH600460,-0.00020254247647244483,,,
EXP_LinearModel_Alpha158_csi300_sliding_step40_s_20260111_11,91c306e388e8433fbae734de03637583,2026-03-10,SH600482,0.0127026978880167,,,
EXP_LinearModel_Alpha158_csi300_sliding_step40_s_20260111_11,91c306e388e8433fbae734de03637583,2026-03-10,SH600489,0.05346838757395744,,,
EXP_LinearModel_Alpha158_csi300_sliding_step40_s_20260111_11,91c306e388e8433fbae734de03637583,2026-03-10,SH600515,0.12469322234392166,,,
EXP_LinearModel_Alpha158_csi300_sliding_step40_s_20260111_11,91c306e388e8433fbae734de03637583,2026-03-10,SH600519,0.0637737289071083,,,
EXP_LinearModel_Alpha158_csi300_sliding_step40_s_20260111_11,91c306e388e8433fbae734de03637583,2026-03-10,SH600522,0.0691259503364563,,,
EXP_LinearModel_Alpha158_csi300_sliding_step40_s_20260111_11,91c306e388e8433fbae734de03637583,2026-03-10,SH600547,0.02009057067334652,,,
EXP_LinearModel_Alpha158_csi300_sliding_step40_s_20260111_11,91c306e388e8433fbae734de03637583,2026-03-10,SH600570,-0.025843685492873192,,,
EXP_LinearModel_Alpha158_csi300_sliding_step40_s_20260111_11,91c306e388e8433fbae734de03637583,2026-03-10,SH600585,-0.04623478651046753,,,
EXP_LinearModel_Alpha158_csi300_sliding_step40_s_20260111_11,91c306e388e8433fbae734de03637583,2026-03-10,SH601916,-0.06017531082034111,,,
EXP_LinearModel_Alpha158_csi300_sliding_step40_s_20260111_11,91c306e388e8433fbae734de03637583,2026-03-10,SH601919,0.0860457569360733,,,
EXP_LinearModel_Alpha158_csi300_sliding_step40_s_20260111_11,91c306e388e8433fbae734de03637583,2026-03-10,SH601939,0.028172163292765617,,,
EXP_LinearModel_Alpha158_csi300_sliding_step40_s_20260111_11,91c306e388e8433fbae734de03637583,2026-03-10,SZ002422,-0.007210432551801205,,,
EXP_LinearModel_Alpha158_csi300_sliding_step40_s_20260111_11,91c306e388e8433fbae734de03637583,2026-03-10,SZ002459,-0.05174824222922325,,,
EXP_LinearModel_Alpha158_csi300_sliding_step40_s_20260111_11,91c306e388e8433fbae734de03637583,2026-03-10,SZ002460,0.037887755781412125,,,
EXP_LinearModel_Alpha158_csi300_sliding_step40_s_20260111_11,91c306e388e8433fbae734de03637583,2026-03-10,SZ002463,0.0770094245672226,,,
EXP_LinearModel_Alpha158_csi300_sliding_step40_s_20260111_11,91c306e388e8433fbae734de03637583,2026-03-10,SZ002466,0.03926787152886391,,,
EXP_LinearModel_Alpha158_csi300_sliding_step40_s_20260111_11,91c306e388e8433fbae734de03637583,2026-03-10,SZ002475,-0.06962607055902481,,,
EXP_LinearModel_Alpha158_csi300_sliding_step40_s_20260111_11,91c306e388e8433fbae734de03637583,2026-03-10,SZ002415,-0.06278307735919952,,,
EXP_LinearModel_Alpha158_csi300_sliding_step40_s_20260111_11,91c306e388e8433fbae734de03637583,2026-03-10,SZ002493,0.04761886224150658,,,
EXP_LinearModel_Alpha158_csi300_sliding_step40_s_20260111_11,91c306e388e8433fbae734de03637583,2026-03-10,SZ002600,-0.0026865415275096893,,,
EXP_LinearModel_Alpha158_csi300_sliding_step40_s_20260111_11,91c306e388e8433fbae734de03637583,2026-03-10,SZ002601,0.04473129287362099,,,
EXP_LinearModel_Alpha158_csi300_sliding_step40_s_20260111_11,91c306e388e8433fbae734de03637583,2026-03-10,SZ002625,-0.0008528235484845936,,,
EXP_LinearModel_Alpha158_csi300_sliding_step40_s_20260111_11,91c306e388e8433fbae734de03637583,2026-03-10,SZ002648,-0.015354913659393787,,,
EXP_LinearModel_Alpha158_csi300_sliding_step40_s_20260111_11,91c306e388e8433fbae734de03637583,2026-03-10,SZ002709,0.02036741003394127,,,
EXP_LinearModel_Alpha158_csi300_sliding_step40_s_20260111_11,91c306e388e8433fbae734de03637583,2026-03-10,SZ002714,-0.030233416706323624,,,
EXP_LinearModel_Alpha158_csi300_sliding_step40_s_20260111_11,91c306e388e8433fbae734de03637583,2026-03-10,SZ002594,-0.03182336315512657,,,
EXP_LinearModel_Alpha158_csi300_sliding_step40_s_20260111_11,91c306e388e8433fbae734de03637583,2026-03-10,SZ002384,-0.030359206721186638,,,
EXP_LinearModel_Alpha158_csi300_sliding_step40_s_20260111_11,91c306e388e8433fbae734de03637583,2026-03-10,SZ002371,0.019190775230526924,,,
EXP_LinearModel_Alpha158_csi300_sliding_step40_s_20260111_11,91c306e388e8433fbae734de03637583,2026-03-10,SZ002352,-0.005765966139733791,,,
EXP_LinearModel_Alpha158_csi300_sliding_step40_s_20260111_11,91c306e388e8433fbae734de03637583,2026-03-10,SZ001979,0.009653591550886631,,,
EXP_LinearModel_Alpha158_csi300_sliding_step40_s_20260111_11,91c306e388e8433fbae734de03637583,2026-03-10,SZ002001,-0.05512820929288864,,,
EXP_LinearModel_Alpha158_csi300_sliding_step40_s_20260111_11,91c306e388e8433fbae734de03637583,2026-03-10,SZ002027,0.029212160035967827,,,
EXP_LinearModel_Alpha158_csi300_sliding_step40_s_20260111_11,91c306e388e8433fbae734de03637583,2026-03-10,SZ002028,0.07611876726150513,,,
EXP_LinearModel_Alpha158_csi300_sliding_step40_s_20260111_11,91c306e388e8433fbae734de03637583,2026-03-10,SZ002049,0.03208121657371521,,,
EXP_LinearModel_Alpha158_csi300_sliding_step40_s_20260111_11,91c306e388e8433fbae734de03637583,2026-03-10,SZ002050,0.0498545877635479,,,
EXP_LinearModel_Alpha158_csi300_sliding_step40_s_20260111_11,91c306e388e8433fbae734de03637583,2026-03-10,SZ002074,0.039764586836099625,,,
EXP_LinearModel_Alpha158_csi300_sliding_step40_s_20260111_11,91c306e388e8433fbae734de03637583,2026-03-10,SZ002142,0.04152828827500343,,,
EXP_LinearModel_Alpha158_csi300_sliding_step40_s_20260111_11,91c306e388e8433fbae734de03637583,2026-03-10,SZ002179,0.05748414248228073,,,
EXP_LinearModel_Alpha158_csi300_sliding_step40_s_20260111_11,91c306e388e8433fbae734de03637583,2026-03-10,SZ002230,-0.0820673406124115,,,
EXP_LinearModel_Alpha158_csi300_sliding_step40_s_20260111_11,91c306e388e8433fbae734de03637583,2026-03-10,SZ002236,-0.03759360685944557,,,
EXP_LinearModel_Alpha158_csi300_sliding_step40_s_20260111_11,91c306e388e8433fbae734de03637583,2026-03-10,SZ002241,0.0332578644156456,,,
EXP_LinearModel_Alpha158_csi300_sliding_step40_s_20260111_11,91c306e388e8433fbae734de03637583,2026-03-10,SZ002252,-0.06285049021244049,,,
EXP_LinearModel_Alpha158_csi300_sliding_step40_s_20260111_11,91c306e388e8433fbae734de03637583,2026-03-10,SZ002304,-0.04418475180864334,,,
EXP_LinearModel_Alpha158_csi300_sliding_step40_s_20260111_11,91c306e388e8433fbae734de03637583,2026-03-10,SZ002311,0.03641567379236221,,,
EXP_LinearModel_Alpha158_csi300_sliding_step40_s_20260111_11,91c306e388e8433fbae734de03637583,2026-03-10,SZ002736,-0.014836273156106472,,,
EXP_LinearModel_Alpha158_csi300_sliding_step40_s_20260111_11,91c306e388e8433fbae734de03637583,2026-03-10,SZ002916,0.08276531100273132,,,
EXP_LinearModel_Alpha158_csi300_sliding_step40_s_20260111_11,91c306e388e8433fbae734de03637583,2026-03-10,SZ002920,0.009703758172690868,,,
EXP_LinearModel_Alpha158_csi300_sliding_step40_s_20260111_11,91c306e388e8433fbae734de03637583,2026-03-10,SZ002938,0.024641716852784157,,,
EXP_LinearModel_Alpha158_csi300_sliding_step40_s_20260111_11,91c306e388e8433fbae734de03637583,2026-03-10,SZ300498,-0.06849604099988937,,,
EXP_LinearModel_Alpha158_csi300_sliding_step40_s_20260111_11,91c306e388e8433fbae734de03637583,2026-03-10,SZ300502,0.04331197962164879,,,
EXP_LinearModel_Alpha158_csi300_sliding_step40_s_20260111_11,91c306e388e8433fbae734de03637583,2026-03-10,SZ300628,-0.0003034865658264607,,,
EXP_LinearModel_Alpha158_csi300_sliding_step40_s_20260111_11,91c306e388e8433fbae734de03637583,2026-03-10,SZ300661,0.0068097529001533985,,,
EXP_LinearModel_Alpha158_csi300_sliding_step40_s_20260111_11,91c306e388e8433fbae734de03637583,2026-03-10,SZ300750,-0.02882230654358864,,,
EXP_LinearModel_Alpha158_csi300_sliding_step40_s_20260111_11,91c306e388e8433fbae734de03637583,2026-03-10,SZ300759,-0.00936815794557333,,,
EXP_LinearModel_Alpha158_csi300_sliding_step40_s_20260111_11,91c306e388e8433fbae734de03637583,2026-03-10,SZ300760,-0.0636337623000145,,,
EXP_LinearModel_Alpha158_csi300_sliding_step40_s_20260111_11,91c306e388e8433fbae734de03637583,2026-03-10,SZ300782,-0.05330410599708557,,,
EXP_LinearModel_Alpha158_csi300_sliding_step40_s_20260111_11,91c306e388e8433fbae734de03637583,2026-03-10,SZ300803,0.015992769971489906,,,
EXP_LinearModel_Alpha158_csi300_sliding_step40_s_20260111_11,91c306e388e8433fbae734de03637583,2026-03-10,SZ300832,-0.018010444939136505,,,
EXP_LinearModel_Alpha158_csi300_sliding_step40_s_20260111_11,91c306e388e8433fbae734de03637583,2026-03-10,SZ300866,-0.0035854612942785025,,,
EXP_LinearModel_Alpha158_csi300_sliding_step40_s_20260111_11,91c306e388e8433fbae734de03637583,2026-03-10,SZ300896,-0.08851993829011917,,,
EXP_LinearModel_Alpha158_csi300_sliding_step40_s_20260111_11,91c306e388e8433fbae734de03637583,2026-03-10,SZ300979,0.01903618313372135,,,
EXP_LinearModel_Alpha158_csi300_sliding_step40_s_20260111_11,91c306e388e8433fbae734de03637583,2026-03-10,SZ300999,0.0358104445040226,,,
EXP_LinearModel_Alpha158_csi300_sliding_step40_s_20260111_11,91c306e388e8433fbae734de03637583,2026-03-10,SZ301236,-0.007991239428520203,,,
EXP_LinearModel_Alpha158_csi300_sliding_step40_s_20260111_11,91c306e388e8433fbae734de03637583,2026-03-10,SZ300476,0.010302412323653698,,,
EXP_LinearModel_Alpha158_csi300_sliding_step40_s_20260111_11,91c306e388e8433fbae734de03637583,2026-03-10,SZ001965,0.020567957311868668,,,
EXP_LinearModel_Alpha158_csi300_sliding_step40_s_20260111_11,91c306e388e8433fbae734de03637583,2026-03-10,SZ300442,0.027017302811145782,,,
EXP_LinearModel_Alpha158_csi300_sliding_step40_s_20260111_11,91c306e388e8433fbae734de03637583,2026-03-10,SZ300418,-0.0760095939040184,,,
EXP_LinearModel_Alpha158_csi300_sliding_step40_s_20260111_11,91c306e388e8433fbae734de03637583,2026-03-10,SZ003816,-0.05872511491179466,,,
EXP_LinearModel_Alpha158_csi300_sliding_step40_s_20260111_11,91c306e388e8433fbae734de03637583,2026-03-10,SZ300014,0.019981995224952698,,,
EXP_LinearModel_Alpha158_csi300_sliding_step40_s_20260111_11,91c306e388e8433fbae734de03637583,2026-03-10,SZ300015,-0.09782872349023819,,,
EXP_LinearModel_Alpha158_csi300_sliding_step40_s_20260111_11,91c306e388e8433fbae734de03637583,2026-03-10,SZ300033,-0.013952219858765602,,,
EXP_LinearModel_Alpha158_csi300_sliding_step40_s_20260111_11,91c306e388e8433fbae734de03637583,2026-03-10,SZ300059,-0.0457753911614418,,,
EXP_LinearModel_Alpha158_csi300_sliding_step40_s_20260111_11,91c306e388e8433fbae734de03637583,2026-03-10,SZ300122,-0.05976036190986633,,,
EXP_LinearModel_Alpha158_csi300_sliding_step40_s_20260111_11,91c306e388e8433fbae734de03637583,2026-03-10,SZ300124,-0.0155232148244977,,,
EXP_LinearModel_Alpha158_csi300_sliding_step40_s_20260111_11,91c306e388e8433fbae734de03637583,2026-03-10,SZ300251,0.03106730245053768,,,
EXP_LinearModel_Alpha158_csi300_sliding_step40_s_20260111_11,91c306e388e8433fbae734de03637583,2026-03-10,SZ300274,0.013676241040229797,,,
EXP_LinearModel_Alpha158_csi300_sliding_step40_s_20260111_11,91c306e388e8433fbae734de03637583,2026-03-10,SZ300308,0.003627775702625513,,,
EXP_LinearModel_Alpha158_csi300_sliding_step40_s_20260111_11,91c306e388e8433fbae734de03637583,2026-03-10,SZ300316,-0.02684210240840912,,,
EXP_LinearModel_Alpha158_csi300_sliding_step40_s_20260111_11,91c306e388e8433fbae734de03637583,2026-03-10,SZ300347,-0.004187959246337414,,,
EXP_LinearModel_Alpha158_csi300_sliding_step40_s_20260111_11,91c306e388e8433fbae734de03637583,2026-03-10,SZ300394,0.04099756106734276,,,
EXP_LinearModel_Alpha158_csi300_sliding_step40_s_20260111_11,91c306e388e8433fbae734de03637583,2026-03-10,SZ300408,0.0593111552298069,,,
EXP_LinearModel_Alpha158_csi300_sliding_step40_s_20260111_11,91c306e388e8433fbae734de03637583,2026-03-10,SZ300413,-0.04231477156281471,,,
EXP_LinearModel_Alpha158_csi300_sliding_step40_s_20260111_11,91c306e388e8433fbae734de03637583,2026-03-10,SZ300433,0.037872567772865295,,,
EXP_LinearModel_Alpha158_csi300_sliding_step40_s_20260111_11,91c306e388e8433fbae734de03637583,2026-03-10,SH600009,0.03144871070981026,,,
EXP_LinearModel_Alpha158_csi300_sliding_step40_s_20260111_11,91c306e388e8433fbae734de03637583,2026-03-10,SZ001391,-0.015587418340146542,,,
EXP_LinearModel_Alpha158_csi300_sliding_step40_s_20260111_11,91c306e388e8433fbae734de03637583,2026-03-10,SZ000983,0.02110016718506813,,,
EXP_LinearModel_Alpha158_csi300_sliding_step40_s_20260111_11,91c306e388e8433fbae734de03637583,2026-03-10,SH688008,0.014942461624741554,,,
EXP_LinearModel_Alpha158_csi300_sliding_step40_s_20260111_11,91c306e388e8433fbae734de03637583,2026-03-10,SH688009,-0.0640033558011055,,,
EXP_LinearModel_Alpha158_csi300_sliding_step40_s_20260111_11,91c306e388e8433fbae734de03637583,2026-03-10,SH688012,0.00985715165734291,,,
EXP_LinearModel_Alpha158_csi300_sliding_step40_s_20260111_11,91c306e388e8433fbae734de03637583,2026-03-10,SH688036,-0.012953943572938442,,,
EXP_LinearModel_Alpha158_csi300_sliding_step40_s_20260111_11,91c306e388e8433fbae734de03637583,2026-03-10,SH688041,0.012038002721965313,,,
EXP_LinearModel_Alpha158_csi300_sliding_step40_s_20260111_11,91c306e388e8433fbae734de03637583,2026-03-10,SH688047,-0.02492211014032364,,,
EXP_LinearModel_Alpha158_csi300_sliding_step40_s_20260111_11,91c306e388e8433fbae734de03637583,2026-03-10,SH605499,-0.07085234671831131,,,
EXP_LinearModel_Alpha158_csi300_sliding_step40_s_20260111_11,91c306e388e8433fbae734de03637583,2026-03-10,SH688082,-0.013907354325056076,,,
EXP_LinearModel_Alpha158_csi300_sliding_step40_s_20260111_11,91c306e388e8433fbae734de03637583,2026-03-10,SH688126,-0.05422515049576759,,,
EXP_LinearModel_Alpha158_csi300_sliding_step40_s_20260111_11,91c306e388e8433fbae734de03637583,2026-03-10,SH688169,0.042025238275527954,,,
EXP_LinearModel_Alpha158_csi300_sliding_step40_s_20260111_11,91c306e388e8433fbae734de03637583,2026-03-10,SH688187,0.06091681122779846,,,
EXP_LinearModel_Alpha158_csi300_sliding_step40_s_20260111_11,91c306e388e8433fbae734de03637583,2026-03-10,SH688223,-0.02421979233622551,,,
EXP_LinearModel_Alpha158_csi300_sliding_step40_s_20260111_11,91c306e388e8433fbae734de03637583,2026-03-10,SH688256,0.055936548858881,,,
EXP_LinearModel_Alpha158_csi300_sliding_step40_s_20260111_11,91c306e388e8433fbae734de03637583,2026-03-10,SH688271,-0.06465726345777512,,,
EXP_LinearModel_Alpha158_csi300_sliding_step40_s_20260111_11,91c306e388e8433fbae734de03637583,2026-03-10,SH688111,0.02915920689702034,,,
EXP_LinearModel_Alpha158_csi300_sliding_step40_s_20260111_11,91c306e388e8433fbae734de03637583,2026-03-10,SH605117,-0.016020387411117554,,,
EXP_LinearModel_Alpha158_csi300_sliding_step40_s_20260111_11,91c306e388e8433fbae734de03637583,2026-03-10,SH603993,0.044005341827869415,,,
EXP_LinearModel_Alpha158_csi300_sliding_step40_s_20260111_11,91c306e388e8433fbae734de03637583,2026-03-10,SH603986,0.048184581100940704,,,
EXP_LinearModel_Alpha158_csi300_sliding_step40_s_20260111_11,91c306e388e8433fbae734de03637583,2026-03-10,SH601985,-0.07446502894163132,,,
EXP_LinearModel_Alpha158_csi300_sliding_step40_s_20260111_11,91c306e388e8433fbae734de03637583,2026-03-10,SH601988,0.018076971173286438,,,
EXP_LinearModel_Alpha158_csi300_sliding_step40_s_20260111_11,91c306e388e8433fbae734de03637583,2026-03-10,SH601995,,,,
EXP_LinearModel_Alpha158_csi300_sliding_step40_s_20260111_11,91c306e388e8433fbae734de03637583,2026-03-10,SH601998,0.04717332497239113,,,
EXP_LinearModel_Alpha158_csi300_sliding_step40_s_20260111_11,91c306e388e8433fbae734de03637583,2026-03-10,SH603019,-0.055219292640686035,,,
EXP_LinearModel_Alpha158_csi300_sliding_step40_s_20260111_11,91c306e388e8433fbae734de03637583,2026-03-10,SH603195,0.06840547919273376,,,
EXP_LinearModel_Alpha158_csi300_sliding_step40_s_20260111_11,91c306e388e8433fbae734de03637583,2026-03-10,SH603259,0.03072991967201233,,,
EXP_LinearModel_Alpha158_csi300_sliding_step40_s_20260111_11,91c306e388e8433fbae734de03637583,2026-03-10,SH603260,-0.03251505270600319,,,
EXP_LinearModel_Alpha158_csi300_sliding_step40_s_20260111_11,91c306e388e8433fbae734de03637583,2026-03-10,SH603288,-0.06844430416822433,,,
EXP_LinearModel_Alpha158_csi300_sliding_step40_s_20260111_11,91c306e388e8433fbae734de03637583,2026-03-10,SH603296,-0.006042350549250841,,,
EXP_LinearModel_Alpha158_csi300_sliding_step40_s_20260111_11,91c306e388e8433fbae734de03637583,2026-03-10,SH603369,0.007824190892279148,,,
EXP_LinearModel_Alpha158_csi300_sliding_step40_s_20260111_11,91c306e388e8433fbae734de03637583,2026-03-10,SH603392,-0.1165330782532692,,,
EXP_LinearModel_Alpha158_csi300_sliding_step40_s_20260111_11,91c306e388e8433fbae734de03637583,2026-03-10,SH603501,0.007945477031171322,,,
EXP_LinearModel_Alpha158_csi300_sliding_step40_s_20260111_11,91c306e388e8433fbae734de03637583,2026-03-10,SH603799,0.03126497194170952,,,
EXP_LinearModel_Alpha158_csi300_sliding_step40_s_20260111_11,91c306e388e8433fbae734de03637583,2026-03-10,SH603893,-0.0422237254679203,,,
EXP_LinearModel_Alpha158_csi300_sliding_step40_s_20260111_11,91c306e388e8433fbae734de03637583,2026-03-10,SH688303,-0.13944381475448608,,,
EXP_LinearModel_Alpha158_csi300_sliding_step40_s_20260111_11,91c306e388e8433fbae734de03637583,2026-03-10,SH688396,0.012223325669765472,,,
EXP_LinearModel_Alpha158_csi300_sliding_step40_s_20260111_11,91c306e388e8433fbae734de03637583,2026-03-10,SH688472,-0.05501048266887665,,,
EXP_LinearModel_Alpha158_csi300_sliding_step40_s_20260111_11,91c306e388e8433fbae734de03637583,2026-03-10,SH688506,-0.004408219829201698,,,
EXP_LinearModel_Alpha158_csi300_sliding_step40_s_20260111_11,91c306e388e8433fbae734de03637583,2026-03-10,SZ000661,-0.1822386234998703,,,
EXP_LinearModel_Alpha158_csi300_sliding_step40_s_20260111_11,91c306e388e8433fbae734de03637583,2026-03-10,SZ000708,0.09460421651601791,,,
EXP_LinearModel_Alpha158_csi300_sliding_step40_s_20260111_11,91c306e388e8433fbae734de03637583,2026-03-10,SZ000725,0.043270424008369446,,,
EXP_LinearModel_Alpha158_csi300_sliding_step40_s_20260111_11,91c306e388e8433fbae734de03637583,2026-03-10,SZ000768,0.004721346311271191,,,
EXP_LinearModel_Alpha158_csi300_sliding_step40_s_20260111_11,91c306e388e8433fbae734de03637583,2026-03-10,SZ000776,0.018424104899168015,,,
EXP_LinearModel_Alpha158_csi300_sliding_step40_s_20260111_11,91c306e388e8433fbae734de03637583,2026-03-10,SZ000786,-0.012265779078006744,,,
EXP_LinearModel_Alpha158_csi300_sliding_step40_s_20260111_11,91c306e388e8433fbae734de03637583,2026-03-10,SZ000792,-0.0020844144746661186,,,
EXP_LinearModel_Alpha158_csi300_sliding_step40_s_20260111_11,91c306e388e8433fbae734de03637583,2026-03-10,SZ000807,0.04596307501196861,,,
EXP_LinearModel_Alpha158_csi300_sliding_step40_s_20260111_11,91c306e388e8433fbae734de03637583,2026-03-10,SZ000858,-0.02706136368215084,,,
EXP_LinearModel_Alpha158_csi300_sliding_step40_s_20260111_11,91c306e388e8433fbae734de03637583,2026-03-10,SZ000876,-0.07717107981443405,,,
EXP_LinearModel_Alpha158_csi300_sliding_step40_s_20260111_11,91c306e388e8433fbae734de03637583,2026-03-10,SZ000895,-0.03341268002986908,,,
EXP_LinearModel_Alpha158_csi300_sliding_step40_s_20260111_11,91c306e388e8433fbae734de03637583,2026-03-10,SZ000938,-0.031191032379865646,,,
EXP_LinearModel_Alpha158_csi300_sliding_step40_s_20260111_11,91c306e388e8433fbae734de03637583,2026-03-10,SZ000963,-0.05043048784136772,,,
EXP_LinearModel_Alpha158_csi300_sliding_step40_s_20260111_11,91c306e388e8433fbae734de03637583,2026-03-10,SZ000975,0.022251451388001442,,,
EXP_LinearModel_Alpha158_csi300_sliding_step40_s_20260111_11,91c306e388e8433fbae734de03637583,2026-03-10,SZ000977,-0.0481523759663105,,,
EXP_LinearModel_Alpha158_csi300_sliding_step40_s_20260111_11,91c306e388e8433fbae734de03637583,2026-03-10,SZ000651,-0.027766942977905273,,,
EXP_LinearModel_Alpha158_csi300_sliding_step40_s_20260111_11,91c306e388e8433fbae734de03637583,2026-03-10,SZ000999,-0.03212112560868263,,,
EXP_LinearModel_Alpha158_csi300_sliding_step40_s_20260111_11,91c306e388e8433fbae734de03637583,2026-03-10,SZ000630,0.06099607050418854,,,
EXP_LinearModel_Alpha158_csi300_sliding_step40_s_20260111_11,91c306e388e8433fbae734de03637583,2026-03-10,SZ000617,-0.026955746114253998,,,
EXP_LinearModel_Alpha158_csi300_sliding_step40_s_20260111_11,91c306e388e8433fbae734de03637583,2026-03-10,SH688981,-0.003378836903721094,,,
EXP_LinearModel_Alpha158_csi300_sliding_step40_s_20260111_11,91c306e388e8433fbae734de03637583,2026-03-10,SZ000001,-0.022809522226452827,,,
EXP_LinearModel_Alpha158_csi300_sliding_step40_s_20260111_11,91c306e388e8433fbae734de03637583,2026-03-10,SZ000002,-0.06050461158156395,,,
EXP_LinearModel_Alpha158_csi300_sliding_step40_s_20260111_11,91c306e388e8433fbae734de03637583,2026-03-10,SZ000063,0.05089026689529419,,,
EXP_LinearModel_Alpha158_csi300_sliding_step40_s_20260111_11,91c306e388e8433fbae734de03637583,2026-03-10,SZ000100,0.06272036582231522,,,
EXP_LinearModel_Alpha158_csi300_sliding_step40_s_20260111_11,91c306e388e8433fbae734de03637583,2026-03-10,SZ000157,0.11862233281135559,,,
EXP_LinearModel_Alpha158_csi300_sliding_step40_s_20260111_11,91c306e388e8433fbae734de03637583,2026-03-10,SZ000166,-0.0007990954327397048,,,
EXP_LinearModel_Alpha158_csi300_sliding_step40_s_20260111_11,91c306e388e8433fbae734de03637583,2026-03-10,SZ000301,0.026967940852046013,,,
EXP_LinearModel_Alpha158_csi300_sliding_step40_s_20260111_11,91c306e388e8433fbae734de03637583,2026-03-10,SZ000333,0.0405283197760582,,,
EXP_LinearModel_Alpha158_csi300_sliding_step40_s_20260111_11,91c306e388e8433fbae734de03637583,2026-03-10,SZ000338,0.07255082577466965,,,
EXP_LinearModel_Alpha158_csi300_sliding_step40_s_20260111_11,91c306e388e8433fbae734de03637583,2026-03-10,SZ000408,-0.011365002952516079,,,
EXP_LinearModel_Alpha158_csi300_sliding_step40_s_20260111_11,91c306e388e8433fbae734de03637583,2026-03-10,SZ000425,0.12354671210050583,,,
EXP_LinearModel_Alpha158_csi300_sliding_step40_s_20260111_11,91c306e388e8433fbae734de03637583,2026-03-10,SZ000538,-0.015983643010258675,,,
EXP_LinearModel_Alpha158_csi300_sliding_step40_s_20260111_11,91c306e388e8433fbae734de03637583,2026-03-10,SZ000568,0.046218156814575195,,,
EXP_LinearModel_Alpha158_csi300_sliding_step40_s_20260111_11,91c306e388e8433fbae734de03637583,2026-03-10,SZ000596,0.062132541090250015,,,
EXP_LinearModel_Alpha158_csi300_sliding_step40_s_20260111_11,91c306e388e8433fbae734de03637583,2026-03-10,SZ000625,0.01097713503986597,,,
EXP_LinearModel_Alpha158_csi300_sliding_step40_s_20260111_11,91c306e388e8433fbae734de03637583,2026-03-10,SZ301269,-0.02963707596063614,,,
EXP_LinearModel_Alpha158_csi300_sliding_step40_s_20260111_11,91c306e388e8433fbae734de03637583,2026-03-10,SH600000,0.040928274393081665,,,
EXP_LinearModel_Alpha158_csi300_expanding_step40_s_20260111_12,ab464936a4bd47ddb5b42e4aa3319072,2026-03-10,SZ301269,-0.014065304771065712,,,
EXP_LinearModel_Alpha158_csi300_expanding_step40_s_20260111_12,ab464936a4bd47ddb5b42e4aa3319072,2026-03-10,SH601136,-0.018296796828508377,,,
EXP_LinearModel_Alpha158_csi300_expanding_step40_s_20260111_12,ab464936a4bd47ddb5b42e4aa3319072,2026-03-10,SH601138,0.004701646976172924,,,
EXP_LinearModel_Alpha158_csi300_expanding_step40_s_20260111_12,ab464936a4bd47ddb5b42e4aa3319072,2026-03-10,SH601166,0.04553234204649925,,,
EXP_LinearModel_Alpha158_csi300_expanding_step40_s_20260111_12,ab464936a4bd47ddb5b42e4aa3319072,2026-03-10,SH601169,0.04931893199682236,,,
EXP_LinearModel_Alpha158_csi300_expanding_step40_s_20260111_12,ab464936a4bd47ddb5b42e4aa3319072,2026-03-10,SH601186,0.019040510058403015,,,
EXP_LinearModel_Alpha158_csi300_expanding_step40_s_20260111_12,ab464936a4bd47ddb5b42e4aa3319072,2026-03-10,SH601211,0.03043229505419731,,,
EXP_LinearModel_Alpha158_csi300_expanding_step40_s_20260111_12,ab464936a4bd47ddb5b42e4aa3319072,2026-03-10,SH601127,0.047192804515361786,,,
EXP_LinearModel_Alpha158_csi300_expanding_step40_s_20260111_12,ab464936a4bd47ddb5b42e4aa3319072,2026-03-10,SH601225,-0.0019747368060052395,,,
EXP_LinearModel_Alpha158_csi300_expanding_step40_s_20260111_12,ab464936a4bd47ddb5b42e4aa3319072,2026-03-10,SH601236,0.028672222048044205,,,
EXP_LinearModel_Alpha158_csi300_expanding_step40_s_20260111_12,ab464936a4bd47ddb5b42e4aa3319072,2026-03-10,SH601238,0.002053754637017846,,,
EXP_LinearModel_Alpha158_csi300_expanding_step40_s_20260111_12,ab464936a4bd47ddb5b42e4aa3319072,2026-03-10,SH601288,0.025920402258634567,,,
EXP_LinearModel_Alpha158_csi300_expanding_step40_s_20260111_12,ab464936a4bd47ddb5b42e4aa3319072,2026-03-10,SH601298,-0.02580256387591362,,,
EXP_LinearModel_Alpha158_csi300_expanding_step40_s_20260111_12,ab464936a4bd47ddb5b42e4aa3319072,2026-03-10,SH601318,0.025759616866707802,,,
EXP_LinearModel_Alpha158_csi300_expanding_step40_s_20260111_12,ab464936a4bd47ddb5b42e4aa3319072,2026-03-10,SH601319,0.0438418835401535,,,
EXP_LinearModel_Alpha158_csi300_expanding_step40_s_20260111_12,ab464936a4bd47ddb5b42e4aa3319072,2026-03-10,SH601229,0.03598672151565552,,,
EXP_LinearModel_Alpha158_csi300_expanding_step40_s_20260111_12,ab464936a4bd47ddb5b42e4aa3319072,2026-03-10,SH601117,0.009809471666812897,,,
EXP_LinearModel_Alpha158_csi300_expanding_step40_s_20260111_12,ab464936a4bd47ddb5b42e4aa3319072,2026-03-10,SH601111,0.06947023421525955,,,
EXP_LinearModel_Alpha158_csi300_expanding_step40_s_20260111_12,ab464936a4bd47ddb5b42e4aa3319072,2026-03-10,SH601100,-0.0024575127754360437,,,
EXP_LinearModel_Alpha158_csi300_expanding_step40_s_20260111_12,ab464936a4bd47ddb5b42e4aa3319072,2026-03-10,SH600938,-0.017941521480679512,,,
EXP_LinearModel_Alpha158_csi300_expanding_step40_s_20260111_12,ab464936a4bd47ddb5b42e4aa3319072,2026-03-10,SH600941,0.01754547655582428,,,
EXP_LinearModel_Alpha158_csi300_expanding_step40_s_20260111_12,ab464936a4bd47ddb5b42e4aa3319072,2026-03-10,SH600958,0.008443012833595276,,,
EXP_LinearModel_Alpha158_csi300_expanding_step40_s_20260111_12,ab464936a4bd47ddb5b42e4aa3319072,2026-03-10,SH600989,-0.02533952333033085,,,
EXP_LinearModel_Alpha158_csi300_expanding_step40_s_20260111_12,ab464936a4bd47ddb5b42e4aa3319072,2026-03-10,SH600999,0.014635849744081497,,,
EXP_LinearModel_Alpha158_csi300_expanding_step40_s_20260111_12,ab464936a4bd47ddb5b42e4aa3319072,2026-03-10,SH601006,0.0033014954533427954,,,
EXP_LinearModel_Alpha158_csi300_expanding_step40_s_20260111_12,ab464936a4bd47ddb5b42e4aa3319072,2026-03-10,SH601009,0.04992758482694626,,,
EXP_LinearModel_Alpha158_csi300_expanding_step40_s_20260111_12,ab464936a4bd47ddb5b42e4aa3319072,2026-03-10,SH601012,-0.05195307359099388,,,
EXP_LinearModel_Alpha158_csi300_expanding_step40_s_20260111_12,ab464936a4bd47ddb5b42e4aa3319072,2026-03-10,SH601018,0.03436342254281044,,,
EXP_LinearModel_Alpha158_csi300_expanding_step40_s_20260111_12,ab464936a4bd47ddb5b42e4aa3319072,2026-03-10,SH601021,0.07617007941007614,,,
EXP_LinearModel_Alpha158_csi300_expanding_step40_s_20260111_12,ab464936a4bd47ddb5b42e4aa3319072,2026-03-10,SH601058,0.0469716377556324,,,
EXP_LinearModel_Alpha158_csi300_expanding_step40_s_20260111_12,ab464936a4bd47ddb5b42e4aa3319072,2026-03-10,SH601059,,,,
EXP_LinearModel_Alpha158_csi300_expanding_step40_s_20260111_12,ab464936a4bd47ddb5b42e4aa3319072,2026-03-10,SH601066,0.01070302352309227,,,
EXP_LinearModel_Alpha158_csi300_expanding_step40_s_20260111_12,ab464936a4bd47ddb5b42e4aa3319072,2026-03-10,SH601077,0.05348799377679825,,,
EXP_LinearModel_Alpha158_csi300_expanding_step40_s_20260111_12,ab464936a4bd47ddb5b42e4aa3319072,2026-03-10,SH601088,0.0037104738876223564,,,
EXP_LinearModel_Alpha158_csi300_expanding_step40_s_20260111_12,ab464936a4bd47ddb5b42e4aa3319072,2026-03-10,SH601328,0.04676249250769615,,,
EXP_LinearModel_Alpha158_csi300_expanding_step40_s_20260111_12,ab464936a4bd47ddb5b42e4aa3319072,2026-03-10,SH600930,-0.05427800863981247,,,
EXP_LinearModel_Alpha158_csi300_expanding_step40_s_20260111_12,ab464936a4bd47ddb5b42e4aa3319072,2026-03-10,SH601336,0.05007704719901085,,,
EXP_LinearModel_Alpha158_csi300_expanding_step40_s_20260111_12,ab464936a4bd47ddb5b42e4aa3319072,2026-03-10,SH601377,-0.022860592231154442,,,
EXP_LinearModel_Alpha158_csi300_expanding_step40_s_20260111_12,ab464936a4bd47ddb5b42e4aa3319072,2026-03-10,SH601808,-0.021653298288583755,,,
EXP_LinearModel_Alpha158_csi300_expanding_step40_s_20260111_12,ab464936a4bd47ddb5b42e4aa3319072,2026-03-10,SH601816,0.035910189151763916,,,
EXP_LinearModel_Alpha158_csi300_expanding_step40_s_20260111_12,ab464936a4bd47ddb5b42e4aa3319072,2026-03-10,SH601818,0.04979855194687843,,,
EXP_LinearModel_Alpha158_csi300_expanding_step40_s_20260111_12,ab464936a4bd47ddb5b42e4aa3319072,2026-03-10,SH601825,0.03129153326153755,,,
EXP_LinearModel_Alpha158_csi300_expanding_step40_s_20260111_12,ab464936a4bd47ddb5b42e4aa3319072,2026-03-10,SH601838,0.013307822868227959,,,
EXP_LinearModel_Alpha158_csi300_expanding_step40_s_20260111_12,ab464936a4bd47ddb5b42e4aa3319072,2026-03-10,SH601857,-0.013819757848978043,,,
EXP_LinearModel_Alpha158_csi300_expanding_step40_s_20260111_12,ab464936a4bd47ddb5b42e4aa3319072,2026-03-10,SH601800,0.023394929245114326,,,
EXP_LinearModel_Alpha158_csi300_expanding_step40_s_20260111_12,ab464936a4bd47ddb5b42e4aa3319072,2026-03-10,SH601868,-0.06658175587654114,,,
EXP_LinearModel_Alpha158_csi300_expanding_step40_s_20260111_12,ab464936a4bd47ddb5b42e4aa3319072,2026-03-10,SH601877,-0.03432496637105942,,,
EXP_LinearModel_Alpha158_csi300_expanding_step40_s_20260111_12,ab464936a4bd47ddb5b42e4aa3319072,2026-03-10,SH601878,0.022567275911569595,,,
EXP_LinearModel_Alpha158_csi300_expanding_step40_s_20260111_12,ab464936a4bd47ddb5b42e4aa3319072,2026-03-10,SH601881,0.04180873557925224,,,
EXP_LinearModel_Alpha158_csi300_expanding_step40_s_20260111_12,ab464936a4bd47ddb5b42e4aa3319072,2026-03-10,SH601888,0.00423639127984643,,,
EXP_LinearModel_Alpha158_csi300_expanding_step40_s_20260111_12,ab464936a4bd47ddb5b42e4aa3319072,2026-03-10,SH601898,0.004696581047028303,,,
EXP_LinearModel_Alpha158_csi300_expanding_step40_s_20260111_12,ab464936a4bd47ddb5b42e4aa3319072,2026-03-10,SH601899,0.037740353494882584,,,
EXP_LinearModel_Alpha158_csi300_expanding_step40_s_20260111_12,ab464936a4bd47ddb5b42e4aa3319072,2026-03-10,SH601872,0.017701616510748863,,,
EXP_LinearModel_Alpha158_csi300_expanding_step40_s_20260111_12,ab464936a4bd47ddb5b42e4aa3319072,2026-03-10,SH601788,-0.002703495556488633,,,
EXP_LinearModel_Alpha158_csi300_expanding_step40_s_20260111_12,ab464936a4bd47ddb5b42e4aa3319072,2026-03-10,SH601766,0.03386028856039047,,,
EXP_LinearModel_Alpha158_csi300_expanding_step40_s_20260111_12,ab464936a4bd47ddb5b42e4aa3319072,2026-03-10,SH601728,0.012118957005441189,,,
EXP_LinearModel_Alpha158_csi300_expanding_step40_s_20260111_12,ab464936a4bd47ddb5b42e4aa3319072,2026-03-10,SH601390,-0.01475766021758318,,,
EXP_LinearModel_Alpha158_csi300_expanding_step40_s_20260111_12,ab464936a4bd47ddb5b42e4aa3319072,2026-03-10,SH601398,0.060544583946466446,,,
EXP_LinearModel_Alpha158_csi300_expanding_step40_s_20260111_12,ab464936a4bd47ddb5b42e4aa3319072,2026-03-10,SH601456,-0.01085387822240591,,,
EXP_LinearModel_Alpha158_csi300_expanding_step40_s_20260111_12,ab464936a4bd47ddb5b42e4aa3319072,2026-03-10,SH601600,-0.0040179709903895855,,,
EXP_LinearModel_Alpha158_csi300_expanding_step40_s_20260111_12,ab464936a4bd47ddb5b42e4aa3319072,2026-03-10,SH601601,0.046204615384340286,,,
EXP_LinearModel_Alpha158_csi300_expanding_step40_s_20260111_12,ab464936a4bd47ddb5b42e4aa3319072,2026-03-10,SH601607,0.0024766891729086637,,,
EXP_LinearModel_Alpha158_csi300_expanding_step40_s_20260111_12,ab464936a4bd47ddb5b42e4aa3319072,2026-03-10,SH601618,-0.01935441978275776,,,
EXP_LinearModel_Alpha158_csi300_expanding_step40_s_20260111_12,ab464936a4bd47ddb5b42e4aa3319072,2026-03-10,SH601628,0.03959609195590019,,,
EXP_LinearModel_Alpha158_csi300_expanding_step40_s_20260111_12,ab464936a4bd47ddb5b42e4aa3319072,2026-03-10,SH601633,0.034706342965364456,,,
EXP_LinearModel_Alpha158_csi300_expanding_step40_s_20260111_12,ab464936a4bd47ddb5b42e4aa3319072,2026-03-10,SH601658,0.05213911831378937,,,
EXP_LinearModel_Alpha158_csi300_expanding_step40_s_20260111_12,ab464936a4bd47ddb5b42e4aa3319072,2026-03-10,SH601668,0.022123955190181732,,,
EXP_LinearModel_Alpha158_csi300_expanding_step40_s_20260111_12,ab464936a4bd47ddb5b42e4aa3319072,2026-03-10,SH601669,-0.048404891043901443,,,
EXP_LinearModel_Alpha158_csi300_expanding_step40_s_20260111_12,ab464936a4bd47ddb5b42e4aa3319072,2026-03-10,SH601688,0.032050199806690216,,,
EXP_LinearModel_Alpha158_csi300_expanding_step40_s_20260111_12,ab464936a4bd47ddb5b42e4aa3319072,2026-03-10,SH601689,-0.015717508271336555,,,
EXP_LinearModel_Alpha158_csi300_expanding_step40_s_20260111_12,ab464936a4bd47ddb5b42e4aa3319072,2026-03-10,SH601698,-0.03150074928998947,,,
EXP_LinearModel_Alpha158_csi300_expanding_step40_s_20260111_12,ab464936a4bd47ddb5b42e4aa3319072,2026-03-10,SH601360,-0.03375991806387901,,,
EXP_LinearModel_Alpha158_csi300_expanding_step40_s_20260111_12,ab464936a4bd47ddb5b42e4aa3319072,2026-03-10,SH600926,0.051959771662950516,,,
EXP_LinearModel_Alpha158_csi300_expanding_step40_s_20260111_12,ab464936a4bd47ddb5b42e4aa3319072,2026-03-10,SH600919,0.06531324237585068,,,
EXP_LinearModel_Alpha158_csi300_expanding_step40_s_20260111_12,ab464936a4bd47ddb5b42e4aa3319072,2026-03-10,SH600918,0.0044128126464784145,,,
EXP_LinearModel_Alpha158_csi300_expanding_step40_s_20260111_12,ab464936a4bd47ddb5b42e4aa3319072,2026-03-10,SH600066,0.0212923102080822,,,
EXP_LinearModel_Alpha158_csi300_expanding_step40_s_20260111_12,ab464936a4bd47ddb5b42e4aa3319072,2026-03-10,SH600085,-0.010002692230045795,,,
EXP_LinearModel_Alpha158_csi300_expanding_step40_s_20260111_12,ab464936a4bd47ddb5b42e4aa3319072,2026-03-10,SH600089,0.00808852631598711,,,
EXP_LinearModel_Alpha158_csi300_expanding_step40_s_20260111_12,ab464936a4bd47ddb5b42e4aa3319072,2026-03-10,SH600104,0.036947399377822876,,,
EXP_LinearModel_Alpha158_csi300_expanding_step40_s_20260111_12,ab464936a4bd47ddb5b42e4aa3319072,2026-03-10,SH600111,0.012336674146354198,,,
EXP_LinearModel_Alpha158_csi300_expanding_step40_s_20260111_12,ab464936a4bd47ddb5b42e4aa3319072,2026-03-10,SH600115,0.07639074325561523,,,
EXP_LinearModel_Alpha158_csi300_expanding_step40_s_20260111_12,ab464936a4bd47ddb5b42e4aa3319072,2026-03-10,SH600061,0.012035904452204704,,,
EXP_LinearModel_Alpha158_csi300_expanding_step40_s_20260111_12,ab464936a4bd47ddb5b42e4aa3319072,2026-03-10,SH600150,0.04345734417438507,,,
EXP_LinearModel_Alpha158_csi300_expanding_step40_s_20260111_12,ab464936a4bd47ddb5b42e4aa3319072,2026-03-10,SH600161,0.005980903282761574,,,
EXP_LinearModel_Alpha158_csi300_expanding_step40_s_20260111_12,ab464936a4bd47ddb5b42e4aa3319072,2026-03-10,SH600176,0.014377275481820107,,,
EXP_LinearModel_Alpha158_csi300_expanding_step40_s_20260111_12,ab464936a4bd47ddb5b42e4aa3319072,2026-03-10,SH600183,0.01344234123826027,,,
EXP_LinearModel_Alpha158_csi300_expanding_step40_s_20260111_12,ab464936a4bd47ddb5b42e4aa3319072,2026-03-10,SH600188,0.0023877364583313465,,,
EXP_LinearModel_Alpha158_csi300_expanding_step40_s_20260111_12,ab464936a4bd47ddb5b42e4aa3319072,2026-03-10,SH600196,-0.005687109660357237,,,
EXP_LinearModel_Alpha158_csi300_expanding_step40_s_20260111_12,ab464936a4bd47ddb5b42e4aa3319072,2026-03-10,SH600219,0.005143812857568264,,,
EXP_LinearModel_Alpha158_csi300_expanding_step40_s_20260111_12,ab464936a4bd47ddb5b42e4aa3319072,2026-03-10,SH600160,0.0368233397603035,,,
EXP_LinearModel_Alpha158_csi300_expanding_step40_s_20260111_12,ab464936a4bd47ddb5b42e4aa3319072,2026-03-10,SH600050,0.0240163616836071,,,
EXP_LinearModel_Alpha158_csi300_expanding_step40_s_20260111_12,ab464936a4bd47ddb5b42e4aa3319072,2026-03-10,SH600048,0.004797442816197872,,,
EXP_LinearModel_Alpha158_csi300_expanding_step40_s_20260111_12,ab464936a4bd47ddb5b42e4aa3319072,2026-03-10,SH600039,0.03589945286512375,,,
EXP_LinearModel_Alpha158_csi300_expanding_step40_s_20260111_12,ab464936a4bd47ddb5b42e4aa3319072,2026-03-10,SH600010,0.009467802941799164,,,
EXP_LinearModel_Alpha158_csi300_expanding_step40_s_20260111_12,ab464936a4bd47ddb5b42e4aa3319072,2026-03-10,SH600011,0.04422168433666229,,,
EXP_LinearModel_Alpha158_csi300_expanding_step40_s_20260111_12,ab464936a4bd47ddb5b42e4aa3319072,2026-03-10,SH600015,0.03468793258070946,,,
EXP_LinearModel_Alpha158_csi300_expanding_step40_s_20260111_12,ab464936a4bd47ddb5b42e4aa3319072,2026-03-10,SH600016,0.009235105477273464,,,
EXP_LinearModel_Alpha158_csi300_expanding_step40_s_20260111_12,ab464936a4bd47ddb5b42e4aa3319072,2026-03-10,SH600018,0.03323368355631828,,,
EXP_LinearModel_Alpha158_csi300_expanding_step40_s_20260111_12,ab464936a4bd47ddb5b42e4aa3319072,2026-03-10,SH600019,0.04648317024111748,,,
EXP_LinearModel_Alpha158_csi300_expanding_step40_s_20260111_12,ab464936a4bd47ddb5b42e4aa3319072,2026-03-10,SH600023,0.03601158782839775,,,
EXP_LinearModel_Alpha158_csi300_expanding_step40_s_20260111_12,ab464936a4bd47ddb5b42e4aa3319072,2026-03-10,SH600025,-0.016600951552391052,,,
EXP_LinearModel_Alpha158_csi300_expanding_step40_s_20260111_12,ab464936a4bd47ddb5b42e4aa3319072,2026-03-10,SH600026,0.013238377869129181,,,
EXP_LinearModel_Alpha158_csi300_expanding_step40_s_20260111_12,ab464936a4bd47ddb5b42e4aa3319072,2026-03-10,SH600027,0.020922191441059113,,,
EXP_LinearModel_Alpha158_csi300_expanding_step40_s_20260111_12,ab464936a4bd47ddb5b42e4aa3319072,2026-03-10,SH600028,-0.020793691277503967,,,
EXP_LinearModel_Alpha158_csi300_expanding_step40_s_20260111_12,ab464936a4bd47ddb5b42e4aa3319072,2026-03-10,SH600029,0.06357861310243607,,,
EXP_LinearModel_Alpha158_csi300_expanding_step40_s_20260111_12,ab464936a4bd47ddb5b42e4aa3319072,2026-03-10,SH600030,0.027088353410363197,,,
EXP_LinearModel_Alpha158_csi300_expanding_step40_s_20260111_12,ab464936a4bd47ddb5b42e4aa3319072,2026-03-10,SH600031,0.036941688507795334,,,
EXP_LinearModel_Alpha158_csi300_expanding_step40_s_20260111_12,ab464936a4bd47ddb5b42e4aa3319072,2026-03-10,SH600036,0.02928415685892105,,,
EXP_LinearModel_Alpha158_csi300_expanding_step40_s_20260111_12,ab464936a4bd47ddb5b42e4aa3319072,2026-03-10,SH600233,-0.007367572747170925,,,
EXP_LinearModel_Alpha158_csi300_expanding_step40_s_20260111_12,ab464936a4bd47ddb5b42e4aa3319072,2026-03-10,SH600276,0.011376841925084591,,,
EXP_LinearModel_Alpha158_csi300_expanding_step40_s_20260111_12,ab464936a4bd47ddb5b42e4aa3319072,2026-03-10,SH600309,0.04089420288801193,,,
EXP_LinearModel_Alpha158_csi300_expanding_step40_s_20260111_12,ab464936a4bd47ddb5b42e4aa3319072,2026-03-10,SH600346,0.06995725631713867,,,
EXP_LinearModel_Alpha158_csi300_expanding_step40_s_20260111_12,ab464936a4bd47ddb5b42e4aa3319072,2026-03-10,SH600660,0.012363981455564499,,,
EXP_LinearModel_Alpha158_csi300_expanding_step40_s_20260111_12,ab464936a4bd47ddb5b42e4aa3319072,2026-03-10,SH600674,-0.016071341931819916,,,
EXP_LinearModel_Alpha158_csi300_expanding_step40_s_20260111_12,ab464936a4bd47ddb5b42e4aa3319072,2026-03-10,SH600690,0.0175972618162632,,,
EXP_LinearModel_Alpha158_csi300_expanding_step40_s_20260111_12,ab464936a4bd47ddb5b42e4aa3319072,2026-03-10,SH600741,0.0509437657892704,,,
EXP_LinearModel_Alpha158_csi300_expanding_step40_s_20260111_12,ab464936a4bd47ddb5b42e4aa3319072,2026-03-10,SH600760,-0.0074002607725560665,,,
EXP_LinearModel_Alpha158_csi300_expanding_step40_s_20260111_12,ab464936a4bd47ddb5b42e4aa3319072,2026-03-10,SH600795,0.03531629219651222,,,
EXP_LinearModel_Alpha158_csi300_expanding_step40_s_20260111_12,ab464936a4bd47ddb5b42e4aa3319072,2026-03-10,SH600803,-0.028910160064697266,,,
EXP_LinearModel_Alpha158_csi300_expanding_step40_s_20260111_12,ab464936a4bd47ddb5b42e4aa3319072,2026-03-10,SH600809,-0.0308518186211586,,,
EXP_LinearModel_Alpha158_csi300_expanding_step40_s_20260111_12,ab464936a4bd47ddb5b42e4aa3319072,2026-03-10,SH600845,-0.025641918182373047,,,
EXP_LinearModel_Alpha158_csi300_expanding_step40_s_20260111_12,ab464936a4bd47ddb5b42e4aa3319072,2026-03-10,SH600875,0.0316862128674984,,,
EXP_LinearModel_Alpha158_csi300_expanding_step40_s_20260111_12,ab464936a4bd47ddb5b42e4aa3319072,2026-03-10,SH600886,-0.007588621694594622,,,
EXP_LinearModel_Alpha158_csi300_expanding_step40_s_20260111_12,ab464936a4bd47ddb5b42e4aa3319072,2026-03-10,SH600887,-0.01775377430021763,,,
EXP_LinearModel_Alpha158_csi300_expanding_step40_s_20260111_12,ab464936a4bd47ddb5b42e4aa3319072,2026-03-10,SH600893,0.00941457413136959,,,
EXP_LinearModel_Alpha158_csi300_expanding_step40_s_20260111_12,ab464936a4bd47ddb5b42e4aa3319072,2026-03-10,SH600900,0.008576086722314358,,,
EXP_LinearModel_Alpha158_csi300_expanding_step40_s_20260111_12,ab464936a4bd47ddb5b42e4aa3319072,2026-03-10,SH600905,-0.03451254218816757,,,
EXP_LinearModel_Alpha158_csi300_expanding_step40_s_20260111_12,ab464936a4bd47ddb5b42e4aa3319072,2026-03-10,SH600600,-0.031816452741622925,,,
EXP_LinearModel_Alpha158_csi300_expanding_step40_s_20260111_12,ab464936a4bd47ddb5b42e4aa3319072,2026-03-10,SH601901,0.009296149015426636,,,
EXP_LinearModel_Alpha158_csi300_expanding_step40_s_20260111_12,ab464936a4bd47ddb5b42e4aa3319072,2026-03-10,SH600588,-0.02431584894657135,,,
EXP_LinearModel_Alpha158_csi300_expanding_step40_s_20260111_12,ab464936a4bd47ddb5b42e4aa3319072,2026-03-10,SH600584,0.008232481777668,,,
EXP_LinearModel_Alpha158_csi300_expanding_step40_s_20260111_12,ab464936a4bd47ddb5b42e4aa3319072,2026-03-10,SH600362,0.012283146381378174,,,
EXP_LinearModel_Alpha158_csi300_expanding_step40_s_20260111_12,ab464936a4bd47ddb5b42e4aa3319072,2026-03-10,SH600372,-0.0044417306780815125,,,
EXP_LinearModel_Alpha158_csi300_expanding_step40_s_20260111_12,ab464936a4bd47ddb5b42e4aa3319072,2026-03-10,SH600377,0.0246807299554348,,,
EXP_LinearModel_Alpha158_csi300_expanding_step40_s_20260111_12,ab464936a4bd47ddb5b42e4aa3319072,2026-03-10,SH600406,-0.015868108719587326,,,
EXP_LinearModel_Alpha158_csi300_expanding_step40_s_20260111_12,ab464936a4bd47ddb5b42e4aa3319072,2026-03-10,SH600415,-0.00412546843290329,,,
EXP_LinearModel_Alpha158_csi300_expanding_step40_s_20260111_12,ab464936a4bd47ddb5b42e4aa3319072,2026-03-10,SH600426,0.04921533167362213,,,
EXP_LinearModel_Alpha158_csi300_expanding_step40_s_20260111_12,ab464936a4bd47ddb5b42e4aa3319072,2026-03-10,SH600436,-0.058795616030693054,,,
EXP_LinearModel_Alpha158_csi300_expanding_step40_s_20260111_12,ab464936a4bd47ddb5b42e4aa3319072,2026-03-10,SH600460,-0.005020175129175186,,,
EXP_LinearModel_Alpha158_csi300_expanding_step40_s_20260111_12,ab464936a4bd47ddb5b42e4aa3319072,2026-03-10,SH600482,0.029523257166147232,,,
EXP_LinearModel_Alpha158_csi300_expanding_step40_s_20260111_12,ab464936a4bd47ddb5b42e4aa3319072,2026-03-10,SH600489,0.010680899024009705,,,
EXP_LinearModel_Alpha158_csi300_expanding_step40_s_20260111_12,ab464936a4bd47ddb5b42e4aa3319072,2026-03-10,SH600515,0.031510163098573685,,,
EXP_LinearModel_Alpha158_csi300_expanding_step40_s_20260111_12,ab464936a4bd47ddb5b42e4aa3319072,2026-03-10,SH600519,-0.0177291352301836,,,
EXP_LinearModel_Alpha158_csi300_expanding_step40_s_20260111_12,ab464936a4bd47ddb5b42e4aa3319072,2026-03-10,SH600522,0.027152759954333305,,,
EXP_LinearModel_Alpha158_csi300_expanding_step40_s_20260111_12,ab464936a4bd47ddb5b42e4aa3319072,2026-03-10,SH600547,-0.0014806314138695598,,,
EXP_LinearModel_Alpha158_csi300_expanding_step40_s_20260111_12,ab464936a4bd47ddb5b42e4aa3319072,2026-03-10,SH600570,0.025136156007647514,,,
EXP_LinearModel_Alpha158_csi300_expanding_step40_s_20260111_12,ab464936a4bd47ddb5b42e4aa3319072,2026-03-10,SH600585,0.009410744532942772,,,
EXP_LinearModel_Alpha158_csi300_expanding_step40_s_20260111_12,ab464936a4bd47ddb5b42e4aa3319072,2026-03-10,SH601916,0.030025968328118324,,,
EXP_LinearModel_Alpha158_csi300_expanding_step40_s_20260111_12,ab464936a4bd47ddb5b42e4aa3319072,2026-03-10,SH601919,-0.01935132034122944,,,
EXP_LinearModel_Alpha158_csi300_expanding_step40_s_20260111_12,ab464936a4bd47ddb5b42e4aa3319072,2026-03-10,SH601939,0.03457732871174812,,,
EXP_LinearModel_Alpha158_csi300_expanding_step40_s_20260111_12,ab464936a4bd47ddb5b42e4aa3319072,2026-03-10,SZ002422,-0.02670329622924328,,,
EXP_LinearModel_Alpha158_csi300_expanding_step40_s_20260111_12,ab464936a4bd47ddb5b42e4aa3319072,2026-03-10,SZ002459,-0.02952960506081581,,,
EXP_LinearModel_Alpha158_csi300_expanding_step40_s_20260111_12,ab464936a4bd47ddb5b42e4aa3319072,2026-03-10,SZ002460,0.006044233683496714,,,
EXP_LinearModel_Alpha158_csi300_expanding_step40_s_20260111_12,ab464936a4bd47ddb5b42e4aa3319072,2026-03-10,SZ002463,0.004551308695226908,,,
EXP_LinearModel_Alpha158_csi300_expanding_step40_s_20260111_12,ab464936a4bd47ddb5b42e4aa3319072,2026-03-10,SZ002466,-0.00495204608887434,,,
EXP_LinearModel_Alpha158_csi300_expanding_step40_s_20260111_12,ab464936a4bd47ddb5b42e4aa3319072,2026-03-10,SZ002475,-0.02102559432387352,,,
EXP_LinearModel_Alpha158_csi300_expanding_step40_s_20260111_12,ab464936a4bd47ddb5b42e4aa3319072,2026-03-10,SZ002415,-0.0072706290520727634,,,
EXP_LinearModel_Alpha158_csi300_expanding_step40_s_20260111_12,ab464936a4bd47ddb5b42e4aa3319072,2026-03-10,SZ002493,0.06916543841362,,,
EXP_LinearModel_Alpha158_csi300_expanding_step40_s_20260111_12,ab464936a4bd47ddb5b42e4aa3319072,2026-03-10,SZ002600,-0.015494215302169323,,,
EXP_LinearModel_Alpha158_csi300_expanding_step40_s_20260111_12,ab464936a4bd47ddb5b42e4aa3319072,2026-03-10,SZ002601,0.04427298530936241,,,
EXP_LinearModel_Alpha158_csi300_expanding_step40_s_20260111_12,ab464936a4bd47ddb5b42e4aa3319072,2026-03-10,SZ002625,0.01703820936381817,,,
EXP_LinearModel_Alpha158_csi300_expanding_step40_s_20260111_12,ab464936a4bd47ddb5b42e4aa3319072,2026-03-10,SZ002648,-0.004040037281811237,,,
EXP_LinearModel_Alpha158_csi300_expanding_step40_s_20260111_12,ab464936a4bd47ddb5b42e4aa3319072,2026-03-10,SZ002709,-0.029211096465587616,,,
EXP_LinearModel_Alpha158_csi300_expanding_step40_s_20260111_12,ab464936a4bd47ddb5b42e4aa3319072,2026-03-10,SZ002714,-0.004296481143683195,,,
EXP_LinearModel_Alpha158_csi300_expanding_step40_s_20260111_12,ab464936a4bd47ddb5b42e4aa3319072,2026-03-10,SZ002594,-0.031229136511683464,,,
EXP_LinearModel_Alpha158_csi300_expanding_step40_s_20260111_12,ab464936a4bd47ddb5b42e4aa3319072,2026-03-10,SZ002384,-0.003516948316246271,,,
EXP_LinearModel_Alpha158_csi300_expanding_step40_s_20260111_12,ab464936a4bd47ddb5b42e4aa3319072,2026-03-10,SZ002371,0.02257596328854561,,,
EXP_LinearModel_Alpha158_csi300_expanding_step40_s_20260111_12,ab464936a4bd47ddb5b42e4aa3319072,2026-03-10,SZ002352,0.020519904792308807,,,
EXP_LinearModel_Alpha158_csi300_expanding_step40_s_20260111_12,ab464936a4bd47ddb5b42e4aa3319072,2026-03-10,SZ001979,0.02042023278772831,,,
EXP_LinearModel_Alpha158_csi300_expanding_step40_s_20260111_12,ab464936a4bd47ddb5b42e4aa3319072,2026-03-10,SZ002001,-0.0011468094307929277,,,
EXP_LinearModel_Alpha158_csi300_expanding_step40_s_20260111_12,ab464936a4bd47ddb5b42e4aa3319072,2026-03-10,SZ002027,0.01662638410925865,,,
EXP_LinearModel_Alpha158_csi300_expanding_step40_s_20260111_12,ab464936a4bd47ddb5b42e4aa3319072,2026-03-10,SZ002028,0.0573897622525692,,,
EXP_LinearModel_Alpha158_csi300_expanding_step40_s_20260111_12,ab464936a4bd47ddb5b42e4aa3319072,2026-03-10,SZ002049,0.002590002492070198,,,
EXP_LinearModel_Alpha158_csi300_expanding_step40_s_20260111_12,ab464936a4bd47ddb5b42e4aa3319072,2026-03-10,SZ002050,0.0007398492889478803,,,
EXP_LinearModel_Alpha158_csi300_expanding_step40_s_20260111_12,ab464936a4bd47ddb5b42e4aa3319072,2026-03-10,SZ002074,-0.015261896885931492,,,
EXP_LinearModel_Alpha158_csi300_expanding_step40_s_20260111_12,ab464936a4bd47ddb5b42e4aa3319072,2026-03-10,SZ002142,0.023021070286631584,,,
EXP_LinearModel_Alpha158_csi300_expanding_step40_s_20260111_12,ab464936a4bd47ddb5b42e4aa3319072,2026-03-10,SZ002179,-0.012378151528537273,,,
EXP_LinearModel_Alpha158_csi300_expanding_step40_s_20260111_12,ab464936a4bd47ddb5b42e4aa3319072,2026-03-10,SZ002230,-0.03176751360297203,,,
EXP_LinearModel_Alpha158_csi300_expanding_step40_s_20260111_12,ab464936a4bd47ddb5b42e4aa3319072,2026-03-10,SZ002236,0.007182840257883072,,,
EXP_LinearModel_Alpha158_csi300_expanding_step40_s_20260111_12,ab464936a4bd47ddb5b42e4aa3319072,2026-03-10,SZ002241,0.010367962531745434,,,
EXP_LinearModel_Alpha158_csi300_expanding_step40_s_20260111_12,ab464936a4bd47ddb5b42e4aa3319072,2026-03-10,SZ002252,0.0083002345636487,,,
EXP_LinearModel_Alpha158_csi300_expanding_step40_s_20260111_12,ab464936a4bd47ddb5b42e4aa3319072,2026-03-10,SZ002304,-0.04812551289796829,,,
EXP_LinearModel_Alpha158_csi300_expanding_step40_s_20260111_12,ab464936a4bd47ddb5b42e4aa3319072,2026-03-10,SZ002311,0.03617655113339424,,,
EXP_LinearModel_Alpha158_csi300_expanding_step40_s_20260111_12,ab464936a4bd47ddb5b42e4aa3319072,2026-03-10,SZ002736,0.03830690309405327,,,
EXP_LinearModel_Alpha158_csi300_expanding_step40_s_20260111_12,ab464936a4bd47ddb5b42e4aa3319072,2026-03-10,SZ002916,0.03474888950586319,,,
EXP_LinearModel_Alpha158_csi300_expanding_step40_s_20260111_12,ab464936a4bd47ddb5b42e4aa3319072,2026-03-10,SZ002920,0.04323543235659599,,,
EXP_LinearModel_Alpha158_csi300_expanding_step40_s_20260111_12,ab464936a4bd47ddb5b42e4aa3319072,2026-03-10,SZ002938,0.004830809310078621,,,
EXP_LinearModel_Alpha158_csi300_expanding_step40_s_20260111_12,ab464936a4bd47ddb5b42e4aa3319072,2026-03-10,SZ300498,2.4425997253274545e-05,,,
EXP_LinearModel_Alpha158_csi300_expanding_step40_s_20260111_12,ab464936a4bd47ddb5b42e4aa3319072,2026-03-10,SZ300502,0.010834559798240662,,,
EXP_LinearModel_Alpha158_csi300_expanding_step40_s_20260111_12,ab464936a4bd47ddb5b42e4aa3319072,2026-03-10,SZ300628,0.01394615788012743,,,
EXP_LinearModel_Alpha158_csi300_expanding_step40_s_20260111_12,ab464936a4bd47ddb5b42e4aa3319072,2026-03-10,SZ300661,-0.04064032807946205,,,
EXP_LinearModel_Alpha158_csi300_expanding_step40_s_20260111_12,ab464936a4bd47ddb5b42e4aa3319072,2026-03-10,SZ300750,0.0017171548679471016,,,
EXP_LinearModel_Alpha158_csi300_expanding_step40_s_20260111_12,ab464936a4bd47ddb5b42e4aa3319072,2026-03-10,SZ300759,0.0244511179625988,,,
EXP_LinearModel_Alpha158_csi300_expanding_step40_s_20260111_12,ab464936a4bd47ddb5b42e4aa3319072,2026-03-10,SZ300760,0.017062624916434288,,,
EXP_LinearModel_Alpha158_csi300_expanding_step40_s_20260111_12,ab464936a4bd47ddb5b42e4aa3319072,2026-03-10,SZ300782,-0.03278530761599541,,,
EXP_LinearModel_Alpha158_csi300_expanding_step40_s_20260111_12,ab464936a4bd47ddb5b42e4aa3319072,2026-03-10,SZ300803,0.04235168918967247,,,
EXP_LinearModel_Alpha158_csi300_expanding_step40_s_20260111_12,ab464936a4bd47ddb5b42e4aa3319072,2026-03-10,SZ300832,0.0012810355983674526,,,
EXP_LinearModel_Alpha158_csi300_expanding_step40_s_20260111_12,ab464936a4bd47ddb5b42e4aa3319072,2026-03-10,SZ300866,0.028322774916887283,,,
EXP_LinearModel_Alpha158_csi300_expanding_step40_s_20260111_12,ab464936a4bd47ddb5b42e4aa3319072,2026-03-10,SZ300896,-0.02061242051422596,,,
EXP_LinearModel_Alpha158_csi300_expanding_step40_s_20260111_12,ab464936a4bd47ddb5b42e4aa3319072,2026-03-10,SZ300979,0.004031176213175058,,,
EXP_LinearModel_Alpha158_csi300_expanding_step40_s_20260111_12,ab464936a4bd47ddb5b42e4aa3319072,2026-03-10,SZ300999,-0.038233112543821335,,,
EXP_LinearModel_Alpha158_csi300_expanding_step40_s_20260111_12,ab464936a4bd47ddb5b42e4aa3319072,2026-03-10,SZ301236,-0.014844860881567001,,,
EXP_LinearModel_Alpha158_csi300_expanding_step40_s_20260111_12,ab464936a4bd47ddb5b42e4aa3319072,2026-03-10,SZ300476,-0.027290917932987213,,,
EXP_LinearModel_Alpha158_csi300_expanding_step40_s_20260111_12,ab464936a4bd47ddb5b42e4aa3319072,2026-03-10,SZ001965,0.02401495724916458,,,
EXP_LinearModel_Alpha158_csi300_expanding_step40_s_20260111_12,ab464936a4bd47ddb5b42e4aa3319072,2026-03-10,SZ300442,-0.007262615952640772,,,
EXP_LinearModel_Alpha158_csi300_expanding_step40_s_20260111_12,ab464936a4bd47ddb5b42e4aa3319072,2026-03-10,SZ300418,-0.04347526654601097,,,
EXP_LinearModel_Alpha158_csi300_expanding_step40_s_20260111_12,ab464936a4bd47ddb5b42e4aa3319072,2026-03-10,SZ003816,0.013728898018598557,,,
EXP_LinearModel_Alpha158_csi300_expanding_step40_s_20260111_12,ab464936a4bd47ddb5b42e4aa3319072,2026-03-10,SZ300014,0.006044286768883467,,,
EXP_LinearModel_Alpha158_csi300_expanding_step40_s_20260111_12,ab464936a4bd47ddb5b42e4aa3319072,2026-03-10,SZ300015,-0.012462319806218147,,,
EXP_LinearModel_Alpha158_csi300_expanding_step40_s_20260111_12,ab464936a4bd47ddb5b42e4aa3319072,2026-03-10,SZ300033,-0.0024454640224575996,,,
EXP_LinearModel_Alpha158_csi300_expanding_step40_s_20260111_12,ab464936a4bd47ddb5b42e4aa3319072,2026-03-10,SZ300059,0.019837012514472008,,,
EXP_LinearModel_Alpha158_csi300_expanding_step40_s_20260111_12,ab464936a4bd47ddb5b42e4aa3319072,2026-03-10,SZ300122,-0.05006672814488411,,,
EXP_LinearModel_Alpha158_csi300_expanding_step40_s_20260111_12,ab464936a4bd47ddb5b42e4aa3319072,2026-03-10,SZ300124,0.023741548880934715,,,
EXP_LinearModel_Alpha158_csi300_expanding_step40_s_20260111_12,ab464936a4bd47ddb5b42e4aa3319072,2026-03-10,SZ300251,-0.03354072570800781,,,
EXP_LinearModel_Alpha158_csi300_expanding_step40_s_20260111_12,ab464936a4bd47ddb5b42e4aa3319072,2026-03-10,SZ300274,0.01605500653386116,,,
EXP_LinearModel_Alpha158_csi300_expanding_step40_s_20260111_12,ab464936a4bd47ddb5b42e4aa3319072,2026-03-10,SZ300308,0.011885802261531353,,,
EXP_LinearModel_Alpha158_csi300_expanding_step40_s_20260111_12,ab464936a4bd47ddb5b42e4aa3319072,2026-03-10,SZ300316,-0.036020103842020035,,,
EXP_LinearModel_Alpha158_csi300_expanding_step40_s_20260111_12,ab464936a4bd47ddb5b42e4aa3319072,2026-03-10,SZ300347,0.0015380808617919683,,,
EXP_LinearModel_Alpha158_csi300_expanding_step40_s_20260111_12,ab464936a4bd47ddb5b42e4aa3319072,2026-03-10,SZ300394,0.026578806340694427,,,
EXP_LinearModel_Alpha158_csi300_expanding_step40_s_20260111_12,ab464936a4bd47ddb5b42e4aa3319072,2026-03-10,SZ300408,0.004963387735188007,,,
EXP_LinearModel_Alpha158_csi300_expanding_step40_s_20260111_12,ab464936a4bd47ddb5b42e4aa3319072,2026-03-10,SZ300413,-0.0213326346129179,,,
EXP_LinearModel_Alpha158_csi300_expanding_step40_s_20260111_12,ab464936a4bd47ddb5b42e4aa3319072,2026-03-10,SZ300433,-0.025711042806506157,,,
EXP_LinearModel_Alpha158_csi300_expanding_step40_s_20260111_12,ab464936a4bd47ddb5b42e4aa3319072,2026-03-10,SZ302132,-0.011633014306426048,,,
EXP_LinearModel_Alpha158_csi300_expanding_step40_s_20260111_12,ab464936a4bd47ddb5b42e4aa3319072,2026-03-10,SZ001391,0.024021437391638756,,,
EXP_LinearModel_Alpha158_csi300_expanding_step40_s_20260111_12,ab464936a4bd47ddb5b42e4aa3319072,2026-03-10,SZ000983,0.0036187819205224514,,,
EXP_LinearModel_Alpha158_csi300_expanding_step40_s_20260111_12,ab464936a4bd47ddb5b42e4aa3319072,2026-03-10,SH688008,0.008962633088231087,,,
EXP_LinearModel_Alpha158_csi300_expanding_step40_s_20260111_12,ab464936a4bd47ddb5b42e4aa3319072,2026-03-10,SH688009,-0.015903299674391747,,,
EXP_LinearModel_Alpha158_csi300_expanding_step40_s_20260111_12,ab464936a4bd47ddb5b42e4aa3319072,2026-03-10,SH688012,0.029031766578555107,,,
EXP_LinearModel_Alpha158_csi300_expanding_step40_s_20260111_12,ab464936a4bd47ddb5b42e4aa3319072,2026-03-10,SH688036,-0.001963610528036952,,,
EXP_LinearModel_Alpha158_csi300_expanding_step40_s_20260111_12,ab464936a4bd47ddb5b42e4aa3319072,2026-03-10,SH688041,-0.0038619672413915396,,,
EXP_LinearModel_Alpha158_csi300_expanding_step40_s_20260111_12,ab464936a4bd47ddb5b42e4aa3319072,2026-03-10,SH688047,-0.018964966759085655,,,
EXP_LinearModel_Alpha158_csi300_expanding_step40_s_20260111_12,ab464936a4bd47ddb5b42e4aa3319072,2026-03-10,SH605499,0.013309516943991184,,,
EXP_LinearModel_Alpha158_csi300_expanding_step40_s_20260111_12,ab464936a4bd47ddb5b42e4aa3319072,2026-03-10,SH688082,0.016526052728295326,,,
EXP_LinearModel_Alpha158_csi300_expanding_step40_s_20260111_12,ab464936a4bd47ddb5b42e4aa3319072,2026-03-10,SH688126,-0.013666857033967972,,,
EXP_LinearModel_Alpha158_csi300_expanding_step40_s_20260111_12,ab464936a4bd47ddb5b42e4aa3319072,2026-03-10,SH688169,0.031492482870817184,,,
EXP_LinearModel_Alpha158_csi300_expanding_step40_s_20260111_12,ab464936a4bd47ddb5b42e4aa3319072,2026-03-10,SH688187,0.02750478871166706,,,
EXP_LinearModel_Alpha158_csi300_expanding_step40_s_20260111_12,ab464936a4bd47ddb5b42e4aa3319072,2026-03-10,SH688223,-0.04829181358218193,,,
EXP_LinearModel_Alpha158_csi300_expanding_step40_s_20260111_12,ab464936a4bd47ddb5b42e4aa3319072,2026-03-10,SH688256,0.015282075852155685,,,
EXP_LinearModel_Alpha158_csi300_expanding_step40_s_20260111_12,ab464936a4bd47ddb5b42e4aa3319072,2026-03-10,SH688271,0.011976886540651321,,,
EXP_LinearModel_Alpha158_csi300_expanding_step40_s_20260111_12,ab464936a4bd47ddb5b42e4aa3319072,2026-03-10,SH688111,0.018481073901057243,,,
EXP_LinearModel_Alpha158_csi300_expanding_step40_s_20260111_12,ab464936a4bd47ddb5b42e4aa3319072,2026-03-10,SH605117,0.013205332681536674,,,
EXP_LinearModel_Alpha158_csi300_expanding_step40_s_20260111_12,ab464936a4bd47ddb5b42e4aa3319072,2026-03-10,SH603993,0.03001919947564602,,,
EXP_LinearModel_Alpha158_csi300_expanding_step40_s_20260111_12,ab464936a4bd47ddb5b42e4aa3319072,2026-03-10,SH603986,0.0354515016078949,,,
EXP_LinearModel_Alpha158_csi300_expanding_step40_s_20260111_12,ab464936a4bd47ddb5b42e4aa3319072,2026-03-10,SH601985,-0.00020338318427093327,,,
EXP_LinearModel_Alpha158_csi300_expanding_step40_s_20260111_12,ab464936a4bd47ddb5b42e4aa3319072,2026-03-10,SH601988,0.03824884071946144,,,
EXP_LinearModel_Alpha158_csi300_expanding_step40_s_20260111_12,ab464936a4bd47ddb5b42e4aa3319072,2026-03-10,SH601995,,,,
EXP_LinearModel_Alpha158_csi300_expanding_step40_s_20260111_12,ab464936a4bd47ddb5b42e4aa3319072,2026-03-10,SH601998,0.04461851716041565,,,
EXP_LinearModel_Alpha158_csi300_expanding_step40_s_20260111_12,ab464936a4bd47ddb5b42e4aa3319072,2026-03-10,SH603019,-0.012208528816699982,,,
EXP_LinearModel_Alpha158_csi300_expanding_step40_s_20260111_12,ab464936a4bd47ddb5b42e4aa3319072,2026-03-10,SH603195,-0.020948396995663643,,,
EXP_LinearModel_Alpha158_csi300_expanding_step40_s_20260111_12,ab464936a4bd47ddb5b42e4aa3319072,2026-03-10,SH603259,0.01761193759739399,,,
EXP_LinearModel_Alpha158_csi300_expanding_step40_s_20260111_12,ab464936a4bd47ddb5b42e4aa3319072,2026-03-10,SH603260,0.001572657492943108,,,
EXP_LinearModel_Alpha158_csi300_expanding_step40_s_20260111_12,ab464936a4bd47ddb5b42e4aa3319072,2026-03-10,SH603288,-0.03466734290122986,,,
EXP_LinearModel_Alpha158_csi300_expanding_step40_s_20260111_12,ab464936a4bd47ddb5b42e4aa3319072,2026-03-10,SH603296,-0.005054162815213203,,,
EXP_LinearModel_Alpha158_csi300_expanding_step40_s_20260111_12,ab464936a4bd47ddb5b42e4aa3319072,2026-03-10,SH603369,-0.03612296283245087,,,
EXP_LinearModel_Alpha158_csi300_expanding_step40_s_20260111_12,ab464936a4bd47ddb5b42e4aa3319072,2026-03-10,SH603392,-0.01266796700656414,,,
EXP_LinearModel_Alpha158_csi300_expanding_step40_s_20260111_12,ab464936a4bd47ddb5b42e4aa3319072,2026-03-10,SH603501,0.0034265995491296053,,,
EXP_LinearModel_Alpha158_csi300_expanding_step40_s_20260111_12,ab464936a4bd47ddb5b42e4aa3319072,2026-03-10,SH603799,0.03986852988600731,,,
EXP_LinearModel_Alpha158_csi300_expanding_step40_s_20260111_12,ab464936a4bd47ddb5b42e4aa3319072,2026-03-10,SH603893,-0.016305280849337578,,,
EXP_LinearModel_Alpha158_csi300_expanding_step40_s_20260111_12,ab464936a4bd47ddb5b42e4aa3319072,2026-03-10,SH688303,-0.03805945813655853,,,
EXP_LinearModel_Alpha158_csi300_expanding_step40_s_20260111_12,ab464936a4bd47ddb5b42e4aa3319072,2026-03-10,SH688396,0.012718127109110355,,,
EXP_LinearModel_Alpha158_csi300_expanding_step40_s_20260111_12,ab464936a4bd47ddb5b42e4aa3319072,2026-03-10,SH688472,-0.0513979010283947,,,
EXP_LinearModel_Alpha158_csi300_expanding_step40_s_20260111_12,ab464936a4bd47ddb5b42e4aa3319072,2026-03-10,SH688506,-0.008667311631143093,,,
EXP_LinearModel_Alpha158_csi300_expanding_step40_s_20260111_12,ab464936a4bd47ddb5b42e4aa3319072,2026-03-10,SZ000661,-0.055419303476810455,,,
EXP_LinearModel_Alpha158_csi300_expanding_step40_s_20260111_12,ab464936a4bd47ddb5b42e4aa3319072,2026-03-10,SZ000708,0.03135906904935837,,,
EXP_LinearModel_Alpha158_csi300_expanding_step40_s_20260111_12,ab464936a4bd47ddb5b42e4aa3319072,2026-03-10,SZ000725,-0.004237383604049683,,,
EXP_LinearModel_Alpha158_csi300_expanding_step40_s_20260111_12,ab464936a4bd47ddb5b42e4aa3319072,2026-03-10,SZ000768,-0.0016324346652254462,,,
EXP_LinearModel_Alpha158_csi300_expanding_step40_s_20260111_12,ab464936a4bd47ddb5b42e4aa3319072,2026-03-10,SZ000776,0.038643721491098404,,,
EXP_LinearModel_Alpha158_csi300_expanding_step40_s_20260111_12,ab464936a4bd47ddb5b42e4aa3319072,2026-03-10,SZ000786,0.0017363671213388443,,,
EXP_LinearModel_Alpha158_csi300_expanding_step40_s_20260111_12,ab464936a4bd47ddb5b42e4aa3319072,2026-03-10,SZ000792,0.0019206563010811806,,,
EXP_LinearModel_Alpha158_csi300_expanding_step40_s_20260111_12,ab464936a4bd47ddb5b42e4aa3319072,2026-03-10,SZ000807,0.008318476378917694,,,
EXP_LinearModel_Alpha158_csi300_expanding_step40_s_20260111_12,ab464936a4bd47ddb5b42e4aa3319072,2026-03-10,SZ000858,-0.058000851422548294,,,
EXP_LinearModel_Alpha158_csi300_expanding_step40_s_20260111_12,ab464936a4bd47ddb5b42e4aa3319072,2026-03-10,SZ000876,-0.016744492575526237,,,
EXP_LinearModel_Alpha158_csi300_expanding_step40_s_20260111_12,ab464936a4bd47ddb5b42e4aa3319072,2026-03-10,SZ000895,0.03965211659669876,,,
EXP_LinearModel_Alpha158_csi300_expanding_step40_s_20260111_12,ab464936a4bd47ddb5b42e4aa3319072,2026-03-10,SZ000938,-0.012261596508324146,,,
EXP_LinearModel_Alpha158_csi300_expanding_step40_s_20260111_12,ab464936a4bd47ddb5b42e4aa3319072,2026-03-10,SZ000963,0.0007040853961370885,,,
EXP_LinearModel_Alpha158_csi300_expanding_step40_s_20260111_12,ab464936a4bd47ddb5b42e4aa3319072,2026-03-10,SZ000975,-0.004175504203885794,,,
EXP_LinearModel_Alpha158_csi300_expanding_step40_s_20260111_12,ab464936a4bd47ddb5b42e4aa3319072,2026-03-10,SZ000977,-0.025136735290288925,,,
EXP_LinearModel_Alpha158_csi300_expanding_step40_s_20260111_12,ab464936a4bd47ddb5b42e4aa3319072,2026-03-10,SZ000651,0.014462937600910664,,,
EXP_LinearModel_Alpha158_csi300_expanding_step40_s_20260111_12,ab464936a4bd47ddb5b42e4aa3319072,2026-03-10,SZ000999,-0.0131455659866333,,,
EXP_LinearModel_Alpha158_csi300_expanding_step40_s_20260111_12,ab464936a4bd47ddb5b42e4aa3319072,2026-03-10,SZ000630,0.008018387481570244,,,
EXP_LinearModel_Alpha158_csi300_expanding_step40_s_20260111_12,ab464936a4bd47ddb5b42e4aa3319072,2026-03-10,SZ000617,-0.02155189774930477,,,
EXP_LinearModel_Alpha158_csi300_expanding_step40_s_20260111_12,ab464936a4bd47ddb5b42e4aa3319072,2026-03-10,SH688981,0.020834678784012794,,,
EXP_LinearModel_Alpha158_csi300_expanding_step40_s_20260111_12,ab464936a4bd47ddb5b42e4aa3319072,2026-03-10,SZ000001,0.041439495980739594,,,
EXP_LinearModel_Alpha158_csi300_expanding_step40_s_20260111_12,ab464936a4bd47ddb5b42e4aa3319072,2026-03-10,SZ000002,-0.04915549233555794,,,
EXP_LinearModel_Alpha158_csi300_expanding_step40_s_20260111_12,ab464936a4bd47ddb5b42e4aa3319072,2026-03-10,SZ000063,0.019071277230978012,,,
EXP_LinearModel_Alpha158_csi300_expanding_step40_s_20260111_12,ab464936a4bd47ddb5b42e4aa3319072,2026-03-10,SZ000100,0.0027917553670704365,,,
EXP_LinearModel_Alpha158_csi300_expanding_step40_s_20260111_12,ab464936a4bd47ddb5b42e4aa3319072,2026-03-10,SZ000157,0.036242399364709854,,,
EXP_LinearModel_Alpha158_csi300_expanding_step40_s_20260111_12,ab464936a4bd47ddb5b42e4aa3319072,2026-03-10,SZ000166,0.03216864913702011,,,
EXP_LinearModel_Alpha158_csi300_expanding_step40_s_20260111_12,ab464936a4bd47ddb5b42e4aa3319072,2026-03-10,SZ000301,0.0393938310444355,,,
EXP_LinearModel_Alpha158_csi300_expanding_step40_s_20260111_12,ab464936a4bd47ddb5b42e4aa3319072,2026-03-10,SZ000333,0.005507814232259989,,,
EXP_LinearModel_Alpha158_csi300_expanding_step40_s_20260111_12,ab464936a4bd47ddb5b42e4aa3319072,2026-03-10,SZ000338,0.007362288422882557,,,
EXP_LinearModel_Alpha158_csi300_expanding_step40_s_20260111_12,ab464936a4bd47ddb5b42e4aa3319072,2026-03-10,SZ000408,0.03754950314760208,,,
EXP_LinearModel_Alpha158_csi300_expanding_step40_s_20260111_12,ab464936a4bd47ddb5b42e4aa3319072,2026-03-10,SZ000425,0.031859345734119415,,,
EXP_LinearModel_Alpha158_csi300_expanding_step40_s_20260111_12,ab464936a4bd47ddb5b42e4aa3319072,2026-03-10,SZ000538,0.01936863362789154,,,
EXP_LinearModel_Alpha158_csi300_expanding_step40_s_20260111_12,ab464936a4bd47ddb5b42e4aa3319072,2026-03-10,SZ000568,-0.014818096533417702,,,
EXP_LinearModel_Alpha158_csi300_expanding_step40_s_20260111_12,ab464936a4bd47ddb5b42e4aa3319072,2026-03-10,SZ000596,-0.01087180059403181,,,
EXP_LinearModel_Alpha158_csi300_expanding_step40_s_20260111_12,ab464936a4bd47ddb5b42e4aa3319072,2026-03-10,SZ000625,0.008733800612390041,,,
EXP_LinearModel_Alpha158_csi300_expanding_step40_s_20260111_12,ab464936a4bd47ddb5b42e4aa3319072,2026-03-10,SH600009,-0.0036957913544028997,,,
EXP_LinearModel_Alpha158_csi300_sliding_step40_s_20260111_11,91c306e388e8433fbae734de03637583,2026-03-10,SZ302132,-0.050279662013053894,,,
EXP_XGBModel_Alpha158_csi300_sliding_step40_s_20260111_01,44df6c59b159490fa0b22d3c198cd0a9,2026-03-10,SH600009,-0.011510849930346012,,,
EXP_XGBModel_Alpha158_csi300_expanding_step40_s_20260111_00,2f2d4eb181db4668bdbd3b6e264ca822,2026-03-10,SH601136,-0.04429590702056885,,,
EXP_XGBModel_Alpha158_csi300_expanding_step40_s_20260111_00,2f2d4eb181db4668bdbd3b6e264ca822,2026-03-10,SH601138,0.020843856036663055,,,
EXP_XGBModel_Alpha158_csi300_expanding_step40_s_20260111_00,2f2d4eb181db4668bdbd3b6e264ca822,2026-03-10,SH601166,0.0289323553442955,,,
EXP_XGBModel_Alpha158_csi300_expanding_step40_s_20260111_00,2f2d4eb181db4668bdbd3b6e264ca822,2026-03-10,SH601169,0.025521548464894295,,,
EXP_XGBModel_Alpha158_csi300_expanding_step40_s_20260111_00,2f2d4eb181db4668bdbd3b6e264ca822,2026-03-10,SH601186,-0.006103384308516979,,,
EXP_XGBModel_Alpha158_csi300_expanding_step40_s_20260111_00,2f2d4eb181db4668bdbd3b6e264ca822,2026-03-10,SH601211,0.0031667600851505995,,,
EXP_XGBModel_Alpha158_csi300_expanding_step40_s_20260111_00,2f2d4eb181db4668bdbd3b6e264ca822,2026-03-10,SH601127,0.03994705528020859,,,
EXP_XGBModel_Alpha158_csi300_expanding_step40_s_20260111_00,2f2d4eb181db4668bdbd3b6e264ca822,2026-03-10,SH601225,-0.02381228096783161,,,
EXP_XGBModel_Alpha158_csi300_expanding_step40_s_20260111_00,2f2d4eb181db4668bdbd3b6e264ca822,2026-03-10,SH601236,0.03431575745344162,,,
EXP_XGBModel_Alpha158_csi300_expanding_step40_s_20260111_00,2f2d4eb181db4668bdbd3b6e264ca822,2026-03-10,SH601238,-0.020264290273189545,,,
EXP_XGBModel_Alpha158_csi300_expanding_step40_s_20260111_00,2f2d4eb181db4668bdbd3b6e264ca822,2026-03-10,SH601288,-0.009434571489691734,,,
EXP_XGBModel_Alpha158_csi300_expanding_step40_s_20260111_00,2f2d4eb181db4668bdbd3b6e264ca822,2026-03-10,SH601298,-0.0014232556568458676,,,
EXP_XGBModel_Alpha158_csi300_expanding_step40_s_20260111_00,2f2d4eb181db4668bdbd3b6e264ca822,2026-03-10,SH601318,0.040625374764204025,,,
EXP_XGBModel_Alpha158_csi300_expanding_step40_s_20260111_00,2f2d4eb181db4668bdbd3b6e264ca822,2026-03-10,SH601319,0.01146441139280796,,,
EXP_XGBModel_Alpha158_csi300_expanding_step40_s_20260111_00,2f2d4eb181db4668bdbd3b6e264ca822,2026-03-10,SH601229,-0.018832532688975334,,,
EXP_XGBModel_Alpha158_csi300_expanding_step40_s_20260111_00,2f2d4eb181db4668bdbd3b6e264ca822,2026-03-10,SH601117,0.06038425862789154,,,
EXP_XGBModel_Alpha158_csi300_expanding_step40_s_20260111_00,2f2d4eb181db4668bdbd3b6e264ca822,2026-03-10,SH601111,0.3463696241378784,,,
EXP_XGBModel_Alpha158_csi300_expanding_step40_s_20260111_00,2f2d4eb181db4668bdbd3b6e264ca822,2026-03-10,SH601100,0.3424106240272522,,,
EXP_XGBModel_Alpha158_csi300_expanding_step40_s_20260111_00,2f2d4eb181db4668bdbd3b6e264ca822,2026-03-10,SH600938,-0.23800800740718842,,,
EXP_XGBModel_Alpha158_csi300_expanding_step40_s_20260111_00,2f2d4eb181db4668bdbd3b6e264ca822,2026-03-10,SH600941,0.033788423985242844,,,
EXP_XGBModel_Alpha158_csi300_expanding_step40_s_20260111_00,2f2d4eb181db4668bdbd3b6e264ca822,2026-03-10,SH600958,-0.023776520043611526,,,
EXP_XGBModel_Alpha158_csi300_expanding_step40_s_20260111_00,2f2d4eb181db4668bdbd3b6e264ca822,2026-03-10,SH600989,-0.3958047330379486,,,
EXP_XGBModel_Alpha158_csi300_expanding_step40_s_20260111_00,2f2d4eb181db4668bdbd3b6e264ca822,2026-03-10,SH600999,0.0022037674207240343,,,
EXP_XGBModel_Alpha158_csi300_expanding_step40_s_20260111_00,2f2d4eb181db4668bdbd3b6e264ca822,2026-03-10,SH601006,-0.030642103403806686,,,
EXP_XGBModel_Alpha158_csi300_expanding_step40_s_20260111_00,2f2d4eb181db4668bdbd3b6e264ca822,2026-03-10,SH601009,-0.014680316671729088,,,
EXP_XGBModel_Alpha158_csi300_expanding_step40_s_20260111_00,2f2d4eb181db4668bdbd3b6e264ca822,2026-03-10,SH601012,-0.051481910049915314,,,
EXP_XGBModel_Alpha158_csi300_expanding_step40_s_20260111_00,2f2d4eb181db4668bdbd3b6e264ca822,2026-03-10,SH601018,0.009571628645062447,,,
EXP_XGBModel_Alpha158_csi300_expanding_step40_s_20260111_00,2f2d4eb181db4668bdbd3b6e264ca822,2026-03-10,SH601021,0.19089962542057037,,,
EXP_XGBModel_Alpha158_csi300_expanding_step40_s_20260111_00,2f2d4eb181db4668bdbd3b6e264ca822,2026-03-10,SH601058,0.06608457863330841,,,
EXP_XGBModel_Alpha158_csi300_expanding_step40_s_20260111_00,2f2d4eb181db4668bdbd3b6e264ca822,2026-03-10,SH601059,0.005708017386496067,,,
EXP_XGBModel_Alpha158_csi300_expanding_step40_s_20260111_00,2f2d4eb181db4668bdbd3b6e264ca822,2026-03-10,SH601066,0.01169738918542862,,,
EXP_XGBModel_Alpha158_csi300_expanding_step40_s_20260111_00,2f2d4eb181db4668bdbd3b6e264ca822,2026-03-10,SH601077,0.03963109850883484,,,
EXP_XGBModel_Alpha158_csi300_expanding_step40_s_20260111_00,2f2d4eb181db4668bdbd3b6e264ca822,2026-03-10,SH601088,0.05816350504755974,,,
EXP_XGBModel_Alpha158_csi300_expanding_step40_s_20260111_00,2f2d4eb181db4668bdbd3b6e264ca822,2026-03-10,SH601328,0.026350628584623337,,,
EXP_XGBModel_Alpha158_csi300_expanding_step40_s_20260111_00,2f2d4eb181db4668bdbd3b6e264ca822,2026-03-10,SH600930,-0.1269008368253708,,,
EXP_XGBModel_Alpha158_csi300_expanding_step40_s_20260111_00,2f2d4eb181db4668bdbd3b6e264ca822,2026-03-10,SH601336,0.02300325036048889,,,
EXP_XGBModel_Alpha158_csi300_expanding_step40_s_20260111_00,2f2d4eb181db4668bdbd3b6e264ca822,2026-03-10,SH601377,-0.03862431272864342,,,
EXP_XGBModel_Alpha158_csi300_expanding_step40_s_20260111_00,2f2d4eb181db4668bdbd3b6e264ca822,2026-03-10,SH601808,-0.08925733715295792,,,
EXP_XGBModel_Alpha158_csi300_expanding_step40_s_20260111_00,2f2d4eb181db4668bdbd3b6e264ca822,2026-03-10,SH601816,0.06021310016512871,,,
EXP_XGBModel_Alpha158_csi300_expanding_step40_s_20260111_00,2f2d4eb181db4668bdbd3b6e264ca822,2026-03-10,SH601818,0.06086841598153114,,,
EXP_XGBModel_Alpha158_csi300_expanding_step40_s_20260111_00,2f2d4eb181db4668bdbd3b6e264ca822,2026-03-10,SH601825,0.028255468234419823,,,
EXP_XGBModel_Alpha158_csi300_expanding_step40_s_20260111_00,2f2d4eb181db4668bdbd3b6e264ca822,2026-03-10,SH601838,-0.01906142383813858,,,
EXP_XGBModel_Alpha158_csi300_expanding_step40_s_20260111_00,2f2d4eb181db4668bdbd3b6e264ca822,2026-03-10,SH601857,-0.12175264209508896,,,
EXP_XGBModel_Alpha158_csi300_expanding_step40_s_20260111_00,2f2d4eb181db4668bdbd3b6e264ca822,2026-03-10,SH601800,0.023295748978853226,,,
EXP_XGBModel_Alpha158_csi300_expanding_step40_s_20260111_00,2f2d4eb181db4668bdbd3b6e264ca822,2026-03-10,SH601868,0.07782037556171417,,,
EXP_XGBModel_Alpha158_csi300_expanding_step40_s_20260111_00,2f2d4eb181db4668bdbd3b6e264ca822,2026-03-10,SH601877,-0.11178023368120193,,,
EXP_XGBModel_Alpha158_csi300_expanding_step40_s_20260111_00,2f2d4eb181db4668bdbd3b6e264ca822,2026-03-10,SH601878,-0.01682017184793949,,,
EXP_XGBModel_Alpha158_csi300_expanding_step40_s_20260111_00,2f2d4eb181db4668bdbd3b6e264ca822,2026-03-10,SH601881,-0.0013152476167306304,,,
EXP_XGBModel_Alpha158_csi300_expanding_step40_s_20260111_00,2f2d4eb181db4668bdbd3b6e264ca822,2026-03-10,SH601888,-0.03822888433933258,,,
EXP_XGBModel_Alpha158_csi300_expanding_step40_s_20260111_00,2f2d4eb181db4668bdbd3b6e264ca822,2026-03-10,SH601898,-0.05088524892926216,,,
EXP_XGBModel_Alpha158_csi300_expanding_step40_s_20260111_00,2f2d4eb181db4668bdbd3b6e264ca822,2026-03-10,SH601899,0.06580762565135956,,,
EXP_XGBModel_Alpha158_csi300_expanding_step40_s_20260111_00,2f2d4eb181db4668bdbd3b6e264ca822,2026-03-10,SH601872,-0.7006683349609375,,,
EXP_XGBModel_Alpha158_csi300_expanding_step40_s_20260111_00,2f2d4eb181db4668bdbd3b6e264ca822,2026-03-10,SH601788,-0.0050639682449400425,,,
EXP_XGBModel_Alpha158_csi300_expanding_step40_s_20260111_00,2f2d4eb181db4668bdbd3b6e264ca822,2026-03-10,SH601766,0.05618034303188324,,,
EXP_XGBModel_Alpha158_csi300_expanding_step40_s_20260111_00,2f2d4eb181db4668bdbd3b6e264ca822,2026-03-10,SH601728,0.05843941494822502,,,
EXP_XGBModel_Alpha158_csi300_expanding_step40_s_20260111_00,2f2d4eb181db4668bdbd3b6e264ca822,2026-03-10,SH601390,-0.022291654720902443,,,
EXP_XGBModel_Alpha158_csi300_expanding_step40_s_20260111_00,2f2d4eb181db4668bdbd3b6e264ca822,2026-03-10,SH601398,0.07915987819433212,,,
EXP_XGBModel_Alpha158_csi300_expanding_step40_s_20260111_00,2f2d4eb181db4668bdbd3b6e264ca822,2026-03-10,SH601456,-0.024746214970946312,,,
EXP_XGBModel_Alpha158_csi300_expanding_step40_s_20260111_00,2f2d4eb181db4668bdbd3b6e264ca822,2026-03-10,SH601600,-0.12282976508140564,,,
EXP_XGBModel_Alpha158_csi300_expanding_step40_s_20260111_00,2f2d4eb181db4668bdbd3b6e264ca822,2026-03-10,SH601601,0.00222321436740458,,,
EXP_XGBModel_Alpha158_csi300_expanding_step40_s_20260111_00,2f2d4eb181db4668bdbd3b6e264ca822,2026-03-10,SH601607,-0.011106820777058601,,,
EXP_XGBModel_Alpha158_csi300_expanding_step40_s_20260111_00,2f2d4eb181db4668bdbd3b6e264ca822,2026-03-10,SH601618,-0.0014501102268695831,,,
EXP_XGBModel_Alpha158_csi300_expanding_step40_s_20260111_00,2f2d4eb181db4668bdbd3b6e264ca822,2026-03-10,SH601628,0.039356768131256104,,,
EXP_XGBModel_Alpha158_csi300_expanding_step40_s_20260111_00,2f2d4eb181db4668bdbd3b6e264ca822,2026-03-10,SH601633,0.05247513949871063,,,
EXP_XGBModel_Alpha158_csi300_expanding_step40_s_20260111_00,2f2d4eb181db4668bdbd3b6e264ca822,2026-03-10,SH601658,0.04524152725934982,,,
EXP_XGBModel_Alpha158_csi300_expanding_step40_s_20260111_00,2f2d4eb181db4668bdbd3b6e264ca822,2026-03-10,SH601668,0.04580340161919594,,,
EXP_XGBModel_Alpha158_csi300_expanding_step40_s_20260111_00,2f2d4eb181db4668bdbd3b6e264ca822,2026-03-10,SH601669,-0.11640319228172302,,,
EXP_XGBModel_Alpha158_csi300_expanding_step40_s_20260111_00,2f2d4eb181db4668bdbd3b6e264ca822,2026-03-10,SH601688,0.01023026742041111,,,
EXP_XGBModel_Alpha158_csi300_expanding_step40_s_20260111_00,2f2d4eb181db4668bdbd3b6e264ca822,2026-03-10,SH601689,-0.0056451293639838696,,,
EXP_XGBModel_Alpha158_csi300_expanding_step40_s_20260111_00,2f2d4eb181db4668bdbd3b6e264ca822,2026-03-10,SH601698,0.03716036304831505,,,
EXP_XGBModel_Alpha158_csi300_expanding_step40_s_20260111_00,2f2d4eb181db4668bdbd3b6e264ca822,2026-03-10,SH601360,0.11550356447696686,,,
EXP_XGBModel_Alpha158_csi300_expanding_step40_s_20260111_00,2f2d4eb181db4668bdbd3b6e264ca822,2026-03-10,SH600926,0.052657391875982285,,,
EXP_XGBModel_Alpha158_csi300_expanding_step40_s_20260111_00,2f2d4eb181db4668bdbd3b6e264ca822,2026-03-10,SH600919,0.06263730674982071,,,
EXP_XGBModel_Alpha158_csi300_expanding_step40_s_20260111_00,2f2d4eb181db4668bdbd3b6e264ca822,2026-03-10,SH600918,-0.05156790092587471,,,
EXP_XGBModel_Alpha158_csi300_expanding_step40_s_20260111_00,2f2d4eb181db4668bdbd3b6e264ca822,2026-03-10,SH600066,-0.0729580670595169,,,
EXP_XGBModel_Alpha158_csi300_expanding_step40_s_20260111_00,2f2d4eb181db4668bdbd3b6e264ca822,2026-03-10,SH600085,0.012066313996911049,,,
EXP_XGBModel_Alpha158_csi300_expanding_step40_s_20260111_00,2f2d4eb181db4668bdbd3b6e264ca822,2026-03-10,SH600089,0.04083028435707092,,,
EXP_XGBModel_Alpha158_csi300_expanding_step40_s_20260111_00,2f2d4eb181db4668bdbd3b6e264ca822,2026-03-10,SH600104,0.0442802719771862,,,
EXP_XGBModel_Alpha158_csi300_expanding_step40_s_20260111_00,2f2d4eb181db4668bdbd3b6e264ca822,2026-03-10,SH600111,-0.014348350465297699,,,
EXP_XGBModel_Alpha158_csi300_expanding_step40_s_20260111_00,2f2d4eb181db4668bdbd3b6e264ca822,2026-03-10,SH600115,0.2629292905330658,,,
EXP_XGBModel_Alpha158_csi300_expanding_step40_s_20260111_00,2f2d4eb181db4668bdbd3b6e264ca822,2026-03-10,SH600061,-0.026251045987010002,,,
EXP_XGBModel_Alpha158_csi300_expanding_step40_s_20260111_00,2f2d4eb181db4668bdbd3b6e264ca822,2026-03-10,SH600150,0.15530724823474884,,,
EXP_XGBModel_Alpha158_csi300_expanding_step40_s_20260111_00,2f2d4eb181db4668bdbd3b6e264ca822,2026-03-10,SH600161,-0.004079193342477083,,,
EXP_XGBModel_Alpha158_csi300_expanding_step40_s_20260111_00,2f2d4eb181db4668bdbd3b6e264ca822,2026-03-10,SH600176,-0.17261525988578796,,,
EXP_XGBModel_Alpha158_csi300_expanding_step40_s_20260111_00,2f2d4eb181db4668bdbd3b6e264ca822,2026-03-10,SH600183,0.10532993823289871,,,
EXP_XGBModel_Alpha158_csi300_expanding_step40_s_20260111_00,2f2d4eb181db4668bdbd3b6e264ca822,2026-03-10,SH600188,-0.06769990175962448,,,
EXP_XGBModel_Alpha158_csi300_expanding_step40_s_20260111_00,2f2d4eb181db4668bdbd3b6e264ca822,2026-03-10,SH600196,-0.022683992981910706,,,
EXP_XGBModel_Alpha158_csi300_expanding_step40_s_20260111_00,2f2d4eb181db4668bdbd3b6e264ca822,2026-03-10,SH600219,-0.0002563795424066484,,,
EXP_XGBModel_Alpha158_csi300_expanding_step40_s_20260111_00,2f2d4eb181db4668bdbd3b6e264ca822,2026-03-10,SH600160,0.06736818701028824,,,
EXP_XGBModel_Alpha158_csi300_expanding_step40_s_20260111_00,2f2d4eb181db4668bdbd3b6e264ca822,2026-03-10,SH600050,0.01201521698385477,,,
EXP_XGBModel_Alpha158_csi300_expanding_step40_s_20260111_00,2f2d4eb181db4668bdbd3b6e264ca822,2026-03-10,SH600048,-0.024987341836094856,,,
EXP_XGBModel_Alpha158_csi300_expanding_step40_s_20260111_00,2f2d4eb181db4668bdbd3b6e264ca822,2026-03-10,SH600039,0.11706427484750748,,,
EXP_XGBModel_Alpha158_csi300_expanding_step40_s_20260111_00,2f2d4eb181db4668bdbd3b6e264ca822,2026-03-10,SH600010,0.07574620097875595,,,
EXP_XGBModel_Alpha158_csi300_expanding_step40_s_20260111_00,2f2d4eb181db4668bdbd3b6e264ca822,2026-03-10,SH600011,0.07583775371313095,,,
EXP_XGBModel_Alpha158_csi300_expanding_step40_s_20260111_00,2f2d4eb181db4668bdbd3b6e264ca822,2026-03-10,SH600015,0.013382541947066784,,,
EXP_XGBModel_Alpha158_csi300_expanding_step40_s_20260111_00,2f2d4eb181db4668bdbd3b6e264ca822,2026-03-10,SH600016,0.12342528253793716,,,
EXP_XGBModel_Alpha158_csi300_expanding_step40_s_20260111_00,2f2d4eb181db4668bdbd3b6e264ca822,2026-03-10,SH600018,0.06867121905088425,,,
EXP_XGBModel_Alpha158_csi300_expanding_step40_s_20260111_00,2f2d4eb181db4668bdbd3b6e264ca822,2026-03-10,SH600019,-0.039825014770030975,,,
EXP_XGBModel_Alpha158_csi300_expanding_step40_s_20260111_00,2f2d4eb181db4668bdbd3b6e264ca822,2026-03-10,SH600023,0.18573534488677979,,,
EXP_XGBModel_Alpha158_csi300_expanding_step40_s_20260111_00,2f2d4eb181db4668bdbd3b6e264ca822,2026-03-10,SH600025,0.035770878195762634,,,
EXP_XGBModel_Alpha158_csi300_expanding_step40_s_20260111_00,2f2d4eb181db4668bdbd3b6e264ca822,2026-03-10,SH600026,-0.33403459191322327,,,
EXP_XGBModel_Alpha158_csi300_expanding_step40_s_20260111_00,2f2d4eb181db4668bdbd3b6e264ca822,2026-03-10,SH600027,0.14863505959510803,,,
EXP_XGBModel_Alpha158_csi300_expanding_step40_s_20260111_00,2f2d4eb181db4668bdbd3b6e264ca822,2026-03-10,SH600028,-0.07108082622289658,,,
EXP_XGBModel_Alpha158_csi300_expanding_step40_s_20260111_00,2f2d4eb181db4668bdbd3b6e264ca822,2026-03-10,SH600029,0.21351389586925507,,,
EXP_XGBModel_Alpha158_csi300_expanding_step40_s_20260111_00,2f2d4eb181db4668bdbd3b6e264ca822,2026-03-10,SH600030,0.008238298818469048,,,
EXP_XGBModel_Alpha158_csi300_expanding_step40_s_20260111_00,2f2d4eb181db4668bdbd3b6e264ca822,2026-03-10,SH600031,0.05743640288710594,,,
EXP_XGBModel_Alpha158_csi300_expanding_step40_s_20260111_00,2f2d4eb181db4668bdbd3b6e264ca822,2026-03-10,SH600036,0.037626128643751144,,,
EXP_XGBModel_Alpha158_csi300_expanding_step40_s_20260111_00,2f2d4eb181db4668bdbd3b6e264ca822,2026-03-10,SH600233,0.026265088468790054,,,
EXP_XGBModel_Alpha158_csi300_expanding_step40_s_20260111_00,2f2d4eb181db4668bdbd3b6e264ca822,2026-03-10,SH600276,-0.08091095834970474,,,
EXP_XGBModel_Alpha158_csi300_expanding_step40_s_20260111_00,2f2d4eb181db4668bdbd3b6e264ca822,2026-03-10,SH600309,-0.0045253075659275055,,,
EXP_XGBModel_Alpha158_csi300_expanding_step40_s_20260111_00,2f2d4eb181db4668bdbd3b6e264ca822,2026-03-10,SH600346,0.11140018701553345,,,
EXP_XGBModel_Alpha158_csi300_expanding_step40_s_20260111_00,2f2d4eb181db4668bdbd3b6e264ca822,2026-03-10,SH600660,0.0588814802467823,,,
EXP_XGBModel_Alpha158_csi300_expanding_step40_s_20260111_00,2f2d4eb181db4668bdbd3b6e264ca822,2026-03-10,SH600674,-0.15742719173431396,,,
EXP_XGBModel_Alpha158_csi300_expanding_step40_s_20260111_00,2f2d4eb181db4668bdbd3b6e264ca822,2026-03-10,SH600690,-0.003043851349502802,,,
EXP_XGBModel_Alpha158_csi300_expanding_step40_s_20260111_00,2f2d4eb181db4668bdbd3b6e264ca822,2026-03-10,SH600741,0.03625686094164848,,,
EXP_XGBModel_Alpha158_csi300_expanding_step40_s_20260111_00,2f2d4eb181db4668bdbd3b6e264ca822,2026-03-10,SH600760,-0.03460918739438057,,,
EXP_XGBModel_Alpha158_csi300_expanding_step40_s_20260111_00,2f2d4eb181db4668bdbd3b6e264ca822,2026-03-10,SH600795,-0.028532646596431732,,,
EXP_XGBModel_Alpha158_csi300_expanding_step40_s_20260111_00,2f2d4eb181db4668bdbd3b6e264ca822,2026-03-10,SH600803,-0.1741407960653305,,,
EXP_XGBModel_Alpha158_csi300_expanding_step40_s_20260111_00,2f2d4eb181db4668bdbd3b6e264ca822,2026-03-10,SH600809,-0.049362245947122574,,,
EXP_XGBModel_Alpha158_csi300_expanding_step40_s_20260111_00,2f2d4eb181db4668bdbd3b6e264ca822,2026-03-10,SH600845,-0.0034683921840041876,,,
EXP_XGBModel_Alpha158_csi300_expanding_step40_s_20260111_00,2f2d4eb181db4668bdbd3b6e264ca822,2026-03-10,SH600875,-0.22722847759723663,,,
EXP_XGBModel_Alpha158_csi300_expanding_step40_s_20260111_00,2f2d4eb181db4668bdbd3b6e264ca822,2026-03-10,SH600886,0.019323663786053658,,,
EXP_XGBModel_Alpha158_csi300_expanding_step40_s_20260111_00,2f2d4eb181db4668bdbd3b6e264ca822,2026-03-10,SH600887,0.020192762836813927,,,
EXP_XGBModel_Alpha158_csi300_expanding_step40_s_20260111_00,2f2d4eb181db4668bdbd3b6e264ca822,2026-03-10,SH600893,-0.03934090584516525,,,
EXP_XGBModel_Alpha158_csi300_expanding_step40_s_20260111_00,2f2d4eb181db4668bdbd3b6e264ca822,2026-03-10,SH600900,0.06321955472230911,,,
EXP_XGBModel_Alpha158_csi300_expanding_step40_s_20260111_00,2f2d4eb181db4668bdbd3b6e264ca822,2026-03-10,SH600905,-0.15330199897289276,,,
EXP_XGBModel_Alpha158_csi300_expanding_step40_s_20260111_00,2f2d4eb181db4668bdbd3b6e264ca822,2026-03-10,SH600600,0.07096520066261292,,,
EXP_XGBModel_Alpha158_csi300_expanding_step40_s_20260111_00,2f2d4eb181db4668bdbd3b6e264ca822,2026-03-10,SH601901,-0.002849375596269965,,,
EXP_XGBModel_Alpha158_csi300_expanding_step40_s_20260111_00,2f2d4eb181db4668bdbd3b6e264ca822,2026-03-10,SH600588,-0.018107401207089424,,,
EXP_XGBModel_Alpha158_csi300_expanding_step40_s_20260111_00,2f2d4eb181db4668bdbd3b6e264ca822,2026-03-10,SH600584,0.00600431440398097,,,
EXP_XGBModel_Alpha158_csi300_expanding_step40_s_20260111_00,2f2d4eb181db4668bdbd3b6e264ca822,2026-03-10,SH600362,0.03220688924193382,,,
EXP_XGBModel_Alpha158_csi300_expanding_step40_s_20260111_00,2f2d4eb181db4668bdbd3b6e264ca822,2026-03-10,SH600372,-0.05466188117861748,,,
EXP_XGBModel_Alpha158_csi300_expanding_step40_s_20260111_00,2f2d4eb181db4668bdbd3b6e264ca822,2026-03-10,SH600377,0.024997927248477936,,,
EXP_XGBModel_Alpha158_csi300_expanding_step40_s_20260111_00,2f2d4eb181db4668bdbd3b6e264ca822,2026-03-10,SH600406,-0.011315066367387772,,,
EXP_XGBModel_Alpha158_csi300_expanding_step40_s_20260111_00,2f2d4eb181db4668bdbd3b6e264ca822,2026-03-10,SH600415,-0.07016577571630478,,,
EXP_XGBModel_Alpha158_csi300_expanding_step40_s_20260111_00,2f2d4eb181db4668bdbd3b6e264ca822,2026-03-10,SH600426,0.08330900967121124,,,
EXP_XGBModel_Alpha158_csi300_expanding_step40_s_20260111_00,2f2d4eb181db4668bdbd3b6e264ca822,2026-03-10,SH600436,-0.06381484121084213,,,
EXP_XGBModel_Alpha158_csi300_expanding_step40_s_20260111_00,2f2d4eb181db4668bdbd3b6e264ca822,2026-03-10,SH600460,-0.04645536467432976,,,
EXP_XGBModel_Alpha158_csi300_expanding_step40_s_20260111_00,2f2d4eb181db4668bdbd3b6e264ca822,2026-03-10,SH600482,-0.0018837088719010353,,,
EXP_XGBModel_Alpha158_csi300_expanding_step40_s_20260111_00,2f2d4eb181db4668bdbd3b6e264ca822,2026-03-10,SH600489,-0.11377348750829697,,,
EXP_XGBModel_Alpha158_csi300_expanding_step40_s_20260111_00,2f2d4eb181db4668bdbd3b6e264ca822,2026-03-10,SH600515,0.06639207154512405,,,
EXP_XGBModel_Alpha158_csi300_expanding_step40_s_20260111_00,2f2d4eb181db4668bdbd3b6e264ca822,2026-03-10,SH600519,0.010718819685280323,,,
EXP_XGBModel_Alpha158_csi300_expanding_step40_s_20260111_00,2f2d4eb181db4668bdbd3b6e264ca822,2026-03-10,SH600522,-0.2840594947338104,,,
EXP_XGBModel_Alpha158_csi300_expanding_step40_s_20260111_00,2f2d4eb181db4668bdbd3b6e264ca822,2026-03-10,SH600547,-0.13694550096988678,,,
EXP_XGBModel_Alpha158_csi300_expanding_step40_s_20260111_00,2f2d4eb181db4668bdbd3b6e264ca822,2026-03-10,SH600570,-0.03406963497400284,,,
EXP_XGBModel_Alpha158_csi300_expanding_step40_s_20260111_00,2f2d4eb181db4668bdbd3b6e264ca822,2026-03-10,SH600585,-0.00024452124489471316,,,
EXP_XGBModel_Alpha158_csi300_expanding_step40_s_20260111_00,2f2d4eb181db4668bdbd3b6e264ca822,2026-03-10,SH601916,-0.0022043937351554632,,,
EXP_XGBModel_Alpha158_csi300_expanding_step40_s_20260111_00,2f2d4eb181db4668bdbd3b6e264ca822,2026-03-10,SH601919,0.03943576663732529,,,
EXP_XGBModel_Alpha158_csi300_expanding_step40_s_20260111_00,2f2d4eb181db4668bdbd3b6e264ca822,2026-03-10,SH601939,0.09863565117120743,,,
EXP_XGBModel_Alpha158_csi300_expanding_step40_s_20260111_00,2f2d4eb181db4668bdbd3b6e264ca822,2026-03-10,SZ002422,-0.07470562309026718,,,
EXP_XGBModel_Alpha158_csi300_expanding_step40_s_20260111_00,2f2d4eb181db4668bdbd3b6e264ca822,2026-03-10,SZ002459,-0.063837930560112,,,
EXP_XGBModel_Alpha158_csi300_expanding_step40_s_20260111_00,2f2d4eb181db4668bdbd3b6e264ca822,2026-03-10,SZ002460,-0.03488803654909134,,,
EXP_XGBModel_Alpha158_csi300_expanding_step40_s_20260111_00,2f2d4eb181db4668bdbd3b6e264ca822,2026-03-10,SZ002463,0.01955571211874485,,,
EXP_XGBModel_Alpha158_csi300_expanding_step40_s_20260111_00,2f2d4eb181db4668bdbd3b6e264ca822,2026-03-10,SZ002466,-0.07695721089839935,,,
EXP_XGBModel_Alpha158_csi300_expanding_step40_s_20260111_00,2f2d4eb181db4668bdbd3b6e264ca822,2026-03-10,SZ002475,-0.047887299209833145,,,
EXP_XGBModel_Alpha158_csi300_expanding_step40_s_20260111_00,2f2d4eb181db4668bdbd3b6e264ca822,2026-03-10,SZ002415,-0.030946310609579086,,,
EXP_XGBModel_Alpha158_csi300_expanding_step40_s_20260111_00,2f2d4eb181db4668bdbd3b6e264ca822,2026-03-10,SZ002493,0.021094052121043205,,,
EXP_XGBModel_Alpha158_csi300_expanding_step40_s_20260111_00,2f2d4eb181db4668bdbd3b6e264ca822,2026-03-10,SZ002600,-0.006113016977906227,,,
EXP_XGBModel_Alpha158_csi300_expanding_step40_s_20260111_00,2f2d4eb181db4668bdbd3b6e264ca822,2026-03-10,SZ002601,0.03242168575525284,,,
EXP_XGBModel_Alpha158_csi300_expanding_step40_s_20260111_00,2f2d4eb181db4668bdbd3b6e264ca822,2026-03-10,SZ002625,0.011796992272138596,,,
EXP_XGBModel_Alpha158_csi300_expanding_step40_s_20260111_00,2f2d4eb181db4668bdbd3b6e264ca822,2026-03-10,SZ002648,-0.19177885353565216,,,
EXP_XGBModel_Alpha158_csi300_expanding_step40_s_20260111_00,2f2d4eb181db4668bdbd3b6e264ca822,2026-03-10,SZ002709,0.19301949441432953,,,
EXP_XGBModel_Alpha158_csi300_expanding_step40_s_20260111_00,2f2d4eb181db4668bdbd3b6e264ca822,2026-03-10,SZ002714,0.02961648628115654,,,
EXP_XGBModel_Alpha158_csi300_expanding_step40_s_20260111_00,2f2d4eb181db4668bdbd3b6e264ca822,2026-03-10,SZ002594,-0.00970542710274458,,,
EXP_XGBModel_Alpha158_csi300_expanding_step40_s_20260111_00,2f2d4eb181db4668bdbd3b6e264ca822,2026-03-10,SZ002384,-0.03274679183959961,,,
EXP_XGBModel_Alpha158_csi300_expanding_step40_s_20260111_00,2f2d4eb181db4668bdbd3b6e264ca822,2026-03-10,SZ002371,0.05417637899518013,,,
EXP_XGBModel_Alpha158_csi300_expanding_step40_s_20260111_00,2f2d4eb181db4668bdbd3b6e264ca822,2026-03-10,SZ002352,0.0021280276123434305,,,
EXP_XGBModel_Alpha158_csi300_expanding_step40_s_20260111_00,2f2d4eb181db4668bdbd3b6e264ca822,2026-03-10,SZ001979,-0.006847947370260954,,,
EXP_XGBModel_Alpha158_csi300_expanding_step40_s_20260111_00,2f2d4eb181db4668bdbd3b6e264ca822,2026-03-10,SZ002001,-0.1794130653142929,,,
EXP_XGBModel_Alpha158_csi300_expanding_step40_s_20260111_00,2f2d4eb181db4668bdbd3b6e264ca822,2026-03-10,SZ002027,0.019511697813868523,,,
EXP_XGBModel_Alpha158_csi300_expanding_step40_s_20260111_00,2f2d4eb181db4668bdbd3b6e264ca822,2026-03-10,SZ002028,0.040471259504556656,,,
EXP_XGBModel_Alpha158_csi300_expanding_step40_s_20260111_00,2f2d4eb181db4668bdbd3b6e264ca822,2026-03-10,SZ002049,0.006990464869886637,,,
EXP_XGBModel_Alpha158_csi300_expanding_step40_s_20260111_00,2f2d4eb181db4668bdbd3b6e264ca822,2026-03-10,SZ002050,-0.010953504592180252,,,
EXP_XGBModel_Alpha158_csi300_expanding_step40_s_20260111_00,2f2d4eb181db4668bdbd3b6e264ca822,2026-03-10,SZ002074,0.03709635138511658,,,
EXP_XGBModel_Alpha158_csi300_expanding_step40_s_20260111_00,2f2d4eb181db4668bdbd3b6e264ca822,2026-03-10,SZ002142,0.014403539709746838,,,
EXP_XGBModel_Alpha158_csi300_expanding_step40_s_20260111_00,2f2d4eb181db4668bdbd3b6e264ca822,2026-03-10,SZ002179,0.04425369203090668,,,
EXP_XGBModel_Alpha158_csi300_expanding_step40_s_20260111_00,2f2d4eb181db4668bdbd3b6e264ca822,2026-03-10,SZ002230,-0.03779059648513794,,,
EXP_XGBModel_Alpha158_csi300_expanding_step40_s_20260111_00,2f2d4eb181db4668bdbd3b6e264ca822,2026-03-10,SZ002236,-0.03179090842604637,,,
EXP_XGBModel_Alpha158_csi300_expanding_step40_s_20260111_00,2f2d4eb181db4668bdbd3b6e264ca822,2026-03-10,SZ002241,-0.0038649754133075476,,,
EXP_XGBModel_Alpha158_csi300_expanding_step40_s_20260111_00,2f2d4eb181db4668bdbd3b6e264ca822,2026-03-10,SZ002252,0.021006228402256966,,,
EXP_XGBModel_Alpha158_csi300_expanding_step40_s_20260111_00,2f2d4eb181db4668bdbd3b6e264ca822,2026-03-10,SZ002304,-0.08742930740118027,,,
EXP_XGBModel_Alpha158_csi300_expanding_step40_s_20260111_00,2f2d4eb181db4668bdbd3b6e264ca822,2026-03-10,SZ002311,-0.0015437606489285827,,,
EXP_XGBModel_Alpha158_csi300_expanding_step40_s_20260111_00,2f2d4eb181db4668bdbd3b6e264ca822,2026-03-10,SZ002736,0.00896340049803257,,,
EXP_XGBModel_Alpha158_csi300_expanding_step40_s_20260111_00,2f2d4eb181db4668bdbd3b6e264ca822,2026-03-10,SZ002916,0.017657021060585976,,,
EXP_XGBModel_Alpha158_csi300_expanding_step40_s_20260111_00,2f2d4eb181db4668bdbd3b6e264ca822,2026-03-10,SZ002920,0.02493262104690075,,,
EXP_XGBModel_Alpha158_csi300_expanding_step40_s_20260111_00,2f2d4eb181db4668bdbd3b6e264ca822,2026-03-10,SZ002938,0.017617881298065186,,,
EXP_XGBModel_Alpha158_csi300_expanding_step40_s_20260111_00,2f2d4eb181db4668bdbd3b6e264ca822,2026-03-10,SZ300498,-0.023129161447286606,,,
EXP_XGBModel_Alpha158_csi300_expanding_step40_s_20260111_00,2f2d4eb181db4668bdbd3b6e264ca822,2026-03-10,SZ300502,-0.05961962789297104,,,
EXP_XGBModel_Alpha158_csi300_expanding_step40_s_20260111_00,2f2d4eb181db4668bdbd3b6e264ca822,2026-03-10,SZ300628,0.03199523687362671,,,
EXP_XGBModel_Alpha158_csi300_expanding_step40_s_20260111_00,2f2d4eb181db4668bdbd3b6e264ca822,2026-03-10,SZ300661,0.20503811538219452,,,
EXP_XGBModel_Alpha158_csi300_expanding_step40_s_20260111_00,2f2d4eb181db4668bdbd3b6e264ca822,2026-03-10,SZ300750,0.1153760552406311,,,
EXP_XGBModel_Alpha158_csi300_expanding_step40_s_20260111_00,2f2d4eb181db4668bdbd3b6e264ca822,2026-03-10,SZ300759,-0.035220466554164886,,,
EXP_XGBModel_Alpha158_csi300_expanding_step40_s_20260111_00,2f2d4eb181db4668bdbd3b6e264ca822,2026-03-10,SZ300760,-0.048584215342998505,,,
EXP_XGBModel_Alpha158_csi300_expanding_step40_s_20260111_00,2f2d4eb181db4668bdbd3b6e264ca822,2026-03-10,SZ300782,-0.047641873359680176,,,
EXP_XGBModel_Alpha158_csi300_expanding_step40_s_20260111_00,2f2d4eb181db4668bdbd3b6e264ca822,2026-03-10,SZ300803,0.05089721828699112,,,
EXP_XGBModel_Alpha158_csi300_expanding_step40_s_20260111_00,2f2d4eb181db4668bdbd3b6e264ca822,2026-03-10,SZ300832,-0.06542430818080902,,,
EXP_XGBModel_Alpha158_csi300_expanding_step40_s_20260111_00,2f2d4eb181db4668bdbd3b6e264ca822,2026-03-10,SZ300866,0.0072334143333137035,,,
EXP_XGBModel_Alpha158_csi300_expanding_step40_s_20260111_00,2f2d4eb181db4668bdbd3b6e264ca822,2026-03-10,SZ300896,-0.03472477197647095,,,
EXP_XGBModel_Alpha158_csi300_expanding_step40_s_20260111_00,2f2d4eb181db4668bdbd3b6e264ca822,2026-03-10,SZ300979,0.016010666266083717,,,
EXP_XGBModel_Alpha158_csi300_expanding_step40_s_20260111_00,2f2d4eb181db4668bdbd3b6e264ca822,2026-03-10,SZ300999,0.2456100434064865,,,
EXP_XGBModel_Alpha158_csi300_expanding_step40_s_20260111_00,2f2d4eb181db4668bdbd3b6e264ca822,2026-03-10,SZ301236,0.012301466427743435,,,
EXP_XGBModel_Alpha158_csi300_expanding_step40_s_20260111_00,2f2d4eb181db4668bdbd3b6e264ca822,2026-03-10,SZ300476,-0.05495551601052284,,,
EXP_XGBModel_Alpha158_csi300_expanding_step40_s_20260111_00,2f2d4eb181db4668bdbd3b6e264ca822,2026-03-10,SZ001965,0.04881555587053299,,,
EXP_XGBModel_Alpha158_csi300_expanding_step40_s_20260111_00,2f2d4eb181db4668bdbd3b6e264ca822,2026-03-10,SZ300442,-0.20219677686691284,,,
EXP_XGBModel_Alpha158_csi300_expanding_step40_s_20260111_00,2f2d4eb181db4668bdbd3b6e264ca822,2026-03-10,SZ300418,0.06186140701174736,,,
EXP_XGBModel_Alpha158_csi300_expanding_step40_s_20260111_00,2f2d4eb181db4668bdbd3b6e264ca822,2026-03-10,SZ003816,-0.033665645867586136,,,
EXP_XGBModel_Alpha158_csi300_expanding_step40_s_20260111_00,2f2d4eb181db4668bdbd3b6e264ca822,2026-03-10,SZ300014,0.004667061846703291,,,
EXP_XGBModel_Alpha158_csi300_expanding_step40_s_20260111_00,2f2d4eb181db4668bdbd3b6e264ca822,2026-03-10,SZ300015,-0.03137372061610222,,,
EXP_XGBModel_Alpha158_csi300_expanding_step40_s_20260111_00,2f2d4eb181db4668bdbd3b6e264ca822,2026-03-10,SZ300033,0.008800272829830647,,,
EXP_XGBModel_Alpha158_csi300_expanding_step40_s_20260111_00,2f2d4eb181db4668bdbd3b6e264ca822,2026-03-10,SZ300059,-0.01804737001657486,,,
EXP_XGBModel_Alpha158_csi300_expanding_step40_s_20260111_00,2f2d4eb181db4668bdbd3b6e264ca822,2026-03-10,SZ300122,-0.05889387056231499,,,
EXP_XGBModel_Alpha158_csi300_expanding_step40_s_20260111_00,2f2d4eb181db4668bdbd3b6e264ca822,2026-03-10,SZ300124,-0.023972265422344208,,,
EXP_XGBModel_Alpha158_csi300_expanding_step40_s_20260111_00,2f2d4eb181db4668bdbd3b6e264ca822,2026-03-10,SZ300251,0.11819033324718475,,,
EXP_XGBModel_Alpha158_csi300_expanding_step40_s_20260111_00,2f2d4eb181db4668bdbd3b6e264ca822,2026-03-10,SZ300274,0.037257734686136246,,,
EXP_XGBModel_Alpha158_csi300_expanding_step40_s_20260111_00,2f2d4eb181db4668bdbd3b6e264ca822,2026-03-10,SZ300308,0.028776133432984352,,,
EXP_XGBModel_Alpha158_csi300_expanding_step40_s_20260111_00,2f2d4eb181db4668bdbd3b6e264ca822,2026-03-10,SZ300316,-0.10375051945447922,,,
EXP_XGBModel_Alpha158_csi300_expanding_step40_s_20260111_00,2f2d4eb181db4668bdbd3b6e264ca822,2026-03-10,SZ300347,-0.03362712636590004,,,
EXP_XGBModel_Alpha158_csi300_expanding_step40_s_20260111_00,2f2d4eb181db4668bdbd3b6e264ca822,2026-03-10,SZ300394,-0.02380867674946785,,,
EXP_XGBModel_Alpha158_csi300_expanding_step40_s_20260111_00,2f2d4eb181db4668bdbd3b6e264ca822,2026-03-10,SZ300408,-0.02428331971168518,,,
EXP_XGBModel_Alpha158_csi300_expanding_step40_s_20260111_00,2f2d4eb181db4668bdbd3b6e264ca822,2026-03-10,SZ300413,0.00531444838270545,,,
EXP_XGBModel_Alpha158_csi300_expanding_step40_s_20260111_00,2f2d4eb181db4668bdbd3b6e264ca822,2026-03-10,SZ300433,-0.011706549674272537,,,
EXP_XGBModel_Alpha158_csi300_expanding_step40_s_20260111_00,2f2d4eb181db4668bdbd3b6e264ca822,2026-03-10,SH600009,0.007662837393581867,,,
EXP_XGBModel_Alpha158_csi300_expanding_step40_s_20260111_00,2f2d4eb181db4668bdbd3b6e264ca822,2026-03-10,SZ001391,0.022071829065680504,,,
EXP_XGBModel_Alpha158_csi300_expanding_step40_s_20260111_00,2f2d4eb181db4668bdbd3b6e264ca822,2026-03-10,SZ000983,-0.04089393839240074,,,
EXP_XGBModel_Alpha158_csi300_expanding_step40_s_20260111_00,2f2d4eb181db4668bdbd3b6e264ca822,2026-03-10,SH688008,-0.06943826377391815,,,
EXP_XGBModel_Alpha158_csi300_expanding_step40_s_20260111_00,2f2d4eb181db4668bdbd3b6e264ca822,2026-03-10,SH688009,-0.1440228819847107,,,
EXP_XGBModel_Alpha158_csi300_expanding_step40_s_20260111_00,2f2d4eb181db4668bdbd3b6e264ca822,2026-03-10,SH688012,0.1276572048664093,,,
EXP_XGBModel_Alpha158_csi300_expanding_step40_s_20260111_00,2f2d4eb181db4668bdbd3b6e264ca822,2026-03-10,SH688036,-0.04901735484600067,,,
EXP_XGBModel_Alpha158_csi300_expanding_step40_s_20260111_00,2f2d4eb181db4668bdbd3b6e264ca822,2026-03-10,SH688041,-0.07412005215883255,,,
EXP_XGBModel_Alpha158_csi300_expanding_step40_s_20260111_00,2f2d4eb181db4668bdbd3b6e264ca822,2026-03-10,SH688047,-0.10415223985910416,,,
EXP_XGBModel_Alpha158_csi300_expanding_step40_s_20260111_00,2f2d4eb181db4668bdbd3b6e264ca822,2026-03-10,SH605499,-0.05084499344229698,,,
EXP_XGBModel_Alpha158_csi300_expanding_step40_s_20260111_00,2f2d4eb181db4668bdbd3b6e264ca822,2026-03-10,SH688082,0.03827042505145073,,,
EXP_XGBModel_Alpha158_csi300_expanding_step40_s_20260111_00,2f2d4eb181db4668bdbd3b6e264ca822,2026-03-10,SH688126,0.021817469969391823,,,
EXP_XGBModel_Alpha158_csi300_expanding_step40_s_20260111_00,2f2d4eb181db4668bdbd3b6e264ca822,2026-03-10,SH688169,0.01562502048909664,,,
EXP_XGBModel_Alpha158_csi300_expanding_step40_s_20260111_00,2f2d4eb181db4668bdbd3b6e264ca822,2026-03-10,SH688187,-5.9391852119006217e-05,,,
EXP_XGBModel_Alpha158_csi300_expanding_step40_s_20260111_00,2f2d4eb181db4668bdbd3b6e264ca822,2026-03-10,SH688223,-0.17123588919639587,,,
EXP_XGBModel_Alpha158_csi300_expanding_step40_s_20260111_00,2f2d4eb181db4668bdbd3b6e264ca822,2026-03-10,SH688256,-0.05716290324926376,,,
EXP_XGBModel_Alpha158_csi300_expanding_step40_s_20260111_00,2f2d4eb181db4668bdbd3b6e264ca822,2026-03-10,SH688271,-0.0023317018058151007,,,
EXP_XGBModel_Alpha158_csi300_expanding_step40_s_20260111_00,2f2d4eb181db4668bdbd3b6e264ca822,2026-03-10,SH688111,0.1206313818693161,,,
EXP_XGBModel_Alpha158_csi300_expanding_step40_s_20260111_00,2f2d4eb181db4668bdbd3b6e264ca822,2026-03-10,SH605117,0.07332570105791092,,,
EXP_XGBModel_Alpha158_csi300_expanding_step40_s_20260111_00,2f2d4eb181db4668bdbd3b6e264ca822,2026-03-10,SH603993,0.017177045345306396,,,
EXP_XGBModel_Alpha158_csi300_expanding_step40_s_20260111_00,2f2d4eb181db4668bdbd3b6e264ca822,2026-03-10,SH603986,-0.07368658483028412,,,
EXP_XGBModel_Alpha158_csi300_expanding_step40_s_20260111_00,2f2d4eb181db4668bdbd3b6e264ca822,2026-03-10,SH601985,-0.013223023153841496,,,
EXP_XGBModel_Alpha158_csi300_expanding_step40_s_20260111_00,2f2d4eb181db4668bdbd3b6e264ca822,2026-03-10,SH601988,0.05091925337910652,,,
EXP_XGBModel_Alpha158_csi300_expanding_step40_s_20260111_00,2f2d4eb181db4668bdbd3b6e264ca822,2026-03-10,SH601995,-0.019026482477784157,,,
EXP_XGBModel_Alpha158_csi300_expanding_step40_s_20260111_00,2f2d4eb181db4668bdbd3b6e264ca822,2026-03-10,SH601998,0.05683133006095886,,,
EXP_XGBModel_Alpha158_csi300_expanding_step40_s_20260111_00,2f2d4eb181db4668bdbd3b6e264ca822,2026-03-10,SH603019,-0.018901849165558815,,,
EXP_XGBModel_Alpha158_csi300_expanding_step40_s_20260111_00,2f2d4eb181db4668bdbd3b6e264ca822,2026-03-10,SH603195,0.1213655173778534,,,
EXP_XGBModel_Alpha158_csi300_expanding_step40_s_20260111_00,2f2d4eb181db4668bdbd3b6e264ca822,2026-03-10,SH603259,0.05096006765961647,,,
EXP_XGBModel_Alpha158_csi300_expanding_step40_s_20260111_00,2f2d4eb181db4668bdbd3b6e264ca822,2026-03-10,SH603260,0.006070309318602085,,,
EXP_XGBModel_Alpha158_csi300_expanding_step40_s_20260111_00,2f2d4eb181db4668bdbd3b6e264ca822,2026-03-10,SH603288,-0.009323137812316418,,,
EXP_XGBModel_Alpha158_csi300_expanding_step40_s_20260111_00,2f2d4eb181db4668bdbd3b6e264ca822,2026-03-10,SH603296,0.0552937351167202,,,
EXP_XGBModel_Alpha158_csi300_expanding_step40_s_20260111_00,2f2d4eb181db4668bdbd3b6e264ca822,2026-03-10,SH603369,-0.028010593727231026,,,
EXP_XGBModel_Alpha158_csi300_expanding_step40_s_20260111_00,2f2d4eb181db4668bdbd3b6e264ca822,2026-03-10,SH603392,-0.10325660556554794,,,
EXP_XGBModel_Alpha158_csi300_expanding_step40_s_20260111_00,2f2d4eb181db4668bdbd3b6e264ca822,2026-03-10,SH603501,0.020784268155694008,,,
EXP_XGBModel_Alpha158_csi300_expanding_step40_s_20260111_00,2f2d4eb181db4668bdbd3b6e264ca822,2026-03-10,SH603799,0.053022634238004684,,,
EXP_XGBModel_Alpha158_csi300_expanding_step40_s_20260111_00,2f2d4eb181db4668bdbd3b6e264ca822,2026-03-10,SH603893,0.037855155766010284,,,
EXP_XGBModel_Alpha158_csi300_expanding_step40_s_20260111_00,2f2d4eb181db4668bdbd3b6e264ca822,2026-03-10,SH688303,-0.07602114230394363,,,
EXP_XGBModel_Alpha158_csi300_expanding_step40_s_20260111_00,2f2d4eb181db4668bdbd3b6e264ca822,2026-03-10,SH688396,0.028482966125011444,,,
EXP_XGBModel_Alpha158_csi300_expanding_step40_s_20260111_00,2f2d4eb181db4668bdbd3b6e264ca822,2026-03-10,SH688472,-0.041892923414707184,,,
EXP_XGBModel_Alpha158_csi300_expanding_step40_s_20260111_00,2f2d4eb181db4668bdbd3b6e264ca822,2026-03-10,SH688506,-0.007677444722503424,,,
EXP_XGBModel_Alpha158_csi300_expanding_step40_s_20260111_00,2f2d4eb181db4668bdbd3b6e264ca822,2026-03-10,SZ000661,-0.1589415967464447,,,
EXP_XGBModel_Alpha158_csi300_expanding_step40_s_20260111_00,2f2d4eb181db4668bdbd3b6e264ca822,2026-03-10,SZ000708,0.036876630038022995,,,
EXP_XGBModel_Alpha158_csi300_expanding_step40_s_20260111_00,2f2d4eb181db4668bdbd3b6e264ca822,2026-03-10,SZ000725,0.019151492044329643,,,
EXP_XGBModel_Alpha158_csi300_expanding_step40_s_20260111_00,2f2d4eb181db4668bdbd3b6e264ca822,2026-03-10,SZ000768,-0.008673188276588917,,,
EXP_XGBModel_Alpha158_csi300_expanding_step40_s_20260111_00,2f2d4eb181db4668bdbd3b6e264ca822,2026-03-10,SZ000776,-0.010133111849427223,,,
EXP_XGBModel_Alpha158_csi300_expanding_step40_s_20260111_00,2f2d4eb181db4668bdbd3b6e264ca822,2026-03-10,SZ000786,0.04360148683190346,,,
EXP_XGBModel_Alpha158_csi300_expanding_step40_s_20260111_00,2f2d4eb181db4668bdbd3b6e264ca822,2026-03-10,SZ000792,-0.06877782940864563,,,
EXP_XGBModel_Alpha158_csi300_expanding_step40_s_20260111_00,2f2d4eb181db4668bdbd3b6e264ca822,2026-03-10,SZ000807,-0.06140477955341339,,,
EXP_XGBModel_Alpha158_csi300_expanding_step40_s_20260111_00,2f2d4eb181db4668bdbd3b6e264ca822,2026-03-10,SZ000858,-0.025449229404330254,,,
EXP_XGBModel_Alpha158_csi300_expanding_step40_s_20260111_00,2f2d4eb181db4668bdbd3b6e264ca822,2026-03-10,SZ000876,-0.01679356023669243,,,
EXP_XGBModel_Alpha158_csi300_expanding_step40_s_20260111_00,2f2d4eb181db4668bdbd3b6e264ca822,2026-03-10,SZ000895,0.05855149030685425,,,
EXP_XGBModel_Alpha158_csi300_expanding_step40_s_20260111_00,2f2d4eb181db4668bdbd3b6e264ca822,2026-03-10,SZ000938,-0.03542226925492287,,,
EXP_XGBModel_Alpha158_csi300_expanding_step40_s_20260111_00,2f2d4eb181db4668bdbd3b6e264ca822,2026-03-10,SZ000963,-0.02948431298136711,,,
EXP_XGBModel_Alpha158_csi300_expanding_step40_s_20260111_00,2f2d4eb181db4668bdbd3b6e264ca822,2026-03-10,SZ000975,-0.06761220842599869,,,
EXP_XGBModel_Alpha158_csi300_expanding_step40_s_20260111_00,2f2d4eb181db4668bdbd3b6e264ca822,2026-03-10,SZ000977,0.10140634328126907,,,
EXP_XGBModel_Alpha158_csi300_expanding_step40_s_20260111_00,2f2d4eb181db4668bdbd3b6e264ca822,2026-03-10,SZ000651,-0.0064164805226027966,,,
EXP_XGBModel_Alpha158_csi300_expanding_step40_s_20260111_00,2f2d4eb181db4668bdbd3b6e264ca822,2026-03-10,SZ000999,0.06117205694317818,,,
EXP_XGBModel_Alpha158_csi300_expanding_step40_s_20260111_00,2f2d4eb181db4668bdbd3b6e264ca822,2026-03-10,SZ000630,-0.035933248698711395,,,
EXP_XGBModel_Alpha158_csi300_expanding_step40_s_20260111_00,2f2d4eb181db4668bdbd3b6e264ca822,2026-03-10,SZ000617,-0.07002785056829453,,,
EXP_XGBModel_Alpha158_csi300_expanding_step40_s_20260111_00,2f2d4eb181db4668bdbd3b6e264ca822,2026-03-10,SH688981,-0.0398562066257,,,
EXP_XGBModel_Alpha158_csi300_expanding_step40_s_20260111_00,2f2d4eb181db4668bdbd3b6e264ca822,2026-03-10,SZ000001,0.017500421032309532,,,
EXP_XGBModel_Alpha158_csi300_expanding_step40_s_20260111_00,2f2d4eb181db4668bdbd3b6e264ca822,2026-03-10,SZ000002,-0.06601294875144958,,,
EXP_XGBModel_Alpha158_csi300_expanding_step40_s_20260111_00,2f2d4eb181db4668bdbd3b6e264ca822,2026-03-10,SZ000063,0.05796262249350548,,,
EXP_XGBModel_Alpha158_csi300_expanding_step40_s_20260111_00,2f2d4eb181db4668bdbd3b6e264ca822,2026-03-10,SZ000100,0.051585517823696136,,,
EXP_XGBModel_Alpha158_csi300_expanding_step40_s_20260111_00,2f2d4eb181db4668bdbd3b6e264ca822,2026-03-10,SZ000157,0.045590031892061234,,,
EXP_XGBModel_Alpha158_csi300_expanding_step40_s_20260111_00,2f2d4eb181db4668bdbd3b6e264ca822,2026-03-10,SZ000166,0.00502555537968874,,,
EXP_XGBModel_Alpha158_csi300_expanding_step40_s_20260111_00,2f2d4eb181db4668bdbd3b6e264ca822,2026-03-10,SZ000301,-0.0660296157002449,,,
EXP_XGBModel_Alpha158_csi300_expanding_step40_s_20260111_00,2f2d4eb181db4668bdbd3b6e264ca822,2026-03-10,SZ000333,0.02393943816423416,,,
EXP_XGBModel_Alpha158_csi300_expanding_step40_s_20260111_00,2f2d4eb181db4668bdbd3b6e264ca822,2026-03-10,SZ000338,-0.1823192685842514,,,
EXP_XGBModel_Alpha158_csi300_expanding_step40_s_20260111_00,2f2d4eb181db4668bdbd3b6e264ca822,2026-03-10,SZ000408,-0.04155402630567551,,,
EXP_XGBModel_Alpha158_csi300_expanding_step40_s_20260111_00,2f2d4eb181db4668bdbd3b6e264ca822,2026-03-10,SZ000425,0.053151313215494156,,,
EXP_XGBModel_Alpha158_csi300_expanding_step40_s_20260111_00,2f2d4eb181db4668bdbd3b6e264ca822,2026-03-10,SZ000538,0.03909885883331299,,,
EXP_XGBModel_Alpha158_csi300_expanding_step40_s_20260111_00,2f2d4eb181db4668bdbd3b6e264ca822,2026-03-10,SZ000568,0.009171051904559135,,,
EXP_XGBModel_Alpha158_csi300_expanding_step40_s_20260111_00,2f2d4eb181db4668bdbd3b6e264ca822,2026-03-10,SZ000596,-0.01890467293560505,,,
EXP_XGBModel_Alpha158_csi300_expanding_step40_s_20260111_00,2f2d4eb181db4668bdbd3b6e264ca822,2026-03-10,SZ000625,-0.023020051419734955,,,
EXP_XGBModel_Alpha158_csi300_sliding_step40_s_20260111_01,44df6c59b159490fa0b22d3c198cd0a9,2026-03-10,SH600000,-0.06366294622421265,,,
EXP_XGBModel_Alpha158_csi300_expanding_step40_s_20260111_00,2f2d4eb181db4668bdbd3b6e264ca822,2026-03-10,SH600000,-0.009613275527954102,,,
EXP_XGBModel_Alpha158_csi300_sliding_step40_s_20260111_01,44df6c59b159490fa0b22d3c198cd0a9,2026-03-10,SZ301269,-0.07975653558969498,,,
EXP_XGBModel_Alpha158_csi300_sliding_step40_s_20260111_01,44df6c59b159490fa0b22d3c198cd0a9,2026-03-10,SH601136,-0.010441652499139309,,,
EXP_XGBModel_Alpha158_csi300_sliding_step40_s_20260111_01,44df6c59b159490fa0b22d3c198cd0a9,2026-03-10,SH601138,-0.005175386089831591,,,
EXP_XGBModel_Alpha158_csi300_sliding_step40_s_20260111_01,44df6c59b159490fa0b22d3c198cd0a9,2026-03-10,SH601166,0.01958405040204525,,,
EXP_XGBModel_Alpha158_csi300_sliding_step40_s_20260111_01,44df6c59b159490fa0b22d3c198cd0a9,2026-03-10,SH601169,0.006267610937356949,,,
EXP_XGBModel_Alpha158_csi300_sliding_step40_s_20260111_01,44df6c59b159490fa0b22d3c198cd0a9,2026-03-10,SH601186,0.05042536184191704,,,
EXP_XGBModel_Alpha158_csi300_sliding_step40_s_20260111_01,44df6c59b159490fa0b22d3c198cd0a9,2026-03-10,SH601211,-0.002404504921287298,,,
EXP_XGBModel_Alpha158_csi300_sliding_step40_s_20260111_01,44df6c59b159490fa0b22d3c198cd0a9,2026-03-10,SH601127,0.05518463999032974,,,
EXP_XGBModel_Alpha158_csi300_sliding_step40_s_20260111_01,44df6c59b159490fa0b22d3c198cd0a9,2026-03-10,SH601225,0.01067783497273922,,,
EXP_XGBModel_Alpha158_csi300_sliding_step40_s_20260111_01,44df6c59b159490fa0b22d3c198cd0a9,2026-03-10,SH601236,0.03226829692721367,,,
EXP_XGBModel_Alpha158_csi300_sliding_step40_s_20260111_01,44df6c59b159490fa0b22d3c198cd0a9,2026-03-10,SH601238,-0.02986435405910015,,,
EXP_XGBModel_Alpha158_csi300_sliding_step40_s_20260111_01,44df6c59b159490fa0b22d3c198cd0a9,2026-03-10,SH601288,0.011888664215803146,,,
EXP_XGBModel_Alpha158_csi300_sliding_step40_s_20260111_01,44df6c59b159490fa0b22d3c198cd0a9,2026-03-10,SH601298,0.013663990423083305,,,
EXP_XGBModel_Alpha158_csi300_sliding_step40_s_20260111_01,44df6c59b159490fa0b22d3c198cd0a9,2026-03-10,SH601318,0.046458568423986435,,,
EXP_XGBModel_Alpha158_csi300_sliding_step40_s_20260111_01,44df6c59b159490fa0b22d3c198cd0a9,2026-03-10,SH601319,0.006006797309964895,,,
EXP_XGBModel_Alpha158_csi300_sliding_step40_s_20260111_01,44df6c59b159490fa0b22d3c198cd0a9,2026-03-10,SH601229,-0.010990462265908718,,,
EXP_XGBModel_Alpha158_csi300_sliding_step40_s_20260111_01,44df6c59b159490fa0b22d3c198cd0a9,2026-03-10,SH601117,0.14834736287593842,,,
EXP_XGBModel_Alpha158_csi300_sliding_step40_s_20260111_01,44df6c59b159490fa0b22d3c198cd0a9,2026-03-10,SH601111,0.34167781472206116,,,
EXP_XGBModel_Alpha158_csi300_sliding_step40_s_20260111_01,44df6c59b159490fa0b22d3c198cd0a9,2026-03-10,SH601100,0.1852286010980606,,,
EXP_XGBModel_Alpha158_csi300_sliding_step40_s_20260111_01,44df6c59b159490fa0b22d3c198cd0a9,2026-03-10,SH600938,-0.5826772451400757,,,
EXP_XGBModel_Alpha158_csi300_sliding_step40_s_20260111_01,44df6c59b159490fa0b22d3c198cd0a9,2026-03-10,SH600941,0.05681050196290016,,,
EXP_XGBModel_Alpha158_csi300_sliding_step40_s_20260111_01,44df6c59b159490fa0b22d3c198cd0a9,2026-03-10,SH600958,-0.05384674295783043,,,
EXP_XGBModel_Alpha158_csi300_sliding_step40_s_20260111_01,44df6c59b159490fa0b22d3c198cd0a9,2026-03-10,SH600989,-0.48905158042907715,,,
EXP_XGBModel_Alpha158_csi300_sliding_step40_s_20260111_01,44df6c59b159490fa0b22d3c198cd0a9,2026-03-10,SH600999,-0.010496124625205994,,,
EXP_XGBModel_Alpha158_csi300_sliding_step40_s_20260111_01,44df6c59b159490fa0b22d3c198cd0a9,2026-03-10,SH601006,-0.09149563312530518,,,
EXP_XGBModel_Alpha158_csi300_sliding_step40_s_20260111_01,44df6c59b159490fa0b22d3c198cd0a9,2026-03-10,SH601009,-0.0024757985956966877,,,
EXP_XGBModel_Alpha158_csi300_sliding_step40_s_20260111_01,44df6c59b159490fa0b22d3c198cd0a9,2026-03-10,SH601012,-0.0943506509065628,,,
EXP_XGBModel_Alpha158_csi300_sliding_step40_s_20260111_01,44df6c59b159490fa0b22d3c198cd0a9,2026-03-10,SH601018,-0.11846950650215149,,,
EXP_XGBModel_Alpha158_csi300_sliding_step40_s_20260111_01,44df6c59b159490fa0b22d3c198cd0a9,2026-03-10,SH601021,0.15177679061889648,,,
EXP_XGBModel_Alpha158_csi300_sliding_step40_s_20260111_01,44df6c59b159490fa0b22d3c198cd0a9,2026-03-10,SH601058,0.08690185844898224,,,
EXP_XGBModel_Alpha158_csi300_sliding_step40_s_20260111_01,44df6c59b159490fa0b22d3c198cd0a9,2026-03-10,SH601059,-0.030634844675660133,,,
EXP_XGBModel_Alpha158_csi300_sliding_step40_s_20260111_01,44df6c59b159490fa0b22d3c198cd0a9,2026-03-10,SH601066,0.007632337044924498,,,
EXP_XGBModel_Alpha158_csi300_sliding_step40_s_20260111_01,44df6c59b159490fa0b22d3c198cd0a9,2026-03-10,SH601077,0.01709926687180996,,,
EXP_XGBModel_Alpha158_csi300_sliding_step40_s_20260111_01,44df6c59b159490fa0b22d3c198cd0a9,2026-03-10,SH601088,-0.004921968560665846,,,
EXP_XGBModel_Alpha158_csi300_sliding_step40_s_20260111_01,44df6c59b159490fa0b22d3c198cd0a9,2026-03-10,SH601328,0.04510527476668358,,,
EXP_XGBModel_Alpha158_csi300_sliding_step40_s_20260111_01,44df6c59b159490fa0b22d3c198cd0a9,2026-03-10,SH600930,-0.057564299553632736,,,
EXP_XGBModel_Alpha158_csi300_sliding_step40_s_20260111_01,44df6c59b159490fa0b22d3c198cd0a9,2026-03-10,SH601336,0.060973867774009705,,,
EXP_XGBModel_Alpha158_csi300_sliding_step40_s_20260111_01,44df6c59b159490fa0b22d3c198cd0a9,2026-03-10,SH601377,-0.06068463250994682,,,
EXP_XGBModel_Alpha158_csi300_sliding_step40_s_20260111_01,44df6c59b159490fa0b22d3c198cd0a9,2026-03-10,SH601808,-0.07043637335300446,,,
EXP_XGBModel_Alpha158_csi300_sliding_step40_s_20260111_01,44df6c59b159490fa0b22d3c198cd0a9,2026-03-10,SH601816,0.0998108983039856,,,
EXP_XGBModel_Alpha158_csi300_sliding_step40_s_20260111_01,44df6c59b159490fa0b22d3c198cd0a9,2026-03-10,SH601818,0.04903813451528549,,,
EXP_XGBModel_Alpha158_csi300_sliding_step40_s_20260111_01,44df6c59b159490fa0b22d3c198cd0a9,2026-03-10,SH601825,0.01772325113415718,,,
EXP_XGBModel_Alpha158_csi300_sliding_step40_s_20260111_01,44df6c59b159490fa0b22d3c198cd0a9,2026-03-10,SH601838,0.06399315595626831,,,
EXP_XGBModel_Alpha158_csi300_sliding_step40_s_20260111_01,44df6c59b159490fa0b22d3c198cd0a9,2026-03-10,SH601857,-0.06756614148616791,,,
EXP_XGBModel_Alpha158_csi300_sliding_step40_s_20260111_01,44df6c59b159490fa0b22d3c198cd0a9,2026-03-10,SH601800,0.02609797939658165,,,
EXP_XGBModel_Alpha158_csi300_sliding_step40_s_20260111_01,44df6c59b159490fa0b22d3c198cd0a9,2026-03-10,SH601868,-0.30277061462402344,,,
EXP_XGBModel_Alpha158_csi300_sliding_step40_s_20260111_01,44df6c59b159490fa0b22d3c198cd0a9,2026-03-10,SH601877,-0.1800932139158249,,,
EXP_XGBModel_Alpha158_csi300_sliding_step40_s_20260111_01,44df6c59b159490fa0b22d3c198cd0a9,2026-03-10,SH601878,-0.029520709067583084,,,
EXP_XGBModel_Alpha158_csi300_sliding_step40_s_20260111_01,44df6c59b159490fa0b22d3c198cd0a9,2026-03-10,SH601881,0.020378919318318367,,,
EXP_XGBModel_Alpha158_csi300_sliding_step40_s_20260111_01,44df6c59b159490fa0b22d3c198cd0a9,2026-03-10,SH601888,-0.08070970326662064,,,
EXP_XGBModel_Alpha158_csi300_sliding_step40_s_20260111_01,44df6c59b159490fa0b22d3c198cd0a9,2026-03-10,SH601898,-0.014939912594854832,,,
EXP_XGBModel_Alpha158_csi300_sliding_step40_s_20260111_01,44df6c59b159490fa0b22d3c198cd0a9,2026-03-10,SH601899,0.11088725179433823,,,
EXP_XGBModel_Alpha158_csi300_sliding_step40_s_20260111_01,44df6c59b159490fa0b22d3c198cd0a9,2026-03-10,SH601872,-0.085202157497406,,,
EXP_XGBModel_Alpha158_csi300_sliding_step40_s_20260111_01,44df6c59b159490fa0b22d3c198cd0a9,2026-03-10,SH601788,-0.09956657141447067,,,
EXP_XGBModel_Alpha158_csi300_sliding_step40_s_20260111_01,44df6c59b159490fa0b22d3c198cd0a9,2026-03-10,SH601766,0.03670698031783104,,,
EXP_XGBModel_Alpha158_csi300_sliding_step40_s_20260111_01,44df6c59b159490fa0b22d3c198cd0a9,2026-03-10,SH601728,-0.017503267154097557,,,
EXP_XGBModel_Alpha158_csi300_sliding_step40_s_20260111_01,44df6c59b159490fa0b22d3c198cd0a9,2026-03-10,SH601390,-0.006741377525031567,,,
EXP_XGBModel_Alpha158_csi300_sliding_step40_s_20260111_01,44df6c59b159490fa0b22d3c198cd0a9,2026-03-10,SH601398,0.06132962927222252,,,
EXP_XGBModel_Alpha158_csi300_sliding_step40_s_20260111_01,44df6c59b159490fa0b22d3c198cd0a9,2026-03-10,SH601456,-0.007000081241130829,,,
EXP_XGBModel_Alpha158_csi300_sliding_step40_s_20260111_01,44df6c59b159490fa0b22d3c198cd0a9,2026-03-10,SH601600,-0.14051875472068787,,,
EXP_XGBModel_Alpha158_csi300_sliding_step40_s_20260111_01,44df6c59b159490fa0b22d3c198cd0a9,2026-03-10,SH601601,-0.030604416504502296,,,
EXP_XGBModel_Alpha158_csi300_sliding_step40_s_20260111_01,44df6c59b159490fa0b22d3c198cd0a9,2026-03-10,SH601607,-0.001210920512676239,,,
EXP_XGBModel_Alpha158_csi300_sliding_step40_s_20260111_01,44df6c59b159490fa0b22d3c198cd0a9,2026-03-10,SH601618,0.03540581837296486,,,
EXP_XGBModel_Alpha158_csi300_sliding_step40_s_20260111_01,44df6c59b159490fa0b22d3c198cd0a9,2026-03-10,SH601628,0.04576387628912926,,,
EXP_XGBModel_Alpha158_csi300_sliding_step40_s_20260111_01,44df6c59b159490fa0b22d3c198cd0a9,2026-03-10,SH601633,0.07777130603790283,,,
EXP_XGBModel_Alpha158_csi300_sliding_step40_s_20260111_01,44df6c59b159490fa0b22d3c198cd0a9,2026-03-10,SH601658,0.05189111456274986,,,
EXP_XGBModel_Alpha158_csi300_sliding_step40_s_20260111_01,44df6c59b159490fa0b22d3c198cd0a9,2026-03-10,SH601668,0.039661798626184464,,,
EXP_XGBModel_Alpha158_csi300_sliding_step40_s_20260111_01,44df6c59b159490fa0b22d3c198cd0a9,2026-03-10,SH601669,0.07721757888793945,,,
EXP_XGBModel_Alpha158_csi300_sliding_step40_s_20260111_01,44df6c59b159490fa0b22d3c198cd0a9,2026-03-10,SH601688,0.004387891851365566,,,
EXP_XGBModel_Alpha158_csi300_sliding_step40_s_20260111_01,44df6c59b159490fa0b22d3c198cd0a9,2026-03-10,SH601689,-0.00627137441188097,,,
EXP_XGBModel_Alpha158_csi300_sliding_step40_s_20260111_01,44df6c59b159490fa0b22d3c198cd0a9,2026-03-10,SH601698,-0.2899155914783478,,,
EXP_XGBModel_Alpha158_csi300_sliding_step40_s_20260111_01,44df6c59b159490fa0b22d3c198cd0a9,2026-03-10,SH601360,0.07004484534263611,,,
EXP_XGBModel_Alpha158_csi300_sliding_step40_s_20260111_01,44df6c59b159490fa0b22d3c198cd0a9,2026-03-10,SH600926,0.10453847795724869,,,
EXP_XGBModel_Alpha158_csi300_sliding_step40_s_20260111_01,44df6c59b159490fa0b22d3c198cd0a9,2026-03-10,SH600919,0.03607410565018654,,,
EXP_XGBModel_Alpha158_csi300_sliding_step40_s_20260111_01,44df6c59b159490fa0b22d3c198cd0a9,2026-03-10,SH600918,-0.13056455552577972,,,
EXP_XGBModel_Alpha158_csi300_sliding_step40_s_20260111_01,44df6c59b159490fa0b22d3c198cd0a9,2026-03-10,SH600066,-0.012667829170823097,,,
EXP_XGBModel_Alpha158_csi300_sliding_step40_s_20260111_01,44df6c59b159490fa0b22d3c198cd0a9,2026-03-10,SH600085,0.03299408778548241,,,
EXP_XGBModel_Alpha158_csi300_sliding_step40_s_20260111_01,44df6c59b159490fa0b22d3c198cd0a9,2026-03-10,SH600089,0.013256195932626724,,,
EXP_XGBModel_Alpha158_csi300_sliding_step40_s_20260111_01,44df6c59b159490fa0b22d3c198cd0a9,2026-03-10,SH600104,0.007353578694164753,,,
EXP_XGBModel_Alpha158_csi300_sliding_step40_s_20260111_01,44df6c59b159490fa0b22d3c198cd0a9,2026-03-10,SH600111,0.003790264017879963,,,
EXP_XGBModel_Alpha158_csi300_sliding_step40_s_20260111_01,44df6c59b159490fa0b22d3c198cd0a9,2026-03-10,SH600115,0.343751460313797,,,
EXP_XGBModel_Alpha158_csi300_sliding_step40_s_20260111_01,44df6c59b159490fa0b22d3c198cd0a9,2026-03-10,SH600061,-0.03459208831191063,,,
EXP_XGBModel_Alpha158_csi300_sliding_step40_s_20260111_01,44df6c59b159490fa0b22d3c198cd0a9,2026-03-10,SH600150,0.3093538284301758,,,
EXP_XGBModel_Alpha158_csi300_sliding_step40_s_20260111_01,44df6c59b159490fa0b22d3c198cd0a9,2026-03-10,SH600161,0.0027629216201603413,,,
EXP_XGBModel_Alpha158_csi300_sliding_step40_s_20260111_01,44df6c59b159490fa0b22d3c198cd0a9,2026-03-10,SH600176,-0.04754604026675224,,,
EXP_XGBModel_Alpha158_csi300_sliding_step40_s_20260111_01,44df6c59b159490fa0b22d3c198cd0a9,2026-03-10,SH600183,0.10284353047609329,,,
EXP_XGBModel_Alpha158_csi300_sliding_step40_s_20260111_01,44df6c59b159490fa0b22d3c198cd0a9,2026-03-10,SH600188,-0.4399626553058624,,,
EXP_XGBModel_Alpha158_csi300_sliding_step40_s_20260111_01,44df6c59b159490fa0b22d3c198cd0a9,2026-03-10,SH600196,-0.007683787029236555,,,
EXP_XGBModel_Alpha158_csi300_sliding_step40_s_20260111_01,44df6c59b159490fa0b22d3c198cd0a9,2026-03-10,SH600219,-0.14717477560043335,,,
EXP_XGBModel_Alpha158_csi300_sliding_step40_s_20260111_01,44df6c59b159490fa0b22d3c198cd0a9,2026-03-10,SH600160,0.09167507290840149,,,
EXP_XGBModel_Alpha158_csi300_sliding_step40_s_20260111_01,44df6c59b159490fa0b22d3c198cd0a9,2026-03-10,SH600050,0.029215238988399506,,,
EXP_XGBModel_Alpha158_csi300_sliding_step40_s_20260111_01,44df6c59b159490fa0b22d3c198cd0a9,2026-03-10,SH600048,-0.04007938876748085,,,
EXP_XGBModel_Alpha158_csi300_sliding_step40_s_20260111_01,44df6c59b159490fa0b22d3c198cd0a9,2026-03-10,SH600039,0.06129269301891327,,,
EXP_XGBModel_Alpha158_csi300_sliding_step40_s_20260111_01,44df6c59b159490fa0b22d3c198cd0a9,2026-03-10,SH600010,-0.022777603939175606,,,
EXP_XGBModel_Alpha158_csi300_sliding_step40_s_20260111_01,44df6c59b159490fa0b22d3c198cd0a9,2026-03-10,SH600011,-0.03454561531543732,,,
EXP_XGBModel_Alpha158_csi300_sliding_step40_s_20260111_01,44df6c59b159490fa0b22d3c198cd0a9,2026-03-10,SH600015,0.00189754250459373,,,
EXP_XGBModel_Alpha158_csi300_sliding_step40_s_20260111_01,44df6c59b159490fa0b22d3c198cd0a9,2026-03-10,SH600016,0.11313408613204956,,,
EXP_XGBModel_Alpha158_csi300_sliding_step40_s_20260111_01,44df6c59b159490fa0b22d3c198cd0a9,2026-03-10,SH600018,0.1035880297422409,,,
EXP_XGBModel_Alpha158_csi300_sliding_step40_s_20260111_01,44df6c59b159490fa0b22d3c198cd0a9,2026-03-10,SH600019,-0.005242759827524424,,,
EXP_XGBModel_Alpha158_csi300_sliding_step40_s_20260111_01,44df6c59b159490fa0b22d3c198cd0a9,2026-03-10,SH600023,0.09338176995515823,,,
EXP_XGBModel_Alpha158_csi300_sliding_step40_s_20260111_01,44df6c59b159490fa0b22d3c198cd0a9,2026-03-10,SH600025,-0.23214201629161835,,,
EXP_XGBModel_Alpha158_csi300_sliding_step40_s_20260111_01,44df6c59b159490fa0b22d3c198cd0a9,2026-03-10,SH600026,-0.3293786346912384,,,
EXP_XGBModel_Alpha158_csi300_sliding_step40_s_20260111_01,44df6c59b159490fa0b22d3c198cd0a9,2026-03-10,SH600027,0.05249558761715889,,,
EXP_XGBModel_Alpha158_csi300_sliding_step40_s_20260111_01,44df6c59b159490fa0b22d3c198cd0a9,2026-03-10,SH600028,-0.4197249412536621,,,
EXP_XGBModel_Alpha158_csi300_sliding_step40_s_20260111_01,44df6c59b159490fa0b22d3c198cd0a9,2026-03-10,SH600029,0.19370600581169128,,,
EXP_XGBModel_Alpha158_csi300_sliding_step40_s_20260111_01,44df6c59b159490fa0b22d3c198cd0a9,2026-03-10,SH600030,-0.014185914769768715,,,
EXP_XGBModel_Alpha158_csi300_sliding_step40_s_20260111_01,44df6c59b159490fa0b22d3c198cd0a9,2026-03-10,SH600031,0.04218852147459984,,,
EXP_XGBModel_Alpha158_csi300_sliding_step40_s_20260111_01,44df6c59b159490fa0b22d3c198cd0a9,2026-03-10,SH600036,0.01276492327451706,,,
EXP_XGBModel_Alpha158_csi300_sliding_step40_s_20260111_01,44df6c59b159490fa0b22d3c198cd0a9,2026-03-10,SH600233,0.06437769532203674,,,
EXP_XGBModel_Alpha158_csi300_sliding_step40_s_20260111_01,44df6c59b159490fa0b22d3c198cd0a9,2026-03-10,SH600276,-0.12079037725925446,,,
EXP_XGBModel_Alpha158_csi300_sliding_step40_s_20260111_01,44df6c59b159490fa0b22d3c198cd0a9,2026-03-10,SH600309,-0.046305567026138306,,,
EXP_XGBModel_Alpha158_csi300_sliding_step40_s_20260111_01,44df6c59b159490fa0b22d3c198cd0a9,2026-03-10,SH600346,-0.006763509474694729,,,
EXP_XGBModel_Alpha158_csi300_sliding_step40_s_20260111_01,44df6c59b159490fa0b22d3c198cd0a9,2026-03-10,SH600660,0.08079197257757187,,,
EXP_XGBModel_Alpha158_csi300_sliding_step40_s_20260111_01,44df6c59b159490fa0b22d3c198cd0a9,2026-03-10,SH600674,-0.1357906460762024,,,
EXP_XGBModel_Alpha158_csi300_sliding_step40_s_20260111_01,44df6c59b159490fa0b22d3c198cd0a9,2026-03-10,SH600690,-0.023328274488449097,,,
EXP_XGBModel_Alpha158_csi300_sliding_step40_s_20260111_01,44df6c59b159490fa0b22d3c198cd0a9,2026-03-10,SH600741,-0.0019472447456791997,,,
EXP_XGBModel_Alpha158_csi300_sliding_step40_s_20260111_01,44df6c59b159490fa0b22d3c198cd0a9,2026-03-10,SH600760,-0.048995256423950195,,,
EXP_XGBModel_Alpha158_csi300_sliding_step40_s_20260111_01,44df6c59b159490fa0b22d3c198cd0a9,2026-03-10,SH600795,-0.00857790932059288,,,
EXP_XGBModel_Alpha158_csi300_sliding_step40_s_20260111_01,44df6c59b159490fa0b22d3c198cd0a9,2026-03-10,SH600803,-0.24086764454841614,,,
EXP_XGBModel_Alpha158_csi300_sliding_step40_s_20260111_01,44df6c59b159490fa0b22d3c198cd0a9,2026-03-10,SH600809,-0.13176901638507843,,,
EXP_XGBModel_Alpha158_csi300_sliding_step40_s_20260111_01,44df6c59b159490fa0b22d3c198cd0a9,2026-03-10,SH600845,0.1704733669757843,,,
EXP_XGBModel_Alpha158_csi300_sliding_step40_s_20260111_01,44df6c59b159490fa0b22d3c198cd0a9,2026-03-10,SH600875,0.0958278551697731,,,
EXP_XGBModel_Alpha158_csi300_sliding_step40_s_20260111_01,44df6c59b159490fa0b22d3c198cd0a9,2026-03-10,SH600886,-0.12161337584257126,,,
EXP_XGBModel_Alpha158_csi300_sliding_step40_s_20260111_01,44df6c59b159490fa0b22d3c198cd0a9,2026-03-10,SH600887,0.022067861631512642,,,
EXP_XGBModel_Alpha158_csi300_sliding_step40_s_20260111_01,44df6c59b159490fa0b22d3c198cd0a9,2026-03-10,SH600893,-0.1698937714099884,,,
EXP_XGBModel_Alpha158_csi300_sliding_step40_s_20260111_01,44df6c59b159490fa0b22d3c198cd0a9,2026-03-10,SH600900,0.05455709993839264,,,
EXP_XGBModel_Alpha158_csi300_sliding_step40_s_20260111_01,44df6c59b159490fa0b22d3c198cd0a9,2026-03-10,SH600905,-0.24107126891613007,,,
EXP_XGBModel_Alpha158_csi300_sliding_step40_s_20260111_01,44df6c59b159490fa0b22d3c198cd0a9,2026-03-10,SH600600,0.16562849283218384,,,
EXP_XGBModel_Alpha158_csi300_sliding_step40_s_20260111_01,44df6c59b159490fa0b22d3c198cd0a9,2026-03-10,SH601901,-0.053915850818157196,,,
EXP_XGBModel_Alpha158_csi300_sliding_step40_s_20260111_01,44df6c59b159490fa0b22d3c198cd0a9,2026-03-10,SH600588,-0.08428721874952316,,,
EXP_XGBModel_Alpha158_csi300_sliding_step40_s_20260111_01,44df6c59b159490fa0b22d3c198cd0a9,2026-03-10,SH600584,0.0469658300280571,,,
EXP_XGBModel_Alpha158_csi300_sliding_step40_s_20260111_01,44df6c59b159490fa0b22d3c198cd0a9,2026-03-10,SH600362,0.08722737431526184,,,
EXP_XGBModel_Alpha158_csi300_sliding_step40_s_20260111_01,44df6c59b159490fa0b22d3c198cd0a9,2026-03-10,SH600372,-0.04469110071659088,,,
EXP_XGBModel_Alpha158_csi300_sliding_step40_s_20260111_01,44df6c59b159490fa0b22d3c198cd0a9,2026-03-10,SH600377,0.017925729975104332,,,
EXP_XGBModel_Alpha158_csi300_sliding_step40_s_20260111_01,44df6c59b159490fa0b22d3c198cd0a9,2026-03-10,SH600406,-0.4541749060153961,,,
EXP_XGBModel_Alpha158_csi300_sliding_step40_s_20260111_01,44df6c59b159490fa0b22d3c198cd0a9,2026-03-10,SH600415,0.007345616351813078,,,
EXP_XGBModel_Alpha158_csi300_sliding_step40_s_20260111_01,44df6c59b159490fa0b22d3c198cd0a9,2026-03-10,SH600426,0.11072561144828796,,,
EXP_XGBModel_Alpha158_csi300_sliding_step40_s_20260111_01,44df6c59b159490fa0b22d3c198cd0a9,2026-03-10,SH600436,-0.04505440965294838,,,
EXP_XGBModel_Alpha158_csi300_sliding_step40_s_20260111_01,44df6c59b159490fa0b22d3c198cd0a9,2026-03-10,SH600460,-0.110696941614151,,,
EXP_XGBModel_Alpha158_csi300_sliding_step40_s_20260111_01,44df6c59b159490fa0b22d3c198cd0a9,2026-03-10,SH600482,0.009410621598362923,,,
EXP_XGBModel_Alpha158_csi300_sliding_step40_s_20260111_01,44df6c59b159490fa0b22d3c198cd0a9,2026-03-10,SH600489,-0.0035511180758476257,,,
EXP_XGBModel_Alpha158_csi300_sliding_step40_s_20260111_01,44df6c59b159490fa0b22d3c198cd0a9,2026-03-10,SH600515,0.024084199219942093,,,
EXP_XGBModel_Alpha158_csi300_sliding_step40_s_20260111_01,44df6c59b159490fa0b22d3c198cd0a9,2026-03-10,SH600519,0.009651009924709797,,,
EXP_XGBModel_Alpha158_csi300_sliding_step40_s_20260111_01,44df6c59b159490fa0b22d3c198cd0a9,2026-03-10,SH600522,-0.07817965745925903,,,
EXP_XGBModel_Alpha158_csi300_sliding_step40_s_20260111_01,44df6c59b159490fa0b22d3c198cd0a9,2026-03-10,SH600547,-0.16740883886814117,,,
EXP_XGBModel_Alpha158_csi300_sliding_step40_s_20260111_01,44df6c59b159490fa0b22d3c198cd0a9,2026-03-10,SH600570,-0.041572876274585724,,,
EXP_XGBModel_Alpha158_csi300_sliding_step40_s_20260111_01,44df6c59b159490fa0b22d3c198cd0a9,2026-03-10,SH600585,0.015554427169263363,,,
EXP_XGBModel_Alpha158_csi300_sliding_step40_s_20260111_01,44df6c59b159490fa0b22d3c198cd0a9,2026-03-10,SH601916,-0.024338262155652046,,,
EXP_XGBModel_Alpha158_csi300_sliding_step40_s_20260111_01,44df6c59b159490fa0b22d3c198cd0a9,2026-03-10,SH601919,0.03401244431734085,,,
EXP_XGBModel_Alpha158_csi300_sliding_step40_s_20260111_01,44df6c59b159490fa0b22d3c198cd0a9,2026-03-10,SH601939,0.05078740790486336,,,
EXP_XGBModel_Alpha158_csi300_sliding_step40_s_20260111_01,44df6c59b159490fa0b22d3c198cd0a9,2026-03-10,SZ002422,0.302503764629364,,,
EXP_XGBModel_Alpha158_csi300_sliding_step40_s_20260111_01,44df6c59b159490fa0b22d3c198cd0a9,2026-03-10,SZ002459,-0.10790381580591202,,,
EXP_XGBModel_Alpha158_csi300_sliding_step40_s_20260111_01,44df6c59b159490fa0b22d3c198cd0a9,2026-03-10,SZ002460,-0.028612760826945305,,,
EXP_XGBModel_Alpha158_csi300_sliding_step40_s_20260111_01,44df6c59b159490fa0b22d3c198cd0a9,2026-03-10,SZ002463,0.03671535849571228,,,
EXP_XGBModel_Alpha158_csi300_sliding_step40_s_20260111_01,44df6c59b159490fa0b22d3c198cd0a9,2026-03-10,SZ002466,-0.08628327399492264,,,
EXP_XGBModel_Alpha158_csi300_sliding_step40_s_20260111_01,44df6c59b159490fa0b22d3c198cd0a9,2026-03-10,SZ002475,0.0010780036682263017,,,
EXP_XGBModel_Alpha158_csi300_sliding_step40_s_20260111_01,44df6c59b159490fa0b22d3c198cd0a9,2026-03-10,SZ002415,-0.041436996310949326,,,
EXP_XGBModel_Alpha158_csi300_sliding_step40_s_20260111_01,44df6c59b159490fa0b22d3c198cd0a9,2026-03-10,SZ002493,0.36732086539268494,,,
EXP_XGBModel_Alpha158_csi300_sliding_step40_s_20260111_01,44df6c59b159490fa0b22d3c198cd0a9,2026-03-10,SZ002600,-0.03732950985431671,,,
EXP_XGBModel_Alpha158_csi300_sliding_step40_s_20260111_01,44df6c59b159490fa0b22d3c198cd0a9,2026-03-10,SZ002601,0.045079316943883896,,,
EXP_XGBModel_Alpha158_csi300_sliding_step40_s_20260111_01,44df6c59b159490fa0b22d3c198cd0a9,2026-03-10,SZ002625,0.03511466830968857,,,
EXP_XGBModel_Alpha158_csi300_sliding_step40_s_20260111_01,44df6c59b159490fa0b22d3c198cd0a9,2026-03-10,SZ002648,-0.5749965906143188,,,
EXP_XGBModel_Alpha158_csi300_sliding_step40_s_20260111_01,44df6c59b159490fa0b22d3c198cd0a9,2026-03-10,SZ002709,0.0974743440747261,,,
EXP_XGBModel_Alpha158_csi300_sliding_step40_s_20260111_01,44df6c59b159490fa0b22d3c198cd0a9,2026-03-10,SZ002714,-0.08259706944227219,,,
EXP_XGBModel_Alpha158_csi300_sliding_step40_s_20260111_01,44df6c59b159490fa0b22d3c198cd0a9,2026-03-10,SZ002594,0.05641007423400879,,,
EXP_XGBModel_Alpha158_csi300_sliding_step40_s_20260111_01,44df6c59b159490fa0b22d3c198cd0a9,2026-03-10,SZ002384,0.3334217965602875,,,
EXP_XGBModel_Alpha158_csi300_sliding_step40_s_20260111_01,44df6c59b159490fa0b22d3c198cd0a9,2026-03-10,SZ002371,0.03327145427465439,,,
EXP_XGBModel_Alpha158_csi300_sliding_step40_s_20260111_01,44df6c59b159490fa0b22d3c198cd0a9,2026-03-10,SZ002352,0.038401152938604355,,,
EXP_XGBModel_Alpha158_csi300_sliding_step40_s_20260111_01,44df6c59b159490fa0b22d3c198cd0a9,2026-03-10,SZ001979,-0.01727665215730667,,,
EXP_XGBModel_Alpha158_csi300_sliding_step40_s_20260111_01,44df6c59b159490fa0b22d3c198cd0a9,2026-03-10,SZ002001,-0.2271636724472046,,,
EXP_XGBModel_Alpha158_csi300_sliding_step40_s_20260111_01,44df6c59b159490fa0b22d3c198cd0a9,2026-03-10,SZ002027,-0.02482590824365616,,,
EXP_XGBModel_Alpha158_csi300_sliding_step40_s_20260111_01,44df6c59b159490fa0b22d3c198cd0a9,2026-03-10,SZ002028,-0.17353962361812592,,,
EXP_XGBModel_Alpha158_csi300_sliding_step40_s_20260111_01,44df6c59b159490fa0b22d3c198cd0a9,2026-03-10,SZ002049,0.01374517846852541,,,
EXP_XGBModel_Alpha158_csi300_sliding_step40_s_20260111_01,44df6c59b159490fa0b22d3c198cd0a9,2026-03-10,SZ002050,-0.05982472747564316,,,
EXP_XGBModel_Alpha158_csi300_sliding_step40_s_20260111_01,44df6c59b159490fa0b22d3c198cd0a9,2026-03-10,SZ002074,-0.015757640823721886,,,
EXP_XGBModel_Alpha158_csi300_sliding_step40_s_20260111_01,44df6c59b159490fa0b22d3c198cd0a9,2026-03-10,SZ002142,0.033673569560050964,,,
EXP_XGBModel_Alpha158_csi300_sliding_step40_s_20260111_01,44df6c59b159490fa0b22d3c198cd0a9,2026-03-10,SZ002179,0.07808851450681686,,,
EXP_XGBModel_Alpha158_csi300_sliding_step40_s_20260111_01,44df6c59b159490fa0b22d3c198cd0a9,2026-03-10,SZ002230,-0.12462087720632553,,,
EXP_XGBModel_Alpha158_csi300_sliding_step40_s_20260111_01,44df6c59b159490fa0b22d3c198cd0a9,2026-03-10,SZ002236,-0.02005765587091446,,,
EXP_XGBModel_Alpha158_csi300_sliding_step40_s_20260111_01,44df6c59b159490fa0b22d3c198cd0a9,2026-03-10,SZ002241,0.0323222279548645,,,
EXP_XGBModel_Alpha158_csi300_sliding_step40_s_20260111_01,44df6c59b159490fa0b22d3c198cd0a9,2026-03-10,SZ002252,0.0048726280219852924,,,
EXP_XGBModel_Alpha158_csi300_sliding_step40_s_20260111_01,44df6c59b159490fa0b22d3c198cd0a9,2026-03-10,SZ002304,-0.046222325414419174,,,
EXP_XGBModel_Alpha158_csi300_sliding_step40_s_20260111_01,44df6c59b159490fa0b22d3c198cd0a9,2026-03-10,SZ002311,0.012021423317492008,,,
EXP_XGBModel_Alpha158_csi300_sliding_step40_s_20260111_01,44df6c59b159490fa0b22d3c198cd0a9,2026-03-10,SZ002736,-0.0040153637528419495,,,
EXP_XGBModel_Alpha158_csi300_sliding_step40_s_20260111_01,44df6c59b159490fa0b22d3c198cd0a9,2026-03-10,SZ002916,0.13967138528823853,,,
EXP_XGBModel_Alpha158_csi300_sliding_step40_s_20260111_01,44df6c59b159490fa0b22d3c198cd0a9,2026-03-10,SZ002920,0.016125043854117393,,,
EXP_XGBModel_Alpha158_csi300_sliding_step40_s_20260111_01,44df6c59b159490fa0b22d3c198cd0a9,2026-03-10,SZ002938,0.05965803191065788,,,
EXP_XGBModel_Alpha158_csi300_sliding_step40_s_20260111_01,44df6c59b159490fa0b22d3c198cd0a9,2026-03-10,SZ300498,0.02143639512360096,,,
EXP_XGBModel_Alpha158_csi300_sliding_step40_s_20260111_01,44df6c59b159490fa0b22d3c198cd0a9,2026-03-10,SZ300502,-0.3005625009536743,,,
EXP_XGBModel_Alpha158_csi300_sliding_step40_s_20260111_01,44df6c59b159490fa0b22d3c198cd0a9,2026-03-10,SZ300628,-0.0031793289817869663,,,
EXP_XGBModel_Alpha158_csi300_sliding_step40_s_20260111_01,44df6c59b159490fa0b22d3c198cd0a9,2026-03-10,SZ300661,-0.16943423449993134,,,
EXP_XGBModel_Alpha158_csi300_sliding_step40_s_20260111_01,44df6c59b159490fa0b22d3c198cd0a9,2026-03-10,SZ300750,0.12616799771785736,,,
EXP_XGBModel_Alpha158_csi300_sliding_step40_s_20260111_01,44df6c59b159490fa0b22d3c198cd0a9,2026-03-10,SZ300759,-0.04126803204417229,,,
EXP_XGBModel_Alpha158_csi300_sliding_step40_s_20260111_01,44df6c59b159490fa0b22d3c198cd0a9,2026-03-10,SZ300760,-0.027042340487241745,,,
EXP_XGBModel_Alpha158_csi300_sliding_step40_s_20260111_01,44df6c59b159490fa0b22d3c198cd0a9,2026-03-10,SZ300782,-0.22620445489883423,,,
EXP_XGBModel_Alpha158_csi300_sliding_step40_s_20260111_01,44df6c59b159490fa0b22d3c198cd0a9,2026-03-10,SZ300803,-0.006587048526853323,,,
EXP_XGBModel_Alpha158_csi300_sliding_step40_s_20260111_01,44df6c59b159490fa0b22d3c198cd0a9,2026-03-10,SZ300832,-0.10028007626533508,,,
EXP_XGBModel_Alpha158_csi300_sliding_step40_s_20260111_01,44df6c59b159490fa0b22d3c198cd0a9,2026-03-10,SZ300866,-0.010931483469903469,,,
EXP_XGBModel_Alpha158_csi300_sliding_step40_s_20260111_01,44df6c59b159490fa0b22d3c198cd0a9,2026-03-10,SZ300896,-0.06419889628887177,,,
EXP_XGBModel_Alpha158_csi300_sliding_step40_s_20260111_01,44df6c59b159490fa0b22d3c198cd0a9,2026-03-10,SZ300979,0.08930671215057373,,,
EXP_XGBModel_Alpha158_csi300_sliding_step40_s_20260111_01,44df6c59b159490fa0b22d3c198cd0a9,2026-03-10,SZ300999,0.4208084046840668,,,
EXP_XGBModel_Alpha158_csi300_sliding_step40_s_20260111_01,44df6c59b159490fa0b22d3c198cd0a9,2026-03-10,SZ301236,0.003043408738449216,,,
EXP_XGBModel_Alpha158_csi300_sliding_step40_s_20260111_01,44df6c59b159490fa0b22d3c198cd0a9,2026-03-10,SZ300476,0.02850957028567791,,,
EXP_XGBModel_Alpha158_csi300_sliding_step40_s_20260111_01,44df6c59b159490fa0b22d3c198cd0a9,2026-03-10,SZ001965,0.018373532220721245,,,
EXP_XGBModel_Alpha158_csi300_sliding_step40_s_20260111_01,44df6c59b159490fa0b22d3c198cd0a9,2026-03-10,SZ300442,0.4400796592235565,,,
EXP_XGBModel_Alpha158_csi300_sliding_step40_s_20260111_01,44df6c59b159490fa0b22d3c198cd0a9,2026-03-10,SZ300418,-0.30290964245796204,,,
EXP_XGBModel_Alpha158_csi300_sliding_step40_s_20260111_01,44df6c59b159490fa0b22d3c198cd0a9,2026-03-10,SZ003816,-0.1682002693414688,,,
EXP_XGBModel_Alpha158_csi300_sliding_step40_s_20260111_01,44df6c59b159490fa0b22d3c198cd0a9,2026-03-10,SZ300014,-0.027001192793250084,,,
EXP_XGBModel_Alpha158_csi300_sliding_step40_s_20260111_01,44df6c59b159490fa0b22d3c198cd0a9,2026-03-10,SZ300015,-0.026166247203946114,,,
EXP_XGBModel_Alpha158_csi300_sliding_step40_s_20260111_01,44df6c59b159490fa0b22d3c198cd0a9,2026-03-10,SZ300033,0.036993641406297684,,,
EXP_XGBModel_Alpha158_csi300_sliding_step40_s_20260111_01,44df6c59b159490fa0b22d3c198cd0a9,2026-03-10,SZ300059,-0.03158220276236534,,,
EXP_XGBModel_Alpha158_csi300_sliding_step40_s_20260111_01,44df6c59b159490fa0b22d3c198cd0a9,2026-03-10,SZ300122,0.03357304632663727,,,
EXP_XGBModel_Alpha158_csi300_sliding_step40_s_20260111_01,44df6c59b159490fa0b22d3c198cd0a9,2026-03-10,SZ300124,-1.121305103879422e-05,,,
EXP_XGBModel_Alpha158_csi300_sliding_step40_s_20260111_01,44df6c59b159490fa0b22d3c198cd0a9,2026-03-10,SZ300251,0.29060253500938416,,,
EXP_XGBModel_Alpha158_csi300_sliding_step40_s_20260111_01,44df6c59b159490fa0b22d3c198cd0a9,2026-03-10,SZ300274,-0.014283432625234127,,,
EXP_XGBModel_Alpha158_csi300_sliding_step40_s_20260111_01,44df6c59b159490fa0b22d3c198cd0a9,2026-03-10,SZ300308,0.08525227010250092,,,
EXP_XGBModel_Alpha158_csi300_sliding_step40_s_20260111_01,44df6c59b159490fa0b22d3c198cd0a9,2026-03-10,SZ300316,0.475719153881073,,,
EXP_XGBModel_Alpha158_csi300_sliding_step40_s_20260111_01,44df6c59b159490fa0b22d3c198cd0a9,2026-03-10,SZ300347,-0.0421820767223835,,,
EXP_XGBModel_Alpha158_csi300_sliding_step40_s_20260111_01,44df6c59b159490fa0b22d3c198cd0a9,2026-03-10,SZ300394,0.5696988105773926,,,
EXP_XGBModel_Alpha158_csi300_sliding_step40_s_20260111_01,44df6c59b159490fa0b22d3c198cd0a9,2026-03-10,SZ300408,0.04476165771484375,,,
EXP_XGBModel_Alpha158_csi300_sliding_step40_s_20260111_01,44df6c59b159490fa0b22d3c198cd0a9,2026-03-10,SZ300413,0.006065424997359514,,,
EXP_XGBModel_Alpha158_csi300_sliding_step40_s_20260111_01,44df6c59b159490fa0b22d3c198cd0a9,2026-03-10,SZ300433,0.14528566598892212,,,
EXP_XGBModel_Alpha158_csi300_sliding_step40_s_20260111_01,44df6c59b159490fa0b22d3c198cd0a9,2026-03-10,SZ302132,-0.036958321928977966,,,
EXP_XGBModel_Alpha158_csi300_sliding_step40_s_20260111_01,44df6c59b159490fa0b22d3c198cd0a9,2026-03-10,SZ001391,0.033521149307489395,,,
EXP_XGBModel_Alpha158_csi300_sliding_step40_s_20260111_01,44df6c59b159490fa0b22d3c198cd0a9,2026-03-10,SZ000983,-0.0878455638885498,,,
EXP_XGBModel_Alpha158_csi300_sliding_step40_s_20260111_01,44df6c59b159490fa0b22d3c198cd0a9,2026-03-10,SH688008,0.06609855592250824,,,
EXP_XGBModel_Alpha158_csi300_sliding_step40_s_20260111_01,44df6c59b159490fa0b22d3c198cd0a9,2026-03-10,SH688009,-0.24821312725543976,,,
EXP_XGBModel_Alpha158_csi300_sliding_step40_s_20260111_01,44df6c59b159490fa0b22d3c198cd0a9,2026-03-10,SH688012,0.11073047667741776,,,
EXP_XGBModel_Alpha158_csi300_sliding_step40_s_20260111_01,44df6c59b159490fa0b22d3c198cd0a9,2026-03-10,SH688036,-0.08235575258731842,,,
EXP_XGBModel_Alpha158_csi300_sliding_step40_s_20260111_01,44df6c59b159490fa0b22d3c198cd0a9,2026-03-10,SH688041,-0.07042983919382095,,,
EXP_XGBModel_Alpha158_csi300_sliding_step40_s_20260111_01,44df6c59b159490fa0b22d3c198cd0a9,2026-03-10,SH688047,-0.26223477721214294,,,
EXP_XGBModel_Alpha158_csi300_sliding_step40_s_20260111_01,44df6c59b159490fa0b22d3c198cd0a9,2026-03-10,SH605499,-0.1166796162724495,,,
EXP_XGBModel_Alpha158_csi300_sliding_step40_s_20260111_01,44df6c59b159490fa0b22d3c198cd0a9,2026-03-10,SH688082,0.02305014058947563,,,
EXP_XGBModel_Alpha158_csi300_sliding_step40_s_20260111_01,44df6c59b159490fa0b22d3c198cd0a9,2026-03-10,SH688126,0.008059121668338776,,,
EXP_XGBModel_Alpha158_csi300_sliding_step40_s_20260111_01,44df6c59b159490fa0b22d3c198cd0a9,2026-03-10,SH688169,0.019417263567447662,,,
EXP_XGBModel_Alpha158_csi300_sliding_step40_s_20260111_01,44df6c59b159490fa0b22d3c198cd0a9,2026-03-10,SH688187,0.04818527400493622,,,
EXP_XGBModel_Alpha158_csi300_sliding_step40_s_20260111_01,44df6c59b159490fa0b22d3c198cd0a9,2026-03-10,SH688223,-0.7914997339248657,,,
EXP_XGBModel_Alpha158_csi300_sliding_step40_s_20260111_01,44df6c59b159490fa0b22d3c198cd0a9,2026-03-10,SH688256,-0.052162349224090576,,,
EXP_XGBModel_Alpha158_csi300_sliding_step40_s_20260111_01,44df6c59b159490fa0b22d3c198cd0a9,2026-03-10,SH688271,-0.029353026300668716,,,
EXP_XGBModel_Alpha158_csi300_sliding_step40_s_20260111_01,44df6c59b159490fa0b22d3c198cd0a9,2026-03-10,SH688111,0.07054613530635834,,,
EXP_XGBModel_Alpha158_csi300_sliding_step40_s_20260111_01,44df6c59b159490fa0b22d3c198cd0a9,2026-03-10,SH605117,-0.10074687004089355,,,
EXP_XGBModel_Alpha158_csi300_sliding_step40_s_20260111_01,44df6c59b159490fa0b22d3c198cd0a9,2026-03-10,SH603993,0.07441820204257965,,,
EXP_XGBModel_Alpha158_csi300_sliding_step40_s_20260111_01,44df6c59b159490fa0b22d3c198cd0a9,2026-03-10,SH603986,-0.026919802650809288,,,
EXP_XGBModel_Alpha158_csi300_sliding_step40_s_20260111_01,44df6c59b159490fa0b22d3c198cd0a9,2026-03-10,SH601985,-0.01848437264561653,,,
EXP_XGBModel_Alpha158_csi300_sliding_step40_s_20260111_01,44df6c59b159490fa0b22d3c198cd0a9,2026-03-10,SH601988,0.028258292004466057,,,
EXP_XGBModel_Alpha158_csi300_sliding_step40_s_20260111_01,44df6c59b159490fa0b22d3c198cd0a9,2026-03-10,SH601995,0.012830303981900215,,,
EXP_XGBModel_Alpha158_csi300_sliding_step40_s_20260111_01,44df6c59b159490fa0b22d3c198cd0a9,2026-03-10,SH601998,0.004593564197421074,,,
EXP_XGBModel_Alpha158_csi300_sliding_step40_s_20260111_01,44df6c59b159490fa0b22d3c198cd0a9,2026-03-10,SH603019,-0.06228138133883476,,,
EXP_XGBModel_Alpha158_csi300_sliding_step40_s_20260111_01,44df6c59b159490fa0b22d3c198cd0a9,2026-03-10,SH603195,0.05947661027312279,,,
EXP_XGBModel_Alpha158_csi300_sliding_step40_s_20260111_01,44df6c59b159490fa0b22d3c198cd0a9,2026-03-10,SH603259,0.015416068956255913,,,
EXP_XGBModel_Alpha158_csi300_sliding_step40_s_20260111_01,44df6c59b159490fa0b22d3c198cd0a9,2026-03-10,SH603260,-0.026514625176787376,,,
EXP_XGBModel_Alpha158_csi300_sliding_step40_s_20260111_01,44df6c59b159490fa0b22d3c198cd0a9,2026-03-10,SH603288,-0.015020652674138546,,,
EXP_XGBModel_Alpha158_csi300_sliding_step40_s_20260111_01,44df6c59b159490fa0b22d3c198cd0a9,2026-03-10,SH603296,0.043199073523283005,,,
EXP_XGBModel_Alpha158_csi300_sliding_step40_s_20260111_01,44df6c59b159490fa0b22d3c198cd0a9,2026-03-10,SH603369,-0.07973965257406235,,,
EXP_XGBModel_Alpha158_csi300_sliding_step40_s_20260111_01,44df6c59b159490fa0b22d3c198cd0a9,2026-03-10,SH603392,-0.11140142381191254,,,
EXP_XGBModel_Alpha158_csi300_sliding_step40_s_20260111_01,44df6c59b159490fa0b22d3c198cd0a9,2026-03-10,SH603501,0.060835402458906174,,,
EXP_XGBModel_Alpha158_csi300_sliding_step40_s_20260111_01,44df6c59b159490fa0b22d3c198cd0a9,2026-03-10,SH603799,0.04382602497935295,,,
EXP_XGBModel_Alpha158_csi300_sliding_step40_s_20260111_01,44df6c59b159490fa0b22d3c198cd0a9,2026-03-10,SH603893,0.01762939617037773,,,
EXP_XGBModel_Alpha158_csi300_sliding_step40_s_20260111_01,44df6c59b159490fa0b22d3c198cd0a9,2026-03-10,SH688303,-0.043805692344903946,,,
EXP_XGBModel_Alpha158_csi300_sliding_step40_s_20260111_01,44df6c59b159490fa0b22d3c198cd0a9,2026-03-10,SH688396,0.10068315267562866,,,
EXP_XGBModel_Alpha158_csi300_sliding_step40_s_20260111_01,44df6c59b159490fa0b22d3c198cd0a9,2026-03-10,SH688472,-0.07680948078632355,,,
EXP_XGBModel_Alpha158_csi300_sliding_step40_s_20260111_01,44df6c59b159490fa0b22d3c198cd0a9,2026-03-10,SH688506,0.03011130541563034,,,
EXP_XGBModel_Alpha158_csi300_sliding_step40_s_20260111_01,44df6c59b159490fa0b22d3c198cd0a9,2026-03-10,SZ000661,-0.1047801822423935,,,
EXP_XGBModel_Alpha158_csi300_sliding_step40_s_20260111_01,44df6c59b159490fa0b22d3c198cd0a9,2026-03-10,SZ000708,0.20631654560565948,,,
EXP_XGBModel_Alpha158_csi300_sliding_step40_s_20260111_01,44df6c59b159490fa0b22d3c198cd0a9,2026-03-10,SZ000725,0.016261132434010506,,,
EXP_XGBModel_Alpha158_csi300_sliding_step40_s_20260111_01,44df6c59b159490fa0b22d3c198cd0a9,2026-03-10,SZ000768,0.007651201914995909,,,
EXP_XGBModel_Alpha158_csi300_sliding_step40_s_20260111_01,44df6c59b159490fa0b22d3c198cd0a9,2026-03-10,SZ000776,-0.002423160243779421,,,
EXP_XGBModel_Alpha158_csi300_sliding_step40_s_20260111_01,44df6c59b159490fa0b22d3c198cd0a9,2026-03-10,SZ000786,0.04670823737978935,,,
EXP_XGBModel_Alpha158_csi300_sliding_step40_s_20260111_01,44df6c59b159490fa0b22d3c198cd0a9,2026-03-10,SZ000792,-0.23231148719787598,,,
EXP_XGBModel_Alpha158_csi300_sliding_step40_s_20260111_01,44df6c59b159490fa0b22d3c198cd0a9,2026-03-10,SZ000807,0.05120939016342163,,,
EXP_XGBModel_Alpha158_csi300_sliding_step40_s_20260111_01,44df6c59b159490fa0b22d3c198cd0a9,2026-03-10,SZ000858,-0.039062343537807465,,,
EXP_XGBModel_Alpha158_csi300_sliding_step40_s_20260111_01,44df6c59b159490fa0b22d3c198cd0a9,2026-03-10,SZ000876,0.0025725848972797394,,,
EXP_XGBModel_Alpha158_csi300_sliding_step40_s_20260111_01,44df6c59b159490fa0b22d3c198cd0a9,2026-03-10,SZ000895,0.15856139361858368,,,
EXP_XGBModel_Alpha158_csi300_sliding_step40_s_20260111_01,44df6c59b159490fa0b22d3c198cd0a9,2026-03-10,SZ000938,-0.039599183946847916,,,
EXP_XGBModel_Alpha158_csi300_sliding_step40_s_20260111_01,44df6c59b159490fa0b22d3c198cd0a9,2026-03-10,SZ000963,0.008888183161616325,,,
EXP_XGBModel_Alpha158_csi300_sliding_step40_s_20260111_01,44df6c59b159490fa0b22d3c198cd0a9,2026-03-10,SZ000975,-0.18062371015548706,,,
EXP_XGBModel_Alpha158_csi300_sliding_step40_s_20260111_01,44df6c59b159490fa0b22d3c198cd0a9,2026-03-10,SZ000977,0.040318895131349564,,,
EXP_XGBModel_Alpha158_csi300_sliding_step40_s_20260111_01,44df6c59b159490fa0b22d3c198cd0a9,2026-03-10,SZ000651,-0.004466795362532139,,,
EXP_XGBModel_Alpha158_csi300_sliding_step40_s_20260111_01,44df6c59b159490fa0b22d3c198cd0a9,2026-03-10,SZ000999,0.12829658389091492,,,
EXP_XGBModel_Alpha158_csi300_sliding_step40_s_20260111_01,44df6c59b159490fa0b22d3c198cd0a9,2026-03-10,SZ000630,0.08964960277080536,,,
EXP_XGBModel_Alpha158_csi300_sliding_step40_s_20260111_01,44df6c59b159490fa0b22d3c198cd0a9,2026-03-10,SZ000617,-0.0862627699971199,,,
EXP_XGBModel_Alpha158_csi300_sliding_step40_s_20260111_01,44df6c59b159490fa0b22d3c198cd0a9,2026-03-10,SH688981,-0.10845543444156647,,,
EXP_XGBModel_Alpha158_csi300_sliding_step40_s_20260111_01,44df6c59b159490fa0b22d3c198cd0a9,2026-03-10,SZ000001,0.0008177943527698517,,,
EXP_XGBModel_Alpha158_csi300_sliding_step40_s_20260111_01,44df6c59b159490fa0b22d3c198cd0a9,2026-03-10,SZ000002,-0.07254593074321747,,,
EXP_XGBModel_Alpha158_csi300_sliding_step40_s_20260111_01,44df6c59b159490fa0b22d3c198cd0a9,2026-03-10,SZ000063,0.13550791144371033,,,
EXP_XGBModel_Alpha158_csi300_sliding_step40_s_20260111_01,44df6c59b159490fa0b22d3c198cd0a9,2026-03-10,SZ000100,0.06547592580318451,,,
EXP_XGBModel_Alpha158_csi300_sliding_step40_s_20260111_01,44df6c59b159490fa0b22d3c198cd0a9,2026-03-10,SZ000157,0.05649028718471527,,,
EXP_XGBModel_Alpha158_csi300_sliding_step40_s_20260111_01,44df6c59b159490fa0b22d3c198cd0a9,2026-03-10,SZ000166,0.009678175672888756,,,
EXP_XGBModel_Alpha158_csi300_sliding_step40_s_20260111_01,44df6c59b159490fa0b22d3c198cd0a9,2026-03-10,SZ000301,0.1988167017698288,,,
EXP_XGBModel_Alpha158_csi300_sliding_step40_s_20260111_01,44df6c59b159490fa0b22d3c198cd0a9,2026-03-10,SZ000333,0.03323698788881302,,,
EXP_XGBModel_Alpha158_csi300_sliding_step40_s_20260111_01,44df6c59b159490fa0b22d3c198cd0a9,2026-03-10,SZ000338,-0.5958148241043091,,,
EXP_XGBModel_Alpha158_csi300_sliding_step40_s_20260111_01,44df6c59b159490fa0b22d3c198cd0a9,2026-03-10,SZ000408,-0.06489970535039902,,,
EXP_XGBModel_Alpha158_csi300_sliding_step40_s_20260111_01,44df6c59b159490fa0b22d3c198cd0a9,2026-03-10,SZ000425,-0.03702089563012123,,,
EXP_XGBModel_Alpha158_csi300_sliding_step40_s_20260111_01,44df6c59b159490fa0b22d3c198cd0a9,2026-03-10,SZ000538,0.006129720248281956,,,
EXP_XGBModel_Alpha158_csi300_sliding_step40_s_20260111_01,44df6c59b159490fa0b22d3c198cd0a9,2026-03-10,SZ000568,-0.053899411112070084,,,
EXP_XGBModel_Alpha158_csi300_sliding_step40_s_20260111_01,44df6c59b159490fa0b22d3c198cd0a9,2026-03-10,SZ000596,-0.039922960102558136,,,
EXP_XGBModel_Alpha158_csi300_sliding_step40_s_20260111_01,44df6c59b159490fa0b22d3c198cd0a9,2026-03-10,SZ000625,-0.011085474863648415,,,
EXP_LinearModel_Alpha158_csi300_expanding_step40_s_20260111_12,ab464936a4bd47ddb5b42e4aa3319072,2026-03-10,SH600000,0.05868855491280556,,,
EXP_DEnsembleModel_Alpha158_csi300_sliding_step40_s_20260111_23,12f4cb9e2e654b22a3588e4374ed56b1,2026-03-10,SZ302132,0.004904006739817667,,,
EXP_DEnsembleModel_Alpha158_csi300_sliding_step40_s_20260111_23,12f4cb9e2e654b22a3588e4374ed56b1,2026-03-10,SZ301269,-0.04961240301293425,,,
EXP_LGBModel_Alpha158_csi300_sliding_step40_s_20260121_01,741bdd0f113c4c1eaf23c429f63dfa1d,2026-03-10,SH601127,0.0013828422032107148,,,
EXP_LGBModel_Alpha158_csi300_sliding_step40_s_20260121_01,741bdd0f113c4c1eaf23c429f63dfa1d,2026-03-10,SH601136,-0.06186774350613501,,,
EXP_LGBModel_Alpha158_csi300_sliding_step40_s_20260121_01,741bdd0f113c4c1eaf23c429f63dfa1d,2026-03-10,SH601138,0.013824497055022936,,,
EXP_LGBModel_Alpha158_csi300_sliding_step40_s_20260121_01,741bdd0f113c4c1eaf23c429f63dfa1d,2026-03-10,SH601166,0.00978775600850475,,,
EXP_LGBModel_Alpha158_csi300_sliding_step40_s_20260121_01,741bdd0f113c4c1eaf23c429f63dfa1d,2026-03-10,SH601169,-0.01716919555474441,,,
EXP_LGBModel_Alpha158_csi300_sliding_step40_s_20260121_01,741bdd0f113c4c1eaf23c429f63dfa1d,2026-03-10,SH601186,-0.022449466416460118,,,
EXP_LGBModel_Alpha158_csi300_sliding_step40_s_20260121_01,741bdd0f113c4c1eaf23c429f63dfa1d,2026-03-10,SH601117,0.015747907797879573,,,
EXP_LGBModel_Alpha158_csi300_sliding_step40_s_20260121_01,741bdd0f113c4c1eaf23c429f63dfa1d,2026-03-10,SH601211,-0.018299862484833722,,,
EXP_LGBModel_Alpha158_csi300_sliding_step40_s_20260121_01,741bdd0f113c4c1eaf23c429f63dfa1d,2026-03-10,SH601229,0.006913044282550018,,,
EXP_LGBModel_Alpha158_csi300_sliding_step40_s_20260121_01,741bdd0f113c4c1eaf23c429f63dfa1d,2026-03-10,SH601236,0.007454624947264481,,,
EXP_LGBModel_Alpha158_csi300_sliding_step40_s_20260121_01,741bdd0f113c4c1eaf23c429f63dfa1d,2026-03-10,SH601238,-0.05411141215896355,,,
EXP_LGBModel_Alpha158_csi300_sliding_step40_s_20260121_01,741bdd0f113c4c1eaf23c429f63dfa1d,2026-03-10,SH601288,0.0004105071876423816,,,
EXP_LGBModel_Alpha158_csi300_sliding_step40_s_20260121_01,741bdd0f113c4c1eaf23c429f63dfa1d,2026-03-10,SH601298,-0.033847839403514685,,,
EXP_LGBModel_Alpha158_csi300_sliding_step40_s_20260121_01,741bdd0f113c4c1eaf23c429f63dfa1d,2026-03-10,SH601318,0.05699465964028094,,,
EXP_LGBModel_Alpha158_csi300_sliding_step40_s_20260121_01,741bdd0f113c4c1eaf23c429f63dfa1d,2026-03-10,SH601225,-0.03465186938766085,,,
EXP_LGBModel_Alpha158_csi300_sliding_step40_s_20260121_01,741bdd0f113c4c1eaf23c429f63dfa1d,2026-03-10,SH601111,0.23534877370545343,,,
EXP_LGBModel_Alpha158_csi300_sliding_step40_s_20260121_01,741bdd0f113c4c1eaf23c429f63dfa1d,2026-03-10,SH601100,0.14082358187793367,,,
EXP_LGBModel_Alpha158_csi300_sliding_step40_s_20260121_01,741bdd0f113c4c1eaf23c429f63dfa1d,2026-03-10,SH601088,-0.10317591636331021,,,
EXP_LGBModel_Alpha158_csi300_sliding_step40_s_20260121_01,741bdd0f113c4c1eaf23c429f63dfa1d,2026-03-10,SH600930,-0.07634431069029847,,,
EXP_LGBModel_Alpha158_csi300_sliding_step40_s_20260121_01,741bdd0f113c4c1eaf23c429f63dfa1d,2026-03-10,SH600938,-0.1531137367081051,,,
EXP_LGBModel_Alpha158_csi300_sliding_step40_s_20260121_01,741bdd0f113c4c1eaf23c429f63dfa1d,2026-03-10,SH600941,0.04666553711032124,,,
EXP_LGBModel_Alpha158_csi300_sliding_step40_s_20260121_01,741bdd0f113c4c1eaf23c429f63dfa1d,2026-03-10,SH600958,-0.06123453610582519,,,
EXP_LGBModel_Alpha158_csi300_sliding_step40_s_20260121_01,741bdd0f113c4c1eaf23c429f63dfa1d,2026-03-10,SH600989,-0.15028506692252067,,,
EXP_LGBModel_Alpha158_csi300_sliding_step40_s_20260121_01,741bdd0f113c4c1eaf23c429f63dfa1d,2026-03-10,SH600999,-0.020802110366535304,,,
EXP_LGBModel_Alpha158_csi300_sliding_step40_s_20260121_01,741bdd0f113c4c1eaf23c429f63dfa1d,2026-03-10,SH601006,-0.050446449316183306,,,
EXP_LGBModel_Alpha158_csi300_sliding_step40_s_20260121_01,741bdd0f113c4c1eaf23c429f63dfa1d,2026-03-10,SH601009,-0.0006937772835755976,,,
EXP_LGBModel_Alpha158_csi300_sliding_step40_s_20260121_01,741bdd0f113c4c1eaf23c429f63dfa1d,2026-03-10,SH601012,0.04495740634719757,,,
EXP_LGBModel_Alpha158_csi300_sliding_step40_s_20260121_01,741bdd0f113c4c1eaf23c429f63dfa1d,2026-03-10,SH601018,-0.005390787925834422,,,
EXP_LGBModel_Alpha158_csi300_sliding_step40_s_20260121_01,741bdd0f113c4c1eaf23c429f63dfa1d,2026-03-10,SH601021,0.17131116069018412,,,
EXP_LGBModel_Alpha158_csi300_sliding_step40_s_20260121_01,741bdd0f113c4c1eaf23c429f63dfa1d,2026-03-10,SH601058,0.03986750903865921,,,
EXP_LGBModel_Alpha158_csi300_sliding_step40_s_20260121_01,741bdd0f113c4c1eaf23c429f63dfa1d,2026-03-10,SH601059,-0.03449454690374703,,,
EXP_LGBModel_Alpha158_csi300_sliding_step40_s_20260121_01,741bdd0f113c4c1eaf23c429f63dfa1d,2026-03-10,SH601066,-0.013210518648062596,,,
EXP_LGBModel_Alpha158_csi300_sliding_step40_s_20260121_01,741bdd0f113c4c1eaf23c429f63dfa1d,2026-03-10,SH601077,0.09994582598920633,,,
EXP_LGBModel_Alpha158_csi300_sliding_step40_s_20260121_01,741bdd0f113c4c1eaf23c429f63dfa1d,2026-03-10,SH601319,-0.0010050714614523396,,,
EXP_LGBModel_Alpha158_csi300_sliding_step40_s_20260121_01,741bdd0f113c4c1eaf23c429f63dfa1d,2026-03-10,SH600926,0.052761918526602405,,,
EXP_LGBModel_Alpha158_csi300_sliding_step40_s_20260121_01,741bdd0f113c4c1eaf23c429f63dfa1d,2026-03-10,SH601328,0.027726686604118908,,,
EXP_LGBModel_Alpha158_csi300_sliding_step40_s_20260121_01,741bdd0f113c4c1eaf23c429f63dfa1d,2026-03-10,SH601360,0.23321560519973858,,,
EXP_LGBModel_Alpha158_csi300_sliding_step40_s_20260121_01,741bdd0f113c4c1eaf23c429f63dfa1d,2026-03-10,SH601800,0.00293121933690532,,,
EXP_LGBModel_Alpha158_csi300_sliding_step40_s_20260121_01,741bdd0f113c4c1eaf23c429f63dfa1d,2026-03-10,SH601808,-0.029008647687321167,,,
EXP_LGBModel_Alpha158_csi300_sliding_step40_s_20260121_01,741bdd0f113c4c1eaf23c429f63dfa1d,2026-03-10,SH601816,0.07321091891467611,,,
EXP_LGBModel_Alpha158_csi300_sliding_step40_s_20260121_01,741bdd0f113c4c1eaf23c429f63dfa1d,2026-03-10,SH601818,0.023602609229202865,,,
EXP_LGBModel_Alpha158_csi300_sliding_step40_s_20260121_01,741bdd0f113c4c1eaf23c429f63dfa1d,2026-03-10,SH601825,-0.007683335899327084,,,
EXP_LGBModel_Alpha158_csi300_sliding_step40_s_20260121_01,741bdd0f113c4c1eaf23c429f63dfa1d,2026-03-10,SH601838,-0.005436336510576426,,,
EXP_LGBModel_Alpha158_csi300_sliding_step40_s_20260121_01,741bdd0f113c4c1eaf23c429f63dfa1d,2026-03-10,SH601788,-0.04607295388477157,,,
EXP_LGBModel_Alpha158_csi300_sliding_step40_s_20260121_01,741bdd0f113c4c1eaf23c429f63dfa1d,2026-03-10,SH601857,-0.02847659386064704,,,
EXP_LGBModel_Alpha158_csi300_sliding_step40_s_20260121_01,741bdd0f113c4c1eaf23c429f63dfa1d,2026-03-10,SH601872,-0.1889997492593199,,,
EXP_LGBModel_Alpha158_csi300_sliding_step40_s_20260121_01,741bdd0f113c4c1eaf23c429f63dfa1d,2026-03-10,SH601877,-0.12695259861458774,,,
EXP_LGBModel_Alpha158_csi300_sliding_step40_s_20260121_01,741bdd0f113c4c1eaf23c429f63dfa1d,2026-03-10,SH601878,-0.06728856122649354,,,
EXP_LGBModel_Alpha158_csi300_sliding_step40_s_20260121_01,741bdd0f113c4c1eaf23c429f63dfa1d,2026-03-10,SH601881,-0.0848770498079754,,,
EXP_LGBModel_Alpha158_csi300_sliding_step40_s_20260121_01,741bdd0f113c4c1eaf23c429f63dfa1d,2026-03-10,SH601888,0.034031585483858526,,,
EXP_LGBModel_Alpha158_csi300_sliding_step40_s_20260121_01,741bdd0f113c4c1eaf23c429f63dfa1d,2026-03-10,SH601898,-0.04629069719950137,,,
EXP_LGBModel_Alpha158_csi300_sliding_step40_s_20260121_01,741bdd0f113c4c1eaf23c429f63dfa1d,2026-03-10,SH601868,-0.21993003073781348,,,
EXP_LGBModel_Alpha158_csi300_sliding_step40_s_20260121_01,741bdd0f113c4c1eaf23c429f63dfa1d,2026-03-10,SH601766,-0.04763752565374942,,,
EXP_LGBModel_Alpha158_csi300_sliding_step40_s_20260121_01,741bdd0f113c4c1eaf23c429f63dfa1d,2026-03-10,SH601728,0.015536033707840553,,,
EXP_LGBModel_Alpha158_csi300_sliding_step40_s_20260121_01,741bdd0f113c4c1eaf23c429f63dfa1d,2026-03-10,SH601698,0.013116981982828672,,,
EXP_LGBModel_Alpha158_csi300_sliding_step40_s_20260121_01,741bdd0f113c4c1eaf23c429f63dfa1d,2026-03-10,SH601377,-0.09453472928705703,,,
EXP_LGBModel_Alpha158_csi300_sliding_step40_s_20260121_01,741bdd0f113c4c1eaf23c429f63dfa1d,2026-03-10,SH601390,-0.0018548726565692656,,,
EXP_LGBModel_Alpha158_csi300_sliding_step40_s_20260121_01,741bdd0f113c4c1eaf23c429f63dfa1d,2026-03-10,SH601398,0.050717524782430974,,,
EXP_LGBModel_Alpha158_csi300_sliding_step40_s_20260121_01,741bdd0f113c4c1eaf23c429f63dfa1d,2026-03-10,SH601456,-0.030317759525690567,,,
EXP_LGBModel_Alpha158_csi300_sliding_step40_s_20260121_01,741bdd0f113c4c1eaf23c429f63dfa1d,2026-03-10,SH601600,-0.02993001640789921,,,
EXP_LGBModel_Alpha158_csi300_sliding_step40_s_20260121_01,741bdd0f113c4c1eaf23c429f63dfa1d,2026-03-10,SH601601,0.03639306418900422,,,
EXP_LGBModel_Alpha158_csi300_sliding_step40_s_20260121_01,741bdd0f113c4c1eaf23c429f63dfa1d,2026-03-10,SH601607,-0.042283916248678666,,,
EXP_LGBModel_Alpha158_csi300_sliding_step40_s_20260121_01,741bdd0f113c4c1eaf23c429f63dfa1d,2026-03-10,SH601618,0.0824476098112613,,,
EXP_LGBModel_Alpha158_csi300_sliding_step40_s_20260121_01,741bdd0f113c4c1eaf23c429f63dfa1d,2026-03-10,SH601628,0.01432445386174401,,,
EXP_LGBModel_Alpha158_csi300_sliding_step40_s_20260121_01,741bdd0f113c4c1eaf23c429f63dfa1d,2026-03-10,SH601633,-0.03428691173236018,,,
EXP_LGBModel_Alpha158_csi300_sliding_step40_s_20260121_01,741bdd0f113c4c1eaf23c429f63dfa1d,2026-03-10,SH601658,-0.016529240486460896,,,
EXP_LGBModel_Alpha158_csi300_sliding_step40_s_20260121_01,741bdd0f113c4c1eaf23c429f63dfa1d,2026-03-10,SH601668,-0.02056325195537735,,,
EXP_LGBModel_Alpha158_csi300_sliding_step40_s_20260121_01,741bdd0f113c4c1eaf23c429f63dfa1d,2026-03-10,SH601669,-0.06381061725453581,,,
EXP_LGBModel_Alpha158_csi300_sliding_step40_s_20260121_01,741bdd0f113c4c1eaf23c429f63dfa1d,2026-03-10,SH601688,-0.013295942039621067,,,
EXP_LGBModel_Alpha158_csi300_sliding_step40_s_20260121_01,741bdd0f113c4c1eaf23c429f63dfa1d,2026-03-10,SH601689,-0.011997650859228841,,,
EXP_LGBModel_Alpha158_csi300_sliding_step40_s_20260121_01,741bdd0f113c4c1eaf23c429f63dfa1d,2026-03-10,SH601336,0.058808394057953295,,,
EXP_LGBModel_Alpha158_csi300_sliding_step40_s_20260121_01,741bdd0f113c4c1eaf23c429f63dfa1d,2026-03-10,SH600919,0.06791959195980082,,,
EXP_LGBModel_Alpha158_csi300_sliding_step40_s_20260121_01,741bdd0f113c4c1eaf23c429f63dfa1d,2026-03-10,SH600918,-0.13296316990670035,,,
EXP_LGBModel_Alpha158_csi300_sliding_step40_s_20260121_01,741bdd0f113c4c1eaf23c429f63dfa1d,2026-03-10,SH600905,-0.0834544706111142,,,
EXP_LGBModel_Alpha158_csi300_sliding_step40_s_20260121_01,741bdd0f113c4c1eaf23c429f63dfa1d,2026-03-10,SH600061,-0.08160573551313334,,,
EXP_LGBModel_Alpha158_csi300_sliding_step40_s_20260121_01,741bdd0f113c4c1eaf23c429f63dfa1d,2026-03-10,SH600066,-0.03495648260242425,,,
EXP_LGBModel_Alpha158_csi300_sliding_step40_s_20260121_01,741bdd0f113c4c1eaf23c429f63dfa1d,2026-03-10,SH600085,-0.0033237058128590636,,,
EXP_LGBModel_Alpha158_csi300_sliding_step40_s_20260121_01,741bdd0f113c4c1eaf23c429f63dfa1d,2026-03-10,SH600089,0.025761972823359965,,,
EXP_LGBModel_Alpha158_csi300_sliding_step40_s_20260121_01,741bdd0f113c4c1eaf23c429f63dfa1d,2026-03-10,SH600104,-0.015272465087865634,,,
EXP_LGBModel_Alpha158_csi300_sliding_step40_s_20260121_01,741bdd0f113c4c1eaf23c429f63dfa1d,2026-03-10,SH600111,0.03137177329464349,,,
EXP_LGBModel_Alpha158_csi300_sliding_step40_s_20260121_01,741bdd0f113c4c1eaf23c429f63dfa1d,2026-03-10,SH600050,0.009265520432437335,,,
EXP_LGBModel_Alpha158_csi300_sliding_step40_s_20260121_01,741bdd0f113c4c1eaf23c429f63dfa1d,2026-03-10,SH600115,0.23235287346449768,,,
EXP_LGBModel_Alpha158_csi300_sliding_step40_s_20260121_01,741bdd0f113c4c1eaf23c429f63dfa1d,2026-03-10,SH600160,0.16259743180296268,,,
EXP_LGBModel_Alpha158_csi300_sliding_step40_s_20260121_01,741bdd0f113c4c1eaf23c429f63dfa1d,2026-03-10,SH600161,-0.043879983558422035,,,
EXP_LGBModel_Alpha158_csi300_sliding_step40_s_20260121_01,741bdd0f113c4c1eaf23c429f63dfa1d,2026-03-10,SH600176,-0.1685881716286349,,,
EXP_LGBModel_Alpha158_csi300_sliding_step40_s_20260121_01,741bdd0f113c4c1eaf23c429f63dfa1d,2026-03-10,SH600183,0.06736792590132215,,,
EXP_LGBModel_Alpha158_csi300_sliding_step40_s_20260121_01,741bdd0f113c4c1eaf23c429f63dfa1d,2026-03-10,SH600188,-0.06591340216337292,,,
EXP_LGBModel_Alpha158_csi300_sliding_step40_s_20260121_01,741bdd0f113c4c1eaf23c429f63dfa1d,2026-03-10,SH600196,-0.031108067223988314,,,
EXP_LGBModel_Alpha158_csi300_sliding_step40_s_20260121_01,741bdd0f113c4c1eaf23c429f63dfa1d,2026-03-10,SH600150,0.19499874304822123,,,
EXP_LGBModel_Alpha158_csi300_sliding_step40_s_20260121_01,741bdd0f113c4c1eaf23c429f63dfa1d,2026-03-10,SH600048,-0.04646063202667663,,,
EXP_LGBModel_Alpha158_csi300_sliding_step40_s_20260121_01,741bdd0f113c4c1eaf23c429f63dfa1d,2026-03-10,SH600039,0.1553364934045489,,,
EXP_LGBModel_Alpha158_csi300_sliding_step40_s_20260121_01,741bdd0f113c4c1eaf23c429f63dfa1d,2026-03-10,SH600036,0.0028518302194515495,,,
EXP_LGBModel_Alpha158_csi300_sliding_step40_s_20260121_01,741bdd0f113c4c1eaf23c429f63dfa1d,2026-03-10,SH600009,-0.0222238011164001,,,
EXP_LGBModel_Alpha158_csi300_sliding_step40_s_20260121_01,741bdd0f113c4c1eaf23c429f63dfa1d,2026-03-10,SH600010,-0.04886415522680016,,,
EXP_LGBModel_Alpha158_csi300_sliding_step40_s_20260121_01,741bdd0f113c4c1eaf23c429f63dfa1d,2026-03-10,SH600011,0.004552975311221948,,,
EXP_LGBModel_Alpha158_csi300_sliding_step40_s_20260121_01,741bdd0f113c4c1eaf23c429f63dfa1d,2026-03-10,SH600015,0.0016019905723501158,,,
EXP_LGBModel_Alpha158_csi300_sliding_step40_s_20260121_01,741bdd0f113c4c1eaf23c429f63dfa1d,2026-03-10,SH600016,0.09667348051585904,,,
EXP_LGBModel_Alpha158_csi300_sliding_step40_s_20260121_01,741bdd0f113c4c1eaf23c429f63dfa1d,2026-03-10,SH600018,0.047577197492073814,,,
EXP_LGBModel_Alpha158_csi300_sliding_step40_s_20260121_01,741bdd0f113c4c1eaf23c429f63dfa1d,2026-03-10,SH600019,-0.04249751833512998,,,
EXP_LGBModel_Alpha158_csi300_sliding_step40_s_20260121_01,741bdd0f113c4c1eaf23c429f63dfa1d,2026-03-10,SH600023,0.11733643320888192,,,
EXP_LGBModel_Alpha158_csi300_sliding_step40_s_20260121_01,741bdd0f113c4c1eaf23c429f63dfa1d,2026-03-10,SH600025,-0.09107148279238807,,,
EXP_LGBModel_Alpha158_csi300_sliding_step40_s_20260121_01,741bdd0f113c4c1eaf23c429f63dfa1d,2026-03-10,SH600026,-0.13171532211724182,,,
EXP_LGBModel_Alpha158_csi300_sliding_step40_s_20260121_01,741bdd0f113c4c1eaf23c429f63dfa1d,2026-03-10,SH600027,0.09679451379190536,,,
EXP_LGBModel_Alpha158_csi300_sliding_step40_s_20260121_01,741bdd0f113c4c1eaf23c429f63dfa1d,2026-03-10,SH600028,-0.1477376655250038,,,
EXP_LGBModel_Alpha158_csi300_sliding_step40_s_20260121_01,741bdd0f113c4c1eaf23c429f63dfa1d,2026-03-10,SH600029,0.26062525370663986,,,
EXP_LGBModel_Alpha158_csi300_sliding_step40_s_20260121_01,741bdd0f113c4c1eaf23c429f63dfa1d,2026-03-10,SH600030,-0.027691202472917915,,,
EXP_LGBModel_Alpha158_csi300_sliding_step40_s_20260121_01,741bdd0f113c4c1eaf23c429f63dfa1d,2026-03-10,SH600031,0.09045073637381337,,,
EXP_LGBModel_Alpha158_csi300_sliding_step40_s_20260121_01,741bdd0f113c4c1eaf23c429f63dfa1d,2026-03-10,SH600219,-0.07833642520794248,,,
EXP_LGBModel_Alpha158_csi300_sliding_step40_s_20260121_01,741bdd0f113c4c1eaf23c429f63dfa1d,2026-03-10,SH600233,-0.014454459125200401,,,
EXP_LGBModel_Alpha158_csi300_sliding_step40_s_20260121_01,741bdd0f113c4c1eaf23c429f63dfa1d,2026-03-10,SH600276,-0.017080160712542855,,,
EXP_LGBModel_Alpha158_csi300_sliding_step40_s_20260121_01,741bdd0f113c4c1eaf23c429f63dfa1d,2026-03-10,SH600309,-0.0178423562420363,,,
EXP_LGBModel_Alpha158_csi300_sliding_step40_s_20260121_01,741bdd0f113c4c1eaf23c429f63dfa1d,2026-03-10,SH600600,0.062264169727883026,,,
EXP_LGBModel_Alpha158_csi300_sliding_step40_s_20260121_01,741bdd0f113c4c1eaf23c429f63dfa1d,2026-03-10,SH600660,0.1005414016164005,,,
EXP_LGBModel_Alpha158_csi300_sliding_step40_s_20260121_01,741bdd0f113c4c1eaf23c429f63dfa1d,2026-03-10,SH600674,-0.08795731457554366,,,
EXP_LGBModel_Alpha158_csi300_sliding_step40_s_20260121_01,741bdd0f113c4c1eaf23c429f63dfa1d,2026-03-10,SH600690,-0.003158973033942281,,,
EXP_LGBModel_Alpha158_csi300_sliding_step40_s_20260121_01,741bdd0f113c4c1eaf23c429f63dfa1d,2026-03-10,SH600741,-0.01196068979338623,,,
EXP_LGBModel_Alpha158_csi300_sliding_step40_s_20260121_01,741bdd0f113c4c1eaf23c429f63dfa1d,2026-03-10,SH600760,-0.058303310116354395,,,
EXP_LGBModel_Alpha158_csi300_sliding_step40_s_20260121_01,741bdd0f113c4c1eaf23c429f63dfa1d,2026-03-10,SH600795,-0.017613595073560008,,,
EXP_LGBModel_Alpha158_csi300_sliding_step40_s_20260121_01,741bdd0f113c4c1eaf23c429f63dfa1d,2026-03-10,SH600803,-0.08031824654178465,,,
EXP_LGBModel_Alpha158_csi300_sliding_step40_s_20260121_01,741bdd0f113c4c1eaf23c429f63dfa1d,2026-03-10,SH600809,-0.056849184992103834,,,
EXP_LGBModel_Alpha158_csi300_sliding_step40_s_20260121_01,741bdd0f113c4c1eaf23c429f63dfa1d,2026-03-10,SH600845,0.10132266554012534,,,
EXP_LGBModel_Alpha158_csi300_sliding_step40_s_20260121_01,741bdd0f113c4c1eaf23c429f63dfa1d,2026-03-10,SH600875,-0.017783134955487435,,,
EXP_LGBModel_Alpha158_csi300_sliding_step40_s_20260121_01,741bdd0f113c4c1eaf23c429f63dfa1d,2026-03-10,SH600886,-0.0007819579744721143,,,
EXP_LGBModel_Alpha158_csi300_sliding_step40_s_20260121_01,741bdd0f113c4c1eaf23c429f63dfa1d,2026-03-10,SH600887,0.034215443918899704,,,
EXP_LGBModel_Alpha158_csi300_sliding_step40_s_20260121_01,741bdd0f113c4c1eaf23c429f63dfa1d,2026-03-10,SH600893,0.0034599201451187907,,,
EXP_LGBModel_Alpha158_csi300_sliding_step40_s_20260121_01,741bdd0f113c4c1eaf23c429f63dfa1d,2026-03-10,SH600900,0.052589552142304534,,,
EXP_LGBModel_Alpha158_csi300_sliding_step40_s_20260121_01,741bdd0f113c4c1eaf23c429f63dfa1d,2026-03-10,SH600588,0.029961157556645808,,,
EXP_LGBModel_Alpha158_csi300_sliding_step40_s_20260121_01,741bdd0f113c4c1eaf23c429f63dfa1d,2026-03-10,SH601899,0.07709070913352858,,,
EXP_LGBModel_Alpha158_csi300_sliding_step40_s_20260121_01,741bdd0f113c4c1eaf23c429f63dfa1d,2026-03-10,SH600585,-0.07339438526011616,,,
EXP_LGBModel_Alpha158_csi300_sliding_step40_s_20260121_01,741bdd0f113c4c1eaf23c429f63dfa1d,2026-03-10,SH600570,-0.021278974515001787,,,
EXP_LGBModel_Alpha158_csi300_sliding_step40_s_20260121_01,741bdd0f113c4c1eaf23c429f63dfa1d,2026-03-10,SH600346,0.06939916292705776,,,
EXP_LGBModel_Alpha158_csi300_sliding_step40_s_20260121_01,741bdd0f113c4c1eaf23c429f63dfa1d,2026-03-10,SH600362,0.06208628821966118,,,
EXP_LGBModel_Alpha158_csi300_sliding_step40_s_20260121_01,741bdd0f113c4c1eaf23c429f63dfa1d,2026-03-10,SH600372,-0.0639070902596022,,,
EXP_LGBModel_Alpha158_csi300_sliding_step40_s_20260121_01,741bdd0f113c4c1eaf23c429f63dfa1d,2026-03-10,SH600377,0.02753794680414365,,,
EXP_LGBModel_Alpha158_csi300_sliding_step40_s_20260121_01,741bdd0f113c4c1eaf23c429f63dfa1d,2026-03-10,SH600406,-0.06998001744259048,,,
EXP_LGBModel_Alpha158_csi300_sliding_step40_s_20260121_01,741bdd0f113c4c1eaf23c429f63dfa1d,2026-03-10,SH600415,-0.1076373501857533,,,
EXP_LGBModel_Alpha158_csi300_sliding_step40_s_20260121_01,741bdd0f113c4c1eaf23c429f63dfa1d,2026-03-10,SH600426,0.03922681150655742,,,
EXP_LGBModel_Alpha158_csi300_sliding_step40_s_20260121_01,741bdd0f113c4c1eaf23c429f63dfa1d,2026-03-10,SH600436,-0.04966491363446066,,,
EXP_LGBModel_Alpha158_csi300_sliding_step40_s_20260121_01,741bdd0f113c4c1eaf23c429f63dfa1d,2026-03-10,SH600460,-0.08749301120841384,,,
EXP_LGBModel_Alpha158_csi300_sliding_step40_s_20260121_01,741bdd0f113c4c1eaf23c429f63dfa1d,2026-03-10,SH600482,-0.008489608468620739,,,
EXP_LGBModel_Alpha158_csi300_sliding_step40_s_20260121_01,741bdd0f113c4c1eaf23c429f63dfa1d,2026-03-10,SH600489,-0.033472894329856714,,,
EXP_LGBModel_Alpha158_csi300_sliding_step40_s_20260121_01,741bdd0f113c4c1eaf23c429f63dfa1d,2026-03-10,SH600515,0.06888560659097702,,,
EXP_LGBModel_Alpha158_csi300_sliding_step40_s_20260121_01,741bdd0f113c4c1eaf23c429f63dfa1d,2026-03-10,SH600519,0.02143443684202509,,,
EXP_LGBModel_Alpha158_csi300_sliding_step40_s_20260121_01,741bdd0f113c4c1eaf23c429f63dfa1d,2026-03-10,SH600522,-0.14876600499597298,,,
EXP_LGBModel_Alpha158_csi300_sliding_step40_s_20260121_01,741bdd0f113c4c1eaf23c429f63dfa1d,2026-03-10,SH600547,-0.08475034543614338,,,
EXP_LGBModel_Alpha158_csi300_sliding_step40_s_20260121_01,741bdd0f113c4c1eaf23c429f63dfa1d,2026-03-10,SH600584,0.0397767405738161,,,
EXP_LGBModel_Alpha158_csi300_sliding_step40_s_20260121_01,741bdd0f113c4c1eaf23c429f63dfa1d,2026-03-10,SH601901,-0.055630051535696834,,,
EXP_LGBModel_Alpha158_csi300_sliding_step40_s_20260121_01,741bdd0f113c4c1eaf23c429f63dfa1d,2026-03-10,SH601916,-0.01854644735254926,,,
EXP_LGBModel_Alpha158_csi300_sliding_step40_s_20260121_01,741bdd0f113c4c1eaf23c429f63dfa1d,2026-03-10,SH601919,0.02844653594644632,,,
EXP_LGBModel_Alpha158_csi300_sliding_step40_s_20260121_01,741bdd0f113c4c1eaf23c429f63dfa1d,2026-03-10,SZ002415,0.014278448913612646,,,
EXP_LGBModel_Alpha158_csi300_sliding_step40_s_20260121_01,741bdd0f113c4c1eaf23c429f63dfa1d,2026-03-10,SZ002422,0.07431523509388574,,,
EXP_LGBModel_Alpha158_csi300_sliding_step40_s_20260121_01,741bdd0f113c4c1eaf23c429f63dfa1d,2026-03-10,SZ002459,-0.05597376294201703,,,
EXP_LGBModel_Alpha158_csi300_sliding_step40_s_20260121_01,741bdd0f113c4c1eaf23c429f63dfa1d,2026-03-10,SZ002460,-0.07380847206846504,,,
EXP_LGBModel_Alpha158_csi300_sliding_step40_s_20260121_01,741bdd0f113c4c1eaf23c429f63dfa1d,2026-03-10,SZ002463,0.010242462947285962,,,
EXP_LGBModel_Alpha158_csi300_sliding_step40_s_20260121_01,741bdd0f113c4c1eaf23c429f63dfa1d,2026-03-10,SZ002466,-0.15957330473603684,,,
EXP_LGBModel_Alpha158_csi300_sliding_step40_s_20260121_01,741bdd0f113c4c1eaf23c429f63dfa1d,2026-03-10,SZ002384,-0.011584215582951989,,,
EXP_LGBModel_Alpha158_csi300_sliding_step40_s_20260121_01,741bdd0f113c4c1eaf23c429f63dfa1d,2026-03-10,SZ002475,-0.06954443301085513,,,
EXP_LGBModel_Alpha158_csi300_sliding_step40_s_20260121_01,741bdd0f113c4c1eaf23c429f63dfa1d,2026-03-10,SZ002594,0.03706299197890395,,,
EXP_LGBModel_Alpha158_csi300_sliding_step40_s_20260121_01,741bdd0f113c4c1eaf23c429f63dfa1d,2026-03-10,SZ002600,0.08549040479248929,,,
EXP_LGBModel_Alpha158_csi300_sliding_step40_s_20260121_01,741bdd0f113c4c1eaf23c429f63dfa1d,2026-03-10,SZ002601,0.028855603097501556,,,
EXP_LGBModel_Alpha158_csi300_sliding_step40_s_20260121_01,741bdd0f113c4c1eaf23c429f63dfa1d,2026-03-10,SZ002625,-0.05139814907221173,,,
EXP_LGBModel_Alpha158_csi300_sliding_step40_s_20260121_01,741bdd0f113c4c1eaf23c429f63dfa1d,2026-03-10,SZ002648,-0.1641239190919779,,,
EXP_LGBModel_Alpha158_csi300_sliding_step40_s_20260121_01,741bdd0f113c4c1eaf23c429f63dfa1d,2026-03-10,SZ002709,0.23892494184803129,,,
EXP_LGBModel_Alpha158_csi300_sliding_step40_s_20260121_01,741bdd0f113c4c1eaf23c429f63dfa1d,2026-03-10,SZ002493,0.07607556918944565,,,
EXP_LGBModel_Alpha158_csi300_sliding_step40_s_20260121_01,741bdd0f113c4c1eaf23c429f63dfa1d,2026-03-10,SZ002371,0.1358709107213001,,,
EXP_LGBModel_Alpha158_csi300_sliding_step40_s_20260121_01,741bdd0f113c4c1eaf23c429f63dfa1d,2026-03-10,SZ002352,0.039156523746516826,,,
EXP_LGBModel_Alpha158_csi300_sliding_step40_s_20260121_01,741bdd0f113c4c1eaf23c429f63dfa1d,2026-03-10,SZ002311,-0.01188149896189907,,,
EXP_LGBModel_Alpha158_csi300_sliding_step40_s_20260121_01,741bdd0f113c4c1eaf23c429f63dfa1d,2026-03-10,SZ001965,0.006916003015952395,,,
EXP_LGBModel_Alpha158_csi300_sliding_step40_s_20260121_01,741bdd0f113c4c1eaf23c429f63dfa1d,2026-03-10,SZ001979,-0.023043306958969074,,,
EXP_LGBModel_Alpha158_csi300_sliding_step40_s_20260121_01,741bdd0f113c4c1eaf23c429f63dfa1d,2026-03-10,SZ002001,-0.03835316997317431,,,
EXP_LGBModel_Alpha158_csi300_sliding_step40_s_20260121_01,741bdd0f113c4c1eaf23c429f63dfa1d,2026-03-10,SZ002027,0.006803034099281419,,,
EXP_LGBModel_Alpha158_csi300_sliding_step40_s_20260121_01,741bdd0f113c4c1eaf23c429f63dfa1d,2026-03-10,SZ002028,0.013849402750055594,,,
EXP_LGBModel_Alpha158_csi300_sliding_step40_s_20260121_01,741bdd0f113c4c1eaf23c429f63dfa1d,2026-03-10,SZ002049,0.01049508315268119,,,
EXP_LGBModel_Alpha158_csi300_sliding_step40_s_20260121_01,741bdd0f113c4c1eaf23c429f63dfa1d,2026-03-10,SZ002050,-0.02723802303344943,,,
EXP_LGBModel_Alpha158_csi300_sliding_step40_s_20260121_01,741bdd0f113c4c1eaf23c429f63dfa1d,2026-03-10,SZ002074,0.1138712869846126,,,
EXP_LGBModel_Alpha158_csi300_sliding_step40_s_20260121_01,741bdd0f113c4c1eaf23c429f63dfa1d,2026-03-10,SZ002142,0.041233979034447886,,,
EXP_LGBModel_Alpha158_csi300_sliding_step40_s_20260121_01,741bdd0f113c4c1eaf23c429f63dfa1d,2026-03-10,SZ002179,0.09701535680146499,,,
EXP_LGBModel_Alpha158_csi300_sliding_step40_s_20260121_01,741bdd0f113c4c1eaf23c429f63dfa1d,2026-03-10,SZ002230,0.057095771469190024,,,
EXP_LGBModel_Alpha158_csi300_sliding_step40_s_20260121_01,741bdd0f113c4c1eaf23c429f63dfa1d,2026-03-10,SZ002236,-0.09195093826574077,,,
EXP_LGBModel_Alpha158_csi300_sliding_step40_s_20260121_01,741bdd0f113c4c1eaf23c429f63dfa1d,2026-03-10,SZ002241,0.0033846981454592725,,,
EXP_LGBModel_Alpha158_csi300_sliding_step40_s_20260121_01,741bdd0f113c4c1eaf23c429f63dfa1d,2026-03-10,SZ002252,-0.012780684042168346,,,
EXP_LGBModel_Alpha158_csi300_sliding_step40_s_20260121_01,741bdd0f113c4c1eaf23c429f63dfa1d,2026-03-10,SZ002304,-0.15225012150653167,,,
EXP_LGBModel_Alpha158_csi300_sliding_step40_s_20260121_01,741bdd0f113c4c1eaf23c429f63dfa1d,2026-03-10,SZ002714,0.027387348478973787,,,
EXP_LGBModel_Alpha158_csi300_sliding_step40_s_20260121_01,741bdd0f113c4c1eaf23c429f63dfa1d,2026-03-10,SZ002736,-0.05042250247352837,,,
EXP_LGBModel_Alpha158_csi300_sliding_step40_s_20260121_01,741bdd0f113c4c1eaf23c429f63dfa1d,2026-03-10,SZ002916,0.07318287396402749,,,
EXP_LGBModel_Alpha158_csi300_sliding_step40_s_20260121_01,741bdd0f113c4c1eaf23c429f63dfa1d,2026-03-10,SZ002920,0.01764659464931864,,,
EXP_LGBModel_Alpha158_csi300_sliding_step40_s_20260121_01,741bdd0f113c4c1eaf23c429f63dfa1d,2026-03-10,SZ300476,0.012300720081312506,,,
EXP_LGBModel_Alpha158_csi300_sliding_step40_s_20260121_01,741bdd0f113c4c1eaf23c429f63dfa1d,2026-03-10,SZ300498,-0.07326777339253929,,,
EXP_LGBModel_Alpha158_csi300_sliding_step40_s_20260121_01,741bdd0f113c4c1eaf23c429f63dfa1d,2026-03-10,SZ300502,-0.07996664423711829,,,
EXP_LGBModel_Alpha158_csi300_sliding_step40_s_20260121_01,741bdd0f113c4c1eaf23c429f63dfa1d,2026-03-10,SZ300628,0.010199900886561062,,,
EXP_LGBModel_Alpha158_csi300_sliding_step40_s_20260121_01,741bdd0f113c4c1eaf23c429f63dfa1d,2026-03-10,SZ300661,0.007219590758613457,,,
EXP_LGBModel_Alpha158_csi300_sliding_step40_s_20260121_01,741bdd0f113c4c1eaf23c429f63dfa1d,2026-03-10,SZ300750,0.044051048848194684,,,
EXP_LGBModel_Alpha158_csi300_sliding_step40_s_20260121_01,741bdd0f113c4c1eaf23c429f63dfa1d,2026-03-10,SZ300759,-0.08116527474778133,,,
EXP_LGBModel_Alpha158_csi300_sliding_step40_s_20260121_01,741bdd0f113c4c1eaf23c429f63dfa1d,2026-03-10,SZ300760,-0.10983083179098385,,,
EXP_LGBModel_Alpha158_csi300_sliding_step40_s_20260121_01,741bdd0f113c4c1eaf23c429f63dfa1d,2026-03-10,SZ300782,-0.14674499418879924,,,
EXP_LGBModel_Alpha158_csi300_sliding_step40_s_20260121_01,741bdd0f113c4c1eaf23c429f63dfa1d,2026-03-10,SZ300803,0.13935394337047624,,,
EXP_LGBModel_Alpha158_csi300_sliding_step40_s_20260121_01,741bdd0f113c4c1eaf23c429f63dfa1d,2026-03-10,SZ300832,-0.11407036255251546,,,
EXP_LGBModel_Alpha158_csi300_sliding_step40_s_20260121_01,741bdd0f113c4c1eaf23c429f63dfa1d,2026-03-10,SZ300866,-0.03237423680554826,,,
EXP_LGBModel_Alpha158_csi300_sliding_step40_s_20260121_01,741bdd0f113c4c1eaf23c429f63dfa1d,2026-03-10,SZ300896,-0.04246498606200281,,,
EXP_LGBModel_Alpha158_csi300_sliding_step40_s_20260121_01,741bdd0f113c4c1eaf23c429f63dfa1d,2026-03-10,SZ300979,-0.03096812366087075,,,
EXP_LGBModel_Alpha158_csi300_sliding_step40_s_20260121_01,741bdd0f113c4c1eaf23c429f63dfa1d,2026-03-10,SZ300999,0.08185650277284472,,,
EXP_LGBModel_Alpha158_csi300_sliding_step40_s_20260121_01,741bdd0f113c4c1eaf23c429f63dfa1d,2026-03-10,SZ300442,-0.06876675453197209,,,
EXP_LGBModel_Alpha158_csi300_sliding_step40_s_20260121_01,741bdd0f113c4c1eaf23c429f63dfa1d,2026-03-10,SZ001391,-0.005380009602748486,,,
EXP_LGBModel_Alpha158_csi300_sliding_step40_s_20260121_01,741bdd0f113c4c1eaf23c429f63dfa1d,2026-03-10,SZ300433,0.04617514023195207,,,
EXP_LGBModel_Alpha158_csi300_sliding_step40_s_20260121_01,741bdd0f113c4c1eaf23c429f63dfa1d,2026-03-10,SZ300413,0.043633338190455936,,,
EXP_LGBModel_Alpha158_csi300_sliding_step40_s_20260121_01,741bdd0f113c4c1eaf23c429f63dfa1d,2026-03-10,SZ002938,0.06577037784450086,,,
EXP_LGBModel_Alpha158_csi300_sliding_step40_s_20260121_01,741bdd0f113c4c1eaf23c429f63dfa1d,2026-03-10,SZ003816,-0.012590589767385345,,,
EXP_LGBModel_Alpha158_csi300_sliding_step40_s_20260121_01,741bdd0f113c4c1eaf23c429f63dfa1d,2026-03-10,SZ300014,0.10720446609698099,,,
EXP_LGBModel_Alpha158_csi300_sliding_step40_s_20260121_01,741bdd0f113c4c1eaf23c429f63dfa1d,2026-03-10,SZ300015,-0.05628200001079422,,,
EXP_LGBModel_Alpha158_csi300_sliding_step40_s_20260121_01,741bdd0f113c4c1eaf23c429f63dfa1d,2026-03-10,SZ300033,0.02495361494999074,,,
EXP_LGBModel_Alpha158_csi300_sliding_step40_s_20260121_01,741bdd0f113c4c1eaf23c429f63dfa1d,2026-03-10,SZ300059,-0.014069048909800255,,,
EXP_LGBModel_Alpha158_csi300_sliding_step40_s_20260121_01,741bdd0f113c4c1eaf23c429f63dfa1d,2026-03-10,SZ300122,-0.06899147335409012,,,
EXP_LGBModel_Alpha158_csi300_sliding_step40_s_20260121_01,741bdd0f113c4c1eaf23c429f63dfa1d,2026-03-10,SZ300124,0.07138111425634341,,,
EXP_LGBModel_Alpha158_csi300_sliding_step40_s_20260121_01,741bdd0f113c4c1eaf23c429f63dfa1d,2026-03-10,SZ300251,0.025028430026629155,,,
EXP_LGBModel_Alpha158_csi300_sliding_step40_s_20260121_01,741bdd0f113c4c1eaf23c429f63dfa1d,2026-03-10,SZ300274,0.05077208394546818,,,
EXP_LGBModel_Alpha158_csi300_sliding_step40_s_20260121_01,741bdd0f113c4c1eaf23c429f63dfa1d,2026-03-10,SZ300308,0.08158284782491171,,,
EXP_LGBModel_Alpha158_csi300_sliding_step40_s_20260121_01,741bdd0f113c4c1eaf23c429f63dfa1d,2026-03-10,SZ300316,-0.08397348270394797,,,
EXP_LGBModel_Alpha158_csi300_sliding_step40_s_20260121_01,741bdd0f113c4c1eaf23c429f63dfa1d,2026-03-10,SZ300347,-0.005958136181413306,,,
EXP_LGBModel_Alpha158_csi300_sliding_step40_s_20260121_01,741bdd0f113c4c1eaf23c429f63dfa1d,2026-03-10,SZ300394,-0.12033087081983918,,,
EXP_LGBModel_Alpha158_csi300_sliding_step40_s_20260121_01,741bdd0f113c4c1eaf23c429f63dfa1d,2026-03-10,SZ300408,-0.0032994260796990037,,,
EXP_LGBModel_Alpha158_csi300_sliding_step40_s_20260121_01,741bdd0f113c4c1eaf23c429f63dfa1d,2026-03-10,SZ300418,0.03915835231667816,,,
EXP_LGBModel_Alpha158_csi300_sliding_step40_s_20260121_01,741bdd0f113c4c1eaf23c429f63dfa1d,2026-03-10,SH600000,-0.054948997030607565,,,
EXP_LGBModel_Alpha158_csi300_sliding_step40_s_20260121_01,741bdd0f113c4c1eaf23c429f63dfa1d,2026-03-10,SZ000999,0.11662885308774541,,,
EXP_LGBModel_Alpha158_csi300_sliding_step40_s_20260121_01,741bdd0f113c4c1eaf23c429f63dfa1d,2026-03-10,SZ000977,0.17958620501609143,,,
EXP_LGBModel_Alpha158_csi300_sliding_step40_s_20260121_01,741bdd0f113c4c1eaf23c429f63dfa1d,2026-03-10,SH605499,-0.09720327800849002,,,
EXP_LGBModel_Alpha158_csi300_sliding_step40_s_20260121_01,741bdd0f113c4c1eaf23c429f63dfa1d,2026-03-10,SH688008,-0.0663206810711856,,,
EXP_LGBModel_Alpha158_csi300_sliding_step40_s_20260121_01,741bdd0f113c4c1eaf23c429f63dfa1d,2026-03-10,SH688009,-0.12967306780835042,,,
EXP_LGBModel_Alpha158_csi300_sliding_step40_s_20260121_01,741bdd0f113c4c1eaf23c429f63dfa1d,2026-03-10,SH688012,0.23021752447356963,,,
EXP_LGBModel_Alpha158_csi300_sliding_step40_s_20260121_01,741bdd0f113c4c1eaf23c429f63dfa1d,2026-03-10,SH688036,-0.09846577527217641,,,
EXP_LGBModel_Alpha158_csi300_sliding_step40_s_20260121_01,741bdd0f113c4c1eaf23c429f63dfa1d,2026-03-10,SH688041,-0.05185799429225356,,,
EXP_LGBModel_Alpha158_csi300_sliding_step40_s_20260121_01,741bdd0f113c4c1eaf23c429f63dfa1d,2026-03-10,SH605117,-0.024670668116699983,,,
EXP_LGBModel_Alpha158_csi300_sliding_step40_s_20260121_01,741bdd0f113c4c1eaf23c429f63dfa1d,2026-03-10,SH688047,-0.05304224525355995,,,
EXP_LGBModel_Alpha158_csi300_sliding_step40_s_20260121_01,741bdd0f113c4c1eaf23c429f63dfa1d,2026-03-10,SH688111,0.06288167016852232,,,
EXP_LGBModel_Alpha158_csi300_sliding_step40_s_20260121_01,741bdd0f113c4c1eaf23c429f63dfa1d,2026-03-10,SH688126,0.0012453649165558218,,,
EXP_LGBModel_Alpha158_csi300_sliding_step40_s_20260121_01,741bdd0f113c4c1eaf23c429f63dfa1d,2026-03-10,SH688169,0.0624640938568237,,,
EXP_LGBModel_Alpha158_csi300_sliding_step40_s_20260121_01,741bdd0f113c4c1eaf23c429f63dfa1d,2026-03-10,SH688187,-0.01709388809381485,,,
EXP_LGBModel_Alpha158_csi300_sliding_step40_s_20260121_01,741bdd0f113c4c1eaf23c429f63dfa1d,2026-03-10,SH688223,-0.18707215371875943,,,
EXP_LGBModel_Alpha158_csi300_sliding_step40_s_20260121_01,741bdd0f113c4c1eaf23c429f63dfa1d,2026-03-10,SH688256,-0.22845147076988362,,,
EXP_LGBModel_Alpha158_csi300_sliding_step40_s_20260121_01,741bdd0f113c4c1eaf23c429f63dfa1d,2026-03-10,SH688082,0.05011103082009652,,,
EXP_LGBModel_Alpha158_csi300_sliding_step40_s_20260121_01,741bdd0f113c4c1eaf23c429f63dfa1d,2026-03-10,SH603993,0.05139845539613884,,,
EXP_LGBModel_Alpha158_csi300_sliding_step40_s_20260121_01,741bdd0f113c4c1eaf23c429f63dfa1d,2026-03-10,SH603986,-0.035666953444498134,,,
EXP_LGBModel_Alpha158_csi300_sliding_step40_s_20260121_01,741bdd0f113c4c1eaf23c429f63dfa1d,2026-03-10,SH603893,0.031663555734627355,,,
EXP_LGBModel_Alpha158_csi300_sliding_step40_s_20260121_01,741bdd0f113c4c1eaf23c429f63dfa1d,2026-03-10,SH601939,0.15310458139842237,,,
EXP_LGBModel_Alpha158_csi300_sliding_step40_s_20260121_01,741bdd0f113c4c1eaf23c429f63dfa1d,2026-03-10,SH601985,0.0058556962406530865,,,
EXP_LGBModel_Alpha158_csi300_sliding_step40_s_20260121_01,741bdd0f113c4c1eaf23c429f63dfa1d,2026-03-10,SH601988,0.051826941040301715,,,
EXP_LGBModel_Alpha158_csi300_sliding_step40_s_20260121_01,741bdd0f113c4c1eaf23c429f63dfa1d,2026-03-10,SH601995,-0.0655273465449818,,,
EXP_LGBModel_Alpha158_csi300_sliding_step40_s_20260121_01,741bdd0f113c4c1eaf23c429f63dfa1d,2026-03-10,SH601998,0.004836482282330123,,,
EXP_LGBModel_Alpha158_csi300_sliding_step40_s_20260121_01,741bdd0f113c4c1eaf23c429f63dfa1d,2026-03-10,SH603019,-0.03731383051895891,,,
EXP_LGBModel_Alpha158_csi300_sliding_step40_s_20260121_01,741bdd0f113c4c1eaf23c429f63dfa1d,2026-03-10,SH603195,0.09291525147666534,,,
EXP_LGBModel_Alpha158_csi300_sliding_step40_s_20260121_01,741bdd0f113c4c1eaf23c429f63dfa1d,2026-03-10,SH603259,0.08384039103021854,,,
EXP_LGBModel_Alpha158_csi300_sliding_step40_s_20260121_01,741bdd0f113c4c1eaf23c429f63dfa1d,2026-03-10,SH603260,-0.03565561316148152,,,
EXP_LGBModel_Alpha158_csi300_sliding_step40_s_20260121_01,741bdd0f113c4c1eaf23c429f63dfa1d,2026-03-10,SH603288,0.037558696453368304,,,
EXP_LGBModel_Alpha158_csi300_sliding_step40_s_20260121_01,741bdd0f113c4c1eaf23c429f63dfa1d,2026-03-10,SH603296,0.12069439982208767,,,
EXP_LGBModel_Alpha158_csi300_sliding_step40_s_20260121_01,741bdd0f113c4c1eaf23c429f63dfa1d,2026-03-10,SH603369,-0.06532797404093782,,,
EXP_LGBModel_Alpha158_csi300_sliding_step40_s_20260121_01,741bdd0f113c4c1eaf23c429f63dfa1d,2026-03-10,SH603392,-0.15969420740187185,,,
EXP_LGBModel_Alpha158_csi300_sliding_step40_s_20260121_01,741bdd0f113c4c1eaf23c429f63dfa1d,2026-03-10,SH603501,-0.023429861309234672,,,
EXP_LGBModel_Alpha158_csi300_sliding_step40_s_20260121_01,741bdd0f113c4c1eaf23c429f63dfa1d,2026-03-10,SH603799,0.05823116113223445,,,
EXP_LGBModel_Alpha158_csi300_sliding_step40_s_20260121_01,741bdd0f113c4c1eaf23c429f63dfa1d,2026-03-10,SH688271,-0.016025082960673457,,,
EXP_LGBModel_Alpha158_csi300_sliding_step40_s_20260121_01,741bdd0f113c4c1eaf23c429f63dfa1d,2026-03-10,SH688303,-0.1320427986642015,,,
EXP_LGBModel_Alpha158_csi300_sliding_step40_s_20260121_01,741bdd0f113c4c1eaf23c429f63dfa1d,2026-03-10,SH688396,0.15651651565011818,,,
EXP_LGBModel_Alpha158_csi300_sliding_step40_s_20260121_01,741bdd0f113c4c1eaf23c429f63dfa1d,2026-03-10,SH688472,-0.06873077470831651,,,
EXP_LGBModel_Alpha158_csi300_sliding_step40_s_20260121_01,741bdd0f113c4c1eaf23c429f63dfa1d,2026-03-10,SZ000651,-0.033349383757897345,,,
EXP_LGBModel_Alpha158_csi300_sliding_step40_s_20260121_01,741bdd0f113c4c1eaf23c429f63dfa1d,2026-03-10,SZ000661,-0.1404720421632053,,,
EXP_LGBModel_Alpha158_csi300_sliding_step40_s_20260121_01,741bdd0f113c4c1eaf23c429f63dfa1d,2026-03-10,SZ000708,0.07210164056621256,,,
EXP_LGBModel_Alpha158_csi300_sliding_step40_s_20260121_01,741bdd0f113c4c1eaf23c429f63dfa1d,2026-03-10,SZ000725,0.04407371923263083,,,
EXP_LGBModel_Alpha158_csi300_sliding_step40_s_20260121_01,741bdd0f113c4c1eaf23c429f63dfa1d,2026-03-10,SZ000768,-0.02909317505570364,,,
EXP_LGBModel_Alpha158_csi300_sliding_step40_s_20260121_01,741bdd0f113c4c1eaf23c429f63dfa1d,2026-03-10,SZ000776,-0.005599856471583847,,,
EXP_LGBModel_Alpha158_csi300_sliding_step40_s_20260121_01,741bdd0f113c4c1eaf23c429f63dfa1d,2026-03-10,SZ000786,0.027575857288804878,,,
EXP_LGBModel_Alpha158_csi300_sliding_step40_s_20260121_01,741bdd0f113c4c1eaf23c429f63dfa1d,2026-03-10,SZ000792,0.015582472905028984,,,
EXP_LGBModel_Alpha158_csi300_sliding_step40_s_20260121_01,741bdd0f113c4c1eaf23c429f63dfa1d,2026-03-10,SZ000807,-0.07698938479124576,,,
EXP_LGBModel_Alpha158_csi300_sliding_step40_s_20260121_01,741bdd0f113c4c1eaf23c429f63dfa1d,2026-03-10,SZ000858,-0.04785020743414589,,,
EXP_LGBModel_Alpha158_csi300_sliding_step40_s_20260121_01,741bdd0f113c4c1eaf23c429f63dfa1d,2026-03-10,SZ000876,-0.016344798469214567,,,
EXP_LGBModel_Alpha158_csi300_sliding_step40_s_20260121_01,741bdd0f113c4c1eaf23c429f63dfa1d,2026-03-10,SZ000895,0.10524699026199524,,,
EXP_LGBModel_Alpha158_csi300_sliding_step40_s_20260121_01,741bdd0f113c4c1eaf23c429f63dfa1d,2026-03-10,SZ000938,-0.01984124875558221,,,
EXP_LGBModel_Alpha158_csi300_sliding_step40_s_20260121_01,741bdd0f113c4c1eaf23c429f63dfa1d,2026-03-10,SZ000963,-0.06074738615100436,,,
EXP_LGBModel_Alpha158_csi300_sliding_step40_s_20260121_01,741bdd0f113c4c1eaf23c429f63dfa1d,2026-03-10,SZ000975,-0.054901723370178214,,,
EXP_LGBModel_Alpha158_csi300_sliding_step40_s_20260121_01,741bdd0f113c4c1eaf23c429f63dfa1d,2026-03-10,SZ000630,0.0533738617411839,,,
EXP_LGBModel_Alpha158_csi300_sliding_step40_s_20260121_01,741bdd0f113c4c1eaf23c429f63dfa1d,2026-03-10,SZ000983,-0.04411748260368643,,,
EXP_LGBModel_Alpha158_csi300_sliding_step40_s_20260121_01,741bdd0f113c4c1eaf23c429f63dfa1d,2026-03-10,SZ000625,-0.10643385610793195,,,
EXP_LGBModel_Alpha158_csi300_sliding_step40_s_20260121_01,741bdd0f113c4c1eaf23c429f63dfa1d,2026-03-10,SZ000596,0.030331839039075145,,,
EXP_LGBModel_Alpha158_csi300_sliding_step40_s_20260121_01,741bdd0f113c4c1eaf23c429f63dfa1d,2026-03-10,SH688506,-0.15016581773934362,,,
EXP_LGBModel_Alpha158_csi300_sliding_step40_s_20260121_01,741bdd0f113c4c1eaf23c429f63dfa1d,2026-03-10,SH688981,0.0021377501214879862,,,
EXP_LGBModel_Alpha158_csi300_sliding_step40_s_20260121_01,741bdd0f113c4c1eaf23c429f63dfa1d,2026-03-10,SZ000001,-0.061840180252599776,,,
EXP_LGBModel_Alpha158_csi300_sliding_step40_s_20260121_01,741bdd0f113c4c1eaf23c429f63dfa1d,2026-03-10,SZ000002,-0.08583343523806675,,,
EXP_LGBModel_Alpha158_csi300_sliding_step40_s_20260121_01,741bdd0f113c4c1eaf23c429f63dfa1d,2026-03-10,SZ000063,0.08307607673902224,,,
EXP_LGBModel_Alpha158_csi300_sliding_step40_s_20260121_01,741bdd0f113c4c1eaf23c429f63dfa1d,2026-03-10,SZ000100,0.20358364112285252,,,
EXP_LGBModel_Alpha158_csi300_sliding_step40_s_20260121_01,741bdd0f113c4c1eaf23c429f63dfa1d,2026-03-10,SZ000157,-0.010492734309320783,,,
EXP_LGBModel_Alpha158_csi300_sliding_step40_s_20260121_01,741bdd0f113c4c1eaf23c429f63dfa1d,2026-03-10,SZ000166,-0.033357062045135735,,,
EXP_LGBModel_Alpha158_csi300_sliding_step40_s_20260121_01,741bdd0f113c4c1eaf23c429f63dfa1d,2026-03-10,SZ000301,-0.018060300852042903,,,
EXP_LGBModel_Alpha158_csi300_sliding_step40_s_20260121_01,741bdd0f113c4c1eaf23c429f63dfa1d,2026-03-10,SZ000333,0.002193420743344484,,,
EXP_LGBModel_Alpha158_csi300_sliding_step40_s_20260121_01,741bdd0f113c4c1eaf23c429f63dfa1d,2026-03-10,SZ000338,-0.11246458426656664,,,
EXP_LGBModel_Alpha158_csi300_sliding_step40_s_20260121_01,741bdd0f113c4c1eaf23c429f63dfa1d,2026-03-10,SZ000408,-0.0861023900142577,,,
EXP_LGBModel_Alpha158_csi300_sliding_step40_s_20260121_01,741bdd0f113c4c1eaf23c429f63dfa1d,2026-03-10,SZ000425,0.011150110154744038,,,
EXP_LGBModel_Alpha158_csi300_sliding_step40_s_20260121_01,741bdd0f113c4c1eaf23c429f63dfa1d,2026-03-10,SZ000538,0.0424546797021527,,,
EXP_LGBModel_Alpha158_csi300_sliding_step40_s_20260121_01,741bdd0f113c4c1eaf23c429f63dfa1d,2026-03-10,SZ000568,0.023192424738506058,,,
EXP_LGBModel_Alpha158_csi300_sliding_step40_s_20260121_01,741bdd0f113c4c1eaf23c429f63dfa1d,2026-03-10,SZ000617,-0.07163120833418371,,,
EXP_LGBModel_Alpha158_csi300_sliding_step40_s_20260121_01,741bdd0f113c4c1eaf23c429f63dfa1d,2026-03-10,SZ301236,0.03881010052078763,,,
EXP_LGBModel_Alpha158_csi300_expanding_step40_s_20260121_01,0d5b2c317ad04013b1cb76da95b478fc,2026-03-10,SZ302132,-0.009861688305711656,,,
EXP_LGBModel_Alpha158_csi300_expanding_step40_s_20260121_01,0d5b2c317ad04013b1cb76da95b478fc,2026-03-10,SZ301236,0.04317427495974813,,,
EXP_LGBModel_Alpha158_csi300_expanding_step40_s_20260121_01,0d5b2c317ad04013b1cb76da95b478fc,2026-03-10,SH601127,0.14145378490961016,,,
EXP_LGBModel_Alpha158_csi300_expanding_step40_s_20260121_01,0d5b2c317ad04013b1cb76da95b478fc,2026-03-10,SH601136,-0.0022891422290001974,,,
EXP_LGBModel_Alpha158_csi300_expanding_step40_s_20260121_01,0d5b2c317ad04013b1cb76da95b478fc,2026-03-10,SH601138,0.07931108003135409,,,
EXP_LGBModel_Alpha158_csi300_expanding_step40_s_20260121_01,0d5b2c317ad04013b1cb76da95b478fc,2026-03-10,SH601166,0.015003854252667285,,,
EXP_LGBModel_Alpha158_csi300_expanding_step40_s_20260121_01,0d5b2c317ad04013b1cb76da95b478fc,2026-03-10,SH601169,0.03100253178354992,,,
EXP_LGBModel_Alpha158_csi300_expanding_step40_s_20260121_01,0d5b2c317ad04013b1cb76da95b478fc,2026-03-10,SH601186,-0.010428572380530254,,,
EXP_LGBModel_Alpha158_csi300_expanding_step40_s_20260121_01,0d5b2c317ad04013b1cb76da95b478fc,2026-03-10,SH601117,0.04038538178424758,,,
EXP_LGBModel_Alpha158_csi300_expanding_step40_s_20260121_01,0d5b2c317ad04013b1cb76da95b478fc,2026-03-10,SH601211,0.0033683496943300176,,,
EXP_LGBModel_Alpha158_csi300_expanding_step40_s_20260121_01,0d5b2c317ad04013b1cb76da95b478fc,2026-03-10,SH601229,-0.0031965792719732054,,,
EXP_LGBModel_Alpha158_csi300_expanding_step40_s_20260121_01,0d5b2c317ad04013b1cb76da95b478fc,2026-03-10,SH601236,0.014419024422067531,,,
EXP_LGBModel_Alpha158_csi300_expanding_step40_s_20260121_01,0d5b2c317ad04013b1cb76da95b478fc,2026-03-10,SH601238,-0.021332577387624792,,,
EXP_LGBModel_Alpha158_csi300_expanding_step40_s_20260121_01,0d5b2c317ad04013b1cb76da95b478fc,2026-03-10,SH601288,0.005450155093496936,,,
EXP_LGBModel_Alpha158_csi300_expanding_step40_s_20260121_01,0d5b2c317ad04013b1cb76da95b478fc,2026-03-10,SH601298,0.01905666401159575,,,
EXP_LGBModel_Alpha158_csi300_expanding_step40_s_20260121_01,0d5b2c317ad04013b1cb76da95b478fc,2026-03-10,SH601318,0.07996259431126868,,,
EXP_LGBModel_Alpha158_csi300_expanding_step40_s_20260121_01,0d5b2c317ad04013b1cb76da95b478fc,2026-03-10,SH601225,-0.041224581762037575,,,
EXP_LGBModel_Alpha158_csi300_expanding_step40_s_20260121_01,0d5b2c317ad04013b1cb76da95b478fc,2026-03-10,SH601111,0.2799101951165575,,,
EXP_LGBModel_Alpha158_csi300_expanding_step40_s_20260121_01,0d5b2c317ad04013b1cb76da95b478fc,2026-03-10,SH601100,0.1003253917630371,,,
EXP_LGBModel_Alpha158_csi300_expanding_step40_s_20260121_01,0d5b2c317ad04013b1cb76da95b478fc,2026-03-10,SH601088,-0.07960575398035047,,,
EXP_LGBModel_Alpha158_csi300_expanding_step40_s_20260121_01,0d5b2c317ad04013b1cb76da95b478fc,2026-03-10,SH600930,-0.09230837835955756,,,
EXP_LGBModel_Alpha158_csi300_expanding_step40_s_20260121_01,0d5b2c317ad04013b1cb76da95b478fc,2026-03-10,SH600938,-0.2975843988464069,,,
EXP_LGBModel_Alpha158_csi300_expanding_step40_s_20260121_01,0d5b2c317ad04013b1cb76da95b478fc,2026-03-10,SH600941,0.05157966588904187,,,
EXP_LGBModel_Alpha158_csi300_expanding_step40_s_20260121_01,0d5b2c317ad04013b1cb76da95b478fc,2026-03-10,SH600958,-0.05633184488365937,,,
EXP_LGBModel_Alpha158_csi300_expanding_step40_s_20260121_01,0d5b2c317ad04013b1cb76da95b478fc,2026-03-10,SH600989,-0.20713192024639698,,,
EXP_LGBModel_Alpha158_csi300_expanding_step40_s_20260121_01,0d5b2c317ad04013b1cb76da95b478fc,2026-03-10,SH600999,-0.0008933732188142402,,,
EXP_LGBModel_Alpha158_csi300_expanding_step40_s_20260121_01,0d5b2c317ad04013b1cb76da95b478fc,2026-03-10,SH601006,-0.09150804059138486,,,
EXP_LGBModel_Alpha158_csi300_expanding_step40_s_20260121_01,0d5b2c317ad04013b1cb76da95b478fc,2026-03-10,SH601009,-0.05749604762124455,,,
EXP_LGBModel_Alpha158_csi300_expanding_step40_s_20260121_01,0d5b2c317ad04013b1cb76da95b478fc,2026-03-10,SH601012,-0.03987895069890528,,,
EXP_LGBModel_Alpha158_csi300_expanding_step40_s_20260121_01,0d5b2c317ad04013b1cb76da95b478fc,2026-03-10,SH601018,-0.0881337722854334,,,
EXP_LGBModel_Alpha158_csi300_expanding_step40_s_20260121_01,0d5b2c317ad04013b1cb76da95b478fc,2026-03-10,SH601021,0.24902421902847538,,,
EXP_LGBModel_Alpha158_csi300_expanding_step40_s_20260121_01,0d5b2c317ad04013b1cb76da95b478fc,2026-03-10,SH601058,0.10183447005823372,,,
EXP_LGBModel_Alpha158_csi300_expanding_step40_s_20260121_01,0d5b2c317ad04013b1cb76da95b478fc,2026-03-10,SH601059,-0.001333058468158313,,,
EXP_LGBModel_Alpha158_csi300_expanding_step40_s_20260121_01,0d5b2c317ad04013b1cb76da95b478fc,2026-03-10,SH601066,-0.014124916526651776,,,
EXP_LGBModel_Alpha158_csi300_expanding_step40_s_20260121_01,0d5b2c317ad04013b1cb76da95b478fc,2026-03-10,SH601077,0.053857083908695196,,,
EXP_LGBModel_Alpha158_csi300_expanding_step40_s_20260121_01,0d5b2c317ad04013b1cb76da95b478fc,2026-03-10,SH601319,0.047305108658473136,,,
EXP_LGBModel_Alpha158_csi300_expanding_step40_s_20260121_01,0d5b2c317ad04013b1cb76da95b478fc,2026-03-10,SH600926,0.10772749845078144,,,
EXP_LGBModel_Alpha158_csi300_expanding_step40_s_20260121_01,0d5b2c317ad04013b1cb76da95b478fc,2026-03-10,SH601328,0.04372885590290775,,,
EXP_LGBModel_Alpha158_csi300_expanding_step40_s_20260121_01,0d5b2c317ad04013b1cb76da95b478fc,2026-03-10,SH601360,0.1968227262488657,,,
EXP_LGBModel_Alpha158_csi300_expanding_step40_s_20260121_01,0d5b2c317ad04013b1cb76da95b478fc,2026-03-10,SH601800,0.005270138417532528,,,
EXP_LGBModel_Alpha158_csi300_expanding_step40_s_20260121_01,0d5b2c317ad04013b1cb76da95b478fc,2026-03-10,SH601808,0.010798829301958024,,,
EXP_LGBModel_Alpha158_csi300_expanding_step40_s_20260121_01,0d5b2c317ad04013b1cb76da95b478fc,2026-03-10,SH601816,0.053274202780643126,,,
EXP_LGBModel_Alpha158_csi300_expanding_step40_s_20260121_01,0d5b2c317ad04013b1cb76da95b478fc,2026-03-10,SH601818,0.048439263221964325,,,
EXP_LGBModel_Alpha158_csi300_expanding_step40_s_20260121_01,0d5b2c317ad04013b1cb76da95b478fc,2026-03-10,SH601825,0.03151099277583089,,,
EXP_LGBModel_Alpha158_csi300_expanding_step40_s_20260121_01,0d5b2c317ad04013b1cb76da95b478fc,2026-03-10,SH601838,-0.03215547176455272,,,
EXP_LGBModel_Alpha158_csi300_expanding_step40_s_20260121_01,0d5b2c317ad04013b1cb76da95b478fc,2026-03-10,SH601788,-0.03350438369079124,,,
EXP_LGBModel_Alpha158_csi300_expanding_step40_s_20260121_01,0d5b2c317ad04013b1cb76da95b478fc,2026-03-10,SH601857,-0.09708317232388879,,,
EXP_LGBModel_Alpha158_csi300_expanding_step40_s_20260121_01,0d5b2c317ad04013b1cb76da95b478fc,2026-03-10,SH601872,-0.17655007845060428,,,
EXP_LGBModel_Alpha158_csi300_expanding_step40_s_20260121_01,0d5b2c317ad04013b1cb76da95b478fc,2026-03-10,SH601877,-0.18731918037745163,,,
EXP_LGBModel_Alpha158_csi300_expanding_step40_s_20260121_01,0d5b2c317ad04013b1cb76da95b478fc,2026-03-10,SH601878,-0.051773649482257135,,,
EXP_LGBModel_Alpha158_csi300_expanding_step40_s_20260121_01,0d5b2c317ad04013b1cb76da95b478fc,2026-03-10,SH601881,-0.051810050556891404,,,
EXP_LGBModel_Alpha158_csi300_expanding_step40_s_20260121_01,0d5b2c317ad04013b1cb76da95b478fc,2026-03-10,SH601888,-0.04432998395083844,,,
EXP_LGBModel_Alpha158_csi300_expanding_step40_s_20260121_01,0d5b2c317ad04013b1cb76da95b478fc,2026-03-10,SH601898,-0.08980766989502983,,,
EXP_LGBModel_Alpha158_csi300_expanding_step40_s_20260121_01,0d5b2c317ad04013b1cb76da95b478fc,2026-03-10,SH601868,-0.2548159113483094,,,
EXP_LGBModel_Alpha158_csi300_expanding_step40_s_20260121_01,0d5b2c317ad04013b1cb76da95b478fc,2026-03-10,SH601766,0.016694486933151065,,,
EXP_LGBModel_Alpha158_csi300_expanding_step40_s_20260121_01,0d5b2c317ad04013b1cb76da95b478fc,2026-03-10,SH601728,0.008465589924125449,,,
EXP_LGBModel_Alpha158_csi300_expanding_step40_s_20260121_01,0d5b2c317ad04013b1cb76da95b478fc,2026-03-10,SH601698,0.011511025093766619,,,
EXP_LGBModel_Alpha158_csi300_expanding_step40_s_20260121_01,0d5b2c317ad04013b1cb76da95b478fc,2026-03-10,SH601377,-0.03925355798823848,,,
EXP_LGBModel_Alpha158_csi300_expanding_step40_s_20260121_01,0d5b2c317ad04013b1cb76da95b478fc,2026-03-10,SH601390,0.0020378140629813183,,,
EXP_LGBModel_Alpha158_csi300_expanding_step40_s_20260121_01,0d5b2c317ad04013b1cb76da95b478fc,2026-03-10,SH601398,0.1151120435099405,,,
EXP_LGBModel_Alpha158_csi300_expanding_step40_s_20260121_01,0d5b2c317ad04013b1cb76da95b478fc,2026-03-10,SH601456,-0.0048186034309702745,,,
EXP_LGBModel_Alpha158_csi300_expanding_step40_s_20260121_01,0d5b2c317ad04013b1cb76da95b478fc,2026-03-10,SH601600,-0.15250549028743893,,,
EXP_LGBModel_Alpha158_csi300_expanding_step40_s_20260121_01,0d5b2c317ad04013b1cb76da95b478fc,2026-03-10,SH601601,0.07669482228561063,,,
EXP_LGBModel_Alpha158_csi300_expanding_step40_s_20260121_01,0d5b2c317ad04013b1cb76da95b478fc,2026-03-10,SH601607,0.0017178495455615593,,,
EXP_LGBModel_Alpha158_csi300_expanding_step40_s_20260121_01,0d5b2c317ad04013b1cb76da95b478fc,2026-03-10,SH601618,0.06097153765963119,,,
EXP_LGBModel_Alpha158_csi300_expanding_step40_s_20260121_01,0d5b2c317ad04013b1cb76da95b478fc,2026-03-10,SH601628,0.0729722958160341,,,
EXP_LGBModel_Alpha158_csi300_expanding_step40_s_20260121_01,0d5b2c317ad04013b1cb76da95b478fc,2026-03-10,SH601633,-0.02179929120466693,,,
EXP_LGBModel_Alpha158_csi300_expanding_step40_s_20260121_01,0d5b2c317ad04013b1cb76da95b478fc,2026-03-10,SH601658,0.029375154199111613,,,
EXP_LGBModel_Alpha158_csi300_expanding_step40_s_20260121_01,0d5b2c317ad04013b1cb76da95b478fc,2026-03-10,SH601668,0.02639929303602609,,,
EXP_LGBModel_Alpha158_csi300_expanding_step40_s_20260121_01,0d5b2c317ad04013b1cb76da95b478fc,2026-03-10,SH601669,-0.11175258983075059,,,
EXP_LGBModel_Alpha158_csi300_expanding_step40_s_20260121_01,0d5b2c317ad04013b1cb76da95b478fc,2026-03-10,SH601688,0.04881891559535493,,,
EXP_LGBModel_Alpha158_csi300_expanding_step40_s_20260121_01,0d5b2c317ad04013b1cb76da95b478fc,2026-03-10,SH601689,0.10716697754513306,,,
EXP_LGBModel_Alpha158_csi300_expanding_step40_s_20260121_01,0d5b2c317ad04013b1cb76da95b478fc,2026-03-10,SH601336,0.05766612893426115,,,
EXP_LGBModel_Alpha158_csi300_expanding_step40_s_20260121_01,0d5b2c317ad04013b1cb76da95b478fc,2026-03-10,SH600919,0.04998006668132893,,,
EXP_LGBModel_Alpha158_csi300_expanding_step40_s_20260121_01,0d5b2c317ad04013b1cb76da95b478fc,2026-03-10,SH600918,-0.11177224917654532,,,
EXP_LGBModel_Alpha158_csi300_expanding_step40_s_20260121_01,0d5b2c317ad04013b1cb76da95b478fc,2026-03-10,SH600905,-0.23106697983869418,,,
EXP_LGBModel_Alpha158_csi300_expanding_step40_s_20260121_01,0d5b2c317ad04013b1cb76da95b478fc,2026-03-10,SH600061,-0.07457833623657333,,,
EXP_LGBModel_Alpha158_csi300_expanding_step40_s_20260121_01,0d5b2c317ad04013b1cb76da95b478fc,2026-03-10,SH600066,-0.0712539127767043,,,
EXP_LGBModel_Alpha158_csi300_expanding_step40_s_20260121_01,0d5b2c317ad04013b1cb76da95b478fc,2026-03-10,SH600085,-0.0073982488914729775,,,
EXP_LGBModel_Alpha158_csi300_expanding_step40_s_20260121_01,0d5b2c317ad04013b1cb76da95b478fc,2026-03-10,SH600089,0.06667029858099521,,,
EXP_LGBModel_Alpha158_csi300_expanding_step40_s_20260121_01,0d5b2c317ad04013b1cb76da95b478fc,2026-03-10,SH600104,0.07313632139486054,,,
EXP_LGBModel_Alpha158_csi300_expanding_step40_s_20260121_01,0d5b2c317ad04013b1cb76da95b478fc,2026-03-10,SH600111,-0.03146733181934807,,,
EXP_LGBModel_Alpha158_csi300_expanding_step40_s_20260121_01,0d5b2c317ad04013b1cb76da95b478fc,2026-03-10,SH600050,0.027158120222072056,,,
EXP_LGBModel_Alpha158_csi300_expanding_step40_s_20260121_01,0d5b2c317ad04013b1cb76da95b478fc,2026-03-10,SH600115,0.28489116915565466,,,
EXP_LGBModel_Alpha158_csi300_expanding_step40_s_20260121_01,0d5b2c317ad04013b1cb76da95b478fc,2026-03-10,SH600160,0.18581827931417072,,,
EXP_LGBModel_Alpha158_csi300_expanding_step40_s_20260121_01,0d5b2c317ad04013b1cb76da95b478fc,2026-03-10,SH600161,-0.0026289904343815068,,,
EXP_LGBModel_Alpha158_csi300_expanding_step40_s_20260121_01,0d5b2c317ad04013b1cb76da95b478fc,2026-03-10,SH600176,-0.20960426174223576,,,
EXP_LGBModel_Alpha158_csi300_expanding_step40_s_20260121_01,0d5b2c317ad04013b1cb76da95b478fc,2026-03-10,SH600183,0.13151837987832923,,,
EXP_LGBModel_Alpha158_csi300_expanding_step40_s_20260121_01,0d5b2c317ad04013b1cb76da95b478fc,2026-03-10,SH600188,-0.0751904576816109,,,
EXP_LGBModel_Alpha158_csi300_expanding_step40_s_20260121_01,0d5b2c317ad04013b1cb76da95b478fc,2026-03-10,SH600196,-0.015487433019523853,,,
EXP_LGBModel_Alpha158_csi300_expanding_step40_s_20260121_01,0d5b2c317ad04013b1cb76da95b478fc,2026-03-10,SH600150,0.28770014021021856,,,
EXP_LGBModel_Alpha158_csi300_expanding_step40_s_20260121_01,0d5b2c317ad04013b1cb76da95b478fc,2026-03-10,SH600048,-0.05842723358909136,,,
EXP_LGBModel_Alpha158_csi300_expanding_step40_s_20260121_01,0d5b2c317ad04013b1cb76da95b478fc,2026-03-10,SH600039,0.13292458329372528,,,
EXP_LGBModel_Alpha158_csi300_expanding_step40_s_20260121_01,0d5b2c317ad04013b1cb76da95b478fc,2026-03-10,SH600036,0.019430995663576024,,,
EXP_LGBModel_Alpha158_csi300_expanding_step40_s_20260121_01,0d5b2c317ad04013b1cb76da95b478fc,2026-03-10,SH600009,-0.026216146505930942,,,
EXP_LGBModel_Alpha158_csi300_expanding_step40_s_20260121_01,0d5b2c317ad04013b1cb76da95b478fc,2026-03-10,SH600010,0.026634273748515486,,,
EXP_LGBModel_Alpha158_csi300_expanding_step40_s_20260121_01,0d5b2c317ad04013b1cb76da95b478fc,2026-03-10,SH600011,-0.014358254649494032,,,
EXP_LGBModel_Alpha158_csi300_expanding_step40_s_20260121_01,0d5b2c317ad04013b1cb76da95b478fc,2026-03-10,SH600015,-0.0722324032115414,,,
EXP_LGBModel_Alpha158_csi300_expanding_step40_s_20260121_01,0d5b2c317ad04013b1cb76da95b478fc,2026-03-10,SH600016,0.08712775386564725,,,
EXP_LGBModel_Alpha158_csi300_expanding_step40_s_20260121_01,0d5b2c317ad04013b1cb76da95b478fc,2026-03-10,SH600018,0.057911852277921456,,,
EXP_LGBModel_Alpha158_csi300_expanding_step40_s_20260121_01,0d5b2c317ad04013b1cb76da95b478fc,2026-03-10,SH600019,-0.058875449084546734,,,
EXP_LGBModel_Alpha158_csi300_expanding_step40_s_20260121_01,0d5b2c317ad04013b1cb76da95b478fc,2026-03-10,SH600023,0.12277323849417657,,,
EXP_LGBModel_Alpha158_csi300_expanding_step40_s_20260121_01,0d5b2c317ad04013b1cb76da95b478fc,2026-03-10,SH600025,-0.1756622251257757,,,
EXP_LGBModel_Alpha158_csi300_expanding_step40_s_20260121_01,0d5b2c317ad04013b1cb76da95b478fc,2026-03-10,SH600026,-0.17570381790124598,,,
EXP_LGBModel_Alpha158_csi300_expanding_step40_s_20260121_01,0d5b2c317ad04013b1cb76da95b478fc,2026-03-10,SH600027,0.10033829743950716,,,
EXP_LGBModel_Alpha158_csi300_expanding_step40_s_20260121_01,0d5b2c317ad04013b1cb76da95b478fc,2026-03-10,SH600028,-0.17525945610155808,,,
EXP_LGBModel_Alpha158_csi300_expanding_step40_s_20260121_01,0d5b2c317ad04013b1cb76da95b478fc,2026-03-10,SH600029,0.31061354329761576,,,
EXP_LGBModel_Alpha158_csi300_expanding_step40_s_20260121_01,0d5b2c317ad04013b1cb76da95b478fc,2026-03-10,SH600030,-0.022685382254879,,,
EXP_LGBModel_Alpha158_csi300_expanding_step40_s_20260121_01,0d5b2c317ad04013b1cb76da95b478fc,2026-03-10,SH600031,0.1265663845181871,,,
EXP_LGBModel_Alpha158_csi300_expanding_step40_s_20260121_01,0d5b2c317ad04013b1cb76da95b478fc,2026-03-10,SH600219,-0.12938939955512174,,,
EXP_LGBModel_Alpha158_csi300_expanding_step40_s_20260121_01,0d5b2c317ad04013b1cb76da95b478fc,2026-03-10,SH600233,-0.015184675159170264,,,
EXP_LGBModel_Alpha158_csi300_expanding_step40_s_20260121_01,0d5b2c317ad04013b1cb76da95b478fc,2026-03-10,SH600276,-0.034947290052938514,,,
EXP_LGBModel_Alpha158_csi300_expanding_step40_s_20260121_01,0d5b2c317ad04013b1cb76da95b478fc,2026-03-10,SH600309,0.028567206219644932,,,
EXP_LGBModel_Alpha158_csi300_expanding_step40_s_20260121_01,0d5b2c317ad04013b1cb76da95b478fc,2026-03-10,SH600600,0.09082942523720679,,,
EXP_LGBModel_Alpha158_csi300_expanding_step40_s_20260121_01,0d5b2c317ad04013b1cb76da95b478fc,2026-03-10,SH600660,0.11102778651503217,,,
EXP_LGBModel_Alpha158_csi300_expanding_step40_s_20260121_01,0d5b2c317ad04013b1cb76da95b478fc,2026-03-10,SH600674,-0.26044380691597907,,,
EXP_LGBModel_Alpha158_csi300_expanding_step40_s_20260121_01,0d5b2c317ad04013b1cb76da95b478fc,2026-03-10,SH600690,0.019559241991646308,,,
EXP_LGBModel_Alpha158_csi300_expanding_step40_s_20260121_01,0d5b2c317ad04013b1cb76da95b478fc,2026-03-10,SH600741,0.10207939654112003,,,
EXP_LGBModel_Alpha158_csi300_expanding_step40_s_20260121_01,0d5b2c317ad04013b1cb76da95b478fc,2026-03-10,SH600760,-0.09516579740204585,,,
EXP_LGBModel_Alpha158_csi300_expanding_step40_s_20260121_01,0d5b2c317ad04013b1cb76da95b478fc,2026-03-10,SH600795,-0.044465917872058495,,,
EXP_LGBModel_Alpha158_csi300_expanding_step40_s_20260121_01,0d5b2c317ad04013b1cb76da95b478fc,2026-03-10,SH600803,-0.14800281016929745,,,
EXP_LGBModel_Alpha158_csi300_expanding_step40_s_20260121_01,0d5b2c317ad04013b1cb76da95b478fc,2026-03-10,SH600809,-0.09730474973249081,,,
EXP_LGBModel_Alpha158_csi300_expanding_step40_s_20260121_01,0d5b2c317ad04013b1cb76da95b478fc,2026-03-10,SH600845,0.18556352753434244,,,
EXP_LGBModel_Alpha158_csi300_expanding_step40_s_20260121_01,0d5b2c317ad04013b1cb76da95b478fc,2026-03-10,SH600875,-0.02129405116393921,,,
EXP_LGBModel_Alpha158_csi300_expanding_step40_s_20260121_01,0d5b2c317ad04013b1cb76da95b478fc,2026-03-10,SH600886,-0.10001448480235248,,,
EXP_LGBModel_Alpha158_csi300_expanding_step40_s_20260121_01,0d5b2c317ad04013b1cb76da95b478fc,2026-03-10,SH600887,0.06034371577330389,,,
EXP_LGBModel_Alpha158_csi300_expanding_step40_s_20260121_01,0d5b2c317ad04013b1cb76da95b478fc,2026-03-10,SH600893,-0.1267413004115271,,,
EXP_LGBModel_Alpha158_csi300_expanding_step40_s_20260121_01,0d5b2c317ad04013b1cb76da95b478fc,2026-03-10,SH600900,0.025978081794282036,,,
EXP_LGBModel_Alpha158_csi300_expanding_step40_s_20260121_01,0d5b2c317ad04013b1cb76da95b478fc,2026-03-10,SH600588,0.03392727878729941,,,
EXP_LGBModel_Alpha158_csi300_expanding_step40_s_20260121_01,0d5b2c317ad04013b1cb76da95b478fc,2026-03-10,SH601899,0.0645900948678189,,,
EXP_LGBModel_Alpha158_csi300_expanding_step40_s_20260121_01,0d5b2c317ad04013b1cb76da95b478fc,2026-03-10,SH600585,-0.022286116084270575,,,
EXP_LGBModel_Alpha158_csi300_expanding_step40_s_20260121_01,0d5b2c317ad04013b1cb76da95b478fc,2026-03-10,SH600570,0.08363344454664878,,,
EXP_LGBModel_Alpha158_csi300_expanding_step40_s_20260121_01,0d5b2c317ad04013b1cb76da95b478fc,2026-03-10,SH600346,0.08306972387682166,,,
EXP_LGBModel_Alpha158_csi300_expanding_step40_s_20260121_01,0d5b2c317ad04013b1cb76da95b478fc,2026-03-10,SH600362,0.05798547855806276,,,
EXP_LGBModel_Alpha158_csi300_expanding_step40_s_20260121_01,0d5b2c317ad04013b1cb76da95b478fc,2026-03-10,SH600372,-0.042814653666614876,,,
EXP_LGBModel_Alpha158_csi300_expanding_step40_s_20260121_01,0d5b2c317ad04013b1cb76da95b478fc,2026-03-10,SH600377,0.03896973471303673,,,
EXP_LGBModel_Alpha158_csi300_expanding_step40_s_20260121_01,0d5b2c317ad04013b1cb76da95b478fc,2026-03-10,SH600406,-0.11851998195492604,,,
EXP_LGBModel_Alpha158_csi300_expanding_step40_s_20260121_01,0d5b2c317ad04013b1cb76da95b478fc,2026-03-10,SH600415,-0.06779330435178953,,,
EXP_LGBModel_Alpha158_csi300_expanding_step40_s_20260121_01,0d5b2c317ad04013b1cb76da95b478fc,2026-03-10,SH600426,-0.022808036820313893,,,
EXP_LGBModel_Alpha158_csi300_expanding_step40_s_20260121_01,0d5b2c317ad04013b1cb76da95b478fc,2026-03-10,SH600436,-0.11112317824152662,,,
EXP_LGBModel_Alpha158_csi300_expanding_step40_s_20260121_01,0d5b2c317ad04013b1cb76da95b478fc,2026-03-10,SH600460,-0.022647169193114224,,,
EXP_LGBModel_Alpha158_csi300_expanding_step40_s_20260121_01,0d5b2c317ad04013b1cb76da95b478fc,2026-03-10,SH600482,-0.08553778402080162,,,
EXP_LGBModel_Alpha158_csi300_expanding_step40_s_20260121_01,0d5b2c317ad04013b1cb76da95b478fc,2026-03-10,SH600489,-0.07096247237329803,,,
EXP_LGBModel_Alpha158_csi300_expanding_step40_s_20260121_01,0d5b2c317ad04013b1cb76da95b478fc,2026-03-10,SH600515,0.0783067436097208,,,
EXP_LGBModel_Alpha158_csi300_expanding_step40_s_20260121_01,0d5b2c317ad04013b1cb76da95b478fc,2026-03-10,SH600519,0.03231289271735047,,,
EXP_LGBModel_Alpha158_csi300_expanding_step40_s_20260121_01,0d5b2c317ad04013b1cb76da95b478fc,2026-03-10,SH600522,-0.2246123337915168,,,
EXP_LGBModel_Alpha158_csi300_expanding_step40_s_20260121_01,0d5b2c317ad04013b1cb76da95b478fc,2026-03-10,SH600547,-0.1262729306018535,,,
EXP_LGBModel_Alpha158_csi300_expanding_step40_s_20260121_01,0d5b2c317ad04013b1cb76da95b478fc,2026-03-10,SH600584,0.037869618594460065,,,
EXP_LGBModel_Alpha158_csi300_expanding_step40_s_20260121_01,0d5b2c317ad04013b1cb76da95b478fc,2026-03-10,SH601901,-0.04436881732785807,,,
EXP_LGBModel_Alpha158_csi300_expanding_step40_s_20260121_01,0d5b2c317ad04013b1cb76da95b478fc,2026-03-10,SH601916,-0.019448149354324474,,,
EXP_LGBModel_Alpha158_csi300_expanding_step40_s_20260121_01,0d5b2c317ad04013b1cb76da95b478fc,2026-03-10,SH601919,0.014603660101859529,,,
EXP_LGBModel_Alpha158_csi300_expanding_step40_s_20260121_01,0d5b2c317ad04013b1cb76da95b478fc,2026-03-10,SZ002415,0.03349601968120825,,,
EXP_LGBModel_Alpha158_csi300_expanding_step40_s_20260121_01,0d5b2c317ad04013b1cb76da95b478fc,2026-03-10,SZ002422,0.01606921501125172,,,
EXP_LGBModel_Alpha158_csi300_expanding_step40_s_20260121_01,0d5b2c317ad04013b1cb76da95b478fc,2026-03-10,SZ002459,-0.11675179019690538,,,
EXP_LGBModel_Alpha158_csi300_expanding_step40_s_20260121_01,0d5b2c317ad04013b1cb76da95b478fc,2026-03-10,SZ002460,-0.04458105798095412,,,
EXP_LGBModel_Alpha158_csi300_expanding_step40_s_20260121_01,0d5b2c317ad04013b1cb76da95b478fc,2026-03-10,SZ002463,-0.05089326631769717,,,
EXP_LGBModel_Alpha158_csi300_expanding_step40_s_20260121_01,0d5b2c317ad04013b1cb76da95b478fc,2026-03-10,SZ002466,-0.1209747039070378,,,
EXP_LGBModel_Alpha158_csi300_expanding_step40_s_20260121_01,0d5b2c317ad04013b1cb76da95b478fc,2026-03-10,SZ002384,-0.03549921727311227,,,
EXP_LGBModel_Alpha158_csi300_expanding_step40_s_20260121_01,0d5b2c317ad04013b1cb76da95b478fc,2026-03-10,SZ002475,-0.14362945439432598,,,
EXP_LGBModel_Alpha158_csi300_expanding_step40_s_20260121_01,0d5b2c317ad04013b1cb76da95b478fc,2026-03-10,SZ002594,0.04653735777625752,,,
EXP_LGBModel_Alpha158_csi300_expanding_step40_s_20260121_01,0d5b2c317ad04013b1cb76da95b478fc,2026-03-10,SZ002600,0.11003765889140554,,,
EXP_LGBModel_Alpha158_csi300_expanding_step40_s_20260121_01,0d5b2c317ad04013b1cb76da95b478fc,2026-03-10,SZ002601,-0.0007539075696593525,,,
EXP_LGBModel_Alpha158_csi300_expanding_step40_s_20260121_01,0d5b2c317ad04013b1cb76da95b478fc,2026-03-10,SZ002625,0.05785934728571432,,,
EXP_LGBModel_Alpha158_csi300_expanding_step40_s_20260121_01,0d5b2c317ad04013b1cb76da95b478fc,2026-03-10,SZ002648,-0.20209266058484404,,,
EXP_LGBModel_Alpha158_csi300_expanding_step40_s_20260121_01,0d5b2c317ad04013b1cb76da95b478fc,2026-03-10,SZ002709,0.21214420063580294,,,
EXP_LGBModel_Alpha158_csi300_expanding_step40_s_20260121_01,0d5b2c317ad04013b1cb76da95b478fc,2026-03-10,SZ002493,0.10999332372705925,,,
EXP_LGBModel_Alpha158_csi300_expanding_step40_s_20260121_01,0d5b2c317ad04013b1cb76da95b478fc,2026-03-10,SZ002371,0.150171808881294,,,
EXP_LGBModel_Alpha158_csi300_expanding_step40_s_20260121_01,0d5b2c317ad04013b1cb76da95b478fc,2026-03-10,SZ002352,-0.011675963955462894,,,
EXP_LGBModel_Alpha158_csi300_expanding_step40_s_20260121_01,0d5b2c317ad04013b1cb76da95b478fc,2026-03-10,SZ002311,-0.046265432553926567,,,
EXP_LGBModel_Alpha158_csi300_expanding_step40_s_20260121_01,0d5b2c317ad04013b1cb76da95b478fc,2026-03-10,SZ001965,-0.0429940101366065,,,
EXP_LGBModel_Alpha158_csi300_expanding_step40_s_20260121_01,0d5b2c317ad04013b1cb76da95b478fc,2026-03-10,SZ001979,0.03766256761637416,,,
EXP_LGBModel_Alpha158_csi300_expanding_step40_s_20260121_01,0d5b2c317ad04013b1cb76da95b478fc,2026-03-10,SZ002001,-0.1397096893358402,,,
EXP_LGBModel_Alpha158_csi300_expanding_step40_s_20260121_01,0d5b2c317ad04013b1cb76da95b478fc,2026-03-10,SZ002027,-0.01566063224484696,,,
EXP_LGBModel_Alpha158_csi300_expanding_step40_s_20260121_01,0d5b2c317ad04013b1cb76da95b478fc,2026-03-10,SZ002028,-0.00345068537908635,,,
EXP_LGBModel_Alpha158_csi300_expanding_step40_s_20260121_01,0d5b2c317ad04013b1cb76da95b478fc,2026-03-10,SZ002049,0.0060773260134996026,,,
EXP_LGBModel_Alpha158_csi300_expanding_step40_s_20260121_01,0d5b2c317ad04013b1cb76da95b478fc,2026-03-10,SZ002050,-0.007682336675718196,,,
EXP_LGBModel_Alpha158_csi300_expanding_step40_s_20260121_01,0d5b2c317ad04013b1cb76da95b478fc,2026-03-10,SZ002074,0.10361094795148482,,,
EXP_LGBModel_Alpha158_csi300_expanding_step40_s_20260121_01,0d5b2c317ad04013b1cb76da95b478fc,2026-03-10,SZ002142,0.02168687036061805,,,
EXP_LGBModel_Alpha158_csi300_expanding_step40_s_20260121_01,0d5b2c317ad04013b1cb76da95b478fc,2026-03-10,SZ002179,0.06830985199365004,,,
EXP_LGBModel_Alpha158_csi300_expanding_step40_s_20260121_01,0d5b2c317ad04013b1cb76da95b478fc,2026-03-10,SZ002230,0.09325804065086972,,,
EXP_LGBModel_Alpha158_csi300_expanding_step40_s_20260121_01,0d5b2c317ad04013b1cb76da95b478fc,2026-03-10,SZ002236,-0.019413803081756255,,,
EXP_LGBModel_Alpha158_csi300_expanding_step40_s_20260121_01,0d5b2c317ad04013b1cb76da95b478fc,2026-03-10,SZ002241,0.085542580170459,,,
EXP_LGBModel_Alpha158_csi300_expanding_step40_s_20260121_01,0d5b2c317ad04013b1cb76da95b478fc,2026-03-10,SZ002252,0.009535732345064758,,,
EXP_LGBModel_Alpha158_csi300_expanding_step40_s_20260121_01,0d5b2c317ad04013b1cb76da95b478fc,2026-03-10,SZ002304,-0.11993917780247268,,,
EXP_LGBModel_Alpha158_csi300_expanding_step40_s_20260121_01,0d5b2c317ad04013b1cb76da95b478fc,2026-03-10,SZ002714,0.017741300402688398,,,
EXP_LGBModel_Alpha158_csi300_expanding_step40_s_20260121_01,0d5b2c317ad04013b1cb76da95b478fc,2026-03-10,SZ002736,0.014955545008364072,,,
EXP_LGBModel_Alpha158_csi300_expanding_step40_s_20260121_01,0d5b2c317ad04013b1cb76da95b478fc,2026-03-10,SZ002916,0.05486090031850741,,,
EXP_LGBModel_Alpha158_csi300_expanding_step40_s_20260121_01,0d5b2c317ad04013b1cb76da95b478fc,2026-03-10,SZ002920,0.10633281782635705,,,
EXP_LGBModel_Alpha158_csi300_expanding_step40_s_20260121_01,0d5b2c317ad04013b1cb76da95b478fc,2026-03-10,SZ300476,-0.010169063730453266,,,
EXP_LGBModel_Alpha158_csi300_expanding_step40_s_20260121_01,0d5b2c317ad04013b1cb76da95b478fc,2026-03-10,SZ300498,-0.07764159521969576,,,
EXP_LGBModel_Alpha158_csi300_expanding_step40_s_20260121_01,0d5b2c317ad04013b1cb76da95b478fc,2026-03-10,SZ300502,-0.10225868184414114,,,
EXP_LGBModel_Alpha158_csi300_expanding_step40_s_20260121_01,0d5b2c317ad04013b1cb76da95b478fc,2026-03-10,SZ300628,0.008992692163363094,,,
EXP_LGBModel_Alpha158_csi300_expanding_step40_s_20260121_01,0d5b2c317ad04013b1cb76da95b478fc,2026-03-10,SZ300661,0.025631619634294958,,,
EXP_LGBModel_Alpha158_csi300_expanding_step40_s_20260121_01,0d5b2c317ad04013b1cb76da95b478fc,2026-03-10,SZ300750,0.07646895028770875,,,
EXP_LGBModel_Alpha158_csi300_expanding_step40_s_20260121_01,0d5b2c317ad04013b1cb76da95b478fc,2026-03-10,SZ300759,-0.017523699364910904,,,
EXP_LGBModel_Alpha158_csi300_expanding_step40_s_20260121_01,0d5b2c317ad04013b1cb76da95b478fc,2026-03-10,SZ300760,-0.03336266208745922,,,
EXP_LGBModel_Alpha158_csi300_expanding_step40_s_20260121_01,0d5b2c317ad04013b1cb76da95b478fc,2026-03-10,SZ300782,-0.19202645671775864,,,
EXP_LGBModel_Alpha158_csi300_expanding_step40_s_20260121_01,0d5b2c317ad04013b1cb76da95b478fc,2026-03-10,SZ300803,0.12130713589671958,,,
EXP_LGBModel_Alpha158_csi300_expanding_step40_s_20260121_01,0d5b2c317ad04013b1cb76da95b478fc,2026-03-10,SZ300832,-0.1489423298433892,,,
EXP_LGBModel_Alpha158_csi300_expanding_step40_s_20260121_01,0d5b2c317ad04013b1cb76da95b478fc,2026-03-10,SZ300866,0.002660640911727196,,,
EXP_LGBModel_Alpha158_csi300_expanding_step40_s_20260121_01,0d5b2c317ad04013b1cb76da95b478fc,2026-03-10,SZ300896,-0.05744875671319802,,,
EXP_LGBModel_Alpha158_csi300_expanding_step40_s_20260121_01,0d5b2c317ad04013b1cb76da95b478fc,2026-03-10,SZ300979,-0.0033606180336245373,,,
EXP_LGBModel_Alpha158_csi300_expanding_step40_s_20260121_01,0d5b2c317ad04013b1cb76da95b478fc,2026-03-10,SZ300999,0.11955967007902533,,,
EXP_LGBModel_Alpha158_csi300_expanding_step40_s_20260121_01,0d5b2c317ad04013b1cb76da95b478fc,2026-03-10,SZ300442,-0.03775726880117097,,,
EXP_LGBModel_Alpha158_csi300_expanding_step40_s_20260121_01,0d5b2c317ad04013b1cb76da95b478fc,2026-03-10,SZ001391,0.013487163012391183,,,
EXP_LGBModel_Alpha158_csi300_expanding_step40_s_20260121_01,0d5b2c317ad04013b1cb76da95b478fc,2026-03-10,SZ300433,0.08342258586169017,,,
EXP_LGBModel_Alpha158_csi300_expanding_step40_s_20260121_01,0d5b2c317ad04013b1cb76da95b478fc,2026-03-10,SZ300413,0.009212140867858088,,,
EXP_LGBModel_Alpha158_csi300_expanding_step40_s_20260121_01,0d5b2c317ad04013b1cb76da95b478fc,2026-03-10,SZ002938,0.05261633820285761,,,
EXP_LGBModel_Alpha158_csi300_expanding_step40_s_20260121_01,0d5b2c317ad04013b1cb76da95b478fc,2026-03-10,SZ003816,-0.14636479244965925,,,
EXP_LGBModel_Alpha158_csi300_expanding_step40_s_20260121_01,0d5b2c317ad04013b1cb76da95b478fc,2026-03-10,SZ300014,0.12134215216057163,,,
EXP_LGBModel_Alpha158_csi300_expanding_step40_s_20260121_01,0d5b2c317ad04013b1cb76da95b478fc,2026-03-10,SZ300015,-0.11565631422714198,,,
EXP_LGBModel_Alpha158_csi300_expanding_step40_s_20260121_01,0d5b2c317ad04013b1cb76da95b478fc,2026-03-10,SZ300033,0.1248622637500378,,,
EXP_LGBModel_Alpha158_csi300_expanding_step40_s_20260121_01,0d5b2c317ad04013b1cb76da95b478fc,2026-03-10,SZ300059,-0.030702825780555734,,,
EXP_LGBModel_Alpha158_csi300_expanding_step40_s_20260121_01,0d5b2c317ad04013b1cb76da95b478fc,2026-03-10,SZ300122,-0.0665024012696311,,,
EXP_LGBModel_Alpha158_csi300_expanding_step40_s_20260121_01,0d5b2c317ad04013b1cb76da95b478fc,2026-03-10,SZ300124,0.0756946757478323,,,
EXP_LGBModel_Alpha158_csi300_expanding_step40_s_20260121_01,0d5b2c317ad04013b1cb76da95b478fc,2026-03-10,SZ300251,0.02774767380168543,,,
EXP_LGBModel_Alpha158_csi300_expanding_step40_s_20260121_01,0d5b2c317ad04013b1cb76da95b478fc,2026-03-10,SZ300274,0.11033322284875532,,,
EXP_LGBModel_Alpha158_csi300_expanding_step40_s_20260121_01,0d5b2c317ad04013b1cb76da95b478fc,2026-03-10,SZ300308,0.10338845410316488,,,
EXP_LGBModel_Alpha158_csi300_expanding_step40_s_20260121_01,0d5b2c317ad04013b1cb76da95b478fc,2026-03-10,SZ300316,-0.15427637463925123,,,
EXP_LGBModel_Alpha158_csi300_expanding_step40_s_20260121_01,0d5b2c317ad04013b1cb76da95b478fc,2026-03-10,SZ300347,0.054273510195660894,,,
EXP_LGBModel_Alpha158_csi300_expanding_step40_s_20260121_01,0d5b2c317ad04013b1cb76da95b478fc,2026-03-10,SZ300394,-0.13348588208676215,,,
EXP_LGBModel_Alpha158_csi300_expanding_step40_s_20260121_01,0d5b2c317ad04013b1cb76da95b478fc,2026-03-10,SZ300408,-0.022675965751266267,,,
EXP_LGBModel_Alpha158_csi300_expanding_step40_s_20260121_01,0d5b2c317ad04013b1cb76da95b478fc,2026-03-10,SZ300418,-0.06596757052625524,,,
EXP_LGBModel_Alpha158_csi300_expanding_step40_s_20260121_01,0d5b2c317ad04013b1cb76da95b478fc,2026-03-10,SZ301269,-0.045173910142446976,,,
EXP_LGBModel_Alpha158_csi300_expanding_step40_s_20260121_01,0d5b2c317ad04013b1cb76da95b478fc,2026-03-10,SZ000999,0.06579581969941611,,,
EXP_LGBModel_Alpha158_csi300_expanding_step40_s_20260121_01,0d5b2c317ad04013b1cb76da95b478fc,2026-03-10,SZ000977,0.20646020148872968,,,
EXP_LGBModel_Alpha158_csi300_expanding_step40_s_20260121_01,0d5b2c317ad04013b1cb76da95b478fc,2026-03-10,SH605499,-0.17200608735416703,,,
EXP_LGBModel_Alpha158_csi300_expanding_step40_s_20260121_01,0d5b2c317ad04013b1cb76da95b478fc,2026-03-10,SH688008,-0.0677032064663137,,,
EXP_LGBModel_Alpha158_csi300_expanding_step40_s_20260121_01,0d5b2c317ad04013b1cb76da95b478fc,2026-03-10,SH688009,-0.18924789149954427,,,
EXP_LGBModel_Alpha158_csi300_expanding_step40_s_20260121_01,0d5b2c317ad04013b1cb76da95b478fc,2026-03-10,SH688012,0.19799418637358596,,,
EXP_LGBModel_Alpha158_csi300_expanding_step40_s_20260121_01,0d5b2c317ad04013b1cb76da95b478fc,2026-03-10,SH688036,-0.07989637791919209,,,
EXP_LGBModel_Alpha158_csi300_expanding_step40_s_20260121_01,0d5b2c317ad04013b1cb76da95b478fc,2026-03-10,SH688041,-0.0027442064394066347,,,
EXP_LGBModel_Alpha158_csi300_expanding_step40_s_20260121_01,0d5b2c317ad04013b1cb76da95b478fc,2026-03-10,SH605117,-0.02012849744210353,,,
EXP_LGBModel_Alpha158_csi300_expanding_step40_s_20260121_01,0d5b2c317ad04013b1cb76da95b478fc,2026-03-10,SH688047,-0.09185891340604856,,,
EXP_LGBModel_Alpha158_csi300_expanding_step40_s_20260121_01,0d5b2c317ad04013b1cb76da95b478fc,2026-03-10,SH688111,0.15909589038679,,,
EXP_LGBModel_Alpha158_csi300_expanding_step40_s_20260121_01,0d5b2c317ad04013b1cb76da95b478fc,2026-03-10,SH688126,0.02730459825183325,,,
EXP_LGBModel_Alpha158_csi300_expanding_step40_s_20260121_01,0d5b2c317ad04013b1cb76da95b478fc,2026-03-10,SH688169,0.09738527601587826,,,
EXP_LGBModel_Alpha158_csi300_expanding_step40_s_20260121_01,0d5b2c317ad04013b1cb76da95b478fc,2026-03-10,SH688187,0.05006589609258997,,,
EXP_LGBModel_Alpha158_csi300_expanding_step40_s_20260121_01,0d5b2c317ad04013b1cb76da95b478fc,2026-03-10,SH688223,-0.20202431158705222,,,
EXP_LGBModel_Alpha158_csi300_expanding_step40_s_20260121_01,0d5b2c317ad04013b1cb76da95b478fc,2026-03-10,SH688256,-0.16146301291711712,,,
EXP_LGBModel_Alpha158_csi300_expanding_step40_s_20260121_01,0d5b2c317ad04013b1cb76da95b478fc,2026-03-10,SH688082,0.13957900505411502,,,
EXP_LGBModel_Alpha158_csi300_expanding_step40_s_20260121_01,0d5b2c317ad04013b1cb76da95b478fc,2026-03-10,SH603993,-0.03239000869080986,,,
EXP_LGBModel_Alpha158_csi300_expanding_step40_s_20260121_01,0d5b2c317ad04013b1cb76da95b478fc,2026-03-10,SH603986,-0.05833743619938562,,,
EXP_LGBModel_Alpha158_csi300_expanding_step40_s_20260121_01,0d5b2c317ad04013b1cb76da95b478fc,2026-03-10,SH603893,0.13409816876673125,,,
EXP_LGBModel_Alpha158_csi300_expanding_step40_s_20260121_01,0d5b2c317ad04013b1cb76da95b478fc,2026-03-10,SH601939,0.09286488709472597,,,
EXP_LGBModel_Alpha158_csi300_expanding_step40_s_20260121_01,0d5b2c317ad04013b1cb76da95b478fc,2026-03-10,SH601985,-0.05872510330910996,,,
EXP_LGBModel_Alpha158_csi300_expanding_step40_s_20260121_01,0d5b2c317ad04013b1cb76da95b478fc,2026-03-10,SH601988,0.07790730424837479,,,
EXP_LGBModel_Alpha158_csi300_expanding_step40_s_20260121_01,0d5b2c317ad04013b1cb76da95b478fc,2026-03-10,SH601995,-0.017507530610961858,,,
EXP_LGBModel_Alpha158_csi300_expanding_step40_s_20260121_01,0d5b2c317ad04013b1cb76da95b478fc,2026-03-10,SH601998,0.04585982924247486,,,
EXP_LGBModel_Alpha158_csi300_expanding_step40_s_20260121_01,0d5b2c317ad04013b1cb76da95b478fc,2026-03-10,SH603019,-0.018401104806858887,,,
EXP_LGBModel_Alpha158_csi300_expanding_step40_s_20260121_01,0d5b2c317ad04013b1cb76da95b478fc,2026-03-10,SH603195,0.061762785280446666,,,
EXP_LGBModel_Alpha158_csi300_expanding_step40_s_20260121_01,0d5b2c317ad04013b1cb76da95b478fc,2026-03-10,SH603259,0.13466893685012843,,,
EXP_LGBModel_Alpha158_csi300_expanding_step40_s_20260121_01,0d5b2c317ad04013b1cb76da95b478fc,2026-03-10,SH603260,-0.09105311307690211,,,
EXP_LGBModel_Alpha158_csi300_expanding_step40_s_20260121_01,0d5b2c317ad04013b1cb76da95b478fc,2026-03-10,SH603288,-0.026898957928851778,,,
EXP_LGBModel_Alpha158_csi300_expanding_step40_s_20260121_01,0d5b2c317ad04013b1cb76da95b478fc,2026-03-10,SH603296,0.18356760274458642,,,
EXP_LGBModel_Alpha158_csi300_expanding_step40_s_20260121_01,0d5b2c317ad04013b1cb76da95b478fc,2026-03-10,SH603369,-0.029256745802091484,,,
EXP_LGBModel_Alpha158_csi300_expanding_step40_s_20260121_01,0d5b2c317ad04013b1cb76da95b478fc,2026-03-10,SH603392,-0.127814829624763,,,
EXP_LGBModel_Alpha158_csi300_expanding_step40_s_20260121_01,0d5b2c317ad04013b1cb76da95b478fc,2026-03-10,SH603501,0.04862323399077394,,,
EXP_LGBModel_Alpha158_csi300_expanding_step40_s_20260121_01,0d5b2c317ad04013b1cb76da95b478fc,2026-03-10,SH603799,0.0476816963801532,,,
EXP_LGBModel_Alpha158_csi300_expanding_step40_s_20260121_01,0d5b2c317ad04013b1cb76da95b478fc,2026-03-10,SH688271,0.0006764172415849794,,,
EXP_LGBModel_Alpha158_csi300_expanding_step40_s_20260121_01,0d5b2c317ad04013b1cb76da95b478fc,2026-03-10,SH688303,-0.07935241130969022,,,
EXP_LGBModel_Alpha158_csi300_expanding_step40_s_20260121_01,0d5b2c317ad04013b1cb76da95b478fc,2026-03-10,SH688396,0.11800980522326537,,,
EXP_LGBModel_Alpha158_csi300_expanding_step40_s_20260121_01,0d5b2c317ad04013b1cb76da95b478fc,2026-03-10,SH688472,-0.08837455744766723,,,
EXP_LGBModel_Alpha158_csi300_expanding_step40_s_20260121_01,0d5b2c317ad04013b1cb76da95b478fc,2026-03-10,SZ000651,-0.040831016121799124,,,
EXP_LGBModel_Alpha158_csi300_expanding_step40_s_20260121_01,0d5b2c317ad04013b1cb76da95b478fc,2026-03-10,SZ000661,-0.1383730807446034,,,
EXP_LGBModel_Alpha158_csi300_expanding_step40_s_20260121_01,0d5b2c317ad04013b1cb76da95b478fc,2026-03-10,SZ000708,0.20879473549575317,,,
EXP_LGBModel_Alpha158_csi300_expanding_step40_s_20260121_01,0d5b2c317ad04013b1cb76da95b478fc,2026-03-10,SZ000725,0.05367209898544535,,,
EXP_LGBModel_Alpha158_csi300_expanding_step40_s_20260121_01,0d5b2c317ad04013b1cb76da95b478fc,2026-03-10,SZ000768,-0.04447062898039194,,,
EXP_LGBModel_Alpha158_csi300_expanding_step40_s_20260121_01,0d5b2c317ad04013b1cb76da95b478fc,2026-03-10,SZ000776,-0.028282439748894158,,,
EXP_LGBModel_Alpha158_csi300_expanding_step40_s_20260121_01,0d5b2c317ad04013b1cb76da95b478fc,2026-03-10,SZ000786,0.02677368713572597,,,
EXP_LGBModel_Alpha158_csi300_expanding_step40_s_20260121_01,0d5b2c317ad04013b1cb76da95b478fc,2026-03-10,SZ000792,-0.06139123034352226,,,
EXP_LGBModel_Alpha158_csi300_expanding_step40_s_20260121_01,0d5b2c317ad04013b1cb76da95b478fc,2026-03-10,SZ000807,-0.17317176041880905,,,
EXP_LGBModel_Alpha158_csi300_expanding_step40_s_20260121_01,0d5b2c317ad04013b1cb76da95b478fc,2026-03-10,SZ000858,-0.06381138331884849,,,
EXP_LGBModel_Alpha158_csi300_expanding_step40_s_20260121_01,0d5b2c317ad04013b1cb76da95b478fc,2026-03-10,SZ000876,-0.04681346369949661,,,
EXP_LGBModel_Alpha158_csi300_expanding_step40_s_20260121_01,0d5b2c317ad04013b1cb76da95b478fc,2026-03-10,SZ000895,0.020439368556521304,,,
EXP_LGBModel_Alpha158_csi300_expanding_step40_s_20260121_01,0d5b2c317ad04013b1cb76da95b478fc,2026-03-10,SZ000938,-0.012798467335283413,,,
EXP_LGBModel_Alpha158_csi300_expanding_step40_s_20260121_01,0d5b2c317ad04013b1cb76da95b478fc,2026-03-10,SZ000963,-0.07964298270166624,,,
EXP_LGBModel_Alpha158_csi300_expanding_step40_s_20260121_01,0d5b2c317ad04013b1cb76da95b478fc,2026-03-10,SZ000975,-0.07085006848116024,,,
EXP_LGBModel_Alpha158_csi300_expanding_step40_s_20260121_01,0d5b2c317ad04013b1cb76da95b478fc,2026-03-10,SZ000630,0.01573912441068666,,,
EXP_LGBModel_Alpha158_csi300_expanding_step40_s_20260121_01,0d5b2c317ad04013b1cb76da95b478fc,2026-03-10,SZ000983,-0.07674143590456432,,,
EXP_LGBModel_Alpha158_csi300_expanding_step40_s_20260121_01,0d5b2c317ad04013b1cb76da95b478fc,2026-03-10,SZ000625,-0.0585152585057162,,,
EXP_LGBModel_Alpha158_csi300_expanding_step40_s_20260121_01,0d5b2c317ad04013b1cb76da95b478fc,2026-03-10,SZ000596,0.005361006317643656,,,
EXP_LGBModel_Alpha158_csi300_expanding_step40_s_20260121_01,0d5b2c317ad04013b1cb76da95b478fc,2026-03-10,SH688506,-0.12955845512034322,,,
EXP_LGBModel_Alpha158_csi300_expanding_step40_s_20260121_01,0d5b2c317ad04013b1cb76da95b478fc,2026-03-10,SH688981,0.015110206239494646,,,
EXP_LGBModel_Alpha158_csi300_expanding_step40_s_20260121_01,0d5b2c317ad04013b1cb76da95b478fc,2026-03-10,SZ000001,-0.004038916937755198,,,
EXP_LGBModel_Alpha158_csi300_expanding_step40_s_20260121_01,0d5b2c317ad04013b1cb76da95b478fc,2026-03-10,SZ000002,-0.09403146652811724,,,
EXP_LGBModel_Alpha158_csi300_expanding_step40_s_20260121_01,0d5b2c317ad04013b1cb76da95b478fc,2026-03-10,SZ000063,0.16494476711616315,,,
EXP_LGBModel_Alpha158_csi300_expanding_step40_s_20260121_01,0d5b2c317ad04013b1cb76da95b478fc,2026-03-10,SZ000100,0.11839659241428244,,,
EXP_LGBModel_Alpha158_csi300_expanding_step40_s_20260121_01,0d5b2c317ad04013b1cb76da95b478fc,2026-03-10,SZ000157,0.05268015703418325,,,
EXP_LGBModel_Alpha158_csi300_expanding_step40_s_20260121_01,0d5b2c317ad04013b1cb76da95b478fc,2026-03-10,SZ000166,0.015128960808840578,,,
EXP_LGBModel_Alpha158_csi300_expanding_step40_s_20260121_01,0d5b2c317ad04013b1cb76da95b478fc,2026-03-10,SZ000301,-0.03685406256950346,,,
EXP_LGBModel_Alpha158_csi300_expanding_step40_s_20260121_01,0d5b2c317ad04013b1cb76da95b478fc,2026-03-10,SZ000333,0.04765644164753939,,,
EXP_LGBModel_Alpha158_csi300_expanding_step40_s_20260121_01,0d5b2c317ad04013b1cb76da95b478fc,2026-03-10,SZ000338,-0.20142018833849082,,,
EXP_LGBModel_Alpha158_csi300_expanding_step40_s_20260121_01,0d5b2c317ad04013b1cb76da95b478fc,2026-03-10,SZ000408,-0.04546454711188458,,,
EXP_LGBModel_Alpha158_csi300_expanding_step40_s_20260121_01,0d5b2c317ad04013b1cb76da95b478fc,2026-03-10,SZ000425,0.0337247356021849,,,
EXP_LGBModel_Alpha158_csi300_expanding_step40_s_20260121_01,0d5b2c317ad04013b1cb76da95b478fc,2026-03-10,SZ000538,-0.008693663395397594,,,
EXP_LGBModel_Alpha158_csi300_expanding_step40_s_20260121_01,0d5b2c317ad04013b1cb76da95b478fc,2026-03-10,SZ000568,0.012223393054761712,,,
EXP_LGBModel_Alpha158_csi300_expanding_step40_s_20260121_01,0d5b2c317ad04013b1cb76da95b478fc,2026-03-10,SZ000617,-0.1465488119864588,,,
EXP_LGBModel_Alpha158_csi300_sliding_step40_s_20260121_01,741bdd0f113c4c1eaf23c429f63dfa1d,2026-03-10,SZ301269,-0.09129566949080516,,,
EXP_LGBModel_Alpha158_csi300_sliding_step40_s_20260121_01,741bdd0f113c4c1eaf23c429f63dfa1d,2026-03-10,SZ302132,0.003438608025211149,,,
EXP_DEnsembleModel_Alpha158_csi300_expanding_step40_s_20260112_22,5dfe27da14f64e55b157c5d6f03705b8,2026-03-10,SH600000,-0.051023072205564776,,,
EXP_DEnsembleModel_Alpha158_csi300_sliding_step40_s_20260111_23,12f4cb9e2e654b22a3588e4374ed56b1,2026-03-10,SH601136,-0.03883995012718804,,,
EXP_DEnsembleModel_Alpha158_csi300_sliding_step40_s_20260111_23,12f4cb9e2e654b22a3588e4374ed56b1,2026-03-10,SH601138,0.04392181162063271,,,
EXP_DEnsembleModel_Alpha158_csi300_sliding_step40_s_20260111_23,12f4cb9e2e654b22a3588e4374ed56b1,2026-03-10,SH601166,0.007693441854464737,,,
EXP_DEnsembleModel_Alpha158_csi300_sliding_step40_s_20260111_23,12f4cb9e2e654b22a3588e4374ed56b1,2026-03-10,SH601169,-0.00821628058595904,,,
EXP_DEnsembleModel_Alpha158_csi300_sliding_step40_s_20260111_23,12f4cb9e2e654b22a3588e4374ed56b1,2026-03-10,SH601186,-0.007547876838065996,,,
EXP_DEnsembleModel_Alpha158_csi300_sliding_step40_s_20260111_23,12f4cb9e2e654b22a3588e4374ed56b1,2026-03-10,SH601211,-0.0027696970247353815,,,
EXP_DEnsembleModel_Alpha158_csi300_sliding_step40_s_20260111_23,12f4cb9e2e654b22a3588e4374ed56b1,2026-03-10,SH601127,0.0022207270879071165,,,
EXP_DEnsembleModel_Alpha158_csi300_sliding_step40_s_20260111_23,12f4cb9e2e654b22a3588e4374ed56b1,2026-03-10,SH601225,0.026530674965307848,,,
EXP_DEnsembleModel_Alpha158_csi300_sliding_step40_s_20260111_23,12f4cb9e2e654b22a3588e4374ed56b1,2026-03-10,SH601236,0.0008269431906349115,,,
EXP_DEnsembleModel_Alpha158_csi300_sliding_step40_s_20260111_23,12f4cb9e2e654b22a3588e4374ed56b1,2026-03-10,SH601238,-0.033781888193659924,,,
EXP_DEnsembleModel_Alpha158_csi300_sliding_step40_s_20260111_23,12f4cb9e2e654b22a3588e4374ed56b1,2026-03-10,SH601288,0.0196518369455484,,,
EXP_DEnsembleModel_Alpha158_csi300_sliding_step40_s_20260111_23,12f4cb9e2e654b22a3588e4374ed56b1,2026-03-10,SH601298,-0.02799237758928726,,,
EXP_DEnsembleModel_Alpha158_csi300_sliding_step40_s_20260111_23,12f4cb9e2e654b22a3588e4374ed56b1,2026-03-10,SH601318,0.04528411943590196,,,
EXP_DEnsembleModel_Alpha158_csi300_sliding_step40_s_20260111_23,12f4cb9e2e654b22a3588e4374ed56b1,2026-03-10,SH601319,0.016194920176694064,,,
EXP_DEnsembleModel_Alpha158_csi300_sliding_step40_s_20260111_23,12f4cb9e2e654b22a3588e4374ed56b1,2026-03-10,SH601229,0.015790876023020536,,,
EXP_DEnsembleModel_Alpha158_csi300_sliding_step40_s_20260111_23,12f4cb9e2e654b22a3588e4374ed56b1,2026-03-10,SH601117,0.04539634280626398,,,
EXP_DEnsembleModel_Alpha158_csi300_sliding_step40_s_20260111_23,12f4cb9e2e654b22a3588e4374ed56b1,2026-03-10,SH601111,0.15216890129896696,,,
EXP_DEnsembleModel_Alpha158_csi300_sliding_step40_s_20260111_23,12f4cb9e2e654b22a3588e4374ed56b1,2026-03-10,SH601100,0.11060371431766805,,,
EXP_DEnsembleModel_Alpha158_csi300_sliding_step40_s_20260111_23,12f4cb9e2e654b22a3588e4374ed56b1,2026-03-10,SH600938,-0.18813937364473773,,,
EXP_DEnsembleModel_Alpha158_csi300_sliding_step40_s_20260111_23,12f4cb9e2e654b22a3588e4374ed56b1,2026-03-10,SH600941,0.03367765123174186,,,
EXP_DEnsembleModel_Alpha158_csi300_sliding_step40_s_20260111_23,12f4cb9e2e654b22a3588e4374ed56b1,2026-03-10,SH600958,-0.04046324291978592,,,
EXP_DEnsembleModel_Alpha158_csi300_sliding_step40_s_20260111_23,12f4cb9e2e654b22a3588e4374ed56b1,2026-03-10,SH600989,-0.1941006368261541,,,
EXP_DEnsembleModel_Alpha158_csi300_sliding_step40_s_20260111_23,12f4cb9e2e654b22a3588e4374ed56b1,2026-03-10,SH600999,-0.01735502562034949,,,
EXP_DEnsembleModel_Alpha158_csi300_sliding_step40_s_20260111_23,12f4cb9e2e654b22a3588e4374ed56b1,2026-03-10,SH601006,0.02680367679679369,,,
EXP_DEnsembleModel_Alpha158_csi300_sliding_step40_s_20260111_23,12f4cb9e2e654b22a3588e4374ed56b1,2026-03-10,SH601009,0.028562169146442103,,,
EXP_DEnsembleModel_Alpha158_csi300_sliding_step40_s_20260111_23,12f4cb9e2e654b22a3588e4374ed56b1,2026-03-10,SH601012,0.007896401303686297,,,
EXP_DEnsembleModel_Alpha158_csi300_sliding_step40_s_20260111_23,12f4cb9e2e654b22a3588e4374ed56b1,2026-03-10,SH601018,-0.09853974509263563,,,
EXP_DEnsembleModel_Alpha158_csi300_sliding_step40_s_20260111_23,12f4cb9e2e654b22a3588e4374ed56b1,2026-03-10,SH601021,0.1296273299233334,,,
EXP_DEnsembleModel_Alpha158_csi300_sliding_step40_s_20260111_23,12f4cb9e2e654b22a3588e4374ed56b1,2026-03-10,SH601058,0.03416339525137429,,,
EXP_DEnsembleModel_Alpha158_csi300_sliding_step40_s_20260111_23,12f4cb9e2e654b22a3588e4374ed56b1,2026-03-10,SH601059,-0.0530888098271959,,,
EXP_DEnsembleModel_Alpha158_csi300_sliding_step40_s_20260111_23,12f4cb9e2e654b22a3588e4374ed56b1,2026-03-10,SH601066,0.008989392545119086,,,
EXP_DEnsembleModel_Alpha158_csi300_sliding_step40_s_20260111_23,12f4cb9e2e654b22a3588e4374ed56b1,2026-03-10,SH601077,0.10074857661344266,,,
EXP_DEnsembleModel_Alpha158_csi300_sliding_step40_s_20260111_23,12f4cb9e2e654b22a3588e4374ed56b1,2026-03-10,SH601088,-0.020441722661690028,,,
EXP_DEnsembleModel_Alpha158_csi300_sliding_step40_s_20260111_23,12f4cb9e2e654b22a3588e4374ed56b1,2026-03-10,SH601328,0.020801270856778548,,,
EXP_DEnsembleModel_Alpha158_csi300_sliding_step40_s_20260111_23,12f4cb9e2e654b22a3588e4374ed56b1,2026-03-10,SH600930,-0.028938352268136274,,,
EXP_DEnsembleModel_Alpha158_csi300_sliding_step40_s_20260111_23,12f4cb9e2e654b22a3588e4374ed56b1,2026-03-10,SH601336,0.053067909662540935,,,
EXP_DEnsembleModel_Alpha158_csi300_sliding_step40_s_20260111_23,12f4cb9e2e654b22a3588e4374ed56b1,2026-03-10,SH601377,-0.07536454610000631,,,
EXP_DEnsembleModel_Alpha158_csi300_sliding_step40_s_20260111_23,12f4cb9e2e654b22a3588e4374ed56b1,2026-03-10,SH601808,-0.035514971051619985,,,
EXP_DEnsembleModel_Alpha158_csi300_sliding_step40_s_20260111_23,12f4cb9e2e654b22a3588e4374ed56b1,2026-03-10,SH601816,0.05530127169683989,,,
EXP_DEnsembleModel_Alpha158_csi300_sliding_step40_s_20260111_23,12f4cb9e2e654b22a3588e4374ed56b1,2026-03-10,SH601818,0.018626556470892543,,,
EXP_DEnsembleModel_Alpha158_csi300_sliding_step40_s_20260111_23,12f4cb9e2e654b22a3588e4374ed56b1,2026-03-10,SH601825,-0.021656569392943675,,,
EXP_DEnsembleModel_Alpha158_csi300_sliding_step40_s_20260111_23,12f4cb9e2e654b22a3588e4374ed56b1,2026-03-10,SH601838,0.01417797734887305,,,
EXP_DEnsembleModel_Alpha158_csi300_sliding_step40_s_20260111_23,12f4cb9e2e654b22a3588e4374ed56b1,2026-03-10,SH601857,-0.09905356471034003,,,
EXP_DEnsembleModel_Alpha158_csi300_sliding_step40_s_20260111_23,12f4cb9e2e654b22a3588e4374ed56b1,2026-03-10,SH601800,0.04432524255899286,,,
EXP_DEnsembleModel_Alpha158_csi300_sliding_step40_s_20260111_23,12f4cb9e2e654b22a3588e4374ed56b1,2026-03-10,SH601868,-0.29052827041092016,,,
EXP_DEnsembleModel_Alpha158_csi300_sliding_step40_s_20260111_23,12f4cb9e2e654b22a3588e4374ed56b1,2026-03-10,SH601877,-0.16773993079874092,,,
EXP_DEnsembleModel_Alpha158_csi300_sliding_step40_s_20260111_23,12f4cb9e2e654b22a3588e4374ed56b1,2026-03-10,SH601878,-0.02451299918346622,,,
EXP_DEnsembleModel_Alpha158_csi300_sliding_step40_s_20260111_23,12f4cb9e2e654b22a3588e4374ed56b1,2026-03-10,SH601881,-0.03531242891015787,,,
EXP_DEnsembleModel_Alpha158_csi300_sliding_step40_s_20260111_23,12f4cb9e2e654b22a3588e4374ed56b1,2026-03-10,SH601888,-0.033455175363373,,,
EXP_DEnsembleModel_Alpha158_csi300_sliding_step40_s_20260111_23,12f4cb9e2e654b22a3588e4374ed56b1,2026-03-10,SH601898,-0.02260601480359389,,,
EXP_DEnsembleModel_Alpha158_csi300_sliding_step40_s_20260111_23,12f4cb9e2e654b22a3588e4374ed56b1,2026-03-10,SH601899,0.05764704035238297,,,
EXP_DEnsembleModel_Alpha158_csi300_sliding_step40_s_20260111_23,12f4cb9e2e654b22a3588e4374ed56b1,2026-03-10,SH601872,-0.11940412174764024,,,
EXP_DEnsembleModel_Alpha158_csi300_sliding_step40_s_20260111_23,12f4cb9e2e654b22a3588e4374ed56b1,2026-03-10,SH601788,-0.0032356845222406973,,,
EXP_DEnsembleModel_Alpha158_csi300_sliding_step40_s_20260111_23,12f4cb9e2e654b22a3588e4374ed56b1,2026-03-10,SH601766,-0.06111928535512032,,,
EXP_DEnsembleModel_Alpha158_csi300_sliding_step40_s_20260111_23,12f4cb9e2e654b22a3588e4374ed56b1,2026-03-10,SH601728,0.07215742422400234,,,
EXP_DEnsembleModel_Alpha158_csi300_sliding_step40_s_20260111_23,12f4cb9e2e654b22a3588e4374ed56b1,2026-03-10,SH601390,0.04226112801454389,,,
EXP_DEnsembleModel_Alpha158_csi300_sliding_step40_s_20260111_23,12f4cb9e2e654b22a3588e4374ed56b1,2026-03-10,SH601398,0.07012811060804412,,,
EXP_DEnsembleModel_Alpha158_csi300_sliding_step40_s_20260111_23,12f4cb9e2e654b22a3588e4374ed56b1,2026-03-10,SH601456,-0.023971386123397765,,,
EXP_DEnsembleModel_Alpha158_csi300_sliding_step40_s_20260111_23,12f4cb9e2e654b22a3588e4374ed56b1,2026-03-10,SH601600,-0.089906723384622,,,
EXP_DEnsembleModel_Alpha158_csi300_sliding_step40_s_20260111_23,12f4cb9e2e654b22a3588e4374ed56b1,2026-03-10,SH601601,0.02447355429682462,,,
EXP_DEnsembleModel_Alpha158_csi300_sliding_step40_s_20260111_23,12f4cb9e2e654b22a3588e4374ed56b1,2026-03-10,SH601607,-0.0030434782170341845,,,
EXP_DEnsembleModel_Alpha158_csi300_sliding_step40_s_20260111_23,12f4cb9e2e654b22a3588e4374ed56b1,2026-03-10,SH601618,0.11980010268890146,,,
EXP_DEnsembleModel_Alpha158_csi300_sliding_step40_s_20260111_23,12f4cb9e2e654b22a3588e4374ed56b1,2026-03-10,SH601628,0.033349583440339975,,,
EXP_DEnsembleModel_Alpha158_csi300_sliding_step40_s_20260111_23,12f4cb9e2e654b22a3588e4374ed56b1,2026-03-10,SH601633,0.0055519354164345084,,,
EXP_DEnsembleModel_Alpha158_csi300_sliding_step40_s_20260111_23,12f4cb9e2e654b22a3588e4374ed56b1,2026-03-10,SH601658,-0.02526039342940932,,,
EXP_DEnsembleModel_Alpha158_csi300_sliding_step40_s_20260111_23,12f4cb9e2e654b22a3588e4374ed56b1,2026-03-10,SH601668,0.001060601789130669,,,
EXP_DEnsembleModel_Alpha158_csi300_sliding_step40_s_20260111_23,12f4cb9e2e654b22a3588e4374ed56b1,2026-03-10,SH601669,-0.0011473820714293403,,,
EXP_DEnsembleModel_Alpha158_csi300_sliding_step40_s_20260111_23,12f4cb9e2e654b22a3588e4374ed56b1,2026-03-10,SH601688,0.052003730587949284,,,
EXP_DEnsembleModel_Alpha158_csi300_sliding_step40_s_20260111_23,12f4cb9e2e654b22a3588e4374ed56b1,2026-03-10,SH601689,0.04055281603924775,,,
EXP_DEnsembleModel_Alpha158_csi300_sliding_step40_s_20260111_23,12f4cb9e2e654b22a3588e4374ed56b1,2026-03-10,SH601698,0.016195298300698456,,,
EXP_DEnsembleModel_Alpha158_csi300_sliding_step40_s_20260111_23,12f4cb9e2e654b22a3588e4374ed56b1,2026-03-10,SH601360,0.22905524534986316,,,
EXP_DEnsembleModel_Alpha158_csi300_sliding_step40_s_20260111_23,12f4cb9e2e654b22a3588e4374ed56b1,2026-03-10,SH600926,0.07185012259600675,,,
EXP_DEnsembleModel_Alpha158_csi300_sliding_step40_s_20260111_23,12f4cb9e2e654b22a3588e4374ed56b1,2026-03-10,SH600919,0.10966373984795136,,,
EXP_DEnsembleModel_Alpha158_csi300_sliding_step40_s_20260111_23,12f4cb9e2e654b22a3588e4374ed56b1,2026-03-10,SH600918,-0.07463680278920233,,,
EXP_DEnsembleModel_Alpha158_csi300_sliding_step40_s_20260111_23,12f4cb9e2e654b22a3588e4374ed56b1,2026-03-10,SH600066,-0.061633631552704925,,,
EXP_DEnsembleModel_Alpha158_csi300_sliding_step40_s_20260111_23,12f4cb9e2e654b22a3588e4374ed56b1,2026-03-10,SH600085,-0.019609362125603862,,,
EXP_DEnsembleModel_Alpha158_csi300_sliding_step40_s_20260111_23,12f4cb9e2e654b22a3588e4374ed56b1,2026-03-10,SH600089,0.06574796041429541,,,
EXP_DEnsembleModel_Alpha158_csi300_sliding_step40_s_20260111_23,12f4cb9e2e654b22a3588e4374ed56b1,2026-03-10,SH600104,0.004030911601218537,,,
EXP_DEnsembleModel_Alpha158_csi300_sliding_step40_s_20260111_23,12f4cb9e2e654b22a3588e4374ed56b1,2026-03-10,SH600111,-0.019975510406373357,,,
EXP_DEnsembleModel_Alpha158_csi300_sliding_step40_s_20260111_23,12f4cb9e2e654b22a3588e4374ed56b1,2026-03-10,SH600115,0.2055138950294132,,,
EXP_DEnsembleModel_Alpha158_csi300_sliding_step40_s_20260111_23,12f4cb9e2e654b22a3588e4374ed56b1,2026-03-10,SH600061,-0.06748494970319073,,,
EXP_DEnsembleModel_Alpha158_csi300_sliding_step40_s_20260111_23,12f4cb9e2e654b22a3588e4374ed56b1,2026-03-10,SH600150,0.2242912809322117,,,
EXP_DEnsembleModel_Alpha158_csi300_sliding_step40_s_20260111_23,12f4cb9e2e654b22a3588e4374ed56b1,2026-03-10,SH600161,-0.017282789278677917,,,
EXP_DEnsembleModel_Alpha158_csi300_sliding_step40_s_20260111_23,12f4cb9e2e654b22a3588e4374ed56b1,2026-03-10,SH600176,-0.2509074802789263,,,
EXP_DEnsembleModel_Alpha158_csi300_sliding_step40_s_20260111_23,12f4cb9e2e654b22a3588e4374ed56b1,2026-03-10,SH600183,0.11147764093797964,,,
EXP_DEnsembleModel_Alpha158_csi300_sliding_step40_s_20260111_23,12f4cb9e2e654b22a3588e4374ed56b1,2026-03-10,SH600188,-0.04786643962518855,,,
EXP_DEnsembleModel_Alpha158_csi300_sliding_step40_s_20260111_23,12f4cb9e2e654b22a3588e4374ed56b1,2026-03-10,SH600196,0.024662147981936836,,,
EXP_DEnsembleModel_Alpha158_csi300_sliding_step40_s_20260111_23,12f4cb9e2e654b22a3588e4374ed56b1,2026-03-10,SH600219,-0.16154514192846584,,,
EXP_DEnsembleModel_Alpha158_csi300_sliding_step40_s_20260111_23,12f4cb9e2e654b22a3588e4374ed56b1,2026-03-10,SH600160,0.18419494385345817,,,
EXP_DEnsembleModel_Alpha158_csi300_sliding_step40_s_20260111_23,12f4cb9e2e654b22a3588e4374ed56b1,2026-03-10,SH600050,0.0527769868368049,,,
EXP_DEnsembleModel_Alpha158_csi300_sliding_step40_s_20260111_23,12f4cb9e2e654b22a3588e4374ed56b1,2026-03-10,SH600048,-0.011093946699187476,,,
EXP_DEnsembleModel_Alpha158_csi300_sliding_step40_s_20260111_23,12f4cb9e2e654b22a3588e4374ed56b1,2026-03-10,SH600039,0.19101121995690298,,,
EXP_DEnsembleModel_Alpha158_csi300_sliding_step40_s_20260111_23,12f4cb9e2e654b22a3588e4374ed56b1,2026-03-10,SH600010,0.0626095854106581,,,
EXP_DEnsembleModel_Alpha158_csi300_sliding_step40_s_20260111_23,12f4cb9e2e654b22a3588e4374ed56b1,2026-03-10,SH600011,0.13427629226037788,,,
EXP_DEnsembleModel_Alpha158_csi300_sliding_step40_s_20260111_23,12f4cb9e2e654b22a3588e4374ed56b1,2026-03-10,SH600015,0.048980188557234745,,,
EXP_DEnsembleModel_Alpha158_csi300_sliding_step40_s_20260111_23,12f4cb9e2e654b22a3588e4374ed56b1,2026-03-10,SH600016,0.12275591539606942,,,
EXP_DEnsembleModel_Alpha158_csi300_sliding_step40_s_20260111_23,12f4cb9e2e654b22a3588e4374ed56b1,2026-03-10,SH600018,0.04036420906742655,,,
EXP_DEnsembleModel_Alpha158_csi300_sliding_step40_s_20260111_23,12f4cb9e2e654b22a3588e4374ed56b1,2026-03-10,SH600019,-0.02587445405258138,,,
EXP_DEnsembleModel_Alpha158_csi300_sliding_step40_s_20260111_23,12f4cb9e2e654b22a3588e4374ed56b1,2026-03-10,SH600023,0.18004100108770565,,,
EXP_DEnsembleModel_Alpha158_csi300_sliding_step40_s_20260111_23,12f4cb9e2e654b22a3588e4374ed56b1,2026-03-10,SH600025,-0.07741288757251037,,,
EXP_DEnsembleModel_Alpha158_csi300_sliding_step40_s_20260111_23,12f4cb9e2e654b22a3588e4374ed56b1,2026-03-10,SH600026,-0.14376609527761408,,,
EXP_DEnsembleModel_Alpha158_csi300_sliding_step40_s_20260111_23,12f4cb9e2e654b22a3588e4374ed56b1,2026-03-10,SH600027,0.16995587959078945,,,
EXP_DEnsembleModel_Alpha158_csi300_sliding_step40_s_20260111_23,12f4cb9e2e654b22a3588e4374ed56b1,2026-03-10,SH600028,-0.13869327924876912,,,
EXP_DEnsembleModel_Alpha158_csi300_sliding_step40_s_20260111_23,12f4cb9e2e654b22a3588e4374ed56b1,2026-03-10,SH600029,0.16055588773999627,,,
EXP_DEnsembleModel_Alpha158_csi300_sliding_step40_s_20260111_23,12f4cb9e2e654b22a3588e4374ed56b1,2026-03-10,SH600030,-0.004686393093323985,,,
EXP_DEnsembleModel_Alpha158_csi300_sliding_step40_s_20260111_23,12f4cb9e2e654b22a3588e4374ed56b1,2026-03-10,SH600031,0.10313669696768688,,,
EXP_DEnsembleModel_Alpha158_csi300_sliding_step40_s_20260111_23,12f4cb9e2e654b22a3588e4374ed56b1,2026-03-10,SH600036,0.013355096798869983,,,
EXP_DEnsembleModel_Alpha158_csi300_sliding_step40_s_20260111_23,12f4cb9e2e654b22a3588e4374ed56b1,2026-03-10,SH600233,0.01955919609279093,,,
EXP_DEnsembleModel_Alpha158_csi300_sliding_step40_s_20260111_23,12f4cb9e2e654b22a3588e4374ed56b1,2026-03-10,SH600276,0.0064273175784070385,,,
EXP_DEnsembleModel_Alpha158_csi300_sliding_step40_s_20260111_23,12f4cb9e2e654b22a3588e4374ed56b1,2026-03-10,SH600309,0.025261822014035592,,,
EXP_DEnsembleModel_Alpha158_csi300_sliding_step40_s_20260111_23,12f4cb9e2e654b22a3588e4374ed56b1,2026-03-10,SH600346,0.1178099886530007,,,
EXP_DEnsembleModel_Alpha158_csi300_sliding_step40_s_20260111_23,12f4cb9e2e654b22a3588e4374ed56b1,2026-03-10,SH600660,0.09993228770570171,,,
EXP_DEnsembleModel_Alpha158_csi300_sliding_step40_s_20260111_23,12f4cb9e2e654b22a3588e4374ed56b1,2026-03-10,SH600674,-0.10983258392475921,,,
EXP_DEnsembleModel_Alpha158_csi300_sliding_step40_s_20260111_23,12f4cb9e2e654b22a3588e4374ed56b1,2026-03-10,SH600690,0.006456259326991943,,,
EXP_DEnsembleModel_Alpha158_csi300_sliding_step40_s_20260111_23,12f4cb9e2e654b22a3588e4374ed56b1,2026-03-10,SH600741,0.017660485121293465,,,
EXP_DEnsembleModel_Alpha158_csi300_sliding_step40_s_20260111_23,12f4cb9e2e654b22a3588e4374ed56b1,2026-03-10,SH600760,-0.04421836541309782,,,
EXP_DEnsembleModel_Alpha158_csi300_sliding_step40_s_20260111_23,12f4cb9e2e654b22a3588e4374ed56b1,2026-03-10,SH600795,0.07243648692352095,,,
EXP_DEnsembleModel_Alpha158_csi300_sliding_step40_s_20260111_23,12f4cb9e2e654b22a3588e4374ed56b1,2026-03-10,SH600803,-0.09827673227792535,,,
EXP_DEnsembleModel_Alpha158_csi300_sliding_step40_s_20260111_23,12f4cb9e2e654b22a3588e4374ed56b1,2026-03-10,SH600809,-0.034609287014872335,,,
EXP_DEnsembleModel_Alpha158_csi300_sliding_step40_s_20260111_23,12f4cb9e2e654b22a3588e4374ed56b1,2026-03-10,SH600845,0.12112911954901795,,,
EXP_DEnsembleModel_Alpha158_csi300_sliding_step40_s_20260111_23,12f4cb9e2e654b22a3588e4374ed56b1,2026-03-10,SH600875,-0.006305553521862984,,,
EXP_DEnsembleModel_Alpha158_csi300_sliding_step40_s_20260111_23,12f4cb9e2e654b22a3588e4374ed56b1,2026-03-10,SH600886,-0.0654102429713526,,,
EXP_DEnsembleModel_Alpha158_csi300_sliding_step40_s_20260111_23,12f4cb9e2e654b22a3588e4374ed56b1,2026-03-10,SH600887,0.10170576865057628,,,
EXP_DEnsembleModel_Alpha158_csi300_sliding_step40_s_20260111_23,12f4cb9e2e654b22a3588e4374ed56b1,2026-03-10,SH600893,-0.09381229095486156,,,
EXP_DEnsembleModel_Alpha158_csi300_sliding_step40_s_20260111_23,12f4cb9e2e654b22a3588e4374ed56b1,2026-03-10,SH600900,0.08929074748179035,,,
EXP_DEnsembleModel_Alpha158_csi300_sliding_step40_s_20260111_23,12f4cb9e2e654b22a3588e4374ed56b1,2026-03-10,SH600905,-0.08259491140662864,,,
EXP_DEnsembleModel_Alpha158_csi300_sliding_step40_s_20260111_23,12f4cb9e2e654b22a3588e4374ed56b1,2026-03-10,SH600600,0.08743227043313488,,,
EXP_DEnsembleModel_Alpha158_csi300_sliding_step40_s_20260111_23,12f4cb9e2e654b22a3588e4374ed56b1,2026-03-10,SH601901,0.004271604532270133,,,
EXP_DEnsembleModel_Alpha158_csi300_sliding_step40_s_20260111_23,12f4cb9e2e654b22a3588e4374ed56b1,2026-03-10,SH600588,0.03794100380793342,,,
EXP_DEnsembleModel_Alpha158_csi300_sliding_step40_s_20260111_23,12f4cb9e2e654b22a3588e4374ed56b1,2026-03-10,SH600584,0.02577858296313174,,,
EXP_DEnsembleModel_Alpha158_csi300_sliding_step40_s_20260111_23,12f4cb9e2e654b22a3588e4374ed56b1,2026-03-10,SH600362,0.04669499514193812,,,
EXP_DEnsembleModel_Alpha158_csi300_sliding_step40_s_20260111_23,12f4cb9e2e654b22a3588e4374ed56b1,2026-03-10,SH600372,-0.08201219204285613,,,
EXP_DEnsembleModel_Alpha158_csi300_sliding_step40_s_20260111_23,12f4cb9e2e654b22a3588e4374ed56b1,2026-03-10,SH600377,0.04211438295506958,,,
EXP_DEnsembleModel_Alpha158_csi300_sliding_step40_s_20260111_23,12f4cb9e2e654b22a3588e4374ed56b1,2026-03-10,SH600406,-0.024128742402906564,,,
EXP_DEnsembleModel_Alpha158_csi300_sliding_step40_s_20260111_23,12f4cb9e2e654b22a3588e4374ed56b1,2026-03-10,SH600415,-0.10240004058847864,,,
EXP_DEnsembleModel_Alpha158_csi300_sliding_step40_s_20260111_23,12f4cb9e2e654b22a3588e4374ed56b1,2026-03-10,SH600426,0.07225998807359342,,,
EXP_DEnsembleModel_Alpha158_csi300_sliding_step40_s_20260111_23,12f4cb9e2e654b22a3588e4374ed56b1,2026-03-10,SH600436,-0.04850981766047112,,,
EXP_DEnsembleModel_Alpha158_csi300_sliding_step40_s_20260111_23,12f4cb9e2e654b22a3588e4374ed56b1,2026-03-10,SH600460,-0.061841679249567946,,,
EXP_DEnsembleModel_Alpha158_csi300_sliding_step40_s_20260111_23,12f4cb9e2e654b22a3588e4374ed56b1,2026-03-10,SH600482,-0.0782086469779003,,,
EXP_DEnsembleModel_Alpha158_csi300_sliding_step40_s_20260111_23,12f4cb9e2e654b22a3588e4374ed56b1,2026-03-10,SH600489,-0.07357792155004689,,,
EXP_DEnsembleModel_Alpha158_csi300_sliding_step40_s_20260111_23,12f4cb9e2e654b22a3588e4374ed56b1,2026-03-10,SH600515,0.08165676162420796,,,
EXP_DEnsembleModel_Alpha158_csi300_sliding_step40_s_20260111_23,12f4cb9e2e654b22a3588e4374ed56b1,2026-03-10,SH600519,0.024989898660883813,,,
EXP_DEnsembleModel_Alpha158_csi300_sliding_step40_s_20260111_23,12f4cb9e2e654b22a3588e4374ed56b1,2026-03-10,SH600522,-0.16753202407075776,,,
EXP_DEnsembleModel_Alpha158_csi300_sliding_step40_s_20260111_23,12f4cb9e2e654b22a3588e4374ed56b1,2026-03-10,SH600547,-0.13164978765143937,,,
EXP_DEnsembleModel_Alpha158_csi300_sliding_step40_s_20260111_23,12f4cb9e2e654b22a3588e4374ed56b1,2026-03-10,SH600570,0.03586732829093626,,,
EXP_DEnsembleModel_Alpha158_csi300_sliding_step40_s_20260111_23,12f4cb9e2e654b22a3588e4374ed56b1,2026-03-10,SH600585,-0.025760238185438964,,,
EXP_DEnsembleModel_Alpha158_csi300_sliding_step40_s_20260111_23,12f4cb9e2e654b22a3588e4374ed56b1,2026-03-10,SH601916,0.06582000992830098,,,
EXP_DEnsembleModel_Alpha158_csi300_sliding_step40_s_20260111_23,12f4cb9e2e654b22a3588e4374ed56b1,2026-03-10,SH601919,0.0619060027196783,,,
EXP_DEnsembleModel_Alpha158_csi300_sliding_step40_s_20260111_23,12f4cb9e2e654b22a3588e4374ed56b1,2026-03-10,SH601939,0.1716845854850663,,,
EXP_DEnsembleModel_Alpha158_csi300_sliding_step40_s_20260111_23,12f4cb9e2e654b22a3588e4374ed56b1,2026-03-10,SZ002422,0.07171797882052548,,,
EXP_DEnsembleModel_Alpha158_csi300_sliding_step40_s_20260111_23,12f4cb9e2e654b22a3588e4374ed56b1,2026-03-10,SZ002459,-0.005212612550628373,,,
EXP_DEnsembleModel_Alpha158_csi300_sliding_step40_s_20260111_23,12f4cb9e2e654b22a3588e4374ed56b1,2026-03-10,SZ002460,-0.07883112923768425,,,
EXP_DEnsembleModel_Alpha158_csi300_sliding_step40_s_20260111_23,12f4cb9e2e654b22a3588e4374ed56b1,2026-03-10,SZ002463,0.027636548786736506,,,
EXP_DEnsembleModel_Alpha158_csi300_sliding_step40_s_20260111_23,12f4cb9e2e654b22a3588e4374ed56b1,2026-03-10,SZ002466,-0.1351518821618274,,,
EXP_DEnsembleModel_Alpha158_csi300_sliding_step40_s_20260111_23,12f4cb9e2e654b22a3588e4374ed56b1,2026-03-10,SZ002475,-0.049964216016332434,,,
EXP_DEnsembleModel_Alpha158_csi300_sliding_step40_s_20260111_23,12f4cb9e2e654b22a3588e4374ed56b1,2026-03-10,SZ002415,0.038244047187928655,,,
EXP_DEnsembleModel_Alpha158_csi300_sliding_step40_s_20260111_23,12f4cb9e2e654b22a3588e4374ed56b1,2026-03-10,SZ002493,0.08487954993238431,,,
EXP_DEnsembleModel_Alpha158_csi300_sliding_step40_s_20260111_23,12f4cb9e2e654b22a3588e4374ed56b1,2026-03-10,SZ002600,0.08687046881390247,,,
EXP_DEnsembleModel_Alpha158_csi300_sliding_step40_s_20260111_23,12f4cb9e2e654b22a3588e4374ed56b1,2026-03-10,SZ002601,-0.002283239663225311,,,
EXP_DEnsembleModel_Alpha158_csi300_sliding_step40_s_20260111_23,12f4cb9e2e654b22a3588e4374ed56b1,2026-03-10,SZ002625,-0.026854156007100862,,,
EXP_DEnsembleModel_Alpha158_csi300_sliding_step40_s_20260111_23,12f4cb9e2e654b22a3588e4374ed56b1,2026-03-10,SZ002648,-0.17812807041306886,,,
EXP_DEnsembleModel_Alpha158_csi300_sliding_step40_s_20260111_23,12f4cb9e2e654b22a3588e4374ed56b1,2026-03-10,SZ002709,0.17998360485111334,,,
EXP_DEnsembleModel_Alpha158_csi300_sliding_step40_s_20260111_23,12f4cb9e2e654b22a3588e4374ed56b1,2026-03-10,SZ002714,0.10200998273807461,,,
EXP_DEnsembleModel_Alpha158_csi300_sliding_step40_s_20260111_23,12f4cb9e2e654b22a3588e4374ed56b1,2026-03-10,SZ002594,0.06541538983117874,,,
EXP_DEnsembleModel_Alpha158_csi300_sliding_step40_s_20260111_23,12f4cb9e2e654b22a3588e4374ed56b1,2026-03-10,SZ002384,-0.059134798327430724,,,
EXP_DEnsembleModel_Alpha158_csi300_sliding_step40_s_20260111_23,12f4cb9e2e654b22a3588e4374ed56b1,2026-03-10,SZ002371,0.1419821458103451,,,
EXP_DEnsembleModel_Alpha158_csi300_sliding_step40_s_20260111_23,12f4cb9e2e654b22a3588e4374ed56b1,2026-03-10,SZ002352,0.03985032338665951,,,
EXP_DEnsembleModel_Alpha158_csi300_sliding_step40_s_20260111_23,12f4cb9e2e654b22a3588e4374ed56b1,2026-03-10,SZ001979,0.06908555179746446,,,
EXP_DEnsembleModel_Alpha158_csi300_sliding_step40_s_20260111_23,12f4cb9e2e654b22a3588e4374ed56b1,2026-03-10,SZ002001,-0.09774509076582218,,,
EXP_DEnsembleModel_Alpha158_csi300_sliding_step40_s_20260111_23,12f4cb9e2e654b22a3588e4374ed56b1,2026-03-10,SZ002027,0.0051224208692036526,,,
EXP_DEnsembleModel_Alpha158_csi300_sliding_step40_s_20260111_23,12f4cb9e2e654b22a3588e4374ed56b1,2026-03-10,SZ002028,-0.016952332700669124,,,
EXP_DEnsembleModel_Alpha158_csi300_sliding_step40_s_20260111_23,12f4cb9e2e654b22a3588e4374ed56b1,2026-03-10,SZ002049,-0.019735772610898254,,,
EXP_DEnsembleModel_Alpha158_csi300_sliding_step40_s_20260111_23,12f4cb9e2e654b22a3588e4374ed56b1,2026-03-10,SZ002050,-0.004075062703744227,,,
EXP_DEnsembleModel_Alpha158_csi300_sliding_step40_s_20260111_23,12f4cb9e2e654b22a3588e4374ed56b1,2026-03-10,SZ002074,0.12565268539471,,,
EXP_DEnsembleModel_Alpha158_csi300_sliding_step40_s_20260111_23,12f4cb9e2e654b22a3588e4374ed56b1,2026-03-10,SZ002142,0.004860188752556784,,,
EXP_DEnsembleModel_Alpha158_csi300_sliding_step40_s_20260111_23,12f4cb9e2e654b22a3588e4374ed56b1,2026-03-10,SZ002179,0.1209436967141757,,,
EXP_DEnsembleModel_Alpha158_csi300_sliding_step40_s_20260111_23,12f4cb9e2e654b22a3588e4374ed56b1,2026-03-10,SZ002230,0.03177943220241035,,,
EXP_DEnsembleModel_Alpha158_csi300_sliding_step40_s_20260111_23,12f4cb9e2e654b22a3588e4374ed56b1,2026-03-10,SZ002236,-0.048765287612004375,,,
EXP_DEnsembleModel_Alpha158_csi300_sliding_step40_s_20260111_23,12f4cb9e2e654b22a3588e4374ed56b1,2026-03-10,SZ002241,0.04844458380531235,,,
EXP_DEnsembleModel_Alpha158_csi300_sliding_step40_s_20260111_23,12f4cb9e2e654b22a3588e4374ed56b1,2026-03-10,SZ002252,-0.005748151874721541,,,
EXP_DEnsembleModel_Alpha158_csi300_sliding_step40_s_20260111_23,12f4cb9e2e654b22a3588e4374ed56b1,2026-03-10,SZ002304,-0.14014173161919494,,,
EXP_DEnsembleModel_Alpha158_csi300_sliding_step40_s_20260111_23,12f4cb9e2e654b22a3588e4374ed56b1,2026-03-10,SZ002311,0.07305776855663554,,,
EXP_DEnsembleModel_Alpha158_csi300_sliding_step40_s_20260111_23,12f4cb9e2e654b22a3588e4374ed56b1,2026-03-10,SZ002736,-0.03554167681360204,,,
EXP_DEnsembleModel_Alpha158_csi300_sliding_step40_s_20260111_23,12f4cb9e2e654b22a3588e4374ed56b1,2026-03-10,SZ002916,0.1100047125528512,,,
EXP_DEnsembleModel_Alpha158_csi300_sliding_step40_s_20260111_23,12f4cb9e2e654b22a3588e4374ed56b1,2026-03-10,SZ002920,-0.007063826155209911,,,
EXP_DEnsembleModel_Alpha158_csi300_sliding_step40_s_20260111_23,12f4cb9e2e654b22a3588e4374ed56b1,2026-03-10,SZ002938,0.059851636196669354,,,
EXP_DEnsembleModel_Alpha158_csi300_sliding_step40_s_20260111_23,12f4cb9e2e654b22a3588e4374ed56b1,2026-03-10,SZ300498,0.09431433046188074,,,
EXP_DEnsembleModel_Alpha158_csi300_sliding_step40_s_20260111_23,12f4cb9e2e654b22a3588e4374ed56b1,2026-03-10,SZ300502,-0.0017258897703718373,,,
EXP_DEnsembleModel_Alpha158_csi300_sliding_step40_s_20260111_23,12f4cb9e2e654b22a3588e4374ed56b1,2026-03-10,SZ300628,0.03809279921791631,,,
EXP_DEnsembleModel_Alpha158_csi300_sliding_step40_s_20260111_23,12f4cb9e2e654b22a3588e4374ed56b1,2026-03-10,SZ300661,-0.000159788990592831,,,
EXP_DEnsembleModel_Alpha158_csi300_sliding_step40_s_20260111_23,12f4cb9e2e654b22a3588e4374ed56b1,2026-03-10,SZ300750,0.06024058527220794,,,
EXP_DEnsembleModel_Alpha158_csi300_sliding_step40_s_20260111_23,12f4cb9e2e654b22a3588e4374ed56b1,2026-03-10,SZ300759,-0.0495736135181814,,,
EXP_DEnsembleModel_Alpha158_csi300_sliding_step40_s_20260111_23,12f4cb9e2e654b22a3588e4374ed56b1,2026-03-10,SZ300760,-0.058834101336364006,,,
EXP_DEnsembleModel_Alpha158_csi300_sliding_step40_s_20260111_23,12f4cb9e2e654b22a3588e4374ed56b1,2026-03-10,SZ300782,-0.08543097622881209,,,
EXP_DEnsembleModel_Alpha158_csi300_sliding_step40_s_20260111_23,12f4cb9e2e654b22a3588e4374ed56b1,2026-03-10,SZ300803,0.1552740926655508,,,
EXP_DEnsembleModel_Alpha158_csi300_sliding_step40_s_20260111_23,12f4cb9e2e654b22a3588e4374ed56b1,2026-03-10,SZ300832,-0.03679488516409884,,,
EXP_DEnsembleModel_Alpha158_csi300_sliding_step40_s_20260111_23,12f4cb9e2e654b22a3588e4374ed56b1,2026-03-10,SZ300866,-0.01158670765576227,,,
EXP_DEnsembleModel_Alpha158_csi300_sliding_step40_s_20260111_23,12f4cb9e2e654b22a3588e4374ed56b1,2026-03-10,SZ300896,-0.029976821164634907,,,
EXP_DEnsembleModel_Alpha158_csi300_sliding_step40_s_20260111_23,12f4cb9e2e654b22a3588e4374ed56b1,2026-03-10,SZ300979,3.623758273218884e-05,,,
EXP_DEnsembleModel_Alpha158_csi300_sliding_step40_s_20260111_23,12f4cb9e2e654b22a3588e4374ed56b1,2026-03-10,SZ300999,0.10402594866019661,,,
EXP_DEnsembleModel_Alpha158_csi300_sliding_step40_s_20260111_23,12f4cb9e2e654b22a3588e4374ed56b1,2026-03-10,SZ301236,0.07186625248614549,,,
EXP_DEnsembleModel_Alpha158_csi300_sliding_step40_s_20260111_23,12f4cb9e2e654b22a3588e4374ed56b1,2026-03-10,SZ300476,0.014488028141205147,,,
EXP_DEnsembleModel_Alpha158_csi300_sliding_step40_s_20260111_23,12f4cb9e2e654b22a3588e4374ed56b1,2026-03-10,SZ001965,0.038289559103761354,,,
EXP_DEnsembleModel_Alpha158_csi300_sliding_step40_s_20260111_23,12f4cb9e2e654b22a3588e4374ed56b1,2026-03-10,SZ300442,-0.20184978422200212,,,
EXP_DEnsembleModel_Alpha158_csi300_sliding_step40_s_20260111_23,12f4cb9e2e654b22a3588e4374ed56b1,2026-03-10,SZ300418,-0.0020394282024777948,,,
EXP_DEnsembleModel_Alpha158_csi300_sliding_step40_s_20260111_23,12f4cb9e2e654b22a3588e4374ed56b1,2026-03-10,SZ003816,-0.016220220013101774,,,
EXP_DEnsembleModel_Alpha158_csi300_sliding_step40_s_20260111_23,12f4cb9e2e654b22a3588e4374ed56b1,2026-03-10,SZ300014,0.12547925170932098,,,
EXP_DEnsembleModel_Alpha158_csi300_sliding_step40_s_20260111_23,12f4cb9e2e654b22a3588e4374ed56b1,2026-03-10,SZ300015,-0.08507631491843916,,,
EXP_DEnsembleModel_Alpha158_csi300_sliding_step40_s_20260111_23,12f4cb9e2e654b22a3588e4374ed56b1,2026-03-10,SZ300033,0.09107944462237723,,,
EXP_DEnsembleModel_Alpha158_csi300_sliding_step40_s_20260111_23,12f4cb9e2e654b22a3588e4374ed56b1,2026-03-10,SZ300059,-0.005838515711596897,,,
EXP_DEnsembleModel_Alpha158_csi300_sliding_step40_s_20260111_23,12f4cb9e2e654b22a3588e4374ed56b1,2026-03-10,SZ300122,-0.078555744463267,,,
EXP_DEnsembleModel_Alpha158_csi300_sliding_step40_s_20260111_23,12f4cb9e2e654b22a3588e4374ed56b1,2026-03-10,SZ300124,0.1069119135487794,,,
EXP_DEnsembleModel_Alpha158_csi300_sliding_step40_s_20260111_23,12f4cb9e2e654b22a3588e4374ed56b1,2026-03-10,SZ300251,0.014568513337301726,,,
EXP_DEnsembleModel_Alpha158_csi300_sliding_step40_s_20260111_23,12f4cb9e2e654b22a3588e4374ed56b1,2026-03-10,SZ300274,0.06145470008132966,,,
EXP_DEnsembleModel_Alpha158_csi300_sliding_step40_s_20260111_23,12f4cb9e2e654b22a3588e4374ed56b1,2026-03-10,SZ300308,0.08888269590924842,,,
EXP_DEnsembleModel_Alpha158_csi300_sliding_step40_s_20260111_23,12f4cb9e2e654b22a3588e4374ed56b1,2026-03-10,SZ300316,-0.1172186150483084,,,
EXP_DEnsembleModel_Alpha158_csi300_sliding_step40_s_20260111_23,12f4cb9e2e654b22a3588e4374ed56b1,2026-03-10,SZ300347,0.0323081972090248,,,
EXP_DEnsembleModel_Alpha158_csi300_sliding_step40_s_20260111_23,12f4cb9e2e654b22a3588e4374ed56b1,2026-03-10,SZ300394,-0.16850078291417164,,,
EXP_DEnsembleModel_Alpha158_csi300_sliding_step40_s_20260111_23,12f4cb9e2e654b22a3588e4374ed56b1,2026-03-10,SZ300408,-0.029706629590397448,,,
EXP_DEnsembleModel_Alpha158_csi300_sliding_step40_s_20260111_23,12f4cb9e2e654b22a3588e4374ed56b1,2026-03-10,SZ300413,0.03695458352148403,,,
EXP_DEnsembleModel_Alpha158_csi300_sliding_step40_s_20260111_23,12f4cb9e2e654b22a3588e4374ed56b1,2026-03-10,SZ300433,-0.005128100489674832,,,
EXP_DEnsembleModel_Alpha158_csi300_sliding_step40_s_20260111_23,12f4cb9e2e654b22a3588e4374ed56b1,2026-03-10,SH600009,-0.006602441470369536,,,
EXP_DEnsembleModel_Alpha158_csi300_sliding_step40_s_20260111_23,12f4cb9e2e654b22a3588e4374ed56b1,2026-03-10,SZ001391,-0.03234894046026219,,,
EXP_DEnsembleModel_Alpha158_csi300_sliding_step40_s_20260111_23,12f4cb9e2e654b22a3588e4374ed56b1,2026-03-10,SZ000983,-0.009476119074431796,,,
EXP_DEnsembleModel_Alpha158_csi300_sliding_step40_s_20260111_23,12f4cb9e2e654b22a3588e4374ed56b1,2026-03-10,SH688008,-0.12890423779688448,,,
EXP_DEnsembleModel_Alpha158_csi300_sliding_step40_s_20260111_23,12f4cb9e2e654b22a3588e4374ed56b1,2026-03-10,SH688009,-0.08693949930232198,,,
EXP_DEnsembleModel_Alpha158_csi300_sliding_step40_s_20260111_23,12f4cb9e2e654b22a3588e4374ed56b1,2026-03-10,SH688012,0.1790678965217193,,,
EXP_DEnsembleModel_Alpha158_csi300_sliding_step40_s_20260111_23,12f4cb9e2e654b22a3588e4374ed56b1,2026-03-10,SH688036,-0.07650906827217478,,,
EXP_DEnsembleModel_Alpha158_csi300_sliding_step40_s_20260111_23,12f4cb9e2e654b22a3588e4374ed56b1,2026-03-10,SH688041,-0.0426999762729388,,,
EXP_DEnsembleModel_Alpha158_csi300_sliding_step40_s_20260111_23,12f4cb9e2e654b22a3588e4374ed56b1,2026-03-10,SH688047,-0.08510792065634658,,,
EXP_DEnsembleModel_Alpha158_csi300_sliding_step40_s_20260111_23,12f4cb9e2e654b22a3588e4374ed56b1,2026-03-10,SH605499,-0.09778482640436055,,,
EXP_DEnsembleModel_Alpha158_csi300_sliding_step40_s_20260111_23,12f4cb9e2e654b22a3588e4374ed56b1,2026-03-10,SH688082,-0.004283894598870099,,,
EXP_DEnsembleModel_Alpha158_csi300_sliding_step40_s_20260111_23,12f4cb9e2e654b22a3588e4374ed56b1,2026-03-10,SH688126,-0.021860757847957275,,,
EXP_DEnsembleModel_Alpha158_csi300_sliding_step40_s_20260111_23,12f4cb9e2e654b22a3588e4374ed56b1,2026-03-10,SH688169,0.041105183010785015,,,
EXP_DEnsembleModel_Alpha158_csi300_sliding_step40_s_20260111_23,12f4cb9e2e654b22a3588e4374ed56b1,2026-03-10,SH688187,-0.011348301685468593,,,
EXP_DEnsembleModel_Alpha158_csi300_sliding_step40_s_20260111_23,12f4cb9e2e654b22a3588e4374ed56b1,2026-03-10,SH688223,-0.26018402761782067,,,
EXP_DEnsembleModel_Alpha158_csi300_sliding_step40_s_20260111_23,12f4cb9e2e654b22a3588e4374ed56b1,2026-03-10,SH688256,-0.18381573960631978,,,
EXP_DEnsembleModel_Alpha158_csi300_sliding_step40_s_20260111_23,12f4cb9e2e654b22a3588e4374ed56b1,2026-03-10,SH688271,-0.0027636667930543515,,,
EXP_DEnsembleModel_Alpha158_csi300_sliding_step40_s_20260111_23,12f4cb9e2e654b22a3588e4374ed56b1,2026-03-10,SH688111,0.11622578366504767,,,
EXP_DEnsembleModel_Alpha158_csi300_sliding_step40_s_20260111_23,12f4cb9e2e654b22a3588e4374ed56b1,2026-03-10,SH605117,0.023057097346422507,,,
EXP_DEnsembleModel_Alpha158_csi300_sliding_step40_s_20260111_23,12f4cb9e2e654b22a3588e4374ed56b1,2026-03-10,SH603993,0.018725090326209205,,,
EXP_DEnsembleModel_Alpha158_csi300_sliding_step40_s_20260111_23,12f4cb9e2e654b22a3588e4374ed56b1,2026-03-10,SH603986,-0.016120268087989373,,,
EXP_DEnsembleModel_Alpha158_csi300_sliding_step40_s_20260111_23,12f4cb9e2e654b22a3588e4374ed56b1,2026-03-10,SH601985,0.06831688105456177,,,
EXP_DEnsembleModel_Alpha158_csi300_sliding_step40_s_20260111_23,12f4cb9e2e654b22a3588e4374ed56b1,2026-03-10,SH601988,0.020154129549162618,,,
EXP_DEnsembleModel_Alpha158_csi300_sliding_step40_s_20260111_23,12f4cb9e2e654b22a3588e4374ed56b1,2026-03-10,SH601995,-0.06619978737279161,,,
EXP_DEnsembleModel_Alpha158_csi300_sliding_step40_s_20260111_23,12f4cb9e2e654b22a3588e4374ed56b1,2026-03-10,SH601998,0.0212430643095984,,,
EXP_DEnsembleModel_Alpha158_csi300_sliding_step40_s_20260111_23,12f4cb9e2e654b22a3588e4374ed56b1,2026-03-10,SH603019,0.0340265518913,,,
EXP_DEnsembleModel_Alpha158_csi300_sliding_step40_s_20260111_23,12f4cb9e2e654b22a3588e4374ed56b1,2026-03-10,SH603195,0.08925092181287668,,,
EXP_DEnsembleModel_Alpha158_csi300_sliding_step40_s_20260111_23,12f4cb9e2e654b22a3588e4374ed56b1,2026-03-10,SH603259,0.17988376637382625,,,
EXP_DEnsembleModel_Alpha158_csi300_sliding_step40_s_20260111_23,12f4cb9e2e654b22a3588e4374ed56b1,2026-03-10,SH603260,-0.05102731605922551,,,
EXP_DEnsembleModel_Alpha158_csi300_sliding_step40_s_20260111_23,12f4cb9e2e654b22a3588e4374ed56b1,2026-03-10,SH603288,0.06857344340446013,,,
EXP_DEnsembleModel_Alpha158_csi300_sliding_step40_s_20260111_23,12f4cb9e2e654b22a3588e4374ed56b1,2026-03-10,SH603296,0.09060235308685266,,,
EXP_DEnsembleModel_Alpha158_csi300_sliding_step40_s_20260111_23,12f4cb9e2e654b22a3588e4374ed56b1,2026-03-10,SH603369,-0.0703306078172211,,,
EXP_DEnsembleModel_Alpha158_csi300_sliding_step40_s_20260111_23,12f4cb9e2e654b22a3588e4374ed56b1,2026-03-10,SH603392,-0.13805611467088297,,,
EXP_DEnsembleModel_Alpha158_csi300_sliding_step40_s_20260111_23,12f4cb9e2e654b22a3588e4374ed56b1,2026-03-10,SH603501,-0.03239328850246409,,,
EXP_DEnsembleModel_Alpha158_csi300_sliding_step40_s_20260111_23,12f4cb9e2e654b22a3588e4374ed56b1,2026-03-10,SH603799,0.08526653942108814,,,
EXP_DEnsembleModel_Alpha158_csi300_sliding_step40_s_20260111_23,12f4cb9e2e654b22a3588e4374ed56b1,2026-03-10,SH603893,0.09383446133701255,,,
EXP_DEnsembleModel_Alpha158_csi300_sliding_step40_s_20260111_23,12f4cb9e2e654b22a3588e4374ed56b1,2026-03-10,SH688303,-0.10868708017225133,,,
EXP_DEnsembleModel_Alpha158_csi300_sliding_step40_s_20260111_23,12f4cb9e2e654b22a3588e4374ed56b1,2026-03-10,SH688396,0.07902670672784314,,,
EXP_DEnsembleModel_Alpha158_csi300_sliding_step40_s_20260111_23,12f4cb9e2e654b22a3588e4374ed56b1,2026-03-10,SH688472,-0.05697206207048105,,,
EXP_DEnsembleModel_Alpha158_csi300_sliding_step40_s_20260111_23,12f4cb9e2e654b22a3588e4374ed56b1,2026-03-10,SH688506,-0.10113239071132207,,,
EXP_DEnsembleModel_Alpha158_csi300_sliding_step40_s_20260111_23,12f4cb9e2e654b22a3588e4374ed56b1,2026-03-10,SZ000661,-0.10951363351972818,,,
EXP_DEnsembleModel_Alpha158_csi300_sliding_step40_s_20260111_23,12f4cb9e2e654b22a3588e4374ed56b1,2026-03-10,SZ000708,0.16881150452055754,,,
EXP_DEnsembleModel_Alpha158_csi300_sliding_step40_s_20260111_23,12f4cb9e2e654b22a3588e4374ed56b1,2026-03-10,SZ000725,0.07294516862575351,,,
EXP_DEnsembleModel_Alpha158_csi300_sliding_step40_s_20260111_23,12f4cb9e2e654b22a3588e4374ed56b1,2026-03-10,SZ000768,-0.0541384479211652,,,
EXP_DEnsembleModel_Alpha158_csi300_sliding_step40_s_20260111_23,12f4cb9e2e654b22a3588e4374ed56b1,2026-03-10,SZ000776,-0.01071582325144234,,,
EXP_DEnsembleModel_Alpha158_csi300_sliding_step40_s_20260111_23,12f4cb9e2e654b22a3588e4374ed56b1,2026-03-10,SZ000786,0.028074254909198584,,,
EXP_DEnsembleModel_Alpha158_csi300_sliding_step40_s_20260111_23,12f4cb9e2e654b22a3588e4374ed56b1,2026-03-10,SZ000792,-0.09099383499583301,,,
EXP_DEnsembleModel_Alpha158_csi300_sliding_step40_s_20260111_23,12f4cb9e2e654b22a3588e4374ed56b1,2026-03-10,SZ000807,-0.11824743442074229,,,
EXP_DEnsembleModel_Alpha158_csi300_sliding_step40_s_20260111_23,12f4cb9e2e654b22a3588e4374ed56b1,2026-03-10,SZ000858,-0.06477003319760836,,,
EXP_DEnsembleModel_Alpha158_csi300_sliding_step40_s_20260111_23,12f4cb9e2e654b22a3588e4374ed56b1,2026-03-10,SZ000876,0.05279297182833295,,,
EXP_DEnsembleModel_Alpha158_csi300_sliding_step40_s_20260111_23,12f4cb9e2e654b22a3588e4374ed56b1,2026-03-10,SZ000895,0.09773720926879244,,,
EXP_DEnsembleModel_Alpha158_csi300_sliding_step40_s_20260111_23,12f4cb9e2e654b22a3588e4374ed56b1,2026-03-10,SZ000938,0.03291725606468814,,,
EXP_DEnsembleModel_Alpha158_csi300_sliding_step40_s_20260111_23,12f4cb9e2e654b22a3588e4374ed56b1,2026-03-10,SZ000963,-0.01772687426318772,,,
EXP_DEnsembleModel_Alpha158_csi300_sliding_step40_s_20260111_23,12f4cb9e2e654b22a3588e4374ed56b1,2026-03-10,SZ000975,-0.13795800031001687,,,
EXP_DEnsembleModel_Alpha158_csi300_sliding_step40_s_20260111_23,12f4cb9e2e654b22a3588e4374ed56b1,2026-03-10,SZ000977,0.16040192298172415,,,
EXP_DEnsembleModel_Alpha158_csi300_sliding_step40_s_20260111_23,12f4cb9e2e654b22a3588e4374ed56b1,2026-03-10,SZ000651,0.01928119272100638,,,
EXP_DEnsembleModel_Alpha158_csi300_sliding_step40_s_20260111_23,12f4cb9e2e654b22a3588e4374ed56b1,2026-03-10,SZ000999,0.1457371309215932,,,
EXP_DEnsembleModel_Alpha158_csi300_sliding_step40_s_20260111_23,12f4cb9e2e654b22a3588e4374ed56b1,2026-03-10,SZ000630,-0.001361296563756038,,,
EXP_DEnsembleModel_Alpha158_csi300_sliding_step40_s_20260111_23,12f4cb9e2e654b22a3588e4374ed56b1,2026-03-10,SZ000617,-0.07619460070765856,,,
EXP_DEnsembleModel_Alpha158_csi300_sliding_step40_s_20260111_23,12f4cb9e2e654b22a3588e4374ed56b1,2026-03-10,SH688981,-0.034810291903120044,,,
EXP_DEnsembleModel_Alpha158_csi300_sliding_step40_s_20260111_23,12f4cb9e2e654b22a3588e4374ed56b1,2026-03-10,SZ000001,-0.028032945286309917,,,
EXP_DEnsembleModel_Alpha158_csi300_sliding_step40_s_20260111_23,12f4cb9e2e654b22a3588e4374ed56b1,2026-03-10,SZ000002,-0.0968090360025366,,,
EXP_DEnsembleModel_Alpha158_csi300_sliding_step40_s_20260111_23,12f4cb9e2e654b22a3588e4374ed56b1,2026-03-10,SZ000063,0.12048946162198626,,,
EXP_DEnsembleModel_Alpha158_csi300_sliding_step40_s_20260111_23,12f4cb9e2e654b22a3588e4374ed56b1,2026-03-10,SZ000100,0.12111240353042188,,,
EXP_DEnsembleModel_Alpha158_csi300_sliding_step40_s_20260111_23,12f4cb9e2e654b22a3588e4374ed56b1,2026-03-10,SZ000157,-0.061377761202236134,,,
EXP_DEnsembleModel_Alpha158_csi300_sliding_step40_s_20260111_23,12f4cb9e2e654b22a3588e4374ed56b1,2026-03-10,SZ000166,-0.02805463743505205,,,
EXP_DEnsembleModel_Alpha158_csi300_sliding_step40_s_20260111_23,12f4cb9e2e654b22a3588e4374ed56b1,2026-03-10,SZ000301,-0.02036765817199522,,,
EXP_DEnsembleModel_Alpha158_csi300_sliding_step40_s_20260111_23,12f4cb9e2e654b22a3588e4374ed56b1,2026-03-10,SZ000333,0.011590554465240729,,,
EXP_DEnsembleModel_Alpha158_csi300_sliding_step40_s_20260111_23,12f4cb9e2e654b22a3588e4374ed56b1,2026-03-10,SZ000338,-0.1065814499957767,,,
EXP_DEnsembleModel_Alpha158_csi300_sliding_step40_s_20260111_23,12f4cb9e2e654b22a3588e4374ed56b1,2026-03-10,SZ000408,-0.056969928068125175,,,
EXP_DEnsembleModel_Alpha158_csi300_sliding_step40_s_20260111_23,12f4cb9e2e654b22a3588e4374ed56b1,2026-03-10,SZ000425,0.036150294310140295,,,
EXP_DEnsembleModel_Alpha158_csi300_sliding_step40_s_20260111_23,12f4cb9e2e654b22a3588e4374ed56b1,2026-03-10,SZ000538,0.034400925162730675,,,
EXP_DEnsembleModel_Alpha158_csi300_sliding_step40_s_20260111_23,12f4cb9e2e654b22a3588e4374ed56b1,2026-03-10,SZ000568,0.01110038190219189,,,
EXP_DEnsembleModel_Alpha158_csi300_sliding_step40_s_20260111_23,12f4cb9e2e654b22a3588e4374ed56b1,2026-03-10,SZ000596,0.05915397068172693,,,
EXP_DEnsembleModel_Alpha158_csi300_sliding_step40_s_20260111_23,12f4cb9e2e654b22a3588e4374ed56b1,2026-03-10,SZ000625,-0.052884287228576105,,,
EXP_DEnsembleModel_Alpha158_csi300_sliding_step40_s_20260111_23,12f4cb9e2e654b22a3588e4374ed56b1,2026-03-10,SH600000,-0.02780203927979415,,,
EXP_DEnsembleModel_Alpha158_csi300_expanding_step40_s_20260112_22,5dfe27da14f64e55b157c5d6f03705b8,2026-03-10,SZ302132,-0.02233272202429888,,,
EXP_DEnsembleModel_Alpha158_csi300_expanding_step40_s_20260112_22,5dfe27da14f64e55b157c5d6f03705b8,2026-03-10,SZ301269,-0.12334155075789058,,,
EXP_DEnsembleModel_Alpha158_csi300_expanding_step40_s_20260112_22,5dfe27da14f64e55b157c5d6f03705b8,2026-03-10,SH601127,0.05768622404474065,,,
EXP_DEnsembleModel_Alpha158_csi300_expanding_step40_s_20260112_22,5dfe27da14f64e55b157c5d6f03705b8,2026-03-10,SH601136,-0.030349132224288165,,,
EXP_DEnsembleModel_Alpha158_csi300_expanding_step40_s_20260112_22,5dfe27da14f64e55b157c5d6f03705b8,2026-03-10,SH601138,0.025317508480688852,,,
EXP_DEnsembleModel_Alpha158_csi300_expanding_step40_s_20260112_22,5dfe27da14f64e55b157c5d6f03705b8,2026-03-10,SH601166,0.0426512844176483,,,
EXP_DEnsembleModel_Alpha158_csi300_expanding_step40_s_20260112_22,5dfe27da14f64e55b157c5d6f03705b8,2026-03-10,SH601169,0.04630482857675029,,,
EXP_DEnsembleModel_Alpha158_csi300_expanding_step40_s_20260112_22,5dfe27da14f64e55b157c5d6f03705b8,2026-03-10,SH601186,-0.01500905425722191,,,
EXP_DEnsembleModel_Alpha158_csi300_expanding_step40_s_20260112_22,5dfe27da14f64e55b157c5d6f03705b8,2026-03-10,SH601117,0.06292725818617981,,,
EXP_DEnsembleModel_Alpha158_csi300_expanding_step40_s_20260112_22,5dfe27da14f64e55b157c5d6f03705b8,2026-03-10,SH601211,0.0013759368259853336,,,
EXP_DEnsembleModel_Alpha158_csi300_expanding_step40_s_20260112_22,5dfe27da14f64e55b157c5d6f03705b8,2026-03-10,SH601229,-0.03728741160352038,,,
EXP_DEnsembleModel_Alpha158_csi300_expanding_step40_s_20260112_22,5dfe27da14f64e55b157c5d6f03705b8,2026-03-10,SH601236,0.031590436992368964,,,
EXP_DEnsembleModel_Alpha158_csi300_expanding_step40_s_20260112_22,5dfe27da14f64e55b157c5d6f03705b8,2026-03-10,SH601238,-0.030183323893178085,,,
EXP_DEnsembleModel_Alpha158_csi300_expanding_step40_s_20260112_22,5dfe27da14f64e55b157c5d6f03705b8,2026-03-10,SH601288,-0.0009893906125051767,,,
EXP_DEnsembleModel_Alpha158_csi300_expanding_step40_s_20260112_22,5dfe27da14f64e55b157c5d6f03705b8,2026-03-10,SH601298,-0.023137645222765586,,,
EXP_DEnsembleModel_Alpha158_csi300_expanding_step40_s_20260112_22,5dfe27da14f64e55b157c5d6f03705b8,2026-03-10,SH601318,0.07984384703080327,,,
EXP_DEnsembleModel_Alpha158_csi300_expanding_step40_s_20260112_22,5dfe27da14f64e55b157c5d6f03705b8,2026-03-10,SH601225,-0.022341303786054294,,,
EXP_DEnsembleModel_Alpha158_csi300_expanding_step40_s_20260112_22,5dfe27da14f64e55b157c5d6f03705b8,2026-03-10,SH601111,0.27698951698450286,,,
EXP_DEnsembleModel_Alpha158_csi300_expanding_step40_s_20260112_22,5dfe27da14f64e55b157c5d6f03705b8,2026-03-10,SH601100,0.1373546375664303,,,
EXP_DEnsembleModel_Alpha158_csi300_expanding_step40_s_20260112_22,5dfe27da14f64e55b157c5d6f03705b8,2026-03-10,SH601088,-0.02103336021425739,,,
EXP_DEnsembleModel_Alpha158_csi300_expanding_step40_s_20260112_22,5dfe27da14f64e55b157c5d6f03705b8,2026-03-10,SH600930,-0.0835195642256195,,,
EXP_DEnsembleModel_Alpha158_csi300_expanding_step40_s_20260112_22,5dfe27da14f64e55b157c5d6f03705b8,2026-03-10,SH600938,-0.2193450470131488,,,
EXP_DEnsembleModel_Alpha158_csi300_expanding_step40_s_20260112_22,5dfe27da14f64e55b157c5d6f03705b8,2026-03-10,SH600941,0.037645227397199235,,,
EXP_DEnsembleModel_Alpha158_csi300_expanding_step40_s_20260112_22,5dfe27da14f64e55b157c5d6f03705b8,2026-03-10,SH600958,-0.038319850531518866,,,
EXP_DEnsembleModel_Alpha158_csi300_expanding_step40_s_20260112_22,5dfe27da14f64e55b157c5d6f03705b8,2026-03-10,SH600989,-0.17968009631696677,,,
EXP_DEnsembleModel_Alpha158_csi300_expanding_step40_s_20260112_22,5dfe27da14f64e55b157c5d6f03705b8,2026-03-10,SH600999,0.00780906522608216,,,
EXP_DEnsembleModel_Alpha158_csi300_expanding_step40_s_20260112_22,5dfe27da14f64e55b157c5d6f03705b8,2026-03-10,SH601006,-0.05095110969983106,,,
EXP_DEnsembleModel_Alpha158_csi300_expanding_step40_s_20260112_22,5dfe27da14f64e55b157c5d6f03705b8,2026-03-10,SH601009,-0.03075099455953815,,,
EXP_DEnsembleModel_Alpha158_csi300_expanding_step40_s_20260112_22,5dfe27da14f64e55b157c5d6f03705b8,2026-03-10,SH601012,-0.030143041955951386,,,
EXP_DEnsembleModel_Alpha158_csi300_expanding_step40_s_20260112_22,5dfe27da14f64e55b157c5d6f03705b8,2026-03-10,SH601018,-0.05020155184991322,,,
EXP_DEnsembleModel_Alpha158_csi300_expanding_step40_s_20260112_22,5dfe27da14f64e55b157c5d6f03705b8,2026-03-10,SH601021,0.24007470271611017,,,
EXP_DEnsembleModel_Alpha158_csi300_expanding_step40_s_20260112_22,5dfe27da14f64e55b157c5d6f03705b8,2026-03-10,SH601058,0.07179792482256409,,,
EXP_DEnsembleModel_Alpha158_csi300_expanding_step40_s_20260112_22,5dfe27da14f64e55b157c5d6f03705b8,2026-03-10,SH601059,0.013986595187977253,,,
EXP_DEnsembleModel_Alpha158_csi300_expanding_step40_s_20260112_22,5dfe27da14f64e55b157c5d6f03705b8,2026-03-10,SH601066,-0.0005623634006943721,,,
EXP_DEnsembleModel_Alpha158_csi300_expanding_step40_s_20260112_22,5dfe27da14f64e55b157c5d6f03705b8,2026-03-10,SH601077,0.10312875147016781,,,
EXP_DEnsembleModel_Alpha158_csi300_expanding_step40_s_20260112_22,5dfe27da14f64e55b157c5d6f03705b8,2026-03-10,SH601319,0.05474592316941521,,,
EXP_DEnsembleModel_Alpha158_csi300_expanding_step40_s_20260112_22,5dfe27da14f64e55b157c5d6f03705b8,2026-03-10,SH601328,0.02180975038495888,,,
EXP_DEnsembleModel_Alpha158_csi300_expanding_step40_s_20260112_22,5dfe27da14f64e55b157c5d6f03705b8,2026-03-10,SH601336,0.05102278849721403,,,
EXP_DEnsembleModel_Alpha158_csi300_expanding_step40_s_20260112_22,5dfe27da14f64e55b157c5d6f03705b8,2026-03-10,SH601360,0.17741627085271364,,,
EXP_DEnsembleModel_Alpha158_csi300_expanding_step40_s_20260112_22,5dfe27da14f64e55b157c5d6f03705b8,2026-03-10,SH601800,0.017917852098124368,,,
EXP_DEnsembleModel_Alpha158_csi300_expanding_step40_s_20260112_22,5dfe27da14f64e55b157c5d6f03705b8,2026-03-10,SH601808,0.010818966323720328,,,
EXP_DEnsembleModel_Alpha158_csi300_expanding_step40_s_20260112_22,5dfe27da14f64e55b157c5d6f03705b8,2026-03-10,SH601816,0.08228373915604426,,,
EXP_DEnsembleModel_Alpha158_csi300_expanding_step40_s_20260112_22,5dfe27da14f64e55b157c5d6f03705b8,2026-03-10,SH601818,0.05677373207109052,,,
EXP_DEnsembleModel_Alpha158_csi300_expanding_step40_s_20260112_22,5dfe27da14f64e55b157c5d6f03705b8,2026-03-10,SH601825,0.02398242804544378,,,
EXP_DEnsembleModel_Alpha158_csi300_expanding_step40_s_20260112_22,5dfe27da14f64e55b157c5d6f03705b8,2026-03-10,SH601838,-0.028799086834684993,,,
EXP_DEnsembleModel_Alpha158_csi300_expanding_step40_s_20260112_22,5dfe27da14f64e55b157c5d6f03705b8,2026-03-10,SH601857,-0.000674481666197162,,,
EXP_DEnsembleModel_Alpha158_csi300_expanding_step40_s_20260112_22,5dfe27da14f64e55b157c5d6f03705b8,2026-03-10,SH601868,-0.2614472608292517,,,
EXP_DEnsembleModel_Alpha158_csi300_expanding_step40_s_20260112_22,5dfe27da14f64e55b157c5d6f03705b8,2026-03-10,SH601872,-0.18510986200245336,,,
EXP_DEnsembleModel_Alpha158_csi300_expanding_step40_s_20260112_22,5dfe27da14f64e55b157c5d6f03705b8,2026-03-10,SH601877,-0.17428949707593142,,,
EXP_DEnsembleModel_Alpha158_csi300_expanding_step40_s_20260112_22,5dfe27da14f64e55b157c5d6f03705b8,2026-03-10,SH601878,-0.03346585193587372,,,
EXP_DEnsembleModel_Alpha158_csi300_expanding_step40_s_20260112_22,5dfe27da14f64e55b157c5d6f03705b8,2026-03-10,SH601881,-0.008632390300306218,,,
EXP_DEnsembleModel_Alpha158_csi300_expanding_step40_s_20260112_22,5dfe27da14f64e55b157c5d6f03705b8,2026-03-10,SH601888,-0.01914420384095521,,,
EXP_DEnsembleModel_Alpha158_csi300_expanding_step40_s_20260112_22,5dfe27da14f64e55b157c5d6f03705b8,2026-03-10,SH601898,0.01129067667951863,,,
EXP_DEnsembleModel_Alpha158_csi300_expanding_step40_s_20260112_22,5dfe27da14f64e55b157c5d6f03705b8,2026-03-10,SH601899,0.0875208091699332,,,
EXP_DEnsembleModel_Alpha158_csi300_expanding_step40_s_20260112_22,5dfe27da14f64e55b157c5d6f03705b8,2026-03-10,SH601788,-0.01363274153909442,,,
EXP_DEnsembleModel_Alpha158_csi300_expanding_step40_s_20260112_22,5dfe27da14f64e55b157c5d6f03705b8,2026-03-10,SH600926,0.11361683434480188,,,
EXP_DEnsembleModel_Alpha158_csi300_expanding_step40_s_20260112_22,5dfe27da14f64e55b157c5d6f03705b8,2026-03-10,SH601766,-0.020802555111466555,,,
EXP_DEnsembleModel_Alpha158_csi300_expanding_step40_s_20260112_22,5dfe27da14f64e55b157c5d6f03705b8,2026-03-10,SH601698,-0.0703829620912733,,,
EXP_DEnsembleModel_Alpha158_csi300_expanding_step40_s_20260112_22,5dfe27da14f64e55b157c5d6f03705b8,2026-03-10,SH601377,-0.06819367465089592,,,
EXP_DEnsembleModel_Alpha158_csi300_expanding_step40_s_20260112_22,5dfe27da14f64e55b157c5d6f03705b8,2026-03-10,SH601390,0.013583644354458664,,,
EXP_DEnsembleModel_Alpha158_csi300_expanding_step40_s_20260112_22,5dfe27da14f64e55b157c5d6f03705b8,2026-03-10,SH601398,0.07974521619709107,,,
EXP_DEnsembleModel_Alpha158_csi300_expanding_step40_s_20260112_22,5dfe27da14f64e55b157c5d6f03705b8,2026-03-10,SH601456,-0.012079980086152594,,,
EXP_DEnsembleModel_Alpha158_csi300_expanding_step40_s_20260112_22,5dfe27da14f64e55b157c5d6f03705b8,2026-03-10,SH601600,-0.053563123599908335,,,
EXP_DEnsembleModel_Alpha158_csi300_expanding_step40_s_20260112_22,5dfe27da14f64e55b157c5d6f03705b8,2026-03-10,SH601601,0.06472302504221059,,,
EXP_DEnsembleModel_Alpha158_csi300_expanding_step40_s_20260112_22,5dfe27da14f64e55b157c5d6f03705b8,2026-03-10,SH601607,0.011700819113312605,,,
EXP_DEnsembleModel_Alpha158_csi300_expanding_step40_s_20260112_22,5dfe27da14f64e55b157c5d6f03705b8,2026-03-10,SH601618,0.04674619627341459,,,
EXP_DEnsembleModel_Alpha158_csi300_expanding_step40_s_20260112_22,5dfe27da14f64e55b157c5d6f03705b8,2026-03-10,SH601628,0.08097640808461261,,,
EXP_DEnsembleModel_Alpha158_csi300_expanding_step40_s_20260112_22,5dfe27da14f64e55b157c5d6f03705b8,2026-03-10,SH601633,-0.009620978043249394,,,
EXP_DEnsembleModel_Alpha158_csi300_expanding_step40_s_20260112_22,5dfe27da14f64e55b157c5d6f03705b8,2026-03-10,SH601658,0.04219484080832065,,,
EXP_DEnsembleModel_Alpha158_csi300_expanding_step40_s_20260112_22,5dfe27da14f64e55b157c5d6f03705b8,2026-03-10,SH601668,0.02357552339735037,,,
EXP_DEnsembleModel_Alpha158_csi300_expanding_step40_s_20260112_22,5dfe27da14f64e55b157c5d6f03705b8,2026-03-10,SH601669,-0.0700779883584734,,,
EXP_DEnsembleModel_Alpha158_csi300_expanding_step40_s_20260112_22,5dfe27da14f64e55b157c5d6f03705b8,2026-03-10,SH601688,0.02652868580305778,,,
EXP_DEnsembleModel_Alpha158_csi300_expanding_step40_s_20260112_22,5dfe27da14f64e55b157c5d6f03705b8,2026-03-10,SH601689,0.022370412195979232,,,
EXP_DEnsembleModel_Alpha158_csi300_expanding_step40_s_20260112_22,5dfe27da14f64e55b157c5d6f03705b8,2026-03-10,SH601728,0.05697840992515518,,,
EXP_DEnsembleModel_Alpha158_csi300_expanding_step40_s_20260112_22,5dfe27da14f64e55b157c5d6f03705b8,2026-03-10,SH601901,-0.030856692318650143,,,
EXP_DEnsembleModel_Alpha158_csi300_expanding_step40_s_20260112_22,5dfe27da14f64e55b157c5d6f03705b8,2026-03-10,SH600919,0.09942727365144717,,,
EXP_DEnsembleModel_Alpha158_csi300_expanding_step40_s_20260112_22,5dfe27da14f64e55b157c5d6f03705b8,2026-03-10,SH600905,-0.13865900741105383,,,
EXP_DEnsembleModel_Alpha158_csi300_expanding_step40_s_20260112_22,5dfe27da14f64e55b157c5d6f03705b8,2026-03-10,SH600061,-0.045857692106089434,,,
EXP_DEnsembleModel_Alpha158_csi300_expanding_step40_s_20260112_22,5dfe27da14f64e55b157c5d6f03705b8,2026-03-10,SH600066,-0.028616992480381274,,,
EXP_DEnsembleModel_Alpha158_csi300_expanding_step40_s_20260112_22,5dfe27da14f64e55b157c5d6f03705b8,2026-03-10,SH600085,0.012507925520112971,,,
EXP_DEnsembleModel_Alpha158_csi300_expanding_step40_s_20260112_22,5dfe27da14f64e55b157c5d6f03705b8,2026-03-10,SH600089,0.09197604808450514,,,
EXP_DEnsembleModel_Alpha158_csi300_expanding_step40_s_20260112_22,5dfe27da14f64e55b157c5d6f03705b8,2026-03-10,SH600104,0.01307115514492826,,,
EXP_DEnsembleModel_Alpha158_csi300_expanding_step40_s_20260112_22,5dfe27da14f64e55b157c5d6f03705b8,2026-03-10,SH600111,0.00914791359808908,,,
EXP_DEnsembleModel_Alpha158_csi300_expanding_step40_s_20260112_22,5dfe27da14f64e55b157c5d6f03705b8,2026-03-10,SH600050,0.048047039429528454,,,
EXP_DEnsembleModel_Alpha158_csi300_expanding_step40_s_20260112_22,5dfe27da14f64e55b157c5d6f03705b8,2026-03-10,SH600115,0.3040693991451839,,,
EXP_DEnsembleModel_Alpha158_csi300_expanding_step40_s_20260112_22,5dfe27da14f64e55b157c5d6f03705b8,2026-03-10,SH600160,0.15732189809222863,,,
EXP_DEnsembleModel_Alpha158_csi300_expanding_step40_s_20260112_22,5dfe27da14f64e55b157c5d6f03705b8,2026-03-10,SH600161,-0.018195257148982003,,,
EXP_DEnsembleModel_Alpha158_csi300_expanding_step40_s_20260112_22,5dfe27da14f64e55b157c5d6f03705b8,2026-03-10,SH600176,-0.20933288108656267,,,
EXP_DEnsembleModel_Alpha158_csi300_expanding_step40_s_20260112_22,5dfe27da14f64e55b157c5d6f03705b8,2026-03-10,SH600183,0.11753203099491771,,,
EXP_DEnsembleModel_Alpha158_csi300_expanding_step40_s_20260112_22,5dfe27da14f64e55b157c5d6f03705b8,2026-03-10,SH600188,-0.10396771780867801,,,
EXP_DEnsembleModel_Alpha158_csi300_expanding_step40_s_20260112_22,5dfe27da14f64e55b157c5d6f03705b8,2026-03-10,SH600196,-0.0034784878120922595,,,
EXP_DEnsembleModel_Alpha158_csi300_expanding_step40_s_20260112_22,5dfe27da14f64e55b157c5d6f03705b8,2026-03-10,SH600150,0.2611980424171171,,,
EXP_DEnsembleModel_Alpha158_csi300_expanding_step40_s_20260112_22,5dfe27da14f64e55b157c5d6f03705b8,2026-03-10,SH600048,-0.06477498498585603,,,
EXP_DEnsembleModel_Alpha158_csi300_expanding_step40_s_20260112_22,5dfe27da14f64e55b157c5d6f03705b8,2026-03-10,SH600039,0.18474836045443477,,,
EXP_DEnsembleModel_Alpha158_csi300_expanding_step40_s_20260112_22,5dfe27da14f64e55b157c5d6f03705b8,2026-03-10,SH600036,0.019497760243241766,,,
EXP_DEnsembleModel_Alpha158_csi300_expanding_step40_s_20260112_22,5dfe27da14f64e55b157c5d6f03705b8,2026-03-10,SH600009,-0.0014249014346850637,,,
EXP_DEnsembleModel_Alpha158_csi300_expanding_step40_s_20260112_22,5dfe27da14f64e55b157c5d6f03705b8,2026-03-10,SH600010,0.08724663655270228,,,
EXP_DEnsembleModel_Alpha158_csi300_expanding_step40_s_20260112_22,5dfe27da14f64e55b157c5d6f03705b8,2026-03-10,SH600011,0.10498361509634765,,,
EXP_DEnsembleModel_Alpha158_csi300_expanding_step40_s_20260112_22,5dfe27da14f64e55b157c5d6f03705b8,2026-03-10,SH600015,-0.017975107964755842,,,
EXP_DEnsembleModel_Alpha158_csi300_expanding_step40_s_20260112_22,5dfe27da14f64e55b157c5d6f03705b8,2026-03-10,SH600016,0.09315874091745434,,,
EXP_DEnsembleModel_Alpha158_csi300_expanding_step40_s_20260112_22,5dfe27da14f64e55b157c5d6f03705b8,2026-03-10,SH600018,0.0726130267097656,,,
EXP_DEnsembleModel_Alpha158_csi300_expanding_step40_s_20260112_22,5dfe27da14f64e55b157c5d6f03705b8,2026-03-10,SH600019,-0.06161074015751515,,,
EXP_DEnsembleModel_Alpha158_csi300_expanding_step40_s_20260112_22,5dfe27da14f64e55b157c5d6f03705b8,2026-03-10,SH600023,0.17166269779727142,,,
EXP_DEnsembleModel_Alpha158_csi300_expanding_step40_s_20260112_22,5dfe27da14f64e55b157c5d6f03705b8,2026-03-10,SH600025,-0.13095702604534512,,,
EXP_DEnsembleModel_Alpha158_csi300_expanding_step40_s_20260112_22,5dfe27da14f64e55b157c5d6f03705b8,2026-03-10,SH600026,-0.19726241269955555,,,
EXP_DEnsembleModel_Alpha158_csi300_expanding_step40_s_20260112_22,5dfe27da14f64e55b157c5d6f03705b8,2026-03-10,SH600027,0.12488325852739542,,,
EXP_DEnsembleModel_Alpha158_csi300_expanding_step40_s_20260112_22,5dfe27da14f64e55b157c5d6f03705b8,2026-03-10,SH600028,-0.12357851494177129,,,
EXP_DEnsembleModel_Alpha158_csi300_expanding_step40_s_20260112_22,5dfe27da14f64e55b157c5d6f03705b8,2026-03-10,SH600029,0.23389861422684802,,,
EXP_DEnsembleModel_Alpha158_csi300_expanding_step40_s_20260112_22,5dfe27da14f64e55b157c5d6f03705b8,2026-03-10,SH600030,0.000689875339923176,,,
EXP_DEnsembleModel_Alpha158_csi300_expanding_step40_s_20260112_22,5dfe27da14f64e55b157c5d6f03705b8,2026-03-10,SH600031,0.13120843334565077,,,
EXP_DEnsembleModel_Alpha158_csi300_expanding_step40_s_20260112_22,5dfe27da14f64e55b157c5d6f03705b8,2026-03-10,SH600219,-0.12101090293528034,,,
EXP_DEnsembleModel_Alpha158_csi300_expanding_step40_s_20260112_22,5dfe27da14f64e55b157c5d6f03705b8,2026-03-10,SH600233,-0.010044623496189781,,,
EXP_DEnsembleModel_Alpha158_csi300_expanding_step40_s_20260112_22,5dfe27da14f64e55b157c5d6f03705b8,2026-03-10,SH600276,-0.008457315229963824,,,
EXP_DEnsembleModel_Alpha158_csi300_expanding_step40_s_20260112_22,5dfe27da14f64e55b157c5d6f03705b8,2026-03-10,SH600309,0.050175390004514535,,,
EXP_DEnsembleModel_Alpha158_csi300_expanding_step40_s_20260112_22,5dfe27da14f64e55b157c5d6f03705b8,2026-03-10,SH600600,0.06946999633716389,,,
EXP_DEnsembleModel_Alpha158_csi300_expanding_step40_s_20260112_22,5dfe27da14f64e55b157c5d6f03705b8,2026-03-10,SH600660,0.09888253951450551,,,
EXP_DEnsembleModel_Alpha158_csi300_expanding_step40_s_20260112_22,5dfe27da14f64e55b157c5d6f03705b8,2026-03-10,SH600674,-0.1576691416453652,,,
EXP_DEnsembleModel_Alpha158_csi300_expanding_step40_s_20260112_22,5dfe27da14f64e55b157c5d6f03705b8,2026-03-10,SH600690,0.013275562329510724,,,
EXP_DEnsembleModel_Alpha158_csi300_expanding_step40_s_20260112_22,5dfe27da14f64e55b157c5d6f03705b8,2026-03-10,SH600741,0.04854658726364961,,,
EXP_DEnsembleModel_Alpha158_csi300_expanding_step40_s_20260112_22,5dfe27da14f64e55b157c5d6f03705b8,2026-03-10,SH600760,-0.060060824248504195,,,
EXP_DEnsembleModel_Alpha158_csi300_expanding_step40_s_20260112_22,5dfe27da14f64e55b157c5d6f03705b8,2026-03-10,SH600795,0.047024687013578405,,,
EXP_DEnsembleModel_Alpha158_csi300_expanding_step40_s_20260112_22,5dfe27da14f64e55b157c5d6f03705b8,2026-03-10,SH600803,-0.0845074924719375,,,
EXP_DEnsembleModel_Alpha158_csi300_expanding_step40_s_20260112_22,5dfe27da14f64e55b157c5d6f03705b8,2026-03-10,SH600809,-0.05142285302997187,,,
EXP_DEnsembleModel_Alpha158_csi300_expanding_step40_s_20260112_22,5dfe27da14f64e55b157c5d6f03705b8,2026-03-10,SH600845,0.10782344530797676,,,
EXP_DEnsembleModel_Alpha158_csi300_expanding_step40_s_20260112_22,5dfe27da14f64e55b157c5d6f03705b8,2026-03-10,SH600875,-0.01442241026118331,,,
EXP_DEnsembleModel_Alpha158_csi300_expanding_step40_s_20260112_22,5dfe27da14f64e55b157c5d6f03705b8,2026-03-10,SH600886,-0.07713792495654913,,,
EXP_DEnsembleModel_Alpha158_csi300_expanding_step40_s_20260112_22,5dfe27da14f64e55b157c5d6f03705b8,2026-03-10,SH600887,0.06548359500086759,,,
EXP_DEnsembleModel_Alpha158_csi300_expanding_step40_s_20260112_22,5dfe27da14f64e55b157c5d6f03705b8,2026-03-10,SH600893,-0.10363896324570683,,,
EXP_DEnsembleModel_Alpha158_csi300_expanding_step40_s_20260112_22,5dfe27da14f64e55b157c5d6f03705b8,2026-03-10,SH600900,0.03458634001714798,,,
EXP_DEnsembleModel_Alpha158_csi300_expanding_step40_s_20260112_22,5dfe27da14f64e55b157c5d6f03705b8,2026-03-10,SH600588,-0.025231561970493893,,,
EXP_DEnsembleModel_Alpha158_csi300_expanding_step40_s_20260112_22,5dfe27da14f64e55b157c5d6f03705b8,2026-03-10,SH600918,-0.09159183057928769,,,
EXP_DEnsembleModel_Alpha158_csi300_expanding_step40_s_20260112_22,5dfe27da14f64e55b157c5d6f03705b8,2026-03-10,SH600585,-0.006442918407402374,,,
EXP_DEnsembleModel_Alpha158_csi300_expanding_step40_s_20260112_22,5dfe27da14f64e55b157c5d6f03705b8,2026-03-10,SH600570,0.020253036339345123,,,
EXP_DEnsembleModel_Alpha158_csi300_expanding_step40_s_20260112_22,5dfe27da14f64e55b157c5d6f03705b8,2026-03-10,SH600346,0.14804783412525047,,,
EXP_DEnsembleModel_Alpha158_csi300_expanding_step40_s_20260112_22,5dfe27da14f64e55b157c5d6f03705b8,2026-03-10,SH600362,0.06511976826810889,,,
EXP_DEnsembleModel_Alpha158_csi300_expanding_step40_s_20260112_22,5dfe27da14f64e55b157c5d6f03705b8,2026-03-10,SH600372,-0.02787477810053582,,,
EXP_DEnsembleModel_Alpha158_csi300_expanding_step40_s_20260112_22,5dfe27da14f64e55b157c5d6f03705b8,2026-03-10,SH600377,0.04400905013709283,,,
EXP_DEnsembleModel_Alpha158_csi300_expanding_step40_s_20260112_22,5dfe27da14f64e55b157c5d6f03705b8,2026-03-10,SH600406,-0.02816321166049694,,,
EXP_DEnsembleModel_Alpha158_csi300_expanding_step40_s_20260112_22,5dfe27da14f64e55b157c5d6f03705b8,2026-03-10,SH600415,-0.07954566303671846,,,
EXP_DEnsembleModel_Alpha158_csi300_expanding_step40_s_20260112_22,5dfe27da14f64e55b157c5d6f03705b8,2026-03-10,SH600426,0.09753983786665192,,,
EXP_DEnsembleModel_Alpha158_csi300_expanding_step40_s_20260112_22,5dfe27da14f64e55b157c5d6f03705b8,2026-03-10,SH600436,-0.06617501170624535,,,
EXP_DEnsembleModel_Alpha158_csi300_expanding_step40_s_20260112_22,5dfe27da14f64e55b157c5d6f03705b8,2026-03-10,SH600460,-0.046588406091742175,,,
EXP_DEnsembleModel_Alpha158_csi300_expanding_step40_s_20260112_22,5dfe27da14f64e55b157c5d6f03705b8,2026-03-10,SH600482,-0.060572164180252935,,,
EXP_DEnsembleModel_Alpha158_csi300_expanding_step40_s_20260112_22,5dfe27da14f64e55b157c5d6f03705b8,2026-03-10,SH600489,-0.04921667530721185,,,
EXP_DEnsembleModel_Alpha158_csi300_expanding_step40_s_20260112_22,5dfe27da14f64e55b157c5d6f03705b8,2026-03-10,SH600515,0.11004990970163261,,,
EXP_DEnsembleModel_Alpha158_csi300_expanding_step40_s_20260112_22,5dfe27da14f64e55b157c5d6f03705b8,2026-03-10,SH600519,0.04143725803891493,,,
EXP_DEnsembleModel_Alpha158_csi300_expanding_step40_s_20260112_22,5dfe27da14f64e55b157c5d6f03705b8,2026-03-10,SH600522,-0.12521957011550117,,,
EXP_DEnsembleModel_Alpha158_csi300_expanding_step40_s_20260112_22,5dfe27da14f64e55b157c5d6f03705b8,2026-03-10,SH600547,-0.09811938370211028,,,
EXP_DEnsembleModel_Alpha158_csi300_expanding_step40_s_20260112_22,5dfe27da14f64e55b157c5d6f03705b8,2026-03-10,SH600584,0.012598885060945066,,,
EXP_XGBModel_Alpha158_csi300_expanding_step40_s_20260111_00,2f2d4eb181db4668bdbd3b6e264ca822,2026-03-10,SZ301269,-0.06428570300340652,,,
EXP_DEnsembleModel_Alpha158_csi300_expanding_step40_s_20260112_22,5dfe27da14f64e55b157c5d6f03705b8,2026-03-10,SH601916,0.006965273186945222,,,
EXP_DEnsembleModel_Alpha158_csi300_expanding_step40_s_20260112_22,5dfe27da14f64e55b157c5d6f03705b8,2026-03-10,SH601939,0.13470212707335807,,,
EXP_DEnsembleModel_Alpha158_csi300_expanding_step40_s_20260112_22,5dfe27da14f64e55b157c5d6f03705b8,2026-03-10,SZ002422,0.024652672303909832,,,
EXP_DEnsembleModel_Alpha158_csi300_expanding_step40_s_20260112_22,5dfe27da14f64e55b157c5d6f03705b8,2026-03-10,SZ002459,-0.10877184813691351,,,
EXP_DEnsembleModel_Alpha158_csi300_expanding_step40_s_20260112_22,5dfe27da14f64e55b157c5d6f03705b8,2026-03-10,SZ002460,-0.03190609401034155,,,
EXP_DEnsembleModel_Alpha158_csi300_expanding_step40_s_20260112_22,5dfe27da14f64e55b157c5d6f03705b8,2026-03-10,SZ002463,0.05244843044797501,,,
EXP_DEnsembleModel_Alpha158_csi300_expanding_step40_s_20260112_22,5dfe27da14f64e55b157c5d6f03705b8,2026-03-10,SZ002466,-0.11928234739399537,,,
EXP_DEnsembleModel_Alpha158_csi300_expanding_step40_s_20260112_22,5dfe27da14f64e55b157c5d6f03705b8,2026-03-10,SZ002475,0.022961661491068187,,,
EXP_DEnsembleModel_Alpha158_csi300_expanding_step40_s_20260112_22,5dfe27da14f64e55b157c5d6f03705b8,2026-03-10,SZ002415,-0.01013460020831843,,,
EXP_DEnsembleModel_Alpha158_csi300_expanding_step40_s_20260112_22,5dfe27da14f64e55b157c5d6f03705b8,2026-03-10,SZ002493,0.12460054788797799,,,
EXP_DEnsembleModel_Alpha158_csi300_expanding_step40_s_20260112_22,5dfe27da14f64e55b157c5d6f03705b8,2026-03-10,SZ002600,0.029691732577475108,,,
EXP_DEnsembleModel_Alpha158_csi300_expanding_step40_s_20260112_22,5dfe27da14f64e55b157c5d6f03705b8,2026-03-10,SZ002601,0.01028912936803434,,,
EXP_DEnsembleModel_Alpha158_csi300_expanding_step40_s_20260112_22,5dfe27da14f64e55b157c5d6f03705b8,2026-03-10,SZ002625,-0.004623103275872155,,,
EXP_DEnsembleModel_Alpha158_csi300_expanding_step40_s_20260112_22,5dfe27da14f64e55b157c5d6f03705b8,2026-03-10,SZ002648,-0.12689305839299994,,,
EXP_DEnsembleModel_Alpha158_csi300_expanding_step40_s_20260112_22,5dfe27da14f64e55b157c5d6f03705b8,2026-03-10,SZ002709,0.2319991134160577,,,
EXP_DEnsembleModel_Alpha158_csi300_expanding_step40_s_20260112_22,5dfe27da14f64e55b157c5d6f03705b8,2026-03-10,SZ002714,0.06310519607412769,,,
EXP_DEnsembleModel_Alpha158_csi300_expanding_step40_s_20260112_22,5dfe27da14f64e55b157c5d6f03705b8,2026-03-10,SZ002594,0.028071534057806772,,,
EXP_DEnsembleModel_Alpha158_csi300_expanding_step40_s_20260112_22,5dfe27da14f64e55b157c5d6f03705b8,2026-03-10,SZ002384,0.013050329412051722,,,
EXP_DEnsembleModel_Alpha158_csi300_expanding_step40_s_20260112_22,5dfe27da14f64e55b157c5d6f03705b8,2026-03-10,SZ002371,0.08819490459133274,,,
EXP_DEnsembleModel_Alpha158_csi300_expanding_step40_s_20260112_22,5dfe27da14f64e55b157c5d6f03705b8,2026-03-10,SZ002352,0.019025856201706343,,,
EXP_DEnsembleModel_Alpha158_csi300_expanding_step40_s_20260112_22,5dfe27da14f64e55b157c5d6f03705b8,2026-03-10,SZ001979,0.02615458214089658,,,
EXP_DEnsembleModel_Alpha158_csi300_expanding_step40_s_20260112_22,5dfe27da14f64e55b157c5d6f03705b8,2026-03-10,SZ002001,-0.12570259223724795,,,
EXP_DEnsembleModel_Alpha158_csi300_expanding_step40_s_20260112_22,5dfe27da14f64e55b157c5d6f03705b8,2026-03-10,SZ002027,0.02776037943590601,,,
EXP_DEnsembleModel_Alpha158_csi300_expanding_step40_s_20260112_22,5dfe27da14f64e55b157c5d6f03705b8,2026-03-10,SZ002028,0.038151602536664296,,,
EXP_DEnsembleModel_Alpha158_csi300_expanding_step40_s_20260112_22,5dfe27da14f64e55b157c5d6f03705b8,2026-03-10,SZ002049,-0.02763797972576436,,,
EXP_DEnsembleModel_Alpha158_csi300_expanding_step40_s_20260112_22,5dfe27da14f64e55b157c5d6f03705b8,2026-03-10,SZ002050,-0.009468867939142754,,,
EXP_DEnsembleModel_Alpha158_csi300_expanding_step40_s_20260112_22,5dfe27da14f64e55b157c5d6f03705b8,2026-03-10,SZ002074,0.09575196564524115,,,
EXP_DEnsembleModel_Alpha158_csi300_expanding_step40_s_20260112_22,5dfe27da14f64e55b157c5d6f03705b8,2026-03-10,SZ002142,0.03356013059327367,,,
EXP_DEnsembleModel_Alpha158_csi300_expanding_step40_s_20260112_22,5dfe27da14f64e55b157c5d6f03705b8,2026-03-10,SZ002179,0.13020257744479719,,,
EXP_DEnsembleModel_Alpha158_csi300_expanding_step40_s_20260112_22,5dfe27da14f64e55b157c5d6f03705b8,2026-03-10,SZ002230,-0.024370447956880464,,,
EXP_DEnsembleModel_Alpha158_csi300_expanding_step40_s_20260112_22,5dfe27da14f64e55b157c5d6f03705b8,2026-03-10,SZ002236,-0.047895761802318346,,,
EXP_DEnsembleModel_Alpha158_csi300_expanding_step40_s_20260112_22,5dfe27da14f64e55b157c5d6f03705b8,2026-03-10,SZ002241,0.042913383861948325,,,
EXP_DEnsembleModel_Alpha158_csi300_expanding_step40_s_20260112_22,5dfe27da14f64e55b157c5d6f03705b8,2026-03-10,SZ002252,0.02479944854449797,,,
EXP_DEnsembleModel_Alpha158_csi300_expanding_step40_s_20260112_22,5dfe27da14f64e55b157c5d6f03705b8,2026-03-10,SZ002304,-0.12812795937308694,,,
EXP_DEnsembleModel_Alpha158_csi300_expanding_step40_s_20260112_22,5dfe27da14f64e55b157c5d6f03705b8,2026-03-10,SZ002311,0.014333630013917287,,,
EXP_DEnsembleModel_Alpha158_csi300_expanding_step40_s_20260112_22,5dfe27da14f64e55b157c5d6f03705b8,2026-03-10,SZ002736,0.013399370115519517,,,
EXP_DEnsembleModel_Alpha158_csi300_expanding_step40_s_20260112_22,5dfe27da14f64e55b157c5d6f03705b8,2026-03-10,SZ002916,0.12277326751888368,,,
EXP_DEnsembleModel_Alpha158_csi300_expanding_step40_s_20260112_22,5dfe27da14f64e55b157c5d6f03705b8,2026-03-10,SZ002920,0.05837090449577287,,,
EXP_DEnsembleModel_Alpha158_csi300_expanding_step40_s_20260112_22,5dfe27da14f64e55b157c5d6f03705b8,2026-03-10,SZ002938,0.07008251133171828,,,
EXP_DEnsembleModel_Alpha158_csi300_expanding_step40_s_20260112_22,5dfe27da14f64e55b157c5d6f03705b8,2026-03-10,SZ300498,-0.04352290166942334,,,
EXP_DEnsembleModel_Alpha158_csi300_expanding_step40_s_20260112_22,5dfe27da14f64e55b157c5d6f03705b8,2026-03-10,SZ300502,-0.07469230868806459,,,
EXP_DEnsembleModel_Alpha158_csi300_expanding_step40_s_20260112_22,5dfe27da14f64e55b157c5d6f03705b8,2026-03-10,SZ300628,0.0028754814882700455,,,
EXP_DEnsembleModel_Alpha158_csi300_expanding_step40_s_20260112_22,5dfe27da14f64e55b157c5d6f03705b8,2026-03-10,SZ300661,-0.03143548256353078,,,
EXP_DEnsembleModel_Alpha158_csi300_expanding_step40_s_20260112_22,5dfe27da14f64e55b157c5d6f03705b8,2026-03-10,SZ300750,0.12361287382213121,,,
EXP_DEnsembleModel_Alpha158_csi300_expanding_step40_s_20260112_22,5dfe27da14f64e55b157c5d6f03705b8,2026-03-10,SZ300759,-0.050942990560606194,,,
EXP_DEnsembleModel_Alpha158_csi300_expanding_step40_s_20260112_22,5dfe27da14f64e55b157c5d6f03705b8,2026-03-10,SZ300760,-0.05582655687161834,,,
EXP_DEnsembleModel_Alpha158_csi300_expanding_step40_s_20260112_22,5dfe27da14f64e55b157c5d6f03705b8,2026-03-10,SZ300782,-0.07814264547480128,,,
EXP_DEnsembleModel_Alpha158_csi300_expanding_step40_s_20260112_22,5dfe27da14f64e55b157c5d6f03705b8,2026-03-10,SZ300803,0.15249842002691247,,,
EXP_DEnsembleModel_Alpha158_csi300_expanding_step40_s_20260112_22,5dfe27da14f64e55b157c5d6f03705b8,2026-03-10,SZ300832,-0.08202649605066056,,,
EXP_DEnsembleModel_Alpha158_csi300_expanding_step40_s_20260112_22,5dfe27da14f64e55b157c5d6f03705b8,2026-03-10,SZ300866,0.016705605962788854,,,
EXP_DEnsembleModel_Alpha158_csi300_expanding_step40_s_20260112_22,5dfe27da14f64e55b157c5d6f03705b8,2026-03-10,SZ300896,-0.0615441710712973,,,
EXP_DEnsembleModel_Alpha158_csi300_expanding_step40_s_20260112_22,5dfe27da14f64e55b157c5d6f03705b8,2026-03-10,SZ300979,-0.003386738449186251,,,
EXP_DEnsembleModel_Alpha158_csi300_expanding_step40_s_20260112_22,5dfe27da14f64e55b157c5d6f03705b8,2026-03-10,SZ300999,0.10328035325764581,,,
EXP_DEnsembleModel_Alpha158_csi300_expanding_step40_s_20260112_22,5dfe27da14f64e55b157c5d6f03705b8,2026-03-10,SZ301236,0.05257674335253713,,,
EXP_DEnsembleModel_Alpha158_csi300_expanding_step40_s_20260112_22,5dfe27da14f64e55b157c5d6f03705b8,2026-03-10,SZ300476,0.01304454204679705,,,
EXP_DEnsembleModel_Alpha158_csi300_expanding_step40_s_20260112_22,5dfe27da14f64e55b157c5d6f03705b8,2026-03-10,SZ001965,0.021587533744728563,,,
EXP_DEnsembleModel_Alpha158_csi300_expanding_step40_s_20260112_22,5dfe27da14f64e55b157c5d6f03705b8,2026-03-10,SZ300442,-0.04193420739826182,,,
EXP_DEnsembleModel_Alpha158_csi300_expanding_step40_s_20260112_22,5dfe27da14f64e55b157c5d6f03705b8,2026-03-10,SZ300418,-0.00949862762069332,,,
EXP_DEnsembleModel_Alpha158_csi300_expanding_step40_s_20260112_22,5dfe27da14f64e55b157c5d6f03705b8,2026-03-10,SZ003816,-0.10786099878270967,,,
EXP_DEnsembleModel_Alpha158_csi300_expanding_step40_s_20260112_22,5dfe27da14f64e55b157c5d6f03705b8,2026-03-10,SZ300014,0.08151161805266559,,,
EXP_DEnsembleModel_Alpha158_csi300_expanding_step40_s_20260112_22,5dfe27da14f64e55b157c5d6f03705b8,2026-03-10,SZ300015,-0.08373955132789605,,,
EXP_DEnsembleModel_Alpha158_csi300_expanding_step40_s_20260112_22,5dfe27da14f64e55b157c5d6f03705b8,2026-03-10,SZ300033,0.06185411352022986,,,
EXP_DEnsembleModel_Alpha158_csi300_expanding_step40_s_20260112_22,5dfe27da14f64e55b157c5d6f03705b8,2026-03-10,SZ300059,-0.022045134777353242,,,
EXP_DEnsembleModel_Alpha158_csi300_expanding_step40_s_20260112_22,5dfe27da14f64e55b157c5d6f03705b8,2026-03-10,SZ300122,-0.0680920470210809,,,
EXP_DEnsembleModel_Alpha158_csi300_expanding_step40_s_20260112_22,5dfe27da14f64e55b157c5d6f03705b8,2026-03-10,SZ300124,0.022553437176760744,,,
EXP_DEnsembleModel_Alpha158_csi300_expanding_step40_s_20260112_22,5dfe27da14f64e55b157c5d6f03705b8,2026-03-10,SZ300251,0.02683162516196535,,,
EXP_DEnsembleModel_Alpha158_csi300_expanding_step40_s_20260112_22,5dfe27da14f64e55b157c5d6f03705b8,2026-03-10,SZ300274,0.09496236555966682,,,
EXP_DEnsembleModel_Alpha158_csi300_expanding_step40_s_20260112_22,5dfe27da14f64e55b157c5d6f03705b8,2026-03-10,SZ300308,0.06682388720228505,,,
EXP_DEnsembleModel_Alpha158_csi300_expanding_step40_s_20260112_22,5dfe27da14f64e55b157c5d6f03705b8,2026-03-10,SZ300316,-0.1402683653069252,,,
EXP_DEnsembleModel_Alpha158_csi300_expanding_step40_s_20260112_22,5dfe27da14f64e55b157c5d6f03705b8,2026-03-10,SZ300347,-0.031513365640460714,,,
EXP_DEnsembleModel_Alpha158_csi300_expanding_step40_s_20260112_22,5dfe27da14f64e55b157c5d6f03705b8,2026-03-10,SZ300394,-0.15326882214123214,,,
EXP_DEnsembleModel_Alpha158_csi300_expanding_step40_s_20260112_22,5dfe27da14f64e55b157c5d6f03705b8,2026-03-10,SZ300408,0.020320272349337445,,,
EXP_DEnsembleModel_Alpha158_csi300_expanding_step40_s_20260112_22,5dfe27da14f64e55b157c5d6f03705b8,2026-03-10,SZ300413,-0.0080331777123201,,,
EXP_DEnsembleModel_Alpha158_csi300_expanding_step40_s_20260112_22,5dfe27da14f64e55b157c5d6f03705b8,2026-03-10,SZ300433,0.030139320205119263,,,
EXP_DEnsembleModel_Alpha158_csi300_expanding_step40_s_20260112_22,5dfe27da14f64e55b157c5d6f03705b8,2026-03-10,SH601919,0.013397377804034546,,,
EXP_DEnsembleModel_Alpha158_csi300_expanding_step40_s_20260112_22,5dfe27da14f64e55b157c5d6f03705b8,2026-03-10,SZ001391,0.0012571143731714312,,,
EXP_DEnsembleModel_Alpha158_csi300_expanding_step40_s_20260112_22,5dfe27da14f64e55b157c5d6f03705b8,2026-03-10,SZ000983,0.010955583232434993,,,
EXP_DEnsembleModel_Alpha158_csi300_expanding_step40_s_20260112_22,5dfe27da14f64e55b157c5d6f03705b8,2026-03-10,SH688008,-0.10447118585856767,,,
EXP_DEnsembleModel_Alpha158_csi300_expanding_step40_s_20260112_22,5dfe27da14f64e55b157c5d6f03705b8,2026-03-10,SH688009,-0.1866225058466886,,,
EXP_DEnsembleModel_Alpha158_csi300_expanding_step40_s_20260112_22,5dfe27da14f64e55b157c5d6f03705b8,2026-03-10,SH688012,0.20020335658567756,,,
EXP_DEnsembleModel_Alpha158_csi300_expanding_step40_s_20260112_22,5dfe27da14f64e55b157c5d6f03705b8,2026-03-10,SH688036,-0.061081547041164114,,,
EXP_DEnsembleModel_Alpha158_csi300_expanding_step40_s_20260112_22,5dfe27da14f64e55b157c5d6f03705b8,2026-03-10,SH688041,-0.043612760793506365,,,
EXP_DEnsembleModel_Alpha158_csi300_expanding_step40_s_20260112_22,5dfe27da14f64e55b157c5d6f03705b8,2026-03-10,SH688047,-0.05422675150318348,,,
EXP_DEnsembleModel_Alpha158_csi300_expanding_step40_s_20260112_22,5dfe27da14f64e55b157c5d6f03705b8,2026-03-10,SH605499,-0.11973239867909556,,,
EXP_DEnsembleModel_Alpha158_csi300_expanding_step40_s_20260112_22,5dfe27da14f64e55b157c5d6f03705b8,2026-03-10,SH688082,0.05921912042174037,,,
EXP_DEnsembleModel_Alpha158_csi300_expanding_step40_s_20260112_22,5dfe27da14f64e55b157c5d6f03705b8,2026-03-10,SH688126,0.021142081121245274,,,
EXP_DEnsembleModel_Alpha158_csi300_expanding_step40_s_20260112_22,5dfe27da14f64e55b157c5d6f03705b8,2026-03-10,SH688169,0.05646879182821694,,,
EXP_DEnsembleModel_Alpha158_csi300_expanding_step40_s_20260112_22,5dfe27da14f64e55b157c5d6f03705b8,2026-03-10,SH688187,0.04761419937141226,,,
EXP_DEnsembleModel_Alpha158_csi300_expanding_step40_s_20260112_22,5dfe27da14f64e55b157c5d6f03705b8,2026-03-10,SH688223,-0.2552739257270598,,,
EXP_DEnsembleModel_Alpha158_csi300_expanding_step40_s_20260112_22,5dfe27da14f64e55b157c5d6f03705b8,2026-03-10,SH688256,-0.12721117434221083,,,
EXP_DEnsembleModel_Alpha158_csi300_expanding_step40_s_20260112_22,5dfe27da14f64e55b157c5d6f03705b8,2026-03-10,SH688271,-0.021045121018073695,,,
EXP_DEnsembleModel_Alpha158_csi300_expanding_step40_s_20260112_22,5dfe27da14f64e55b157c5d6f03705b8,2026-03-10,SH688111,0.17242069092096582,,,
EXP_DEnsembleModel_Alpha158_csi300_expanding_step40_s_20260112_22,5dfe27da14f64e55b157c5d6f03705b8,2026-03-10,SH605117,-0.05207032718294925,,,
EXP_DEnsembleModel_Alpha158_csi300_expanding_step40_s_20260112_22,5dfe27da14f64e55b157c5d6f03705b8,2026-03-10,SH603993,0.019231971456669338,,,
EXP_DEnsembleModel_Alpha158_csi300_expanding_step40_s_20260112_22,5dfe27da14f64e55b157c5d6f03705b8,2026-03-10,SH603986,-0.056739730170622824,,,
EXP_DEnsembleModel_Alpha158_csi300_expanding_step40_s_20260112_22,5dfe27da14f64e55b157c5d6f03705b8,2026-03-10,SH601985,0.003780510490091887,,,
EXP_DEnsembleModel_Alpha158_csi300_expanding_step40_s_20260112_22,5dfe27da14f64e55b157c5d6f03705b8,2026-03-10,SH601988,0.046297682872414224,,,
EXP_DEnsembleModel_Alpha158_csi300_expanding_step40_s_20260112_22,5dfe27da14f64e55b157c5d6f03705b8,2026-03-10,SH601995,-0.010845658929856445,,,
EXP_DEnsembleModel_Alpha158_csi300_expanding_step40_s_20260112_22,5dfe27da14f64e55b157c5d6f03705b8,2026-03-10,SH601998,0.047331027447935096,,,
EXP_DEnsembleModel_Alpha158_csi300_expanding_step40_s_20260112_22,5dfe27da14f64e55b157c5d6f03705b8,2026-03-10,SH603019,0.0030807883996474103,,,
EXP_DEnsembleModel_Alpha158_csi300_expanding_step40_s_20260112_22,5dfe27da14f64e55b157c5d6f03705b8,2026-03-10,SH603195,0.04856620425180767,,,
EXP_DEnsembleModel_Alpha158_csi300_expanding_step40_s_20260112_22,5dfe27da14f64e55b157c5d6f03705b8,2026-03-10,SH603259,0.11911665224707588,,,
EXP_DEnsembleModel_Alpha158_csi300_expanding_step40_s_20260112_22,5dfe27da14f64e55b157c5d6f03705b8,2026-03-10,SH603260,-0.06181033835628588,,,
EXP_DEnsembleModel_Alpha158_csi300_expanding_step40_s_20260112_22,5dfe27da14f64e55b157c5d6f03705b8,2026-03-10,SH603288,-0.01721086718495218,,,
EXP_DEnsembleModel_Alpha158_csi300_expanding_step40_s_20260112_22,5dfe27da14f64e55b157c5d6f03705b8,2026-03-10,SH603296,0.08835090347098187,,,
EXP_DEnsembleModel_Alpha158_csi300_expanding_step40_s_20260112_22,5dfe27da14f64e55b157c5d6f03705b8,2026-03-10,SH603369,-0.048799322020422246,,,
EXP_DEnsembleModel_Alpha158_csi300_expanding_step40_s_20260112_22,5dfe27da14f64e55b157c5d6f03705b8,2026-03-10,SH603392,-0.12353058949523246,,,
EXP_DEnsembleModel_Alpha158_csi300_expanding_step40_s_20260112_22,5dfe27da14f64e55b157c5d6f03705b8,2026-03-10,SH603501,0.0016137231598999408,,,
EXP_DEnsembleModel_Alpha158_csi300_expanding_step40_s_20260112_22,5dfe27da14f64e55b157c5d6f03705b8,2026-03-10,SH603799,0.06746968238160836,,,
EXP_DEnsembleModel_Alpha158_csi300_expanding_step40_s_20260112_22,5dfe27da14f64e55b157c5d6f03705b8,2026-03-10,SH603893,0.07142165955772076,,,
EXP_DEnsembleModel_Alpha158_csi300_expanding_step40_s_20260112_22,5dfe27da14f64e55b157c5d6f03705b8,2026-03-10,SH688303,-0.08603034681517453,,,
EXP_DEnsembleModel_Alpha158_csi300_expanding_step40_s_20260112_22,5dfe27da14f64e55b157c5d6f03705b8,2026-03-10,SH688396,0.08984547995935753,,,
EXP_DEnsembleModel_Alpha158_csi300_expanding_step40_s_20260112_22,5dfe27da14f64e55b157c5d6f03705b8,2026-03-10,SH688472,-0.07652511125080684,,,
EXP_DEnsembleModel_Alpha158_csi300_expanding_step40_s_20260112_22,5dfe27da14f64e55b157c5d6f03705b8,2026-03-10,SH688506,-0.10912607614407573,,,
EXP_DEnsembleModel_Alpha158_csi300_expanding_step40_s_20260112_22,5dfe27da14f64e55b157c5d6f03705b8,2026-03-10,SZ000661,-0.14457371872384284,,,
EXP_DEnsembleModel_Alpha158_csi300_expanding_step40_s_20260112_22,5dfe27da14f64e55b157c5d6f03705b8,2026-03-10,SZ000708,0.1781098920741372,,,
EXP_DEnsembleModel_Alpha158_csi300_expanding_step40_s_20260112_22,5dfe27da14f64e55b157c5d6f03705b8,2026-03-10,SZ000725,0.06176963360340312,,,
EXP_DEnsembleModel_Alpha158_csi300_expanding_step40_s_20260112_22,5dfe27da14f64e55b157c5d6f03705b8,2026-03-10,SZ000768,-0.02016033787524585,,,
EXP_DEnsembleModel_Alpha158_csi300_expanding_step40_s_20260112_22,5dfe27da14f64e55b157c5d6f03705b8,2026-03-10,SZ000776,-0.01905534983430486,,,
EXP_DEnsembleModel_Alpha158_csi300_expanding_step40_s_20260112_22,5dfe27da14f64e55b157c5d6f03705b8,2026-03-10,SZ000786,0.016868707677519846,,,
EXP_DEnsembleModel_Alpha158_csi300_expanding_step40_s_20260112_22,5dfe27da14f64e55b157c5d6f03705b8,2026-03-10,SZ000792,-0.055715565619992316,,,
EXP_DEnsembleModel_Alpha158_csi300_expanding_step40_s_20260112_22,5dfe27da14f64e55b157c5d6f03705b8,2026-03-10,SZ000807,-0.1125136289079032,,,
EXP_DEnsembleModel_Alpha158_csi300_expanding_step40_s_20260112_22,5dfe27da14f64e55b157c5d6f03705b8,2026-03-10,SZ000858,-0.06048039604665379,,,
EXP_DEnsembleModel_Alpha158_csi300_expanding_step40_s_20260112_22,5dfe27da14f64e55b157c5d6f03705b8,2026-03-10,SZ000876,-0.011142600918154824,,,
EXP_DEnsembleModel_Alpha158_csi300_expanding_step40_s_20260112_22,5dfe27da14f64e55b157c5d6f03705b8,2026-03-10,SZ000895,0.07442339107533866,,,
EXP_DEnsembleModel_Alpha158_csi300_expanding_step40_s_20260112_22,5dfe27da14f64e55b157c5d6f03705b8,2026-03-10,SZ000938,-0.020194710944480353,,,
EXP_DEnsembleModel_Alpha158_csi300_expanding_step40_s_20260112_22,5dfe27da14f64e55b157c5d6f03705b8,2026-03-10,SZ000963,-0.013705370269198684,,,
EXP_DEnsembleModel_Alpha158_csi300_expanding_step40_s_20260112_22,5dfe27da14f64e55b157c5d6f03705b8,2026-03-10,SZ000975,-0.07707241422740484,,,
EXP_DEnsembleModel_Alpha158_csi300_expanding_step40_s_20260112_22,5dfe27da14f64e55b157c5d6f03705b8,2026-03-10,SZ000977,0.11358095262243148,,,
EXP_DEnsembleModel_Alpha158_csi300_expanding_step40_s_20260112_22,5dfe27da14f64e55b157c5d6f03705b8,2026-03-10,SZ000651,-0.00040081829023635133,,,
EXP_DEnsembleModel_Alpha158_csi300_expanding_step40_s_20260112_22,5dfe27da14f64e55b157c5d6f03705b8,2026-03-10,SZ000999,0.09110119558373991,,,
EXP_DEnsembleModel_Alpha158_csi300_expanding_step40_s_20260112_22,5dfe27da14f64e55b157c5d6f03705b8,2026-03-10,SZ000630,0.0194559231806559,,,
EXP_DEnsembleModel_Alpha158_csi300_expanding_step40_s_20260112_22,5dfe27da14f64e55b157c5d6f03705b8,2026-03-10,SZ000617,-0.09012387043248409,,,
EXP_DEnsembleModel_Alpha158_csi300_expanding_step40_s_20260112_22,5dfe27da14f64e55b157c5d6f03705b8,2026-03-10,SH688981,-0.010742997988250092,,,
EXP_DEnsembleModel_Alpha158_csi300_expanding_step40_s_20260112_22,5dfe27da14f64e55b157c5d6f03705b8,2026-03-10,SZ000001,0.034077225300613974,,,
EXP_DEnsembleModel_Alpha158_csi300_expanding_step40_s_20260112_22,5dfe27da14f64e55b157c5d6f03705b8,2026-03-10,SZ000002,-0.12327595056654768,,,
EXP_DEnsembleModel_Alpha158_csi300_expanding_step40_s_20260112_22,5dfe27da14f64e55b157c5d6f03705b8,2026-03-10,SZ000063,0.14065804617928185,,,
EXP_DEnsembleModel_Alpha158_csi300_expanding_step40_s_20260112_22,5dfe27da14f64e55b157c5d6f03705b8,2026-03-10,SZ000100,0.10238919063760546,,,
EXP_DEnsembleModel_Alpha158_csi300_expanding_step40_s_20260112_22,5dfe27da14f64e55b157c5d6f03705b8,2026-03-10,SZ000157,0.10255738398941248,,,
EXP_DEnsembleModel_Alpha158_csi300_expanding_step40_s_20260112_22,5dfe27da14f64e55b157c5d6f03705b8,2026-03-10,SZ000166,0.001856721787882724,,,
EXP_DEnsembleModel_Alpha158_csi300_expanding_step40_s_20260112_22,5dfe27da14f64e55b157c5d6f03705b8,2026-03-10,SZ000301,0.033794342009350956,,,
EXP_DEnsembleModel_Alpha158_csi300_expanding_step40_s_20260112_22,5dfe27da14f64e55b157c5d6f03705b8,2026-03-10,SZ000333,0.023544303884085842,,,
EXP_DEnsembleModel_Alpha158_csi300_expanding_step40_s_20260112_22,5dfe27da14f64e55b157c5d6f03705b8,2026-03-10,SZ000338,-0.13608805900928175,,,
EXP_DEnsembleModel_Alpha158_csi300_expanding_step40_s_20260112_22,5dfe27da14f64e55b157c5d6f03705b8,2026-03-10,SZ000408,-0.021124886544136058,,,
EXP_DEnsembleModel_Alpha158_csi300_expanding_step40_s_20260112_22,5dfe27da14f64e55b157c5d6f03705b8,2026-03-10,SZ000425,0.11269349115270902,,,
EXP_DEnsembleModel_Alpha158_csi300_expanding_step40_s_20260112_22,5dfe27da14f64e55b157c5d6f03705b8,2026-03-10,SZ000538,0.02688582846551205,,,
EXP_DEnsembleModel_Alpha158_csi300_expanding_step40_s_20260112_22,5dfe27da14f64e55b157c5d6f03705b8,2026-03-10,SZ000568,0.007481412486362038,,,
EXP_DEnsembleModel_Alpha158_csi300_expanding_step40_s_20260112_22,5dfe27da14f64e55b157c5d6f03705b8,2026-03-10,SZ000596,0.01602258049442565,,,
EXP_DEnsembleModel_Alpha158_csi300_expanding_step40_s_20260112_22,5dfe27da14f64e55b157c5d6f03705b8,2026-03-10,SZ000625,-0.0604064285215461,,,
EXP_XGBModel_Alpha158_csi300_expanding_step40_s_20260111_00,2f2d4eb181db4668bdbd3b6e264ca822,2026-03-10,SZ302132,-0.03564960137009621,,,
