instrument,avg_score,pos_ratio,real_label,datetime,KMID,KLEN,KMID2,KUP,KUP2,KLOW,KLOW2,KSFT,KSFT2,OPEN0,HIGH0,LOW0,VWAP0,ROC5,ROC10,ROC20,ROC30,ROC60,MA5,MA10,MA20,MA30,MA60,STD5,STD10,STD20,STD30,STD60,BETA5,BETA10,BETA20,BETA30,BETA60,RSQR5,RSQR10,RSQR20,RSQR30,RSQR60,RESI5,RESI10,RESI20,RESI30,RESI60,MAX5,MAX10,MAX20,MAX30,MAX60,MIN5,MIN10,MIN20,MIN30,MIN60,QTLU5,QTLU10,QTLU20,QTLU30,QTLU60,QTLD5,QTLD10,QTLD20,QTLD30,QTLD60,RANK5,RANK10,RANK20,RANK30,RANK60,RSV5,RSV10,RSV20,RSV30,RSV60,IMAX5,IMAX10,IMAX20,IMAX30,IMAX60,IMIN5,IMIN10,IMIN20,IMIN30,IMIN60,IMXD5,IMXD10,IMXD20,IMXD30,IMXD60,CORR5,CORR10,CORR20,CORR30,CORR60,CORD5,CORD10,CORD20,CORD30,CORD60,CNTP5,CNTP10,CNTP20,CNTP30,CNTP60,CNTN5,CNTN10,CNTN20,CNTN30,CNTN60,CNTD5,CNTD10,CNTD20,CNTD30,CNTD60,SUMP5,SUMP10,SUMP20,SUMP30,SUMP60,SUMN5,SUMN10,SUMN20,SUMN30,SUMN60,SUMD5,SUMD10,SUMD20,SUMD30,SUMD60,VMA5,VMA10,VMA20,VMA30,VMA60,VSTD5,VSTD10,VSTD20,VSTD30,VSTD60,WVMA5,WVMA10,WVMA20,WVMA30,WVMA60,VSUMP5,VSUMP10,VSUMP20,VSUMP30,VSUMP60,VSUMN5,VSUMN10,VSUMN20,VSUMN30,VSUMN60,VSUMD5,VSUMD10,VSUMD20,VSUMD30,VSUMD60
SZ000708,0.16513772806052318,1.0,,2026-03-17,-0.01137042,0.027528428,-0.41304287,0.0149611095,0.54347855,0.0011968964,0.04347856,-0.025134634,-0.9130429,1.0115012,1.0266343,0.9987893,1.0099419,1.0537827,1.0726272,0.9407153,0.96726274,0.92668504,1.0325447,1.0461485,1.0267195,0.9969693,0.9763411,0.036341056,0.028501209,0.048795942,0.06033855,0.049260724,-0.019972498,-0.0067483643,0.0041647083,0.0050653554,0.0018417543,0.75510895,0.51390386,0.2549587,0.546175,0.42634547,0.0074002873,-0.015780915,-0.06628413,-0.070416935,-0.03067288,1.0804431,1.0864673,1.1100981,1.1100981,1.1100981,0.9812097,0.9812097,0.93405336,0.89408255,0.89408255,1.0618707,1.062916,1.0659422,1.0618707,1.0097936,0.9973315,1.0415956,0.9712517,0.9399725,0.9455571,0.4,0.2,0.4,0.6,0.8,0.18935469,0.1785175,0.37460142,0.49032325,0.49032325,0.6,0.1,0.4,0.6,0.8,0.8,0.9,0.05,0.2,0.6,-0.2,-0.8,0.35,0.4,0.2,-0.9759574,-0.79396635,0.4544248,0.09153204,0.14527115,-0.96176606,-0.7524473,0.06654418,-0.06489734,-0.08790191,0.4,0.4,0.5,0.53333336,0.55,0.6,0.6,0.5,0.46666667,0.45,-0.2,-0.2,0.0,0.06666667,0.1,0.22425982,0.239645,0.57771367,0.5258583,0.54274255,0.7757402,0.760355,0.42228636,0.47414172,0.45725742,-0.55148035,-0.52071,0.15542729,0.051716585,0.08548515,0.71142924,0.6678539,0.7157064,0.76626647,0.672882,0.28063735,0.2271647,0.3085607,0.3388592,0.2992253,1.5211456,1.6462095,1.2824515,1.5941755,1.9308788,0.880928,0.48303035,0.58342886,0.528215,0.5168149,0.11907199,0.5169697,0.41657117,0.47178504,0.4831851,0.761856,-0.033939324,0.16685767,0.056429937,0.03362977
SZ002074,0.15978707528628028,1.0,,2026-03-17,-0.02757734,0.0430413,-0.6407181,0.0146907605,0.34131777,0.0007731979,0.017964095,-0.041494902,-0.9640718,1.0283594,1.0434668,0.9992049,1.0204918,1.0087852,0.9604957,0.98493135,1.0696998,1.0204213,1.0243542,1.0011345,0.9959914,0.9975739,1.0253326,0.013873954,0.031013599,0.024987563,0.02264963,0.038924884,-0.0069001634,0.007983369,0.0017852094,0.0001326816,-0.0010182138,0.61838394,0.6074067,0.17864816,0.0026595055,0.20870033,-0.010553882,-0.037059687,-0.012950903,0.0005022059,0.0047046863,1.0511926,1.0511926,1.0511926,1.0678774,1.1208661,0.9992049,0.92472833,0.92472833,0.92472833,0.92472833,1.0327438,1.0300791,1.0199674,1.0185362,1.0623109,1.0212241,0.96594137,0.97452873,0.9779265,0.9899814,0.2,0.45,0.575,0.55,0.30833334,0.015294461,0.59520066,0.59520066,0.52582693,0.38376948,0.2,0.6,0.8,0.033333335,0.28333333,1.0,0.4,0.7,0.8,0.9,-0.8,0.2,0.1,-0.76666665,-0.6166667,0.51404506,0.7473209,0.5844604,0.6075285,0.6714412,0.48064682,0.69487584,0.5451586,0.38629147,0.3973043,0.6,0.6,0.45,0.4,0.5,0.4,0.4,0.55,0.6,0.5,0.2,0.2,-0.1,-0.2,0.0,0.43067023,0.6424675,0.5276768,0.41692093,0.4887895,0.5693298,0.3575325,0.47232315,0.5830791,0.5112105,-0.13865957,0.284935,0.055353694,-0.16615815,-0.022421002,1.317216,1.1618563,1.0178996,1.0384718,1.1626925,0.44270384,0.4574476,0.38065866,0.36829272,0.42862406,1.1574203,1.2021365,1.079801,1.0470611,0.9853804,0.45313287,0.47613248,0.51805824,0.467778,0.50047493,0.54686713,0.5238675,0.48194176,0.53222203,0.4995251,-0.09373428,-0.047735006,0.036116503,-0.06444402,0.00094981224
SZ003816,0.15535677441309337,1.0,,2026-03-17,-0.016548434,0.028368734,-0.5833336,0.0070921616,0.24999924,0.0047281366,0.16666718,-0.01891246,-0.6666657,1.0168269,1.0240384,0.9951923,1.0079174,1.0164609,0.9650206,0.9423868,0.93621397,0.90946496,1.0316873,1.013786,0.97839504,0.9628944,0.9441358,0.02252124,0.026351202,0.04210771,0.04106164,0.03528036,-0.013374488,0.0050006243,0.006466784,0.0040772324,0.0015196837,0.8816774,0.33011025,0.8255085,0.76411736,0.56590074,-0.0049382513,-0.03628879,-0.03982949,-0.022014227,0.011033549,1.0562414,1.0562414,1.0562414,1.0562414,1.0562414,0.9951923,0.9492201,0.919753,0.90707064,0.9005469,1.0497942,1.0427984,1.0164609,1.0004115,0.95185184,1.0131687,0.9962963,0.9378601,0.92962956,0.9218107,0.2,0.4,0.7,0.8,0.9,0.07875127,0.47448394,0.58793986,0.62297285,0.6387707,0.4,0.7,0.85,0.9,0.95,1.0,0.1,0.2,0.1,0.25,-0.6,0.6,0.65,0.8,0.7,0.95337796,0.49759725,0.67975587,0.55744064,0.63576424,0.87092495,0.38834706,0.14730047,0.2486819,0.24685313,0.4,0.7,0.55,0.46666667,0.5,0.6,0.3,0.4,0.36666667,0.36666667,-0.2,0.4,0.15,0.1,0.13333334,0.4047624,0.6268656,0.6272727,0.6115109,0.5909091,0.5952376,0.37313437,0.37272727,0.38848913,0.40909088,-0.19047523,0.25373125,0.25454542,0.22302173,0.18181823,1.3430643,1.3106114,1.1076921,1.065525,0.8924518,0.23302498,0.19882949,0.38209346,0.35667637,0.3352916,0.8045371,0.7747914,0.959983,1.0712523,1.1247722,0.3673686,0.41330522,0.5521336,0.5043267,0.51895154,0.6326314,0.5866948,0.4478664,0.4956733,0.4810485,-0.2652628,-0.17338955,0.104267195,0.008653386,0.03790302
SZ300750,0.14701384697620248,1.0,,2026-03-17,-0.025927193,0.03713503,-0.69818693,0.010149546,0.2733146,0.0010582916,0.02849847,-0.035018448,-0.94300306,1.0266173,1.037037,0.9989135,1.014758,0.9291319,0.8495549,0.91065913,0.84456366,0.9604687,0.9889832,0.93343365,0.9075306,0.8958891,0.9001535,0.014269468,0.06340847,0.055479053,0.050657243,0.042353373,0.0072347503,0.020166,0.005265247,0.0034512552,-0.00021155525,0.64264554,0.92716384,0.3152445,0.35972673,0.0076097683,-0.0034527273,-0.024180677,0.042449538,0.054067727,0.10608737,1.037037,1.037037,1.037037,1.037037,1.037037,0.93575203,0.82517606,0.82517606,0.8222478,0.8222478,1.0016775,0.98419267,0.97717917,0.92827773,0.92827773,0.97910875,0.8737445,0.8533627,0.8485361,0.860991,0.8,0.9,0.95,0.96666664,0.98333335,0.6343288,0.8251825,0.8251825,0.8275658,0.8275658,1.0,1.0,1.0,1.0,1.0,0.2,0.1,0.55,0.06666667,0.53333336,0.8,0.9,0.45,0.93333334,0.46666667,-0.062968865,0.5584454,0.34653386,0.1452397,-0.16925621,0.45770252,0.5900935,0.1528479,0.31587502,0.24894036,0.6,0.7,0.55,0.53333336,0.43333334,0.4,0.3,0.45,0.46666667,0.56666666,0.2,0.4,0.1,0.06666667,-0.13333334,0.8766577,0.8776234,0.63363487,0.67844164,0.52827936,0.123342305,0.122376606,0.36636516,0.3215584,0.47172067,0.7533154,0.75524676,0.26726967,0.35688326,0.05655869,1.087613,0.9873485,0.86477065,0.91983443,0.8590627,0.30009148,0.30982393,0.29828027,0.28718668,0.2645229,1.3568851,1.1763701,1.2615185,1.3059452,1.3879167,0.3355419,0.48092502,0.5223453,0.5041977,0.5079094,0.6644581,0.519075,0.4776547,0.4958023,0.49209058,-0.3289162,-0.03814995,0.044690605,0.008395377,0.015818855
SZ002371,0.14529829406020559,1.0,,2026-03-17,-0.0131795835,0.033683475,-0.3912774,0.018311001,0.54361975,0.0021928905,0.06510285,-0.029297695,-0.8697943,1.0133556,1.0319111,0.9977778,1.0159585,1.0155575,0.9914659,1.0755577,1.102712,1.0068892,1.0144763,1.0161494,1.038644,1.0466409,1.0590627,0.009920711,0.01330801,0.03306688,0.033117395,0.048741747,-0.0060578356,-0.0011668688,-0.0041856715,-0.0024840394,-0.00021825083,0.9321577,0.07047406,0.5608051,0.4360199,0.0061151832,-0.0023606573,-0.010898518,0.001119876,-0.01062236,-0.05262435,1.0326676,1.0494659,1.1104012,1.1286237,1.1866671,0.98229027,0.9677783,0.9677783,0.9677783,0.9677783,1.0195341,1.0281515,1.0745426,1.0764999,1.1056377,1.0083745,1.0046937,1.009548,1.0171212,1.014713,0.2,0.2,0.15,0.1,0.13333334,0.35154107,0.39444992,0.22592217,0.20032685,0.14720567,0.6,0.2,0.3,0.033333335,0.4,0.8,0.4,0.7,0.8,0.9,-0.2,-0.2,-0.4,-0.76666665,-0.5,0.6148034,-0.114785746,0.02679669,0.21304011,0.5060012,0.6868464,-0.23013872,0.04024783,-0.017354373,0.14871533,0.2,0.4,0.4,0.43333334,0.46666667,0.8,0.6,0.6,0.56666666,0.53333336,-0.6,-0.2,-0.2,-0.13333334,-0.06666667,0.29384345,0.534849,0.3740144,0.389532,0.49671152,0.70615655,0.46515098,0.6259856,0.610468,0.5032885,-0.4123131,0.06969801,-0.2519712,-0.220936,-0.0065769725,1.2131754,1.2329594,1.2797173,1.4111847,1.5527545,0.13410969,0.26255614,0.32631743,0.40395203,0.5162563,0.57019216,1.1588165,1.0128642,1.2132455,1.1641796,0.49571213,0.43839493,0.48004413,0.4694077,0.50020766,0.5042879,0.5616051,0.5199559,0.5305923,0.49979234,-0.008575741,-0.12321016,-0.039911777,-0.061184596,0.0004153425
SH600160,0.1361693373303677,1.0,,2026-03-17,-0.009162217,0.032460693,-0.28225577,0.021989554,0.677421,0.0013089214,0.040323272,-0.02984285,-0.9193534,1.009247,1.0314398,0.998679,1.0146106,1.0935262,1.1136209,1.0443853,1.0384876,0.9464297,1.0298063,1.0632538,1.0711821,1.0574049,1.0239888,0.03113885,0.04304319,0.038945943,0.04077979,0.049863555,-0.019180821,-0.012313636,-0.0015084937,0.0012295117,0.0021517936,0.9485698,0.75019675,0.05250861,0.07044935,0.5679821,0.008555426,-0.007842405,-0.056851383,-0.075232804,-0.08746671,1.095648,1.1413463,1.1603765,1.1603765,1.1603765,0.98125684,0.98125684,0.98125684,0.9799351,0.91933566,1.0528941,1.0943748,1.0980301,1.0918479,1.0742476,1.0033941,1.0192367,1.0431172,1.0192367,0.9861528,0.2,0.1,0.05,0.13333334,0.38333333,0.16385157,0.11707932,0.10464046,0.11119895,0.33464992,0.2,0.3,0.45,0.6333333,0.81666666,0.8,0.9,0.95,0.3,0.05,-0.6,-0.6,-0.5,0.33333334,0.76666665,-0.102070875,-0.096824035,0.3791263,0.2586069,0.34925562,-0.61160845,-0.16757026,0.3762428,0.3518351,0.21686585,0.0,0.3,0.5,0.5,0.51666665,1.0,0.7,0.5,0.5,0.48333332,-1.0,-0.4,0.0,0.0,0.033333335,0.0,0.25947508,0.4477613,0.46874174,0.5252895,1.0,0.74052495,0.5522387,0.5312583,0.47471052,-1.0,-0.48104984,-0.10447743,-0.06251654,0.05057893,1.2610394,1.253107,1.2415684,1.3043983,1.3080155,0.25467327,0.2589172,0.3284977,0.35686594,0.48946533,0.51736903,0.616049,0.8689254,0.8757565,0.9519589,0.5144563,0.4168245,0.49500883,0.44505647,0.49980685,0.48554373,0.5831755,0.5049912,0.5549435,0.5001932,0.028912572,-0.166351,-0.0099823335,-0.10988703,-0.00038631365
SH600025,0.133727290968182,1.0,,2026-03-17,-0.010556633,0.023992294,-0.44000098,0.010556633,0.44000098,0.002879029,0.11999807,-0.018234236,-0.76000386,1.0106692,1.0213386,0.9970903,1.0076284,1.0055119,0.9511811,0.8866142,0.88267714,0.91653544,1.0152756,1.003622,0.9518504,0.92790025,0.9107218,0.010425276,0.01778281,0.057100847,0.05778716,0.044680454,-0.006141744,0.0039608665,0.00911669,0.005964457,0.0015199541,0.86765736,0.45476922,0.89218974,0.8256212,0.35296014,-0.0029920985,-0.021445952,-0.038458947,-0.014384897,0.04443956,1.0338094,1.0338094,1.0338094,1.0338094,1.0338094,0.9937493,0.9332158,0.8728635,0.8592856,0.8592856,1.0234646,1.0184252,1.0064567,1.0011023,0.9176378,1.008189,0.99527556,0.88818896,0.88,0.88267714,0.2,0.4,0.7,0.8,0.9,0.15603279,0.66390073,0.78993285,0.80627596,0.80627596,0.6,0.8,0.9,0.93333334,0.96666664,0.2,0.1,0.2,0.1,0.55,0.4,0.7,0.7,0.8333333,0.41666666,0.6871142,-0.55128235,0.73650414,0.69452536,0.6436758,0.4131862,0.4719416,0.56182265,0.5536642,0.34739473,0.4,0.6,0.6,0.56666666,0.48333332,0.6,0.3,0.35,0.4,0.46666667,-0.2,0.3,0.25,0.16666667,0.016666668,0.4406772,0.7421875,0.79268295,0.73354256,0.6104167,0.5593228,0.2578125,0.20731704,0.26645747,0.3895833,-0.11864561,0.48437503,0.5853659,0.46708506,0.22083339,1.1849288,1.4525999,1.1459253,1.0251926,0.86095613,0.17863494,0.38369852,0.55400085,0.49092543,0.41404974,0.73261535,0.8926714,1.055835,1.1672645,1.3798199,0.3028125,0.33416978,0.5473114,0.509421,0.5181181,0.69718754,0.66583025,0.4526886,0.49057898,0.48188192,-0.39437506,-0.33166048,0.09462281,0.018842023,0.036236156
SH600011,0.1314052593096731,1.0,,2026-03-17,-0.017060308,0.030183665,-0.5652166,0.011811013,0.39130482,0.0013123438,0.043478608,-0.027558977,-0.9130428,1.0173564,1.0293725,0.99866486,1.0123005,1.0040383,0.9919233,0.9293286,0.98662287,1.0441695,1.0300353,1.0167844,0.9824331,0.9659347,0.9904215,0.02134737,0.021397889,0.041955635,0.042245112,0.044648673,-0.009111551,0.003495328,0.0065308395,0.004009671,-0.0010778622,0.45544487,0.24459378,0.8480578,0.6981781,0.17774986,-0.0118122045,-0.032513402,-0.044476066,-0.024074923,0.041375462,1.0682374,1.0682374,1.0682374,1.0682374,1.0856037,0.9868003,0.97327214,0.92124456,0.90667766,0.90667766,1.0490156,1.033266,1.0169611,1.0056537,1.0363957,1.0161535,0.9997476,0.9316002,0.92877334,0.9424028,0.2,0.3,0.65,0.76666665,0.65833336,0.16208458,0.281449,0.5357774,0.5776337,0.52156925,0.6,0.8,0.9,0.93333334,0.18333334,0.2,0.1,0.2,0.2,0.6,0.4,0.7,0.7,0.73333335,-0.41666666,0.7993011,0.6688632,0.66360986,0.6944629,-0.020093255,0.70438164,0.5488014,0.15637718,0.018769978,-0.17400976,0.4,0.4,0.5,0.4,0.5,0.6,0.6,0.4,0.46666667,0.43333334,-0.2,-0.2,0.1,-0.06666667,0.06666667,0.4798995,0.5273972,0.6508621,0.5201829,0.4638281,0.5201005,0.47260278,0.3491379,0.4798171,0.5361719,-0.040201005,0.05479446,0.30172417,0.040365793,-0.07234383,1.46472,1.3382264,1.2274555,1.0725901,0.88997334,0.29953352,0.24844718,0.5600713,0.5266445,0.46004987,0.5112213,0.69093275,0.9387613,1.0322896,1.3960403,0.45177302,0.30366763,0.53841907,0.50845075,0.5212083,0.54822695,0.6963324,0.46158093,0.49154925,0.47879174,-0.096453935,-0.39266473,0.07683811,0.016901482,0.042416517
SZ300014,0.12480297831329336,0.875,,2026-03-17,-0.015494945,0.04232427,-0.36610067,0.024820704,0.5864414,0.0020086232,0.04745795,-0.038307026,-0.90508413,1.0157388,1.0409502,0.9979598,1.017479,0.9178065,0.8972621,0.9354409,0.9586098,1.027538,1.0021852,0.9483654,0.9357311,0.9299751,0.96382725,0.011427411,0.05837436,0.04459609,0.038252205,0.04694477,0.0031478747,0.017761096,0.0035500755,0.0018640358,-0.0016935912,0.18970518,0.8486072,0.22179389,0.18403366,0.39695615,-0.008481021,-0.028290333,0.030543182,0.042996414,0.08613371,1.046776,1.046776,1.046776,1.046776,1.0693632,0.9137251,0.8504758,0.8504758,0.8504758,0.8504758,1.0093564,1.0013702,0.99125415,0.9495199,1.0056772,0.9934426,0.88551104,0.89679426,0.89737624,0.9176606,0.6,0.8,0.9,0.93333334,0.725,0.6484353,0.7617119,0.7617119,0.7617119,0.6831101,0.8,0.9,0.95,0.96666664,0.18333334,0.2,0.4,0.7,0.8,0.9,0.6,0.5,0.25,0.16666667,-0.71666664,-0.26087967,0.8679886,0.65343255,0.5532703,0.12129562,0.8911192,0.8679349,0.56178063,0.5501411,0.44686595,0.6,0.5,0.55,0.53333336,0.53333336,0.4,0.5,0.45,0.46666667,0.46666667,0.2,0.0,0.1,0.06666667,0.06666667,0.7808908,0.75195414,0.59209573,0.536355,0.48725796,0.21910918,0.24804589,0.40790427,0.46364495,0.51274204,0.56178164,0.5039082,0.1841915,0.07271008,-0.025484081,1.3185947,0.9677838,0.81684023,0.8199326,0.7965924,0.36838987,0.46045953,0.39311364,0.34647056,0.29471844,1.2398152,1.5676011,1.6737754,1.4191227,1.3019818,0.56962466,0.49694115,0.5335988,0.5035029,0.51487106,0.43037534,0.50305885,0.4664012,0.4964971,0.48512897,0.13924931,-0.006117677,0.0671976,0.0070058033,0.029742073
SZ002311,0.12258501361901342,1.0,,2026-03-17,-0.032906175,0.03550392,-0.92683214,0.0020782147,0.058534794,0.00051953207,0.014633091,-0.034464855,-0.9707338,1.0340258,1.0361748,0.9994628,1.0165979,0.97277224,0.9679268,0.9634503,0.92980295,0.9684679,1.0086972,0.99114543,0.978995,0.96443415,0.96093374,0.017804334,0.024648355,0.02200326,0.031208843,0.026645299,0.005088907,0.006341895,0.0026828893,0.003018968,0.0003985611,0.20423852,0.6068393,0.52035475,0.7252093,0.06824148,-0.01887497,-0.019683968,-0.0044824546,-0.0082092015,0.0273087,1.0521035,1.0521035,1.0521035,1.0521035,1.0521035,0.960052,0.943039,0.942143,0.88109344,0.88109344,1.0164055,1.0118455,0.99512017,0.9823745,0.98098236,0.9971321,0.97269845,0.9648277,0.9443294,0.9438277,0.4,0.7,0.85,0.9,0.93333334,0.43397427,0.5222688,0.52616155,0.69531894,0.69531894,0.8,0.9,0.95,0.96666664,0.98333335,0.2,0.2,0.25,0.06666667,0.53333336,0.6,0.7,0.7,0.9,0.45,0.85973364,0.5381518,0.5410279,-0.10275773,-0.15020539,0.8544408,0.65147364,0.3316011,0.3993624,0.24889621,0.8,0.6,0.5,0.5,0.43333334,0.2,0.4,0.5,0.5,0.53333336,0.6,0.2,0.0,0.0,-0.1,0.6429123,0.583934,0.56146604,0.57721865,0.52007395,0.35708764,0.416066,0.438534,0.42278132,0.47992605,0.28582472,0.16786799,0.12293205,0.15443733,0.040147893,1.1045353,1.0720083,0.9293232,1.0674578,1.0157039,0.30136627,0.25816944,0.2724148,0.373477,0.33574367,0.7161879,0.81558466,0.9722873,0.98868096,1.0159113,0.5648694,0.4609181,0.47437793,0.47512025,0.50378823,0.43513063,0.53908193,0.52562207,0.52487975,0.49621177,0.12973875,-0.07816381,-0.051244143,-0.049759522,0.007576464
SH600674,0.1207802223004097,1.0,,2026-03-17,-0.0019305355,0.019305123,-0.1000012,0.012870083,0.6666667,0.0045045055,0.23333213,-0.010296112,-0.53333575,1.0019343,1.0148293,0.9954868,1.0055394,1.0180563,0.96710086,0.9103731,0.89877164,0.93229645,1.0184373,1.0078652,0.9634398,0.9412174,0.92610663,0.01961572,0.02181444,0.05076158,0.052293256,0.040525187,-0.009994899,0.0033835822,0.007878766,0.0053827884,0.0013261546,0.6490652,0.22053465,0.8431682,0.82115465,0.32661647,0.001552537,-0.023091273,-0.0382881,-0.019267872,0.0347718,1.0547986,1.0547986,1.0547986,1.0547986,1.0547986,0.9954868,0.94776356,0.8923262,0.8716847,0.8716847,1.0317221,1.0215367,1.0144393,1.0006427,0.9365503,1.0025705,0.98697686,0.9094689,0.8968438,0.89979535,0.2,0.4,0.7,0.8,0.9,0.07609301,0.4880311,0.66272044,0.7007402,0.7007402,0.6,0.8,0.9,0.93333334,0.96666664,1.0,0.1,0.2,0.1,0.55,-0.4,0.7,0.7,0.8333333,0.41666666,0.6617606,0.24333827,0.7080623,0.6543484,0.6000477,0.25973764,0.59888506,0.5355347,0.49690387,0.2713919,0.4,0.5,0.5,0.5,0.41666666,0.6,0.5,0.45,0.46666667,0.51666665,-0.2,0.0,0.05,0.033333335,-0.1,0.38331476,0.6197967,0.6834263,0.66255695,0.5714457,0.6166853,0.38020328,0.31657368,0.33744308,0.4285543,-0.23337048,0.23959343,0.36685267,0.32511386,0.14289139,1.8375345,2.1312094,1.7314222,1.530432,1.1774929,0.5143322,0.79323184,0.9875712,0.86983943,0.7375269,0.8829702,1.1091594,1.1680663,1.3031697,1.5786996,0.20267545,0.3637933,0.5063726,0.49880257,0.5063924,0.79732454,0.6362067,0.49362743,0.50119746,0.49360758,-0.5946491,-0.27241337,0.0127451485,-0.0023948797,0.012784824
SH600023,0.11339448154483237,1.0,,2026-03-17,-0.0054844813,0.02193783,-0.2500011,0.01462522,0.6666667,0.0018281282,0.08333223,-0.018281573,-0.8333355,1.0055147,1.0202206,0.9981618,1.0088077,1.0036765,0.99264705,0.91544116,0.9191177,0.94485295,1.0172794,1.0112133,0.97821695,0.9560049,0.941636,0.014967822,0.012630596,0.041974496,0.04668397,0.037421882,-0.006433822,0.0013034798,0.0064172377,0.004861611,0.0011523318,0.46191376,0.09762754,0.81807536,0.8404783,0.28920358,-0.0044117817,-0.017078904,-0.039180685,-0.026498273,0.024370167,1.0441176,1.0441176,1.0441176,1.0441176,1.0441176,0.9816177,0.976103,0.9099265,0.8988971,0.8988971,1.0268383,1.0180147,1.0095588,1.007353,0.9823529,1.0058824,1.0029413,0.9268383,0.91176474,0.91176474,0.2,0.2,0.6,0.73333335,0.8666667,0.2941171,0.3513511,0.67123306,0.6962026,0.6962026,0.4,0.7,0.85,0.9,0.95,0.2,0.1,0.2,0.2,0.41666666,0.2,0.6,0.65,0.7,0.53333336,0.98623,0.26814133,0.5827217,0.48440492,0.28003597,0.95369744,0.6406882,0.6178697,0.502261,-0.06365122,0.4,0.5,0.6,0.56666666,0.51666665,0.6,0.5,0.4,0.43333334,0.41666666,-0.2,0.0,0.2,0.13333334,0.1,0.4749997,0.53571427,0.69827586,0.6571429,0.5625,0.5250003,0.46428576,0.3017241,0.34285715,0.43749997,-0.050000597,0.07142851,0.39655176,0.31428573,0.12500006,1.3343275,1.4421315,1.4411885,1.3532299,1.159226,0.33861592,0.3508224,0.56527823,0.5319464,0.5456438,0.60593873,0.8038203,0.8967362,1.034786,1.165141,0.4541844,0.3106814,0.53007907,0.4620972,0.51043993,0.5458156,0.6893186,0.46992096,0.53790283,0.48956007,-0.09163116,-0.3786372,0.0601581,-0.07580563,0.020879837
SH600660,0.09519258213828907,1.0,,2026-03-17,-0.00084487617,0.025177406,-0.03355692,0.022135865,0.87919563,0.0021966645,0.087247446,-0.020784076,-0.8255051,1.0008456,1.0230001,0.9978015,1.00831,0.99780244,1.0120078,1.0170811,1.022831,1.0400822,1.005311,0.99989927,1.011805,1.0212475,1.0385964,0.0067477855,0.009726292,0.017146043,0.021729019,0.027898842,-0.0036363609,0.0009777743,-0.0015955504,-0.001826069,-0.0012166157,0.7260248,0.09263904,0.30308276,0.5473383,0.58000845,0.0019617127,-0.004299234,0.0033526535,0.0052304603,-0.0027062776,1.0230001,1.0230001,1.0542879,1.0727224,1.0994433,0.9803823,0.9616109,0.9616109,0.9616109,0.9616109,1.0107234,1.0071721,1.0228649,1.0444114,1.0605109,0.9993912,0.99638116,0.99807304,1.0032469,1.0128195,0.4,0.6,0.3,0.2,0.1,0.46031594,0.62533873,0.41422445,0.34550044,0.27852005,1.0,1.0,0.3,0.033333335,0.23333333,0.8,0.4,0.7,0.8,0.9,0.2,0.6,-0.4,-0.76666665,-0.6666667,-0.7110315,-0.49553293,0.09157644,0.4037618,-0.23665115,-0.14109656,-0.5863312,-0.25946897,-0.032805603,-0.07685564,0.6,0.5,0.5,0.5,0.51666665,0.4,0.5,0.5,0.5,0.48333332,0.2,0.0,0.0,0.0,0.033333335,0.53200585,0.44409078,0.45917487,0.46859035,0.4680498,0.46799418,0.5559092,0.5408251,0.5314097,0.53195024,0.06401166,-0.11181843,-0.08165024,-0.06281932,-0.06390041,0.7445243,0.7124279,0.8191373,0.9460065,0.8340429,0.17243943,0.1588752,0.28003547,0.3832387,0.34573564,0.6150278,0.6883222,1.2515453,1.3164418,1.3666973,0.78982496,0.5390685,0.48148277,0.48568955,0.5134621,0.21017504,0.46093148,0.51851726,0.5143105,0.48653784,0.5796499,0.078137055,-0.037034478,-0.028620917,0.026924286
SH601012,0.09270472859390118,0.875,,2026-03-17,0.0010655039,0.035695247,0.029850023,0.034096938,0.95522356,0.00053280283,0.014926436,-0.03249863,-0.91044706,0.99893564,1.0340606,0.9984034,1.0158536,0.98775154,0.95742726,1.0207467,1.0159714,0.95157284,1.0012788,0.9815869,0.97927207,0.9827407,0.9789816,0.0051971483,0.025204519,0.019825473,0.023809157,0.026430193,-0.0013840264,0.0073668784,0.000829287,-0.00022807506,0.00027792063,0.1772958,0.78310794,0.061239354,0.0071116313,0.033724125,0.0014892641,-0.014737832,0.012849683,0.020566411,0.012819722,1.0361947,1.0361947,1.0361947,1.0510818,1.0670629,0.9787121,0.93560636,0.93560636,0.93560636,0.91005987,1.0050073,1.0008526,1.0,1.0011816,1.0002158,0.9988291,0.9554093,0.9630605,0.9630605,0.9579669,0.5,0.75,0.825,0.75,0.7916667,0.37033665,0.6401701,0.6401701,0.55763906,0.57285625,0.6,0.8,0.9,0.33333334,0.5,0.2,0.1,0.55,0.7,0.45,0.4,0.7,0.35,-0.36666667,0.05,0.60430104,0.86594033,0.64708775,0.64379805,0.570482,0.63107497,0.6629844,0.45688757,0.5715523,0.5861335,0.6,0.7,0.5,0.5,0.5,0.4,0.3,0.5,0.5,0.5,0.2,0.4,0.0,0.0,0.0,0.65337783,0.70199674,0.4530354,0.48423862,0.5222225,0.34662217,0.2980033,0.5469646,0.5157614,0.4777775,0.30675566,0.40399346,-0.09392916,-0.031522755,0.044444997,0.95596814,0.7675307,0.6772503,0.8255335,0.7591545,0.19526793,0.25544134,0.22117561,0.32780018,0.38518557,0.3082964,0.5042856,0.5367698,1.2547064,1.5915347,0.6193815,0.53683555,0.42472675,0.4377491,0.52173656,0.3806185,0.46316445,0.5752732,0.5622509,0.4782634,0.23876294,0.073671095,-0.15054648,-0.12450184,0.043473158
SH603259,0.0924551360932278,1.0,,2026-03-17,0.01237268,0.03788458,0.3265888,0.023212532,0.6127171,0.0022993702,0.06069409,-0.008540481,-0.22543423,0.98777854,1.0229288,0.98550725,1.0068656,1.018273,1.0139384,1.0674826,1.046065,1.0101564,0.9933538,0.9974546,1.0374109,1.038338,1.0371104,0.009332459,0.01135248,0.048251793,0.040416893,0.0458536,-0.0018018084,-0.0010793803,-0.0074238717,-0.0022261406,0.00035256037,0.09318906,0.082866475,0.8285181,0.23511538,0.018031007,0.010249855,0.0074026566,0.033115983,-0.0060588615,-0.04751102,1.0269115,1.0269115,1.1527102,1.1527102,1.157134,0.96399,0.96366554,0.96366554,0.96366554,0.95717335,1.0009264,1.0055244,1.085934,1.0699729,1.0724291,0.9847952,0.98529667,0.99500257,0.9999745,0.9940252,0.8,0.7,0.35,0.23333333,0.28333333,0.5723004,0.57449424,0.19220035,0.19220035,0.21417531,0.2,0.6,0.15,0.43333334,0.36666667,0.8,0.4,0.7,0.8,0.05,-0.6,0.2,-0.55,-0.36666667,0.31666666,0.42051515,0.03561588,0.42803368,0.3291286,0.5115732,0.9246603,0.021741495,0.37182525,0.3529734,0.5062562,0.4,0.5,0.4,0.46666667,0.46666667,0.6,0.5,0.55,0.5,0.48333332,-0.2,0.0,-0.15,-0.033333335,-0.016666668,0.32661253,0.45092747,0.39765397,0.45175356,0.49437726,0.67338747,0.5490725,0.602346,0.54824644,0.50562274,-0.3467749,-0.09814505,-0.20469204,-0.09649286,-0.011245492,0.70409983,0.7101779,0.7650146,0.817194,0.9187783,0.17293693,0.1282421,0.18024819,0.196691,0.30899915,0.62145144,0.7002451,0.74088967,0.72769743,1.3196733,0.7042654,0.542677,0.55099857,0.50151443,0.49533552,0.2957346,0.45732298,0.44900143,0.49848557,0.5046645,0.40853077,0.08535402,0.10199711,0.003028886,-0.009328981
SH600741,0.09239491671734726,1.0,,2026-03-17,-0.0015872858,0.019047607,-0.08333255,0.016931197,0.88888836,0.0005291249,0.027779076,-0.017989358,-0.94444185,1.0015898,1.0185479,0.99947006,1.0097457,0.99099237,1.0127189,1.0121875,1.0704854,1.0461105,1.0032878,0.9945972,1.0084556,1.0093653,1.0396158,0.0030777499,0.012155056,0.01741368,0.017876958,0.034827627,-0.0018024468,0.002543444,-0.001699535,-0.0007163799,-0.0014487995,0.8574292,0.4013672,0.33338583,0.1244518,0.52779907,0.00031705212,-0.006042715,0.0076899906,0.001022136,0.003123777,1.0185479,1.0185479,1.0371027,1.0747277,1.1065205,0.9862247,0.97032875,0.97032875,0.97032875,0.97032875,1.0053037,1.0039238,1.0245948,1.0235336,1.0705917,1.0004252,0.9821991,0.99819845,0.99883443,1.0068927,0.2,0.5,0.25,0.23333333,0.11666667,0.42617318,0.61534125,0.44435346,0.28421032,0.21786368,1.0,1.0,0.4,0.033333335,0.46666667,0.2,0.4,0.7,0.8,0.9,0.8,0.6,-0.3,-0.76666665,-0.43333334,0.33921602,-0.8538798,-0.43533376,-0.09975586,0.035834733,-0.11124587,-0.68477595,-0.17359114,-0.37597078,0.09655121,0.4,0.4,0.45,0.46666667,0.43333334,0.6,0.6,0.55,0.53333336,0.55,-0.2,-0.2,-0.1,-0.06666667,-0.11666667,0.67336833,0.45161054,0.4714665,0.40902206,0.46353203,0.32663164,0.54838943,0.5285335,0.5909779,0.53646797,0.3467367,-0.09677892,-0.057066992,-0.18195584,-0.07293593,1.0466,1.2249454,1.1478425,1.4893945,1.4339979,0.11425274,0.23553245,0.23940621,0.73596096,0.62712616,1.2807596,1.0040703,1.0624182,1.2079268,1.2721226,0.35621175,0.41228867,0.48139247,0.44343856,0.49425516,0.6437883,0.58771133,0.5186075,0.55656147,0.5057448,-0.28757653,-0.17542267,-0.037215035,-0.113122895,-0.011489667
SH603195,0.08605733451362753,1.0,,2026-03-17,-0.0016252334,0.017877845,-0.09090768,0.014163016,0.79221046,0.002089596,0.116881855,-0.013698654,-0.7662363,1.0016279,1.015814,0.997907,1.0079018,1.0179033,1.0,1.0060586,0.98631716,0.9883594,1.00968,1.0047039,1.0054221,1.0026753,0.9882948,0.008418507,0.01133639,0.011311106,0.016174834,0.020620076,-0.0042069475,0.0018808903,0.00015206513,0.0006186895,0.0007412448,0.6243155,0.2523416,0.0063258247,0.11338813,0.39413288,-0.0012661638,-0.013167891,-0.006866675,-0.011646287,-0.010161478,1.0255606,1.0255606,1.0320674,1.0327873,1.0327873,0.99724334,0.9732427,0.9732427,0.9553555,0.94883734,1.0158067,1.0156705,1.0156705,1.0180395,1.0071205,1.0011436,0.9992784,0.9970729,0.99361473,0.9699387,0.2,0.4,0.375,0.38333333,0.675,0.09734915,0.51143646,0.4548654,0.5765651,0.6094421,0.6,0.8,0.35,0.26666668,0.6333333,0.8,0.1,0.55,0.1,0.21666667,-0.2,0.7,-0.2,0.16666667,0.41666666,-0.71973825,-0.36453143,0.11462349,-0.09291647,0.11988626,-0.46273386,-0.13845953,0.15564573,0.47156903,0.37763223,0.2,0.4,0.4,0.43333334,0.46666667,0.8,0.6,0.55,0.53333336,0.5,-0.6,-0.2,-0.15,-0.1,-0.033333335,0.18615855,0.5,0.48237622,0.5192714,0.511326,0.81384146,0.5,0.5176238,0.48072863,0.48867396,-0.6276829,0.0,-0.035247575,0.03854276,0.022652067,0.86782086,0.85226405,0.9314232,1.2101525,1.0983373,0.24381997,0.22049493,0.29317352,0.63111603,0.5030567,1.4066381,1.025897,0.90856725,1.9268396,2.1784444,0.52552015,0.3972036,0.46924356,0.476835,0.50033617,0.47447982,0.6027964,0.5307565,0.523165,0.4996638,0.05104033,-0.20559278,-0.061512914,-0.04632998,0.0006723923
SH600031,0.08336007940396961,1.0,,2026-03-17,-0.010957627,0.02191518,-0.50000167,0.010957555,0.49999836,0.0,0.0,-0.02191518,-1.0,1.0110791,1.022158,1.0,1.0086874,1.0626179,1.068877,1.1358411,1.1103109,1.0158947,1.0275526,1.0409912,1.0849692,1.0872657,1.0653007,0.028856317,0.026369156,0.05243507,0.046635184,0.04719287,-0.017532647,-0.006611982,-0.0083132535,-0.0025162674,0.001244521,0.9228968,0.5763447,0.87976456,0.22562535,0.21210529,0.0075127007,-0.011237311,-0.005993298,-0.050779834,-0.102014035,1.0761038,1.0948888,1.170036,1.170036,1.170036,0.99855703,0.99855703,0.99855703,0.99855703,0.9845869,1.0432551,1.0628101,1.1468166,1.1269761,1.1106,1.00347,1.020523,1.0340074,1.0519245,1.0172471,0.2,0.1,0.05,0.033333335,0.075,0.018607715,0.014979151,0.008414843,0.008414843,0.083112374,0.2,0.2,0.3,0.53333336,0.76666665,0.8,0.9,0.95,0.96666664,0.13333334,-0.6,-0.7,-0.65,-0.43333334,0.6333333,0.19154209,-0.068649665,-0.29291743,-0.12495307,0.35584512,-0.75380945,-0.46797264,-0.34027207,0.16355744,0.3112613,0.2,0.3,0.4,0.4,0.5,0.8,0.7,0.6,0.6,0.5,-0.6,-0.4,-0.2,-0.2,0.0,0.11308425,0.29743284,0.3094404,0.40336996,0.4914557,0.88691574,0.70256716,0.69055957,0.59663004,0.50854427,-0.7738315,-0.40513432,-0.3811192,-0.19326009,-0.017088572,1.2747321,1.2680542,1.2047254,1.2936707,1.25526,0.35966897,0.2948016,0.26364562,0.3550346,0.38016725,1.038328,1.0165795,0.98637176,1.3637599,1.3592598,0.4172191,0.4262731,0.47523344,0.4651759,0.50224155,0.5827809,0.5737269,0.52476656,0.53482413,0.49775845,-0.16556178,-0.14745378,-0.04953311,-0.06964822,0.0044830916
SH600050,0.07766769600281684,1.0,,2026-03-17,-0.011904785,0.017857179,-0.6666667,0.0039682374,0.22222085,0.0019841555,0.11111248,-0.013888868,-0.77777505,1.0120482,1.0160643,0.9979919,1.0080183,0.9956427,0.98257077,0.9760348,1.0239651,1.0479302,1.0100218,1.0009804,0.98976034,0.9916485,1.0159042,0.006643983,0.012520122,0.015325711,0.020410156,0.03172871,-0.0023965097,0.003017099,0.0022687442,0.00014540517,-0.0011579106,0.32526803,0.5323208,0.7670043,0.0039334055,0.40620476,-0.0052287704,-0.01455734,-0.011313419,0.0062431144,0.01825422,1.028563,1.028563,1.028563,1.045813,1.1104286,0.9939115,0.96381646,0.96381646,0.96013564,0.96013564,1.0132897,1.0102397,1.0019608,1.0102397,1.0342047,1.0078431,0.99542487,0.9755991,0.9738562,0.98039216,0.2,0.6,0.8,0.73333335,0.36666667,0.17570658,0.55884856,0.55884856,0.46528444,0.26524436,0.6,0.8,0.9,0.06666667,0.33333334,0.2,0.1,0.55,0.23333333,0.6166667,0.4,0.7,0.35,-0.16666667,-0.28333333,0.6169183,-0.032331973,0.40707797,0.44563773,0.33472136,0.7361036,0.48073083,0.32705414,-0.04906894,0.18295139,0.4,0.4,0.45,0.43333334,0.43333334,0.6,0.5,0.45,0.46666667,0.48333332,-0.2,-0.1,0.0,-0.033333335,-0.05,0.547619,0.6081085,0.59166694,0.45132732,0.45358652,0.45238099,0.39189148,0.40833306,0.5486727,0.5464135,0.095238015,0.21621704,0.18333387,-0.09734534,-0.09282699,1.1143959,1.1095076,0.99920607,1.1636378,1.1844527,0.32145473,0.29757136,0.3050135,0.55800366,0.6636621,0.6365872,0.9714644,1.0390921,2.1868901,1.8610643,0.5399263,0.43638122,0.5259412,0.4800903,0.50683665,0.46007368,0.5636188,0.4740588,0.5199097,0.49316332,0.079852626,-0.12723759,0.051882397,-0.039819393,0.013673364
SH600016,0.07663520318925758,1.0,,2026-03-17,-0.00254451,0.010178101,-0.2499985,0.007633591,0.7500015,0.0,0.0,-0.010178101,-1.0,1.002551,1.0102041,1.0,1.0051969,1.0050744,1.0,1.002572,0.9591964,0.997428,1.0086751,0.99973583,1.0006325,0.989791,0.98430884,0.0073433765,0.012238056,0.011011875,0.020486165,0.017974824,-0.004073401,0.0028335631,-2.498247e-05,0.0016106376,0.000309681,0.76924163,0.49141946,0.00018014252,0.47904474,0.090531476,-0.00052828674,-0.012486879,-0.00039521535,-0.013145236,0.0065556015,1.0255246,1.0255246,1.0255387,1.0255387,1.0255387,0.9974151,0.97191066,0.97191066,0.94385654,0.94385654,1.0137495,1.0107187,1.0107187,1.0055888,1.0005144,1.0020576,0.98978174,0.98978174,0.97090226,0.9668428,0.2,0.5,0.475,0.6166667,0.7916667,0.0919582,0.523919,0.52378076,0.6873403,0.6873403,0.6,0.8,0.1,0.4,0.7,0.2,0.1,0.55,0.1,0.55,0.4,0.7,-0.45,0.3,0.15,0.88952297,0.12204344,0.42011413,-0.1201724,0.041974016,0.32237643,-0.14226447,0.23556636,0.42416275,0.30724406,0.4,0.4,0.35,0.4,0.36666667,0.6,0.4,0.5,0.46666667,0.5,-0.2,0.0,-0.15,-0.06666667,-0.13333334,0.41723344,0.5,0.49146295,0.58159584,0.503133,0.5827666,0.5,0.50853705,0.41840416,0.49686703,-0.16553314,0.0,-0.01707411,0.16319166,0.006265958,1.2706875,1.3033994,1.3213394,1.4680501,1.3581382,0.23763642,0.26891333,0.29694724,0.39579177,0.36388043,0.41726834,1.0088037,0.94326633,0.93014,1.0117013,0.24056895,0.3897137,0.4240864,0.47687092,0.49310508,0.75943106,0.6102863,0.5759136,0.52312905,0.50689495,-0.5188621,-0.22057258,-0.1518272,-0.04625813,-0.013789858
SH603296,0.07583330091280986,1.0,,2026-03-17,-0.035666164,0.041498423,-0.85945827,0.0049349577,0.118919164,0.00089730223,0.021622563,-0.03970382,-0.95675486,1.0369853,1.0421028,0.9990695,1.0144694,1.0078441,1.0054181,0.97646767,1.052806,1.086851,1.037134,1.0212114,1.0254892,1.0118605,1.0484123,0.023002762,0.02558691,0.027289493,0.033421416,0.047773685,-0.009623152,0.0030499073,0.0003194546,0.0016261534,-0.0015745474,0.43753693,0.13024138,0.0047961785,0.18347421,0.33130944,-0.017887734,-0.034935936,-0.02852403,-0.035439666,-0.0019631325,1.0797212,1.0797212,1.0845323,1.0845323,1.1540486,0.9990695,0.9441735,0.9441735,0.9402072,0.9402072,1.0548924,1.0404334,1.0441209,1.0377,1.091703,1.0289826,1.0019408,1.0019408,0.978732,1.0048196,0.2,0.2,0.2,0.36666667,0.18333334,0.011537137,0.41185862,0.3977412,0.41429245,0.27961293,0.6,0.8,0.4,0.6,0.3,1.0,0.4,0.7,0.2,0.6,-0.4,0.4,-0.3,0.4,-0.3,0.58932483,0.2930224,0.5523054,0.4541627,0.41849437,0.5306577,0.09428715,0.61025655,0.53269017,0.5242475,0.4,0.5,0.4,0.36666667,0.41666666,0.6,0.5,0.6,0.6333333,0.5833333,-0.2,0.0,-0.2,-0.26666668,-0.16666667,0.46399403,0.48709068,0.5285463,0.451363,0.46104744,0.536006,0.51290935,0.4714537,0.548637,0.5389526,-0.072011955,-0.025818672,0.057092596,-0.09727398,-0.077905126,1.4524348,1.3698887,1.474312,1.4625869,1.5650206,0.48869836,0.3683618,0.48034874,0.4342833,0.49785388,0.6739216,0.58731127,1.092471,1.121207,0.95329815,0.46254095,0.4342114,0.49635965,0.44610333,0.49182817,0.5374591,0.56578857,0.50364035,0.55389667,0.50817186,-0.074918106,-0.13157718,-0.0072806855,-0.10779336,-0.01634367
SH688009,0.07549209505767723,1.0,,2026-03-17,-0.023217294,0.03150907,-0.7368448,0.0066334414,0.21052481,0.0016583353,0.05263041,-0.028192401,-0.89473915,1.0237691,1.0305603,0.9983022,1.0129974,1.0377623,0.98601407,0.9482518,0.9482518,0.9076923,1.0400001,1.0205594,0.99237764,0.97627044,0.9544989,0.030778777,0.033424016,0.040194757,0.040359356,0.037427094,-0.019440565,0.0053824983,0.0056964075,0.0038896361,0.0016557045,0.9973673,0.23771793,0.70296115,0.7198321,0.59688866,-0.0011188923,-0.0447807,-0.046493523,-0.032670148,-0.0033421472,1.0814179,1.0814179,1.0814179,1.0814179,1.0814179,0.9983022,0.9573488,0.92867136,0.9213801,0.9023067,1.0618182,1.0439161,1.0254545,1.0047553,0.97622377,1.0179021,0.99832165,0.96251756,0.9448951,0.92755246,0.2,0.35,0.625,0.75,0.875,0.020426372,0.34376928,0.4669736,0.49125817,0.5454336,0.2,0.6,0.8,0.8666667,0.93333334,1.0,0.1,0.2,0.16666667,0.41666666,-0.8,0.5,0.6,0.7,0.51666665,0.98570114,0.6133414,0.72993493,0.6779363,0.5525122,0.82076263,0.41423264,0.59516585,0.5492104,0.56739306,0.2,0.5,0.4,0.43333334,0.48333332,0.8,0.5,0.6,0.56666666,0.48333332,-0.6,0.0,-0.2,-0.13333334,0.0,0.34482756,0.5337836,0.578059,0.5614617,0.565737,0.65517247,0.4662164,0.42194098,0.43853828,0.434263,-0.31034487,0.067567214,0.15611807,0.122923434,0.131474,1.3925344,1.39505,1.1917285,1.0980453,1.0195403,0.32128733,0.28880575,0.45431742,0.40151027,0.4181658,0.68317175,0.6858249,0.973899,1.0839326,1.3547595,0.0936937,0.40848768,0.521605,0.49517205,0.49834484,0.90630627,0.5915123,0.47839502,0.5048279,0.50165516,-0.8126126,-0.18302466,0.043209985,-0.009655873,-0.0033103367
SZ000063,0.07322503074673754,1.0,,2026-03-17,-0.023173392,0.026717572,-0.8673465,0.0016357985,0.061225567,0.0019083804,0.07142791,-0.02290081,-0.8571442,1.0237231,1.0253978,0.99804634,1.0080702,1.0290256,1.0256808,1.0401853,1.1024294,1.0555384,1.0216606,1.0266565,1.0396478,1.0461172,1.0621728,0.015052182,0.018882249,0.021771407,0.029519178,0.0393631,-0.0089328,-0.0034017572,-0.002250145,-0.001953906,-0.0005786735,0.8804735,0.29751626,0.37386605,0.33954746,0.06591563,-0.003795008,-0.011348546,-0.01827139,-0.017785538,-0.04510196,1.0633601,1.068941,1.092664,1.1370356,1.1950862,0.99302095,0.97125924,0.97125924,0.97125924,0.97125924,1.0360086,1.0375715,1.0563182,1.0624105,1.1031506,1.0140706,1.0140706,1.0242842,1.0246757,1.03176,0.2,0.2,0.1,0.06666667,0.05,0.09921979,0.2942288,0.23673522,0.17337084,0.12840627,0.4,0.2,0.5,0.1,0.33333334,0.8,0.4,0.7,0.8,0.9,-0.4,-0.2,-0.2,-0.7,-0.56666666,0.9337991,0.07472463,-0.12090598,0.275625,0.5140216,0.7965234,-0.47687668,-0.32388672,-0.10207802,0.30639657,0.4,0.5,0.55,0.46666667,0.48333332,0.4,0.4,0.4,0.5,0.5,0.0,0.1,0.15,-0.033333335,-0.016666668,0.17899646,0.42457333,0.4319575,0.3887194,0.4721367,0.82100356,0.5754267,0.56804246,0.61128056,0.5278633,-0.6420071,-0.15085337,-0.13608497,-0.22256118,-0.055726595,1.3093998,1.4599988,1.354272,1.4001759,1.7469909,0.32669562,0.3877485,0.41214776,0.39895457,0.7118471,0.90983003,1.1682879,1.1623642,1.0452046,1.2477789,0.22318923,0.3599811,0.4745698,0.46786714,0.40183806,0.77681077,0.64001894,0.5254302,0.53213286,0.59816194,-0.55362153,-0.28003785,-0.050860383,-0.06426575,-0.19632387
SZ002415,0.06737853945015644,1.0,,2026-03-17,-0.0059730527,0.016661393,-0.35849664,0.007544746,0.45282808,0.0031435927,0.18867527,-0.010374206,-0.62264943,1.006009,1.013599,0.9968375,1.0058998,0.9905061,0.9585718,1.0290927,1.0218163,0.92978454,1.0049926,0.991332,0.99988717,1.0044992,0.98139673,0.00469221,0.017175775,0.022320164,0.020628452,0.036868397,-0.00069445546,0.0050211167,-0.0016087875,-0.0009960829,0.0014964613,0.05476132,0.7833924,0.18183215,0.18070051,0.50248414,-0.0036037483,-0.01392701,0.0153963035,0.009944039,-0.025542343,1.013599,1.013599,1.0461683,1.0461683,1.0461683,0.98607886,0.9471877,0.9471877,0.9471877,0.9048009,1.0096081,1.0054334,1.0230246,1.0241612,1.0133394,1.0007542,0.98064566,0.9848788,0.9894943,0.9435754,0.2,0.6,0.5,0.4,0.6166667,0.5058528,0.7952302,0.5335615,0.5335615,0.67341584,1.0,1.0,0.05,0.36666667,0.68333334,0.2,0.1,0.55,0.7,0.05,0.8,0.9,-0.5,-0.33333334,0.6333333,-0.06647432,-0.30306876,-0.17001589,0.117348164,0.5011519,0.36304316,-0.008482129,-0.3509663,0.0052770036,0.5384751,0.6,0.7,0.45,0.53333336,0.53333336,0.4,0.3,0.55,0.46666667,0.46666667,0.2,0.4,-0.1,0.06666667,0.06666667,0.6596675,0.8195403,0.4097983,0.4573578,0.5616777,0.3403325,0.18045968,0.5902017,0.5426422,0.43832234,0.319335,0.63908064,-0.18040341,-0.0852844,0.12335533,1.0086383,1.0181137,1.2025751,1.4242449,1.5211029,0.07393892,0.13639611,0.33819276,0.46945164,0.7969179,0.68776083,0.76296234,1.1647917,1.0955112,1.9239732,0.5878634,0.28894243,0.4614989,0.4172027,0.49609697,0.41213664,0.7110576,0.53850114,0.5827973,0.50390303,0.17572671,-0.42211515,-0.077002235,-0.16559455,-0.007806051
SH600039,0.06726564905979468,0.875,,2026-03-17,-0.015968064,0.025948076,-0.61538535,0.00998001,0.38461468,0.0,0.0,-0.025948076,-1.0,1.0162271,1.0263691,1.0,1.0099461,1.0151856,1.0213021,1.0050619,0.99901575,0.97869796,1.0070866,1.0226097,1.0090727,1.0024654,1.0119294,0.0077625043,0.024599832,0.025635425,0.023500772,0.024455065,0.00061867177,-0.005478573,0.0018984639,0.0015247221,-0.00014028531,0.015880235,0.45465514,0.19195157,0.32622617,0.010036599,-0.008323974,0.0020438973,-0.027108116,-0.024573805,-0.007790971,1.0334805,1.0781167,1.0781167,1.0781167,1.0801216,0.9898284,0.9898284,0.9604234,0.9604234,0.9604234,1.0111642,1.034491,1.0227222,1.0160011,1.032874,1.0007874,1.0050337,0.9880203,0.9841957,0.9919151,0.2,0.1,0.4,0.53333336,0.35,0.23301436,0.115208685,0.33626902,0.33626902,0.3306365,0.6,0.3,0.65,0.76666665,0.35,0.4,0.7,0.25,0.5,0.75,0.2,-0.4,0.4,0.26666668,-0.4,0.80861866,0.5438693,0.6416913,0.2658231,0.3045266,0.82157737,-0.05106341,0.18488534,0.019849375,0.10405407,0.4,0.5,0.5,0.53333336,0.48333332,0.6,0.4,0.45,0.43333334,0.5,-0.2,0.1,0.05,0.1,-0.016666668,0.35326084,0.43398675,0.4905113,0.50135136,0.514208,0.6467392,0.5660132,0.5094887,0.49864867,0.485792,-0.2934783,-0.13202648,-0.01897741,0.0027026543,0.028416002,1.065662,1.370883,1.2613423,1.3345569,1.4990559,0.24890676,0.39704967,0.42667228,0.5004962,0.73892725,0.521071,1.36369,1.3414261,1.2377614,2.0604484,0.35203084,0.3887242,0.48838407,0.4581778,0.47013292,0.6479692,0.6112758,0.51161593,0.5418222,0.5298671,-0.2959383,-0.22255161,-0.023231873,-0.083644405,-0.05973419
SH600886,0.06441100402592467,1.0,,2026-03-17,0.0061727646,0.022633811,0.27272317,0.01303162,0.57575893,0.0034294277,0.1515179,-0.0034294277,-0.1515179,0.99386513,1.0129517,0.9904567,1.0051017,0.98023,0.927066,0.89230347,0.89775306,0.9379651,1.0043646,0.9762125,0.93463063,0.91752106,0.9138055,0.011794429,0.033830453,0.050108135,0.04767153,0.034651395,-0.0027969365,0.009786443,0.008053926,0.0047156876,0.00066359196,0.14058901,0.7670886,0.9042048,0.75835675,0.11185634,0.001229239,-0.020251488,-0.011142938,0.014101485,0.06661854,1.0327225,1.0327225,1.0327225,1.0327225,1.0327225,0.96251553,0.8963928,0.87048316,0.8657196,0.8657196,1.0106378,1.0015005,0.9937269,0.96060175,0.9272029,0.99741465,0.94247395,0.8857591,0.8827532,0.88862073,0.6,0.8,0.9,0.93333334,0.96666664,0.53391373,0.7599751,0.79830706,0.8040601,0.8040601,0.4,0.7,0.85,0.9,0.95,0.2,0.1,0.2,0.1,0.55,0.2,0.6,0.65,0.8,0.4,0.71064925,0.45712766,0.6851212,0.66577977,0.5496554,0.54285765,0.39094996,0.2026831,0.21759322,0.11141078,0.6,0.7,0.6,0.56666666,0.5,0.4,0.3,0.4,0.4,0.43333334,0.2,0.4,0.2,0.16666667,0.06666667,0.621837,0.76095104,0.74377644,0.6735661,0.5682079,0.37816295,0.23904899,0.2562236,0.3264339,0.43179205,0.24367408,0.521902,0.48755285,0.34713224,0.13641588,1.6113333,1.5534908,1.2541391,1.0863646,0.91249603,0.45569527,0.46964473,0.59461623,0.5605792,0.45771274,0.597664,0.7334477,0.9188491,1.0141058,1.2227954,0.24048975,0.4156101,0.5394623,0.50754255,0.5180725,0.7595102,0.5843899,0.46053764,0.49245745,0.48192748,-0.5190205,-0.16877982,0.078924716,0.015085103,0.03614502
SZ300124,0.06186048250707388,1.0,,2026-03-17,-0.010148755,0.023077983,-0.4397592,0.007646251,0.33132234,0.0052829767,0.22891848,-0.01251203,-0.5421631,1.0102528,1.0179775,0.9946629,1.0083579,0.9977522,0.9692406,1.0793545,1.0842726,1.0355366,1.0059006,0.9968835,1.018386,1.0335219,1.0517974,0.009955382,0.017280502,0.035196003,0.03711231,0.04636102,0.0010382888,0.0039647403,-0.0041275374,-0.0033357476,-0.00072815875,0.027193211,0.4825343,0.48135263,0.626112,0.07523952,-0.007977157,-0.014724814,0.020825598,0.014846499,-0.030316677,1.0223315,1.0223315,1.1037958,1.1193827,1.1599709,0.9803411,0.9497234,0.9497234,0.9497234,0.9497234,1.0112085,1.0047187,1.0464038,1.0620235,1.1001987,0.999414,0.9931191,0.9970502,0.999414,1.0046927,0.6,0.7,0.4,0.26666668,0.15,0.46817636,0.69243795,0.326318,0.2963384,0.23913044,0.6,0.8,0.05,0.033333335,0.46666667,0.4,0.1,0.55,0.7,0.85,0.2,0.7,-0.5,-0.6666667,-0.38333333,0.95031947,0.4062104,-0.120949164,0.050260708,0.61141205,0.9537909,0.6608866,0.117197074,0.07092813,0.43396896,0.6,0.6,0.4,0.46666667,0.48333332,0.4,0.4,0.6,0.53333336,0.51666665,0.2,0.2,-0.2,-0.06666667,-0.033333335,0.5239586,0.6248746,0.3611726,0.39898172,0.47945252,0.47604138,0.3751254,0.63882744,0.60101825,0.52054745,0.04791725,0.2497492,-0.27765483,-0.20203654,-0.04109496,1.0906147,1.0684422,1.0324022,1.047571,1.1322197,0.25825727,0.21302317,0.21537875,0.22774015,0.37543052,1.1547629,1.0080497,0.9358003,0.91809833,1.1396337,0.539523,0.4610726,0.4951191,0.46316218,0.50057375,0.46047696,0.53892744,0.5048809,0.5368378,0.49942622,0.07904607,-0.07785483,-0.009761811,-0.07367565,0.0011475444
SH600196,0.059157350311980134,1.0,,2026-03-17,0.00038910867,0.017120643,0.022727458,0.015175099,0.88636273,0.0015564347,0.09090983,-0.013229555,-0.7727254,0.999611,1.0151691,0.9980552,1.0066699,1.0179021,0.99183637,1.0431803,1.0953119,1.1100903,1.0003202,0.99818087,1.0152194,1.0239727,1.0439197,0.006293376,0.013318988,0.023644546,0.024566246,0.029815495,-0.0025724429,0.0016613532,-0.0030589912,-0.0021799968,-0.0011655611,0.4176997,0.1426241,0.5858177,0.6102894,0.46610737,0.0048246738,-0.005656973,0.013841001,0.0076372167,-0.009535658,1.0175226,1.0202359,1.0673082,1.1065986,1.1166874,0.9860022,0.96927863,0.96927863,0.96927863,0.96927863,1.0032864,1.0082633,1.0322291,1.0435688,1.0677761,0.9956478,0.9912904,0.9956478,1.000315,1.020401,0.6,0.5,0.3,0.2,0.1,0.44408798,0.602885,0.31338862,0.22372106,0.20840919,0.2,0.5,0.1,0.033333335,0.36666667,0.8,0.1,0.55,0.7,0.85,-0.6,0.4,-0.45,-0.6666667,-0.48333332,0.60456026,-0.15855117,0.0640773,0.36724332,0.4419577,0.54060924,0.3232737,0.11303111,0.14661303,0.24823958,0.4,0.5,0.4,0.43333334,0.43333334,0.6,0.5,0.6,0.56666666,0.56666666,-0.2,0.0,-0.2,-0.13333334,-0.13333334,0.20501791,0.53733516,0.3892557,0.34476286,0.4062333,0.7949821,0.46266484,0.6107443,0.65523714,0.5937667,-0.5899642,0.07467029,-0.2214886,-0.3104743,-0.18753338,0.84363014,0.9197077,1.0302223,1.1439953,1.2139168,0.12555985,0.1627483,0.3142954,0.42509145,0.4952398,0.46156526,0.8388158,0.9249359,1.0207574,1.239487,0.5944876,0.38377556,0.518484,0.38412288,0.46386388,0.4055124,0.6162244,0.48151603,0.6158771,0.53613615,0.1889752,-0.23244886,0.036967937,-0.23175424,-0.07227224
SZ001965,0.05889361940459102,1.0,,2026-03-17,0.0029354177,0.015655661,0.1874988,0.009784726,0.624996,0.002935518,0.1875052,-0.00391379,-0.249992,0.9970732,1.0097561,0.9941462,1.0027984,0.97582406,0.9472527,0.9523809,0.92087907,0.9670329,0.9951648,0.97428566,0.9599633,0.9521856,0.95437115,0.0060322895,0.026982658,0.024009084,0.023641283,0.021562723,0.0015384746,0.008200698,0.0031457779,0.0021122373,-7.321948e-05,0.1626134,0.8467274,0.6008595,0.6186501,0.003516786,0.0017582339,-0.01118881,0.010151787,0.017187014,0.047788832,1.0097561,1.0097561,1.0097561,1.0097561,1.0097561,0.96877354,0.9174642,0.9174642,0.91501826,0.91501826,1.0,0.99706954,0.9871062,0.9711355,0.970989,0.9923809,0.9564834,0.9399267,0.9375824,0.9375824,0.9,0.95,0.975,0.98333335,0.9916667,0.76194537,0.8942909,0.8942909,0.89702016,0.89702016,1.0,1.0,1.0,1.0,1.0,0.2,0.1,0.55,0.13333334,0.56666666,0.8,0.9,0.45,0.8666667,0.43333334,0.5586623,-0.5381655,0.27036715,0.020863684,-0.020766366,0.3336986,-0.26225004,-0.24659231,-0.08213855,-0.001020582,0.6,0.7,0.55,0.6,0.5,0.2,0.2,0.3,0.3,0.4,0.4,0.5,0.25,0.3,0.1,0.7619058,0.71176493,0.6371308,0.6542856,0.5380711,0.23809421,0.28823507,0.36286923,0.3457144,0.4619289,0.5238116,0.4235299,0.27426156,0.30857122,0.07614217,1.071211,1.2474105,0.9870538,1.0344162,1.0400568,0.11144207,0.2968161,0.3962144,0.38382947,0.37445426,0.9023135,0.81976575,1.1265384,1.1343747,1.13464,0.29779732,0.45376807,0.5292692,0.49000132,0.4843978,0.7022027,0.5462319,0.47073078,0.5099987,0.5156022,-0.40440533,-0.092463866,0.05853846,-0.019997384,-0.031204376
SH601618,0.05796562115371036,1.0,,2026-03-17,-0.0062696575,0.025078429,-0.250002,0.018808773,0.74999803,0.0,0.0,-0.025078429,-1.0,1.0063093,1.0252366,1.0,1.0113478,0.997567,0.98540145,0.9659368,1.024331,0.92214113,1.0218978,1.0053529,0.9925791,0.9900244,0.9737632,0.020210767,0.022876218,0.02565819,0.027500195,0.029610293,-0.008515824,0.0045417645,0.0032215575,0.0010344016,0.001194776,0.44384128,0.3613202,0.5517569,0.109649956,0.4965779,-0.004866188,-0.025790773,-0.023183905,-0.0050231847,-0.009009108,1.0627165,1.0627165,1.0627165,1.0918529,1.0918529,0.9833577,0.96619666,0.94647205,0.94647205,0.9141228,1.0399027,1.0272506,1.0082725,1.0082725,0.997567,1.0019464,0.98734796,0.9732361,0.96350366,0.94841856,0.2,0.6,0.7,0.73333335,0.85,0.20970944,0.3502221,0.46047765,0.36819103,0.48318863,0.6,0.8,0.9,0.06666667,0.53333336,0.2,0.1,0.2,0.46666667,0.05,0.4,0.7,0.7,-0.4,0.48333332,0.47833592,0.7647123,0.7065826,0.7471995,0.75889635,0.39212805,0.362467,0.31883657,0.5728932,0.5812653,0.6,0.6,0.55,0.5,0.48333332,0.4,0.4,0.45,0.5,0.46666667,0.2,0.2,0.1,0.0,0.016666668,0.51351315,0.55172414,0.56481475,0.47448975,0.55161285,0.48648685,0.44827583,0.43518522,0.52551025,0.44838712,0.027026301,0.103448324,0.12962955,-0.051020473,0.10322576,1.5830184,1.2652595,1.2116532,1.3130444,1.1015055,0.36908644,0.42090094,0.5555252,0.77234584,0.62381697,0.96561575,1.1113361,1.0180352,1.4891696,1.6423306,0.48169452,0.42642945,0.5240321,0.46431646,0.5023012,0.5183055,0.57357055,0.47596788,0.5356835,0.49769875,-0.036610965,-0.1471411,0.04806425,-0.07136708,0.0046024676
SZ300015,0.05684972307928717,1.0,,2026-03-17,-0.0019435999,0.015549092,-0.12499765,0.012633655,0.8125012,0.00097183645,0.06250118,-0.013605419,-0.8749977,1.0019474,1.0146056,0.9990263,1.0069128,1.0068148,1.0068148,1.0457677,1.1012625,1.064734,0.9963013,0.99717647,1.0128034,1.0358646,1.0641346,0.006900502,0.007175783,0.019606754,0.038762886,0.04225868,0.00097271195,0.00039546617,-0.0026492854,-0.0039058956,-0.0017217745,0.04967606,0.027841426,0.63901955,0.7868841,0.50631464,0.0017532536,0.0010439457,0.012364813,0.020770863,-0.013342242,1.0146056,1.0146056,1.0506324,1.1334045,1.1749839,0.98051906,0.98051906,0.98051906,0.98051906,0.98051906,1.0019513,1.0025338,1.0336841,1.0755609,1.1004819,0.9890902,0.9890902,0.9974662,1.001561,1.0107057,0.6,0.6,0.3,0.2,0.1,0.57151353,0.57151353,0.27784973,0.12742183,0.10017721,1.0,1.0,0.1,0.26666668,0.35,0.6,0.8,0.9,0.93333334,0.96666664,0.4,0.2,-0.8,-0.6666667,-0.6166667,-0.29475623,-0.43536747,0.245934,0.64696103,0.3590582,-0.2453835,0.14512998,-0.4309659,0.046033833,0.24187446,0.4,0.5,0.45,0.43333334,0.43333334,0.6,0.5,0.55,0.56666666,0.55,-0.2,0.0,-0.1,-0.13333334,-0.11666667,0.40000042,0.4588174,0.38535035,0.38695627,0.45650837,0.59999955,0.54118264,0.61464965,0.6130437,0.5434916,-0.19999914,-0.082365215,-0.2292993,-0.22608742,-0.086983256,1.0078083,0.9602589,1.1693456,1.5489384,1.4176047,0.1664458,0.1389611,0.3873242,0.8159016,0.76770824,0.97629374,0.80982476,1.2078058,1.2142168,1.3145546,0.55664635,0.34151563,0.3239991,0.47402024,0.50029576,0.44335365,0.6584844,0.6760009,0.52597976,0.49970427,0.113292694,-0.31696877,-0.3520018,-0.051959537,0.0005914701
SH600161,0.05668063727936831,0.875,,2026-03-17,-0.0037383824,0.011214966,-0.33333874,0.007476583,0.66666126,0.0,0.0,-0.011214966,-1.0,1.0037524,1.011257,1.0,1.0055634,1.0050062,0.9974808,1.0362704,1.0894322,1.042536,1.0041276,0.9972483,1.0105371,1.020325,1.0319785,0.0029184716,0.01180705,0.017584123,0.021258634,0.023888344,-0.0016278072,0.0029110953,-0.0018540061,-0.0019527258,-0.0005965785,0.777741,0.557239,0.389089,0.65390337,0.19022298,-0.00087206427,-0.01034821,0.0070759086,0.007989568,-0.01437942,1.0118884,1.0118884,1.0412735,1.0894439,1.0994323,0.99876094,0.96309876,0.96309876,0.96309876,0.96309876,1.0065112,1.0052581,1.0252633,1.0362704,1.0506557,1.0025064,0.99011695,0.99949616,1.0027583,1.0112591,0.2,0.4,0.25,0.16666667,0.083333336,0.094384626,0.756333,0.472036,0.29206702,0.27066883,0.6,0.8,0.35,0.033333335,0.35,0.2,0.1,0.55,0.7,0.85,0.4,0.7,-0.2,-0.6666667,-0.5,-0.56446177,-0.60362434,-0.38308933,0.13674954,0.3680981,-0.05004374,0.03155536,-0.29081523,-0.078179576,0.22490805,0.6,0.7,0.55,0.53333336,0.5,0.4,0.3,0.45,0.46666667,0.48333332,0.2,0.4,0.1,0.06666667,0.016666668,0.27665433,0.5193836,0.37602118,0.3198437,0.46017537,0.7233457,0.4806164,0.62397885,0.6801563,0.5398246,-0.44669136,0.038767204,-0.24795766,-0.3603126,-0.07964924,0.87414485,1.166231,1.1821733,1.2965014,1.4301296,0.10842648,0.52978474,0.54357725,0.6137628,0.7804259,0.7560547,1.6001018,1.499569,1.3238417,1.7361473,0.5985079,0.32372403,0.5162634,0.34522787,0.48965573,0.4014921,0.67627597,0.4837366,0.65477216,0.51034427,0.19701582,-0.35255194,0.032526795,-0.30954427,-0.02068856
SH601633,0.05608728118650056,0.875,,2026-03-17,-0.00094516744,0.014650297,-0.06451524,0.01370513,0.93548477,0.0,0.0,-0.014650297,-1.0,1.000946,1.0146642,1.0,1.0067598,0.9493686,0.9540148,0.99285203,1.0060757,1.0425304,0.9885156,0.96764356,0.9739397,0.97818285,1.0125148,0.014574322,0.02439712,0.020222103,0.018652117,0.03919052,0.008446512,0.007649042,-0.00041194822,-0.0006856424,-0.0020050672,0.83968824,0.9010491,0.014524481,0.104722686,0.79835427,-0.0054086265,-0.0020642434,0.02997379,0.031758986,0.0466346,1.0165598,1.0165598,1.0165598,1.0165598,1.1016798,0.94928974,0.93320554,0.93320554,0.93320554,0.93320554,1.0000952,0.99733144,0.99294734,0.9955206,1.05137,0.9740052,0.9464141,0.95308554,0.963736,0.9771503,0.8,0.9,0.95,0.93333334,0.46666667,0.7538306,0.8013319,0.8013319,0.8013319,0.39646706,0.8,0.9,0.95,0.96666664,0.18333334,0.2,0.1,0.55,0.7,0.85,0.6,0.8,0.4,0.26666668,-0.6666667,0.49992612,0.64246464,0.08516793,0.15206896,0.15162468,0.905216,0.5396385,0.34855005,0.39136037,0.51156765,0.8,0.7,0.45,0.46666667,0.43333334,0.2,0.3,0.55,0.53333336,0.56666666,0.6,0.4,-0.1,-0.06666667,-0.13333334,0.9907621,0.7443039,0.5205762,0.48925412,0.4615219,0.009237885,0.25569612,0.47942385,0.5107459,0.53847814,0.9815242,0.48860776,0.041152302,-0.021491742,-0.07695623,1.0132322,0.8135578,0.76385605,0.7923283,0.8222814,0.29286107,0.31885725,0.30847752,0.28645617,0.33910143,1.1565242,1.1621407,1.0890085,0.90399003,1.260473,0.62014747,0.49216196,0.5390643,0.5059846,0.5057588,0.3798525,0.5078381,0.4609357,0.49401537,0.4942412,0.240295,-0.015676111,0.07812856,0.011969242,0.011517585
SH601009,0.05241344553026682,0.875,,2026-03-17,0.020354025,0.023008848,0.88461727,0.0017699201,0.07692345,0.0008849037,0.03845928,0.019469008,0.8461531,0.980052,1.0017346,0.97918475,0.996879,0.9574624,0.98618746,0.9766532,0.9063684,0.9826427,0.9767754,0.97381735,0.9762865,0.96158576,0.95907587,0.014872746,0.012876888,0.011012672,0.027938263,0.0319752,0.008837566,0.0011052983,-0.00032167,0.0021895054,-5.2629628e-05,0.8827201,0.06753807,0.029860958,0.47598687,0.00082629285,0.005549439,0.0212088,0.02676937,0.0066664033,0.042476688,1.0017346,1.0017346,1.0026673,1.0026673,1.0078698,0.9436376,0.9436376,0.9436376,0.8976548,0.8925257,0.98611414,0.98298496,0.98298496,0.9826427,0.98298496,0.9676078,0.9623762,0.9676078,0.93218434,0.9198386,1.0,1.0,1.0,1.0,0.96666664,0.97014284,0.97014284,0.95481384,0.9745999,0.9317708,1.0,1.0,0.5,0.6666667,0.083333336,0.2,0.6,0.8,0.06666667,0.46666667,0.8,0.4,-0.3,0.6,-0.38333333,0.6433541,0.5368171,0.38250667,-0.37227398,-0.47590607,0.20210867,0.32718328,0.02273207,0.30219084,0.1384092,1.0,0.5,0.55,0.53333336,0.43333334,0.0,0.5,0.45,0.46666667,0.56666666,1.0,0.0,0.1,0.06666667,-0.13333334,1.0,0.5969129,0.5815544,0.68867004,0.5165733,0.0,0.40308705,0.41844562,0.31132996,0.48342672,1.0,0.19382587,0.16310878,0.37734008,0.033146586,0.76810753,0.68432057,0.7552427,0.88530594,0.962087,0.15262392,0.18268774,0.1977411,0.30142522,0.44419813,0.9043248,0.9660512,0.7442525,1.4229572,1.1989963,0.7894718,0.47667807,0.51834506,0.47244844,0.50432044,0.2105282,0.5233219,0.48165497,0.52755153,0.49567953,0.5789436,-0.046643823,0.036690067,-0.055103123,0.0086409375
SH600104,0.05187289204831701,1.0,,2026-03-17,0.00068397354,0.012995912,0.0526299,0.011627965,0.8947402,0.00068397354,0.0526299,-0.010260018,-0.7894804,0.9993165,1.01162,0.99863297,1.0063454,0.9603509,0.9623889,0.9911068,0.9986414,1.0580534,0.99232954,0.9749012,0.9779768,0.97838646,1.0134182,0.011140003,0.021297725,0.016062735,0.014290755,0.039177198,0.0062993933,0.0064012115,4.2162406e-05,2.567892e-05,-0.00198573,0.799405,0.8280744,0.00024114591,0.00025023322,0.78356206,-0.0049283537,-0.0037066673,0.021622647,0.021241179,0.045160845,1.0129828,1.0129828,1.0129828,1.0129828,1.0916041,0.95962954,0.93916756,0.93916756,0.93916756,0.93916756,1.0001359,1.0,0.9901557,0.98974806,1.055336,0.98274463,0.9589798,0.9656497,0.96646494,0.9773098,0.7,0.85,0.925,0.95,0.49166667,0.7566633,0.8241176,0.8241176,0.8241176,0.39906722,0.8,0.9,0.95,0.96666664,0.35,0.2,0.1,0.55,0.7,0.85,0.6,0.8,0.4,0.26666668,-0.5,0.37103105,0.24409027,-0.0588353,-0.11646032,0.0076945117,0.900358,-0.02846541,-0.035205983,0.087214306,0.1641049,0.8,0.7,0.5,0.5,0.46666667,0.2,0.3,0.5,0.5,0.51666665,0.6,0.4,0.0,0.0,-0.05,0.98343337,0.6646836,0.5270065,0.5026028,0.4450806,0.016566636,0.33531642,0.4729935,0.49739718,0.5549194,0.96686673,0.32936713,0.05401303,0.005205659,-0.109838806,1.3207864,1.1917119,1.0393145,1.1308305,1.2849015,0.43718752,0.38038018,0.35470086,0.41156015,0.6832127,1.1102734,0.9271626,1.1776713,0.97875273,1.0405902,0.5311513,0.47942975,0.51735055,0.44277924,0.49290913,0.46884868,0.5205702,0.48264948,0.55722076,0.50709087,0.062302634,-0.041140474,0.034701064,-0.11444154,-0.014181715
SH600019,0.05143830472632603,1.0,,2026-03-17,-0.007256892,0.020319335,-0.3571422,0.013062443,0.6428578,0.0,0.0,-0.020319335,-1.0,1.0073099,1.0204679,1.0,1.0114748,1.0234842,1.0499574,1.0409906,1.0674636,1.0354398,1.022374,1.0283091,1.0337105,1.0384145,1.0480644,0.01820732,0.01445325,0.01614332,0.01824599,0.01970124,-0.008966697,-0.003361541,-0.0009197848,-0.0010041522,-0.00056743197,0.60633546,0.4958579,0.11362,0.23472857,0.25301155,-0.0044406573,-0.013182217,-0.024972565,-0.02385427,-0.03132511,1.049946,1.0570074,1.0747261,1.0879356,1.1025821,1.0,1.0,1.0,1.0,1.0,1.0373186,1.0383433,1.042784,1.0505551,1.0650725,1.0047822,1.0199829,1.0248506,1.026217,1.0321093,0.2,0.1,0.05,0.033333335,0.016666668,0.0,0.0,0.0,0.0,0.0,0.6,0.1,0.3,0.06666667,0.2,1.0,1.0,1.0,1.0,1.0,-0.4,-0.9,-0.7,-0.93333334,-0.8,-0.68561244,-0.7167807,-0.051108927,0.069161415,-0.28432754,-0.6642899,-0.6000462,-0.17931457,-0.056651123,0.04164631,0.6,0.4,0.5,0.5,0.53333336,0.4,0.6,0.5,0.5,0.46666667,0.2,-0.2,0.0,0.0,0.06666667,0.29007652,0.21739121,0.41011238,0.41595745,0.47519422,0.7099235,0.7826088,0.5898876,0.58404255,0.5248058,-0.41984695,-0.56521755,-0.17977522,-0.1680851,-0.049611542,0.96928644,0.8964068,1.0234872,0.98774207,0.75736207,0.3728207,0.26812172,0.56667423,0.50736773,0.4448133,1.5300953,1.562035,1.1061225,1.1103772,1.2050018,0.5161849,0.483002,0.52073693,0.5059727,0.51543105,0.48381504,0.516998,0.47926304,0.49402732,0.48456895,0.032369904,-0.033995997,0.041473906,0.011945362,0.030862082
SZ000333,0.05138952880495548,1.0,,2026-03-17,-0.0049363207,0.012990396,-0.3799977,0.008054075,0.62000227,0.0,0.0,-0.012990396,-1.0,1.0049608,1.0130548,1.0,1.005727,1.0,0.99949074,1.0334228,0.9967364,1.0352514,1.004944,0.99981016,1.0154766,1.0171218,1.0214309,0.0051396783,0.0076106586,0.019797906,0.020032011,0.018069563,-0.0030575849,0.0011881563,-0.0027321512,-0.00080579025,-0.00048429237,0.8847594,0.2234159,0.6665596,0.12539972,0.21908857,0.0011712189,-0.0051568863,0.010478885,-0.0054378915,-0.0071442365,1.0150312,1.0150312,1.0544511,1.0595421,1.0595421,0.9879996,0.97937757,0.97937757,0.9791276,0.9791276,1.0103508,1.0047865,1.0385659,1.0387881,1.0386862,1.0004258,0.9954078,0.9993843,0.9993843,1.0019951,0.2,0.55,0.325,0.28333333,0.175,0.44393894,0.5784099,0.27469638,0.25956026,0.25956026,0.4,0.7,0.3,0.26666668,0.6333333,0.8,0.4,0.7,0.06666667,0.53333336,-0.4,0.3,-0.4,0.2,0.1,0.28924587,-0.4226437,0.14513633,0.044352792,-0.15355822,0.44526303,-0.34933385,-0.3140482,-0.13574548,-0.20526169,0.4,0.5,0.45,0.46666667,0.48333332,0.6,0.5,0.55,0.53333336,0.51666665,-0.2,0.0,-0.1,-0.06666667,-0.033333335,0.5,0.50418305,0.38194895,0.50663775,0.46347198,0.5,0.49581698,0.61805105,0.49336225,0.53652805,0.0,0.00836606,-0.23610209,0.013275521,-0.07305604,0.9824808,1.0317042,1.1006525,1.3980459,1.523764,0.117717706,0.15263009,0.1833461,0.5548559,0.6335111,1.1467195,0.96002465,0.78684306,1.4162945,1.5175726,0.5187391,0.39040095,0.42017323,0.4243666,0.49307314,0.4812609,0.60959905,0.5798268,0.5756334,0.5069269,0.03747824,-0.21919811,-0.15965357,-0.15126678,-0.013853756
SH600048,0.05105003332459419,0.75,,2026-03-17,0.0030864507,0.026234549,0.11764832,0.02160493,0.82352966,0.001543169,0.058822013,-0.01697531,-0.6470593,0.996923,1.0215385,0.99538463,1.0105839,0.97693646,1.0276645,1.0892254,1.0230635,0.9876529,0.99075127,0.99368083,1.02076,1.0352203,1.0075781,0.0074668736,0.013511422,0.030508555,0.037306692,0.04184907,0.0044671115,-0.001650161,-0.0045443396,-0.003028642,0.0012030436,0.89477944,0.13672942,0.7765444,0.5107684,0.2520525,0.00031448665,0.013744913,0.022411205,0.008694986,-0.043067906,1.0230566,1.0307255,1.0938398,1.1215329,1.1215329,0.9722828,0.9661671,0.9661671,0.9661671,0.9353622,0.99506116,1.0058358,1.0464414,1.0621432,1.046127,0.9830518,0.9818287,0.9916715,0.9987653,0.9661619,1.0,0.7,0.35,0.23333333,0.49166667,0.5458947,0.5240664,0.2649973,0.21776292,0.34719628,0.6,0.1,0.3,0.33333334,0.6666667,0.2,0.4,0.7,0.8,0.23333333,0.4,-0.3,-0.4,-0.46666667,0.43333334,0.830311,0.31153122,0.11752893,0.506552,0.46285042,0.7824081,0.12292281,0.35354716,0.51107436,0.50707567,0.6,0.3,0.3,0.36666667,0.4,0.0,0.4,0.55,0.53333336,0.51666665,0.6,-0.1,-0.25,-0.16666667,-0.11666667,1.0,0.31254953,0.2897914,0.4772099,0.5070422,0.0,0.68745047,0.7102086,0.5227901,0.49295774,1.0,-0.37490094,-0.4204172,-0.04558018,0.0140845,0.7805248,0.7715915,0.7721826,1.0045607,0.99483436,0.26152304,0.21675296,0.23994412,0.4875141,0.52421707,1.1789765,1.2323507,1.1305549,1.399202,1.3859856,0.6691115,0.5412614,0.47575554,0.48646474,0.49943313,0.33088848,0.45873865,0.5242444,0.51353526,0.50056684,0.338223,0.08252272,-0.0484889,-0.02707055,-0.0011337314
SH600066,0.049951416362182505,0.75,,2026-03-17,-0.0054226113,0.015630048,-0.34693503,0.006060666,0.38775733,0.0041467715,0.26530764,-0.0073365057,-0.4693847,1.0054522,1.0115459,0.9958306,1.0031035,0.9592698,0.94964623,1.0202031,1.0025653,1.0721607,0.99589354,0.9798909,0.9872509,0.9943868,1.0191623,0.009673301,0.023668192,0.030032374,0.027914297,0.038619213,0.0025976188,0.0049309046,-0.0016843647,-0.0014995452,-0.0018118436,0.18027748,0.39786384,0.11009334,0.22364926,0.6713275,-0.0010887553,-0.002079973,0.028750569,0.027356628,0.034287088,1.0266165,1.0266165,1.0481095,1.0532378,1.1151354,0.94932616,0.93778247,0.9364963,0.9364963,0.9364963,1.003142,1.0005131,1.0142378,1.0199481,1.0510601,0.987363,0.95625526,0.9522115,0.96824753,0.99050605,0.6,0.8,0.65,0.53333336,0.3,0.65563,0.70037985,0.5689622,0.5439685,0.3554859,0.8,0.9,0.2,0.033333335,0.06666667,0.2,0.1,0.4,0.6,0.8,0.6,0.8,-0.2,-0.56666666,-0.73333335,0.19634403,0.3536884,-0.4125157,-0.26480064,-0.22928803,0.5607939,0.4848779,0.0789664,0.0497503,-0.014080633,0.6,0.5,0.4,0.43333334,0.43333334,0.4,0.5,0.55,0.53333336,0.55,0.2,0.0,-0.15,-0.1,-0.11666667,0.72438395,0.6146073,0.47386068,0.4975791,0.45928258,0.27561605,0.38539276,0.5261393,0.5024209,0.5407174,0.44876787,0.22921449,-0.052278623,-0.004841787,-0.081434846,1.3184055,1.2956176,1.2011262,1.2224023,1.2160568,0.42726997,0.3757975,0.45736057,0.45148793,0.39974594,0.6889812,0.9016677,1.0985143,1.0974276,1.1283481,0.5222027,0.5188214,0.50996995,0.47354922,0.49436903,0.47779733,0.48117855,0.49003008,0.52645075,0.50563097,0.04440533,0.037642878,0.019939866,-0.05290156,-0.011261955
SH600027,0.04614424550931373,0.875,,2026-03-17,-0.0038094933,0.022857139,-0.16666536,0.017142855,0.75,0.0019047913,0.08333464,-0.019047556,-0.83333075,1.0038241,1.0210325,0.99808794,1.0079405,0.98498744,0.9866555,0.93494576,0.9582985,0.99833196,1.0143453,1.0022519,0.9768557,0.9626911,0.9679872,0.012722679,0.01609601,0.0328434,0.03370586,0.028531924,-0.004420346,0.0032299666,0.0050700153,0.0033435356,-9.9949124e-05,0.3017834,0.3691229,0.8340468,0.76261044,0.003742792,-0.0055045816,-0.016786706,-0.025020832,-0.01117237,0.034961317,1.0404661,1.0404661,1.0404661,1.0404661,1.0404661,0.97175044,0.9693458,0.9272979,0.9194463,0.9194463,1.0208507,1.0115095,1.0020016,0.993995,0.99666387,1.0080067,0.9909925,0.9362802,0.9332777,0.9399499,0.2,0.55,0.775,0.85,0.8333333,0.4111087,0.43101934,0.64242554,0.6656245,0.6656245,0.6,0.8,0.9,0.93333334,0.96666664,0.2,0.1,0.25,0.2,0.6,0.4,0.7,0.65,0.73333335,0.36666667,0.7888306,0.69953626,0.63363034,0.70094264,0.44501972,0.8126502,0.6692103,0.39818203,0.37077075,0.21978194,0.4,0.4,0.55,0.43333334,0.43333334,0.6,0.6,0.45,0.5,0.48333332,-0.2,-0.2,0.1,-0.06666667,-0.05,0.59000045,0.5540543,0.6499999,0.57812506,0.5017857,0.40999955,0.4459457,0.3500001,0.42187497,0.49821427,0.18000089,0.1081086,0.2999998,0.15625007,0.0035714244,1.4646287,1.3420154,1.2839874,1.0900861,0.9374343,0.2811951,0.24281311,0.5866245,0.57135105,0.4867674,0.6071452,0.75652385,0.961662,1.1681644,1.3968921,0.4870811,0.31724152,0.5419196,0.50571084,0.5154336,0.5129189,0.6827585,0.4580804,0.49428916,0.4845664,-0.025837798,-0.36551696,0.08383917,0.011421672,0.030867232
SH601766,0.04609880401200219,1.0,,2026-03-17,-0.0031249328,0.012499995,-0.24999474,0.007812551,0.6250044,0.0015625103,0.12500088,-0.009374974,-0.7499983,1.0031347,1.0109718,0.9984326,1.0048015,0.9860962,0.9828876,1.006417,1.024599,1.0951872,1.0049198,0.99229944,0.99443847,0.9955793,1.0368805,0.0039730854,0.015013958,0.012757072,0.012299818,0.044832736,-0.0012834239,0.0042262217,-9.0064656e-05,-0.00014799568,-0.0021715187,0.2608702,0.7263159,0.0017445155,0.011220247,0.7155442,-0.002352916,-0.011317427,0.006417147,0.00656665,0.027179262,1.0220934,1.0220934,1.0298562,1.0300063,1.1142155,0.97969586,0.9573688,0.9573688,0.9573688,0.9573688,1.0072727,1.0047058,1.0042781,1.006417,1.0814973,1.0025668,0.9805347,0.9854545,0.9860962,0.9925133,0.2,0.6,0.55,0.56666666,0.28333333,0.47889987,0.65865564,0.5881184,0.5869032,0.27180165,0.6,0.8,0.3,0.033333335,0.35,0.2,0.1,0.55,0.7,0.85,0.4,0.7,-0.25,-0.6666667,-0.5,0.43624625,-0.16036691,-0.25022578,-0.15209602,-0.530153,0.8062683,0.15329954,0.1576698,0.17030036,-0.052361093,0.4,0.5,0.3,0.33333334,0.38333333,0.6,0.5,0.6,0.6,0.5833333,-0.2,0.0,-0.3,-0.26666668,-0.2,0.6969703,0.5930235,0.48076937,0.45660385,0.4192378,0.3030297,0.40697652,0.51923066,0.5433962,0.5807622,0.3939406,0.18604697,-0.038461294,-0.08679231,-0.16152443,1.3067887,1.2827302,1.3281759,1.5008093,1.2537911,0.21847922,0.30319452,0.4990491,0.7571697,0.77843636,1.0218676,0.8745925,0.9627685,1.0543467,1.2549222,0.5722912,0.35265496,0.51380795,0.41826615,0.50341463,0.42770877,0.647345,0.48619205,0.5817339,0.4965854,0.14458244,-0.29469004,0.027615892,-0.16346774,0.006829231
SH601319,0.045071910280286016,1.0,,2026-03-17,0.0154028,0.0308056,0.5,0.0154028,0.5,0.0,0.0,0.0,0.0,0.98483086,1.0151691,0.98483086,1.0042181,0.995098,1.0088235,1.0735295,1.0656863,0.9833334,0.99372554,0.9915686,1.0093628,1.0272223,1.054853,0.006883687,0.0077361716,0.026193896,0.03383828,0.046851493,-0.0008823451,0.00086749706,-0.003574377,-0.0034751024,-0.001568491,0.04107473,0.11526442,0.65173125,0.8173732,0.34183538,0.008039179,0.0045276117,0.024593817,0.023166748,-0.008582469,1.0151691,1.0151691,1.0765555,1.0930247,1.1871837,0.9747999,0.9683527,0.9683527,0.9683527,0.9683527,0.9984314,0.9984314,1.0268627,1.0613725,1.0829412,0.9868628,0.9841177,0.9868628,0.99745095,1.0015687,1.0,0.9,0.525,0.35,0.19166666,0.62424004,0.67598695,0.29248148,0.25384465,0.14461991,1.0,1.0,0.1,0.16666667,0.35,0.8,0.1,0.55,0.7,0.85,0.2,0.9,-0.45,-0.53333336,-0.5,-0.013176901,-0.39877954,-0.23578352,0.30233064,0.4855816,0.25258946,-0.11228488,-0.32220796,0.0030153096,0.36916485,0.4,0.5,0.35,0.33333334,0.41666666,0.4,0.4,0.6,0.6333333,0.56666666,0.0,0.1,-0.25,-0.3,-0.15,0.58064574,0.45794365,0.3115575,0.39087945,0.5107731,0.41935423,0.5420563,0.6884425,0.60912055,0.4892269,0.16129151,-0.08411269,-0.376885,-0.21824111,0.021546194,0.665491,0.7752967,0.84936374,0.9707627,1.0936198,0.2064708,0.29871225,0.29344448,0.35565305,0.39132354,1.2492427,1.1932985,1.0718509,1.0232368,1.2271622,0.87276024,0.39868727,0.48007533,0.4576144,0.5057676,0.12723978,0.6013127,0.5199247,0.54238564,0.49423242,0.7455205,-0.20262544,-0.03984936,-0.08477124,0.011535162
SH603019,0.04423067709299906,0.875,,2026-03-17,-0.035141207,0.037514128,-0.936746,0.002259957,0.060242824,0.00011296164,0.0030111761,-0.037288204,-0.99397767,1.0364211,1.0387634,0.99988294,1.0151494,1.0327892,0.9753005,1.0683898,1.0909379,1.0487967,1.0318369,1.0149344,1.0370736,1.0379453,1.0446628,0.019842515,0.028328318,0.036858793,0.034036458,0.042852055,-0.008267596,0.006041652,-0.003137603,-0.0012449586,0.00011564734,0.43401536,0.41694736,0.253619,0.10368665,0.0022214055,-0.015301627,-0.04212188,-0.0072664074,-0.019893344,-0.048074376,1.0843225,1.0843225,1.0993001,1.0993001,1.2038456,0.99988294,0.9439098,0.9439098,0.9439098,0.9439098,1.0452623,1.0349236,1.0720158,1.0714306,1.0807482,1.0249233,0.99156606,0.99859434,1.0072521,1.0037063,0.2,0.4,0.25,0.16666667,0.15,0.0013865051,0.3994667,0.36096305,0.36096305,0.2157847,0.4,0.7,0.25,0.5,0.46666667,1.0,0.1,0.55,0.7,0.85,-0.6,0.6,-0.3,-0.2,-0.38333333,0.8472781,0.655704,0.11299226,0.32467884,0.52049714,0.7596978,0.7325152,0.11872471,0.28037694,0.48132223,0.2,0.4,0.35,0.36666667,0.43333334,0.8,0.6,0.65,0.6333333,0.56666666,-0.6,-0.2,-0.3,-0.26666668,-0.13333334,0.28261667,0.5729785,0.40580052,0.41571835,0.47821295,0.7173833,0.42702147,0.5941995,0.5842816,0.52178705,-0.43476665,0.14595704,-0.18839899,-0.16856329,-0.043574072,1.4441618,1.3646742,1.4481298,1.4106704,1.8082951,0.52944225,0.416145,0.4520714,0.42712438,0.7476649,0.8434171,0.6964556,1.5984617,1.4847935,1.4349531,0.4101377,0.34913072,0.45483464,0.4610274,0.45431936,0.5898623,0.6508693,0.54516536,0.5389726,0.54568064,-0.17972457,-0.3017386,-0.0903307,-0.07794519,-0.091361314
SH601816,0.043233137942919546,0.875,,2026-03-17,-0.0058026807,0.0116053615,-0.5,0.0058026807,0.5,0.0,0.0,-0.0116053615,-1.0,1.0058366,1.0116731,1.0,1.0055565,0.981982,0.99099094,0.97117114,0.96036035,0.99819815,0.9945946,0.98738736,0.9766666,0.96978974,0.98039037,0.0077498537,0.009304469,0.01575635,0.017189292,0.021132797,0.0041441494,0.0027736838,0.0020361724,0.0016069916,-0.00054024026,0.7148646,0.8145957,0.58450186,0.67734957,0.19932407,-0.0028828732,0.00013105357,0.003989719,0.006908861,0.03554672,1.0116731,1.0116731,1.0116731,1.0116731,1.0190183,0.97572535,0.9704561,0.9446683,0.93665403,0.93665403,1.0010811,0.9927928,0.9895495,0.98306304,1.0018017,0.9888288,0.98018014,0.9607207,0.9549549,0.9563964,0.8,0.9,0.95,0.96666664,0.775,0.6752761,0.71678907,0.8257872,0.8443983,0.76909584,1.0,1.0,1.0,1.0,0.11666667,0.2,0.1,0.4,0.2,0.6,0.8,0.9,0.6,0.8,-0.48333332,0.7648403,0.12199918,0.23293719,-0.24506387,-0.6645875,0.91073185,0.54784423,0.5103791,0.42716104,0.19565977,0.8,0.6,0.55,0.53333336,0.5,0.2,0.4,0.35,0.4,0.45,0.6,0.2,0.2,0.13333334,0.05,0.8125002,0.58620703,0.6111112,0.59322035,0.5021097,0.18749984,0.41379297,0.38888878,0.40677968,0.49789026,0.6250003,0.17241408,0.22222248,0.18644066,0.004219461,1.13288,1.1757808,1.2660375,1.4599073,1.2507851,0.26909876,0.34336248,0.53690434,0.58387816,0.5799105,1.1866874,1.1166621,1.1795303,0.96773994,1.0576286,0.5581675,0.29528368,0.51101494,0.43733877,0.5095491,0.44183248,0.7047163,0.48898506,0.56266123,0.49045092,0.11633505,-0.40943262,0.022029886,-0.12532246,0.019098144
SZ002352,0.04092911454502286,1.0,,2026-03-17,-0.00583403,0.017767198,-0.32835957,0.009546535,0.5373123,0.0023866338,0.13432808,-0.012993931,-0.7313438,1.0058683,1.0154709,0.99759936,1.0078458,0.9954706,0.98768574,1.0394197,1.0335456,0.98903036,1.0024345,0.993305,1.0008811,1.0066313,1.0179465,0.008182068,0.013347247,0.016164761,0.018380582,0.02060959,0.0018683643,0.0037221469,-0.0012684043,-0.000982785,-0.00048700933,0.13035776,0.71287775,0.21549882,0.22156453,0.17030828,-0.0061712693,-0.01005469,0.011168736,0.007619106,-0.0035796736,1.0183457,1.0183457,1.0415913,1.055212,1.0690395,0.98796415,0.96100575,0.96100575,0.96100575,0.96100575,1.0075017,1.0011182,1.0111253,1.0199434,1.0375797,0.99586695,0.983482,0.98768574,0.99508846,0.99967444,0.6,0.8,0.5,0.36666667,0.21666667,0.39615607,0.68005365,0.48388657,0.41392437,0.36094508,0.6,0.8,0.05,0.26666668,0.43333334,0.4,0.1,0.55,0.7,0.85,0.2,0.7,-0.5,-0.43333334,-0.41666666,0.9390089,-0.11072307,-0.2527408,0.1182526,0.22792444,0.97860974,0.28145343,0.098744504,0.2632585,0.34796673,0.4,0.5,0.3,0.36666667,0.43333334,0.4,0.4,0.6,0.56666666,0.51666665,0.0,0.1,-0.3,-0.2,-0.083333336,0.56504095,0.56144094,0.3852493,0.4430289,0.510862,0.43495908,0.4385591,0.6147507,0.5569711,0.489138,0.13008183,0.12288184,-0.22950141,-0.11394218,0.021723969,1.2574601,1.3225529,1.4511441,1.5944862,1.5429113,0.630615,0.5129108,0.51271886,0.5623143,0.57895124,1.5439403,0.9887962,1.1164918,1.0023193,1.1502931,0.5052941,0.4335247,0.48217762,0.4606089,0.4892236,0.49470592,0.5664753,0.5178224,0.5393911,0.5107764,0.010588175,-0.13295059,-0.035644755,-0.07878221,-0.021552816
SH688271,0.03923289245138378,0.875,,2026-03-17,-0.0046790815,0.013201913,-0.35442454,0.008355657,0.6329126,0.00016717416,0.012662874,-0.012867564,-0.9746742,1.0047011,1.013096,0.99983203,1.0048598,1.0329689,1.0562557,1.082297,1.1245306,1.0804607,1.0112344,1.0193974,1.0471288,1.0595776,1.0843544,0.014298406,0.014666058,0.03183504,0.03222736,0.045599975,-0.007970953,-0.0032607194,-0.004557153,-0.0030675568,-0.0012257413,0.77693605,0.45311818,0.7172072,0.70216215,0.22037801,0.0047074794,-0.0047241207,-0.0038358092,-0.015098072,-0.04819501,1.0447981,1.055479,1.1209805,1.1308343,1.2675521,0.9913265,0.9913265,0.9913265,0.9913265,0.9913265,1.0195976,1.0332192,1.074735,1.0856522,1.1159836,1.0010684,1.0040063,1.0151407,1.029213,1.0557215,0.2,0.1,0.05,0.033333335,0.016666668,0.16220792,0.13520148,0.066897385,0.062172234,0.031400118,0.2,0.1,0.35,0.033333335,0.36666667,0.8,0.9,0.95,0.96666664,0.98333335,-0.6,-0.8,-0.6,-0.93333334,-0.6166667,-0.3889455,-0.13787787,0.22375582,0.37507334,0.7078885,-0.6671335,-0.4030892,0.1191611,0.052372407,0.25985128,0.4,0.4,0.35,0.36666667,0.46666667,0.6,0.6,0.65,0.6333333,0.53333336,-0.2,-0.2,-0.3,-0.26666668,-0.06666667,0.10891159,0.30106282,0.33632156,0.34567645,0.45326743,0.8910884,0.6989372,0.6636784,0.6543235,0.5467326,-0.7821768,-0.3978744,-0.32735685,-0.30864707,-0.09346516,1.1507821,1.2414832,1.3298391,1.4817344,1.724448,0.32948267,0.30563334,0.49382326,0.61882806,0.89632034,1.0028387,0.71944475,1.0751119,1.0889964,1.204338,0.503001,0.3749909,0.49275765,0.43158713,0.5048393,0.49699906,0.62500906,0.5072424,0.56841284,0.49516067,0.0060019,-0.25001818,-0.014484709,-0.13682574,0.009678653
SH600690,0.038896988924696466,1.0,,2026-03-17,0.0036013995,0.020408193,0.17646831,0.013205315,0.6470595,0.0036014782,0.17647217,-0.0060024373,-0.294119,0.9964115,1.013158,0.99282295,1.0064585,0.9916286,1.0,1.0350916,1.0207301,1.0586091,1.0009562,0.9920661,1.0103073,1.0135173,1.0345494,0.004772211,0.0112940855,0.022462947,0.021589998,0.031122325,-0.002112694,0.0026506777,-0.002854257,-0.0011127929,-0.001507562,0.489975,0.50492066,0.565094,0.20588522,0.715659,0.003269188,-0.0039941333,0.016808087,0.0026181801,0.009923715,1.0139536,1.0139536,1.0562241,1.0562241,1.1056606,0.9812599,0.96291673,0.96291673,0.96291673,0.96291673,1.0047829,1.0008768,1.0355697,1.0375615,1.0585315,0.9988038,0.98102176,0.9915492,0.9962564,1.003906,0.5,0.75,0.4,0.3,0.15,0.57320344,0.7265987,0.3974311,0.3974311,0.25978875,0.2,0.6,0.3,0.53333336,0.06666667,0.8,0.1,0.55,0.7,0.85,-0.6,0.5,-0.25,-0.16666667,-0.78333336,0.7786126,-0.26167896,-0.19776453,-0.037661072,-0.34804326,0.66173637,-0.40222,-0.16173537,0.10699419,0.18411748,0.6,0.6,0.45,0.43333334,0.4,0.4,0.4,0.55,0.56666666,0.5833333,0.2,0.2,-0.1,-0.13333334,-0.18333334,0.6264998,0.5,0.40637302,0.46606222,0.44527557,0.3735002,0.5,0.593627,0.5339378,0.55472445,0.2529996,0.0,-0.18725394,-0.06787557,-0.10944886,1.0536352,1.1473247,1.1303992,1.3101618,1.2401685,0.22467089,0.38453275,0.38304073,0.55397475,0.46539313,0.83489025,0.9731492,0.8932656,1.0575819,1.0776052,0.3659476,0.4217008,0.49006975,0.47233826,0.50587744,0.6340524,0.5782992,0.50993025,0.52766174,0.49412253,-0.2681048,-0.15659842,-0.019860532,-0.05532346,0.011754918
SH601238,0.03853035598298686,1.0,,2026-03-17,-0.005050514,0.015151465,-0.333335,0.008838381,0.58333504,0.001262571,0.08332996,-0.012626323,-0.8333401,1.0050762,1.0139594,0.998731,1.0074316,0.9922699,0.9922699,1.0112438,1.037948,1.0723823,0.99985945,0.99367535,1.0004216,1.00342,1.0270438,0.0023518368,0.0078463955,0.011989805,0.012494549,0.027416049,0.0006324707,0.0023083957,-0.00061714475,-0.0006397362,-0.0012278925,0.18080337,0.7933989,0.0927295,0.20317128,0.6118019,-0.0011244095,-0.004063135,0.005441206,0.005856148,0.009179003,1.0139594,1.0139594,1.0292424,1.0402296,1.1003983,0.9870211,0.97440875,0.97440875,0.97440875,0.97440875,1.0007027,1.0,1.0092762,1.011806,1.0491918,0.9983134,0.98706955,0.9922699,0.9922699,0.9997189,0.7,0.85,0.575,0.45,0.225,0.48180097,0.64705,0.46670744,0.38880172,0.2031219,1.0,1.0,0.3,0.033333335,0.26666668,0.8,0.1,0.55,0.7,0.85,0.2,0.9,-0.25,-0.6666667,-0.5833333,0.73001826,-0.09668733,0.25152817,0.3384446,0.80327594,0.72335476,0.19890854,0.20714723,0.10020238,0.42704272,0.6,0.6,0.45,0.46666667,0.46666667,0.4,0.4,0.55,0.53333336,0.51666665,0.2,0.2,-0.1,-0.06666667,-0.05,0.68965375,0.56321794,0.46521738,0.42780748,0.43371943,0.31034628,0.4367821,0.53478265,0.5721925,0.56628054,0.37930748,0.12643583,-0.06956527,-0.14438501,-0.13256112,0.96501017,0.93119717,0.9885065,1.0665764,1.5454916,0.16073528,0.18494709,0.29557878,0.36446837,0.78093904,0.69752085,0.7303623,0.91197354,0.8489691,1.8433262,0.59533525,0.37264434,0.5290242,0.43960717,0.47171816,0.40466475,0.6273557,0.47097585,0.56039286,0.5282818,0.19067048,-0.25471133,0.05804831,-0.12078565,-0.056563668
SZ300896,0.037465387759721226,0.875,,2026-03-17,-0.00034987056,0.015256532,-0.022932509,0.0125272,0.82110405,0.002379461,0.15596344,-0.010497609,-0.68807316,1.00035,1.0128816,0.9976197,1.0053382,0.9838976,0.9661115,1.0772753,0.99418527,0.97592545,0.99866337,0.9879469,0.9996132,1.0066093,1.0089658,0.0055094096,0.012657954,0.023186821,0.0313279,0.028118476,-0.0002578385,0.0034406763,-0.0023510915,-0.0011804636,-9.434959e-05,0.00547552,0.6772859,0.35985264,0.11003843,0.0034339686,0.0018522855,-0.0034299819,0.02272215,0.01050742,-0.006182574,1.0133581,1.0133581,1.0767261,1.1117383,1.1117383,0.97751427,0.96239245,0.96239245,0.9622714,0.96162677,1.0018891,1.0001789,1.0174178,1.0341516,1.0308049,0.99420106,0.9737206,0.9773884,0.97821456,0.98459756,0.6,0.8,0.55,0.5,0.45,0.6273254,0.7379002,0.32892835,0.25242117,0.2556315,0.2,0.6,0.05,0.26666668,0.6333333,0.2,0.1,0.55,0.1,0.05,0.0,0.5,-0.5,0.16666667,0.5833333,0.496509,0.33572486,0.3991638,0.5837992,0.61267245,0.8594672,0.5193235,0.07741811,0.51738554,0.50841963,0.6,0.6,0.35,0.43333334,0.51666665,0.4,0.4,0.65,0.56666666,0.48333332,0.2,0.2,-0.3,-0.13333334,0.033333335,0.6744586,0.6788893,0.32680726,0.50611615,0.5150796,0.3255414,0.3211107,0.67319274,0.49388388,0.48492038,0.3489172,0.3577786,-0.34638548,0.012232264,0.030159216,1.1654762,1.0774806,1.2421229,1.7089684,1.7562237,0.4469602,0.31740507,0.37086084,0.9225366,0.79588145,1.2977787,1.0495706,0.9753429,1.3236345,1.3128963,0.51146674,0.39651415,0.39607635,0.47680327,0.4930091,0.4885333,0.6034859,0.6039236,0.5231967,0.5069909,0.022933437,-0.20697172,-0.20784727,-0.046393443,-0.013981833
SH600150,0.036516516681128534,0.875,,2026-03-17,-0.015736854,0.024034325,-0.6547658,0.0071529686,0.29761472,0.0011445027,0.047619503,-0.021745319,-0.904761,1.0159885,1.0232558,0.9988372,1.0116472,1.0756106,1.0921531,0.99099255,1.0273689,0.99099255,1.0293608,1.0686558,1.070925,1.0464981,1.0248499,0.025149535,0.047877807,0.041841913,0.049887445,0.047814935,-0.015728392,-0.015419226,-0.0009116877,0.0029516008,0.0018625885,0.97779715,0.95075387,0.016616408,0.27129036,0.46281403,0.0020959666,0.00073068443,-0.062263995,-0.08929631,-0.07979627,1.0781994,1.1467632,1.1467632,1.1467632,1.1467632,0.9988372,0.9988372,0.9857342,0.9607845,0.9441585,1.0497662,1.1220683,1.1079508,1.0993938,1.0579422,1.0118482,1.0211155,1.0215832,1.0061147,0.97822624,0.2,0.1,0.05,0.16666667,0.31666666,0.014651831,0.007860699,0.088591404,0.21086015,0.275618,0.2,0.3,0.65,0.76666665,0.8833333,1.0,1.0,0.05,0.16666667,0.06666667,-0.8,-0.7,0.6,0.6,0.81666666,-0.2569808,0.7077177,0.5052712,0.46700063,0.6933846,0.19865125,-0.26407942,0.32734188,0.302651,0.4237568,0.0,0.3,0.55,0.46666667,0.45,1.0,0.7,0.45,0.53333336,0.53333336,-1.0,-0.4,0.1,-0.06666667,-0.083333336,0.0,0.23076923,0.51382244,0.4720353,0.5053875,1.0,0.7692308,0.48617756,0.5279647,0.49461251,-1.0,-0.53846157,0.027644863,-0.055929393,0.010774956,0.9951557,1.1940265,1.3186041,1.2451171,1.064558,0.0150757,0.3054026,0.333894,0.35205984,0.41414076,0.3731879,0.9641137,0.848613,0.91869867,1.0942086,0.4845061,0.3207915,0.5457459,0.48547566,0.51410574,0.51549387,0.6792085,0.45425412,0.51452434,0.4858943,-0.030987773,-0.35841697,0.09149177,-0.029048687,0.028211443
SH601818,0.03273476704806406,0.875,,2026-03-17,0.012121196,0.018181827,0.6666655,0.00606063,0.3333345,0.0,0.0,0.0060605663,0.333331,0.988024,1.005988,0.988024,0.999845,0.9739885,0.97687864,0.99710983,0.982659,1.0173411,0.99421966,0.98121387,0.9817919,0.9805395,0.9938343,0.005780353,0.0148312235,0.013404474,0.012951596,0.020981599,0.0023121382,0.0045542144,2.824915e-05,0.00028998102,-0.000869622,0.3999989,0.86433965,0.0001554459,0.038850293,0.52394265,0.0011560596,-0.0017078446,0.017939717,0.015255763,0.031819537,1.0060928,1.0060928,1.0060928,1.0060928,1.0375885,0.9705712,0.95210445,0.95210445,0.9478384,0.9478384,0.9976879,0.99710983,0.99710983,0.9947977,1.0173411,0.9901734,0.97023124,0.97109824,0.97109824,0.97109824,1.0,1.0,0.9,0.93333334,0.6166667,0.82847524,0.8871454,0.8871454,0.8954099,0.5811869,0.6,0.8,0.9,0.93333334,0.083333336,0.2,0.1,0.55,0.1,0.55,0.4,0.7,0.35,0.8333333,-0.46666667,0.32477838,0.043481663,-0.24517742,-0.40715775,-0.55673814,0.9160124,-0.022662856,-0.32362598,-0.29170933,-0.15902643,0.6,0.5,0.35,0.4,0.36666667,0.2,0.3,0.35,0.4,0.46666667,0.4,0.2,0.0,0.0,-0.1,0.84615344,0.6428571,0.5116278,0.5416666,0.47761187,0.15384655,0.35714293,0.4883722,0.45833337,0.52238816,0.69230694,0.28571418,0.023255602,0.08333328,-0.044776265,0.973895,0.9395757,0.9413853,1.071446,0.89136434,0.10658414,0.23754124,0.3565606,0.47964764,0.39549756,0.6983748,0.94739294,1.1172328,0.9379401,1.0112493,0.60961914,0.35439754,0.5242128,0.5077811,0.514951,0.39038086,0.64560246,0.4757872,0.49221894,0.485049,0.21923828,-0.29120496,0.048425604,0.015562145,0.029901972
SZ300498,0.032621834235212824,0.625,,2026-03-17,-0.0022909099,0.027491353,-0.08333201,0.02405499,0.87500197,0.0011454549,0.041666005,-0.025200443,-0.916668,1.0022962,1.0264064,0.9988519,1.0118917,0.9724138,0.9244032,0.9116711,0.904244,0.9575597,0.9998939,0.97718835,0.9390451,0.9257383,0.9408709,0.009214614,0.029469393,0.045228932,0.042152748,0.03892258,0.0031299812,0.008828877,0.0071239118,0.00404322,-0.0005522237,0.28844908,0.82277286,0.8683053,0.7130248,0.06139409,-0.0061538722,-0.016918276,-0.0067222533,0.015635028,0.075419694,1.0264064,1.0264064,1.0264064,1.0264064,1.0264064,0.96337295,0.9150402,0.8799838,0.86928105,0.86928105,1.0070027,1.0018038,0.9876923,0.9735809,0.97771883,0.9969231,0.9577719,0.8962865,0.8913528,0.9006366,0.4,0.7,0.85,0.9,0.95,0.5810733,0.76288676,0.8196563,0.8319406,0.8319406,1.0,1.0,1.0,1.0,1.0,0.2,0.2,0.3,0.06666667,0.53333336,0.8,0.8,0.7,0.93333334,0.46666667,0.49689946,-0.12244392,0.5339212,0.3541901,-0.17585522,0.76884526,0.9005307,0.7741855,0.675359,0.25218612,0.6,0.6,0.5,0.5,0.53333336,0.4,0.4,0.5,0.5,0.45,0.2,0.2,0.0,0.0,0.083333336,0.75,0.77142847,0.69750875,0.6473469,0.5377359,0.25,0.22857155,0.30249125,0.3526531,0.46226415,0.5,0.5428569,0.3950175,0.29469386,0.07547172,1.1434922,1.4048373,1.1390237,1.1337341,0.96712136,0.3418822,0.5860963,0.5543629,0.48688096,0.4622526,0.986711,1.1357303,1.2737948,1.1866337,1.5127267,0.49946693,0.46353424,0.52216,0.47826165,0.5154258,0.5005331,0.53646576,0.47784,0.52173835,0.48457423,-0.0010661627,-0.07293156,0.04432,-0.043476723,0.030851569
SZ002594,0.032210445817218394,0.625,,2026-03-17,-0.016821176,0.037752096,-0.44556937,0.019401707,0.513924,0.0015292113,0.04050666,-0.034693673,-0.9189867,1.0171089,1.0368426,0.9984446,1.0159291,0.93904394,0.9255496,0.87549406,0.9004755,0.93546194,0.9827569,0.9562376,0.9243222,0.908463,0.9213603,0.024352537,0.03391563,0.04327584,0.04320448,0.03590931,0.012462939,0.010049862,0.006494041,0.0039166403,-0.00018714518,0.6547757,0.80488116,0.78814673,0.6369004,0.008284057,-0.0076828054,-0.001462017,0.013984421,0.034745693,0.08416045,1.0368426,1.0368426,1.0368426,1.0368426,1.0368426,0.9300099,0.90405977,0.8527271,0.8348546,0.8348546,1.003403,0.9751235,0.9635808,0.9423172,0.9481534,0.96428484,0.930163,0.883251,0.8750803,0.88565344,0.8,0.9,0.95,0.96666664,0.98333335,0.6551374,0.72253484,0.799894,0.81759995,0.81759995,1.0,1.0,1.0,1.0,1.0,0.2,0.4,0.45,0.2,0.6,0.8,0.6,0.55,0.8,0.4,0.71687514,0.57148194,0.8032811,0.7132832,0.5291224,0.913537,0.9044794,0.92926586,0.742779,0.71812034,0.6,0.5,0.5,0.5,0.5,0.4,0.5,0.5,0.5,0.5,0.2,0.0,0.0,0.0,0.0,0.81313443,0.7129483,0.68529403,0.60939515,0.54438496,0.18686557,0.28705168,0.31470597,0.39060485,0.455615,0.62626886,0.42589664,0.37058806,0.21879031,0.08876996,0.91639644,0.8572782,0.69335866,0.6203243,0.534024,0.30192915,0.28870225,0.41767976,0.36958054,0.30510885,1.1249436,1.141118,1.7639322,1.846507,2.0970902,0.6024807,0.4961573,0.55699015,0.532982,0.5274004,0.3975193,0.5038427,0.44300982,0.46701798,0.4725996,0.20496139,-0.0076854196,0.11398034,0.06596403,0.054800805
SH601985,0.030549464275930648,0.75,,2026-03-17,-0.009966805,0.01993361,-0.5,0.008859359,0.4444433,0.001107446,0.055556726,-0.017718717,-0.8888866,1.0100671,1.0190157,0.9988814,1.007002,0.9945405,0.97361237,0.96542305,0.9854413,0.97088265,1.0171064,1.0017289,0.9804822,0.97509855,0.98086137,0.012712843,0.019555364,0.026148705,0.022734128,0.020933801,-0.003821654,0.0049466467,0.003898966,0.0018576918,0.00011195114,0.2259214,0.5865451,0.7781558,0.51747864,0.008722896,-0.009463147,-0.023988746,-0.01752242,-0.002035087,0.015836066,1.0416192,1.0416192,1.0416192,1.0416192,1.0443261,0.98232186,0.9529862,0.94659775,0.94659775,0.94659775,1.0263877,1.0158325,1.0027298,0.99490446,1.0,1.010919,0.9868971,0.95668787,0.9572338,0.9636032,0.2,0.6,0.8,0.8666667,0.80833334,0.29812714,0.5304321,0.562002,0.562002,0.546436,0.8,0.9,0.95,0.96666664,0.33333334,0.2,0.1,0.3,0.53333336,0.76666665,0.6,0.8,0.65,0.43333334,-0.43333334,0.94431996,0.770723,0.69504637,0.68186444,0.63814634,0.92573357,0.6648178,0.19019215,0.15698023,0.35216078,0.6,0.6,0.5,0.43333334,0.45,0.4,0.4,0.5,0.53333336,0.51666665,0.2,0.2,0.0,-0.1,-0.06666667,0.5374998,0.628319,0.611765,0.5350877,0.53225803,0.46250024,0.37168097,0.38823497,0.4649123,0.46774194,0.074999526,0.25663805,0.22353004,0.070175424,0.0645161,1.5263277,1.3347273,1.0064921,0.8621506,0.7293969,0.3894029,0.40260297,0.55075204,0.5100387,0.43865597,0.33970398,0.6616988,0.9940893,1.1378269,1.1742538,0.49800825,0.46432725,0.5448723,0.5153478,0.5253607,0.50199175,0.5356727,0.45512775,0.48465225,0.47463927,-0.003983522,-0.071345486,0.08974453,0.03069552,0.05072144
SZ000999,0.024344613080002853,0.75,,2026-03-17,0.0058001163,0.019788532,0.29310495,0.010576589,0.5344807,0.003411827,0.17241435,-0.0013646457,-0.068961434,0.9942333,1.0105156,0.99084115,1.0032333,1.0153162,1.0024366,1.0051345,0.9759812,0.9569227,0.99777216,1.0060221,0.99513525,0.9838279,0.9767745,0.0069678384,0.011097191,0.015175513,0.022534007,0.018349968,-0.0018275104,-0.0023512393,0.0013783925,0.0020570145,0.00064686674,0.1719743,0.41150865,0.28875333,0.6458023,0.37901717,0.0058828765,0.0045585204,-0.008230005,-0.01365459,0.004142895,1.0176338,1.0342625,1.0342625,1.0342625,1.0342625,0.9861238,0.9861238,0.96945995,0.937925,0.937925,1.0012879,1.0162561,1.006579,1.0052737,0.9927247,0.99324685,0.99892086,0.9796362,0.95859367,0.9612914,0.7,0.35,0.625,0.71666664,0.85833335,0.44037545,0.2882544,0.4712781,0.64434886,0.64434886,0.2,0.4,0.7,0.8,0.9,0.8,0.9,0.4,0.1,0.55,-0.6,-0.5,0.3,0.7,0.35,0.32023323,0.80506074,0.49636415,0.22856097,0.44143498,-0.054957304,0.20435302,0.40750346,0.5427205,0.5195873,0.4,0.4,0.45,0.43333334,0.46666667,0.6,0.6,0.55,0.53333336,0.51666665,-0.2,-0.2,-0.1,-0.1,-0.05,0.30701828,0.48275903,0.48173386,0.54560477,0.5521163,0.6929817,0.51724094,0.51826614,0.4543952,0.44788373,-0.3859634,-0.03448193,-0.03653226,0.09120958,0.10423257,0.93013763,1.1536199,1.1930712,1.3551326,1.062454,0.13291454,0.30419433,0.40077835,0.7470716,0.6283011,0.40169045,0.8199678,0.8643243,2.1707058,2.5288956,0.41410762,0.301731,0.30694944,0.4897771,0.50380856,0.5858924,0.698269,0.69305056,0.5102229,0.4961914,-0.17178477,-0.39653802,-0.3861011,-0.020445852,0.007617147
SH600377,0.022206455644062886,0.75,,2026-03-17,0.0032154461,0.013665568,0.23529546,0.006430814,0.4705852,0.004019308,0.29411933,0.00080393977,0.05882959,0.9967949,1.0064102,0.99278843,1.0011312,0.9702446,0.97751814,0.9720079,0.9567996,0.97112626,0.9918007,0.97943574,0.97399163,0.9728822,0.96447724,0.008596556,0.01514197,0.013878375,0.012068676,0.017193515,0.0043200455,0.0046766996,0.00121905,0.00054227264,0.00028461617,0.63134634,0.8744312,0.27004355,0.15646523,0.083577536,-0.00044082766,-0.00048088306,0.01442742,0.01925484,0.027126582,1.0064102,1.0064102,1.0064102,1.0064102,1.0064102,0.95989084,0.9503091,0.9503091,0.9503091,0.91905236,0.99682605,0.994622,0.989244,0.98113286,0.97751814,0.9884505,0.96773195,0.9614282,0.9628388,0.95045185,1.0,1.0,1.0,1.0,1.0,0.8622036,0.8857384,0.8857384,0.8857384,0.9266213,1.0,1.0,1.0,1.0,1.0,0.2,0.1,0.55,0.7,0.41666666,0.8,0.9,0.45,0.3,0.5833333,0.040354047,-0.096555494,0.19105119,-0.019974172,0.017626733,0.9617032,0.35704076,0.27445897,0.12527952,0.2104743,0.8,0.7,0.65,0.6666667,0.53333336,0.2,0.3,0.3,0.3,0.45,0.6,0.4,0.35,0.36666667,0.083333336,0.8770962,0.6231886,0.58592707,0.58909094,0.52951777,0.1229038,0.3768114,0.41407296,0.4109091,0.4704822,0.7541924,0.24637726,0.1718541,0.17818183,0.059035596,1.4731463,1.4424635,1.3579056,1.532889,1.6323235,0.6080298,0.47966757,0.40975294,0.5921548,0.6739449,1.2706397,1.0381076,0.9901642,0.9816498,0.8744118,0.50300735,0.39116526,0.48844045,0.44212124,0.45706767,0.49699268,0.60883474,0.51155955,0.5578788,0.54293233,0.0060146707,-0.21766949,-0.023119101,-0.11575755,-0.085864685
SH601998,0.02181292355326363,0.625,,2026-03-17,0.033025146,0.039630104,0.8333348,0.0026419314,0.06666476,0.0039630276,0.10000044,0.03434624,0.8666705,0.96803063,1.0025575,0.9641943,0.99044496,0.92839354,0.9308842,0.9551681,0.94146943,0.96014947,0.9626401,0.943462,0.9411893,0.94007885,0.95005184,0.023632588,0.025903335,0.022520825,0.019857863,0.020335322,0.014259036,0.007871998,0.00061751564,0.0004500645,-0.00035866775,0.91011804,0.8465838,0.026314517,0.03980945,0.09488168,0.008841844,0.02111401,0.052944332,0.053395215,0.06052884,1.0025575,1.0025575,1.0025575,1.0025575,1.0101292,0.9242935,0.90764725,0.90764725,0.90764725,0.90764725,0.97359896,0.9615193,0.9615193,0.9551681,0.9682441,0.94582814,0.9244085,0.9244085,0.9244085,0.9293897,1.0,1.0,1.0,1.0,0.98333335,0.96732247,0.9730538,0.9730538,0.9730538,0.9011612,1.0,1.0,1.0,1.0,0.43333334,0.2,0.1,0.55,0.7,0.85,0.8,0.9,0.45,0.3,-0.41666666,0.95822203,0.52947724,0.16908628,-0.08039049,0.13822477,0.64373356,0.21424006,-0.050845098,-0.024451204,0.10433359,1.0,0.8,0.55,0.5,0.46666667,0.0,0.2,0.4,0.46666667,0.51666665,1.0,0.6,0.15,0.033333335,-0.05,1.0,0.8135598,0.6104295,0.59631157,0.533195,0.0,0.18644023,0.3895705,0.40368843,0.466805,1.0,0.62711954,0.220859,0.19262312,0.06638998,0.6730062,0.62706226,0.562641,0.6615927,0.6906141,0.21931164,0.19609413,0.20843466,0.27930546,0.26512095,1.0884062,1.1438967,1.1291951,1.0637485,0.97752285,0.7918477,0.49173623,0.5761771,0.5251172,0.51828325,0.20815232,0.50826377,0.4238229,0.47488278,0.48171672,0.58369535,-0.016527532,0.15235418,0.050234467,0.036566544
SZ000876,0.02074592878860109,0.875,,2026-03-17,-0.004529971,0.019252617,-0.23529118,0.013590105,0.7058835,0.0011325408,0.058825288,-0.016987536,-0.88234943,1.0045506,1.0182025,0.9988623,1.0088365,1.0056882,0.9908739,0.9897487,1.0147518,1.0284411,1.0097637,1.006007,0.9952619,0.99653286,1.0149279,0.0064135944,0.0072382353,0.012594189,0.013399159,0.024713257,-0.0035254464,0.0009595891,0.001828988,0.00027130812,-0.0010356131,0.7553796,0.16110782,0.7381581,0.03177403,0.53559303,-0.0027128186,-0.010325139,-0.012637284,-0.00046685446,0.015622696,1.028403,1.028403,1.028403,1.0466435,1.0614076,0.99769986,0.9828985,0.9738466,0.9738466,0.9737977,1.0143143,1.0099763,1.0090636,1.0090636,1.0411676,1.0072509,1.0009001,0.98451054,0.9863108,0.98952365,0.2,0.2,0.6,0.6333333,0.35,0.07491552,0.37582007,0.4793822,0.35926497,0.29907954,0.8,0.9,0.95,0.13333334,0.21666667,0.2,0.3,0.2,0.46666667,0.5,0.6,0.6,0.75,-0.33333334,-0.28333333,0.054102823,0.11208769,0.7695797,0.7127596,-0.1794684,0.81827456,0.51852185,0.45431322,0.3872441,0.20035061,0.4,0.5,0.5,0.5,0.46666667,0.4,0.4,0.45,0.43333334,0.48333332,0.0,0.1,0.05,0.06666667,-0.016666668,0.4000007,0.562607,0.54375666,0.4674215,0.46802533,0.5999993,0.437393,0.45624337,0.5325785,0.5319747,-0.19999865,0.12521395,0.08751327,-0.06515702,-0.063949324,1.0306798,1.087887,0.86614895,0.9591619,0.9051121,0.08447496,0.2001333,0.32682508,0.41953957,0.4924558,0.6654343,0.7551433,0.93848777,1.5195897,1.6276478,0.6213126,0.4225074,0.5572147,0.3772458,0.49602708,0.3786874,0.5774926,0.44278532,0.62275416,0.50397295,0.2426252,-0.1549852,0.11442933,-0.24550836,-0.007945839
SH600900,0.01818043134261727,0.75,,2026-03-17,0.006222605,0.010614945,0.5862117,0.0029282644,0.27586243,0.0014640754,0.13792586,0.0047584157,0.44827512,0.9938159,1.0029101,0.99236083,1.0002861,0.9876235,0.9810035,0.95481145,0.93754196,1.0053726,0.9971985,0.9920752,0.9732658,0.9640826,0.97406375,0.0030935707,0.0059025087,0.021277035,0.022550799,0.02388453,0.00087306934,0.0017653278,0.0032452107,0.0022952366,-0.0004941198,0.19912115,0.81995285,0.81420106,0.80284697,0.13053623,0.0010553598,-1.9186304e-05,-0.004095339,0.0026364466,0.040512778,1.0050484,1.0050884,1.0050884,1.0050884,1.0158664,0.98036027,0.96468276,0.9432307,0.9159078,0.9159078,1.0000576,0.99792767,0.99351436,0.98798805,0.9974095,0.9947808,0.9868752,0.9475391,0.94556266,0.94907415,0.8,0.9,0.95,0.96666664,0.8666667,0.7955145,0.87406725,0.91774035,0.94294286,0.8412707,0.6,0.4,0.7,0.8,0.033333335,0.2,0.1,0.35,0.1,0.55,0.4,0.3,0.35,0.7,-0.51666665,0.416235,-0.5586062,0.45064765,0.009912294,-0.4358235,0.35471413,0.22098184,0.30370742,0.23134865,-0.2927468,0.6,0.6,0.55,0.5,0.43333334,0.4,0.4,0.4,0.46666667,0.5,0.2,0.2,0.15,0.033333335,-0.06666667,0.77446896,0.78285646,0.74608165,0.6846285,0.4918935,0.22553106,0.21714355,0.25391835,0.3153715,0.5081065,0.54893786,0.5657129,0.49216327,0.36925697,-0.016213002,1.0917913,1.3965394,1.2712622,1.4013909,1.3006021,0.107034035,0.49543113,0.5772893,0.69170743,0.72651947,0.53222936,0.64642876,1.5789816,1.2982012,1.4212563,0.257306,0.34014583,0.512766,0.4447147,0.5032871,0.74269396,0.6598542,0.48723397,0.5552853,0.49671292,-0.48538798,-0.31970835,0.025532058,-0.11057061,0.006574174
SH601006,0.016050472786465292,0.75,,2026-03-17,-0.0056284657,0.016885584,-0.33332965,0.0093809,0.5555568,0.0018762174,0.11111357,-0.013133149,-0.77777284,1.0056603,1.0150943,0.99811316,1.0064042,0.98715204,0.9814418,0.9607423,0.95074946,1.0264097,1.0091363,0.99514633,0.9782298,0.9694742,0.97492266,0.007677657,0.015828025,0.021428924,0.021977428,0.026000433,-0.0037830123,0.0040663593,0.003291956,0.0022131025,-0.00039201166,0.60695726,0.6050197,0.82599103,0.78587055,0.06933246,-0.0015703042,-0.013444938,-0.009503413,-0.0015641645,0.036641676,1.024473,1.024473,1.024473,1.024473,1.0318136,0.9850027,0.96206784,0.948863,0.9358102,0.9339235,1.0132762,1.0085653,1.001142,0.9837259,1.0024269,1.0045682,0.9793005,0.95817274,0.9524625,0.95074946,0.2,0.6,0.8,0.8666667,0.78333336,0.37996492,0.60783774,0.67632675,0.7239774,0.6750071,0.4,0.7,0.85,0.9,0.05,0.2,0.1,0.2,0.2,0.41666666,0.2,0.6,0.65,0.7,-0.36666667,0.8033262,0.44916373,0.68118185,0.3317153,-0.15840755,0.83639735,0.70954126,0.6768529,0.6679235,0.34523028,0.4,0.5,0.55,0.53333336,0.41666666,0.6,0.4,0.4,0.43333334,0.48333332,-0.2,0.1,0.15,0.1,-0.06666667,0.61842114,0.63541687,0.65714306,0.623656,0.46554935,0.38157883,0.36458316,0.3428569,0.37634403,0.53445065,0.23684233,0.27083367,0.31428614,0.24731196,-0.06890132,1.6866192,1.5404903,1.3298991,1.4008349,1.3388255,0.5648498,0.46849394,0.64051926,0.60131073,0.62012917,1.0303383,1.3479004,1.3091756,1.1391644,1.1716015,0.46133998,0.31594113,0.51554936,0.471838,0.50598365,0.53866,0.6840589,0.48445064,0.528162,0.49401635,-0.07732002,-0.36811778,0.03109872,-0.056324,0.011967275
SH600436,0.01598538345475393,0.625,,2026-03-17,-0.009417611,0.014250345,-0.660869,0.0024783304,0.17391372,0.0023544028,0.16521725,-0.009541539,-0.6695655,1.0095072,1.012009,0.9976232,1.0042893,0.989555,0.9932447,1.057604,1.0026251,1.072675,0.99007815,0.9873439,1.0076585,1.0127186,1.0367895,0.013275615,0.009913936,0.025759412,0.028734203,0.03424698,0.0057429494,0.0018023632,-0.003519897,-0.0013960638,-0.0015646938,0.4678436,0.3029729,0.6535158,0.18294223,0.63666934,-0.0015640464,0.004545463,0.025780482,0.0075243134,0.009368937,1.012009,1.012009,1.0587229,1.0983207,1.0983207,0.97472954,0.97472954,0.97472954,0.9585884,0.9585884,1.0015512,0.99223876,1.0375582,1.0409267,1.0665731,0.97833157,0.9784528,0.9825849,0.9846372,0.9995246,0.8,0.9,0.55,0.43333334,0.21666667,0.67786497,0.67786497,0.3008629,0.29636368,0.29636368,1.0,1.0,0.2,0.3,0.65,0.6,0.8,0.9,0.1,0.55,0.4,0.2,-0.7,0.2,0.1,0.8333002,0.65937567,0.5538744,0.47399536,-0.048547573,0.86038333,0.70748985,0.2754718,0.47144443,0.3934265,0.4,0.5,0.4,0.4,0.4,0.6,0.5,0.6,0.56666666,0.5833333,-0.2,0.0,-0.2,-0.16666667,-0.18333334,0.60743845,0.53770447,0.3562397,0.4967576,0.4399824,0.39256158,0.46229553,0.6437603,0.50324243,0.5600176,0.21487685,0.07540891,-0.2875206,-0.006484817,-0.12003518,1.0370867,0.89734566,1.0738623,1.7711034,1.4918708,0.5757467,0.42427987,0.39818063,1.4171336,1.0978338,1.6339021,1.6059785,1.154743,2.3180742,2.7508137,0.56101024,0.47106293,0.42175707,0.46908155,0.49857795,0.43898976,0.5289371,0.57824296,0.5309185,0.50142205,0.122020505,-0.057874158,-0.15648587,-0.061836924,-0.0028441176
SH601136,0.015818987386255492,0.875,,2026-03-17,-0.002842526,0.013075619,-0.2173913,0.007390567,0.5652174,0.002842526,0.2173913,-0.007390567,-0.5652174,1.0028507,1.0102623,0.99714935,1.0046835,1.0044494,1.0077864,1.0311457,1.0734149,1.1017797,0.99888766,0.9961624,1.0111513,1.0172414,1.0515294,0.0034509697,0.0070177354,0.01789559,0.018621717,0.03812821,-0.0010011117,0.0013853796,-0.002051986,-0.0014758699,-0.001936006,0.21038887,0.35723588,0.46017691,0.4868088,0.7863583,0.0031145727,-0.002396601,0.008342604,0.0041587506,0.0055827196,1.0102623,1.0102623,1.049055,1.0765182,1.1212156,0.9892646,0.9821885,0.9821885,0.9821885,0.9821885,1.0017798,1.0017798,1.0260289,1.0302558,1.0850946,0.9957731,0.9927697,0.9958843,0.9997775,1.0159066,0.6,0.7,0.35,0.23333333,0.11666667,0.5112664,0.63445294,0.2663736,0.18882146,0.12811507,1.0,1.0,0.35,0.033333335,0.35,0.8,0.1,0.55,0.7,0.85,0.2,0.9,-0.2,-0.6666667,-0.5,0.2708999,-0.20619397,0.34724167,0.39785472,0.611991,0.3842732,0.25538597,0.24829276,0.018934403,0.29903632,0.4,0.6,0.5,0.5,0.46666667,0.6,0.4,0.5,0.5,0.51666665,-0.2,0.2,0.0,0.0,-0.05,0.35714346,0.4375,0.38976374,0.35267863,0.3893592,0.64285654,0.5625,0.6102362,0.64732134,0.6106408,-0.28571305,-0.125,-0.2204725,-0.29464275,-0.22128159,0.65367556,0.76671255,0.90121776,0.98214746,1.208732,0.21007395,0.2489133,0.37730482,0.4398605,0.5509344,0.894149,1.4972124,1.2577543,1.5487275,1.4741993,0.59936464,0.3808353,0.52669674,0.45517993,0.4859609,0.40063533,0.6191647,0.47330326,0.5448201,0.5140391,0.19872934,-0.23832943,0.053393494,-0.08964014,-0.02807822
SH600519,0.014389216389739496,0.75,,2026-03-17,0.011580375,0.025122575,0.46095493,0.008903243,0.3543921,0.004638958,0.18465294,0.0073160906,0.29121578,0.9885522,1.0088013,0.98396635,1.0004697,0.9440272,0.96039706,1.0269092,0.9037035,0.93491733,0.96307343,0.9529913,0.9723549,0.97432655,0.957075,0.027244382,0.021065906,0.02750656,0.037459932,0.03374875,0.016039055,0.0049940823,-0.0029744185,-0.0005465557,0.00064794166,0.86645025,0.5151842,0.4092603,0.016498199,0.11242328,0.004848459,0.024535298,0.05590211,0.033598483,0.023810718,1.0088013,1.0088013,1.0269156,1.0558923,1.0558923,0.93670714,0.93144786,0.93144786,0.8902422,0.8902422,0.9866292,0.9582139,1.0003768,1.0061911,0.9874264,0.9416836,0.94183975,0.943397,0.9432994,0.9370667,1.0,1.0,0.75,0.7,0.85,0.8779191,0.88621944,0.71806675,0.662588,0.662588,1.0,1.0,0.05,0.3,0.65,0.4,0.4,0.7,0.06666667,0.53333336,0.6,0.6,-0.65,0.23333333,0.11666667,0.89999616,0.71763337,0.4424517,0.21799386,0.1709788,0.5993561,0.4317827,0.20254073,0.51392007,0.39934143,0.6,0.5,0.3,0.43333334,0.38333333,0.4,0.5,0.7,0.56666666,0.6166667,0.2,0.0,-0.4,-0.13333334,-0.23333333,0.90396297,0.7058172,0.43142474,0.6072959,0.5520683,0.09603704,0.2941828,0.56857526,0.39270416,0.4479317,0.80792594,0.4116344,-0.13715053,0.21459168,0.104136564,0.78939015,0.7379285,0.7568888,1.1190219,0.94555455,0.30745772,0.24501126,0.18650937,0.69969577,0.56865287,1.1021535,1.3166062,1.0591875,2.1916487,2.6463501,0.76735824,0.52012426,0.49437237,0.4699128,0.5166226,0.23264177,0.4798757,0.50562763,0.5300872,0.48337737,0.5347165,0.04024855,-0.011255259,-0.060174406,0.033245243
SZ300760,0.011357779190870023,0.875,,2026-03-17,0.0033802844,0.018985907,0.17804177,0.013802792,0.727002,0.0018028296,0.094956204,-0.008619678,-0.45400405,0.9966311,1.0137563,0.99483436,1.0056434,1.0126053,1.0129077,1.0621691,1.095447,1.0992285,1.0024505,1.0023245,1.0244113,1.0388393,1.079224,0.0069290414,0.010353901,0.02612258,0.03043081,0.04894868,-0.00329249,0.00043912462,-0.0038294548,-0.0030739761,-0.0023610159,0.5644723,0.016488416,0.75215924,0.79081637,0.7096035,0.0041345158,-0.004300465,0.011968503,0.0057333615,-0.00957403,1.0210527,1.0232942,1.0724181,1.1033279,1.2022511,0.99194753,0.9853944,0.9853944,0.9853944,0.9853944,1.0049111,1.0128573,1.0501286,1.0629355,1.12216,0.9990521,0.99408054,1.000363,1.0036,1.0407401,0.4,0.4,0.2,0.13333334,0.06666667,0.27666762,0.3853737,0.16783458,0.12384598,0.06735137,0.2,0.3,0.05,0.033333335,0.36666667,0.8,0.3,0.65,0.76666665,0.8833333,-0.6,0.0,-0.6,-0.73333335,-0.51666665,-0.14352016,-0.21157312,-0.2923982,0.22899,0.40185377,0.19332968,0.25429502,0.058433153,0.046425164,0.24543776,0.6,0.6,0.5,0.43333334,0.45,0.4,0.4,0.5,0.56666666,0.55,0.2,0.2,0.0,-0.13333334,-0.1,0.282986,0.44128457,0.33599353,0.36164308,0.43326104,0.717014,0.55871546,0.6640065,0.6383569,0.56673896,-0.434028,-0.11743088,-0.3280129,-0.27671385,-0.13347796,0.7353978,0.8050872,0.80270445,0.9147781,1.0465091,0.1644338,0.22519962,0.22489819,0.33303764,0.44973597,0.7943599,1.1385363,1.0925033,1.0529612,1.2538586,0.7848241,0.45624623,0.53741693,0.47299877,0.5067162,0.21517593,0.5437538,0.46258307,0.52700126,0.4932838,0.56964815,-0.08750757,0.074833855,-0.05400249,0.0134323975
SH600600,0.010816093615621122,0.5,,2026-03-17,-0.000313426,0.015512397,-0.020204872,0.010968329,0.7070687,0.0042306404,0.27272642,-0.0070511154,-0.45454714,1.0003135,1.0112853,0.995768,1.0054405,0.9866891,0.9733783,0.9859309,0.97009265,0.9671441,0.994861,0.98411125,0.9784794,0.9763213,0.9743527,0.005267225,0.013802593,0.011892384,0.014835809,0.011497216,0.0031929195,0.0043879403,0.0013972803,0.000844297,0.00019731214,0.91865444,0.9264277,0.48316696,0.2509977,0.08983014,-0.0012468569,-0.0038569549,0.008246458,0.011436417,0.019826565,1.0112853,1.0112853,1.0112853,1.0112853,1.0112853,0.9793183,0.9563365,0.9563365,0.94049066,0.94049066,1.0001011,0.99528223,0.9892671,0.9892671,0.9810615,0.9904297,0.9732772,0.9662848,0.96458304,0.9662848,0.8,0.9,0.95,0.96666664,0.98333335,0.6469703,0.7946216,0.7946216,0.84059113,0.84059113,1.0,1.0,1.0,1.0,1.0,0.2,0.1,0.55,0.06666667,0.53333336,0.8,0.9,0.45,0.93333334,0.46666667,0.9726622,0.7290786,0.5995638,0.16845116,0.25050524,0.3767005,0.59228027,0.22830996,0.46778056,0.38122317,0.8,0.6,0.5,0.5,0.5,0.2,0.4,0.5,0.5,0.5,0.6,0.2,0.0,0.0,0.0,0.9647032,0.7386701,0.5682748,0.55104977,0.5382803,0.03529677,0.2613299,0.43172523,0.44895023,0.46171972,0.92940646,0.4773402,0.13654955,0.10209954,0.07656058,0.7941734,0.7084892,0.6261152,0.7555099,0.6141503,0.17676765,0.16271107,0.18038695,0.33418596,0.2967333,0.92851967,0.92674667,0.917495,2.06063,2.440591,0.8935538,0.5619752,0.60737425,0.51076317,0.53408366,0.106446214,0.43802482,0.39262575,0.48923683,0.46591634,0.7871076,0.12395038,0.21474852,0.021526366,0.06816733
SZ000895,0.010750204871161136,0.625,,2026-03-17,-0.0028069748,0.012982456,-0.21621291,0.006315825,0.48648924,0.0038596562,0.29729784,-0.0052631437,-0.4054043,1.0028149,1.0091485,0.99612945,1.0031294,0.9591822,0.94194686,0.9366616,0.9046445,0.93454987,0.9862069,0.96794504,0.9495252,0.93847096,0.93163806,0.014886638,0.023468375,0.025339516,0.027451104,0.02452935,0.008937439,0.0075129345,0.0036146492,0.0027157888,0.0004304892,0.9010998,0.93943024,0.71220285,0.75853235,0.09394036,-0.004081773,-0.0017532681,0.01613567,0.022150114,0.055662498,1.0091485,1.0091485,1.0091485,1.0091485,1.0091485,0.95637137,0.9285645,0.9187187,0.88951623,0.8870512,1.000564,0.986202,0.96988225,0.9596045,0.9450351,0.9755801,0.95369667,0.92878115,0.9198486,0.90521085,0.8,0.9,0.95,0.96666664,0.98333335,0.82665825,0.8864727,0.89883333,0.9235283,0.9250722,1.0,1.0,1.0,1.0,1.0,0.2,0.1,0.45,0.1,0.5,0.8,0.9,0.55,0.9,0.5,0.72274387,0.44212344,0.6229675,-0.029595627,-0.20571639,0.81505233,0.7644811,0.47270614,0.46382242,0.24056152,0.8,0.6,0.55,0.53333336,0.48333332,0.2,0.4,0.45,0.46666667,0.51666665,0.6,0.2,0.1,0.06666667,-0.033333335,0.9393066,0.8451386,0.751381,0.7316178,0.59029377,0.060693383,0.15486139,0.248619,0.26838222,0.4097062,0.87861323,0.6902772,0.50276196,0.46323556,0.18058757,1.0963731,1.0588943,0.90628225,1.0303367,1.0070509,0.30360335,0.23865199,0.28347385,0.32791477,0.31438667,1.0337106,1.0944388,1.2753495,1.0479472,1.0510732,0.55900455,0.4327988,0.5160105,0.45440343,0.5140209,0.44099548,0.5672012,0.48398945,0.5455966,0.48597908,0.11800904,-0.13440238,0.032021094,-0.09119315,0.028041827
SH601800,0.010043467955304888,0.75,,2026-03-17,-0.0012195108,0.018292662,-0.06666667,0.01585364,0.8666667,0.0012195108,0.06666667,-0.01585364,-0.8666667,1.001221,1.017094,0.998779,1.0063937,0.9950658,0.9868421,0.99671054,1.0419408,1.0164473,1.0118421,0.9970395,0.99362665,0.99498355,1.0049753,0.014991019,0.020356083,0.014898204,0.013659392,0.018253844,-0.0020559232,0.0051435404,0.0012013995,0.000111417874,-0.00030479504,0.047020957,0.585258,0.2276015,0.0051564258,0.08503681,-0.007730265,-0.020185415,-0.005039952,0.0034008776,0.0040161135,1.0439339,1.0439339,1.0439339,1.0439339,1.0834718,0.9842006,0.9573118,0.9573118,0.9573118,0.9573118,1.0154605,1.0078948,1.0008224,1.0042764,1.0166118,1.0032895,0.98486847,0.98651314,0.9875,0.99177635,0.2,0.6,0.8,0.75,0.475,0.2644994,0.49280968,0.49280968,0.49280968,0.33836538,0.6,0.8,0.9,0.93333334,0.4,0.2,0.1,0.55,0.7,0.85,0.4,0.7,0.35,0.23333333,-0.45,0.7483725,0.6337241,0.50131404,0.4580603,0.3876965,0.77230453,0.44410107,0.28860655,0.2027361,0.35531542,0.6,0.6,0.5,0.43333334,0.43333334,0.4,0.4,0.5,0.56666666,0.55,0.2,0.2,0.0,-0.13333334,-0.11666667,0.53061223,0.54761904,0.50840336,0.42936286,0.484985,0.46938777,0.45238096,0.49159664,0.57063717,0.515015,0.06122449,0.0952381,0.016806718,-0.1412743,-0.030030012,1.8186643,1.3916065,1.0971947,1.0863156,0.9347112,0.9515542,0.8052229,0.7220688,0.6852001,0.61415756,1.0989772,1.2512149,1.6097894,1.4989405,1.530428,0.5145799,0.50319195,0.5260731,0.48499584,0.5134961,0.4854201,0.49680805,0.4739269,0.51500416,0.4865039,0.029159801,0.0063838805,0.052146185,-0.030008314,0.026992198
SH600061,0.0083945338848371,0.625,,2026-03-17,0.0013660877,0.016393425,0.08333144,0.013661249,0.8333371,0.0013660877,0.08333144,-0.010929073,-0.66667426,0.99863577,1.0136427,0.99727154,1.0054135,0.9877174,1.0041403,1.0409882,1.0518907,1.0204251,0.9972399,0.9911262,1.0107784,1.0208759,1.0330803,0.0025818553,0.007626705,0.024887862,0.025880828,0.024775952,0.0006900394,0.0021018933,-0.0034705186,-0.0024434186,-0.0007990614,0.17857638,0.6962398,0.68058383,0.69078207,0.3172484,0.0013800343,-0.0005846815,0.022191534,0.014553649,-0.009508044,1.0136427,1.0136427,1.062698,1.0899816,1.092715,0.9835664,0.9768464,0.9768464,0.9768464,0.9768464,1.0,0.9966879,1.0329838,1.0426166,1.0521667,0.99558383,0.98305273,0.9921336,0.99558383,1.0158709,0.9,0.95,0.475,0.31666666,0.15833333,0.5463989,0.6292389,0.2696935,0.20465444,0.19982636,1.0,1.0,0.15,0.06666667,0.36666667,0.2,0.1,0.55,0.7,0.85,0.8,0.9,-0.4,-0.6333333,-0.48333332,0.49960425,-0.06850487,0.27055475,0.4784943,0.38390687,0.45082623,0.2011402,0.056888353,0.21721649,0.3428252,0.6,0.6,0.4,0.43333334,0.48333332,0.2,0.3,0.5,0.5,0.45,0.4,0.3,-0.1,-0.06666667,0.033333335,0.79865956,0.47340414,0.36823404,0.40683836,0.47937566,0.20134047,0.5265959,0.63176596,0.59316164,0.52062434,0.59731907,-0.053191733,-0.26353195,-0.18632326,-0.041248705,0.7150589,0.7191154,0.88503474,1.0505545,0.94916743,0.1905192,0.2185165,0.3828386,0.5734702,0.4739606,0.62840825,1.2574543,0.98208725,1.0782281,1.1670154,0.71475446,0.428328,0.5322469,0.48852435,0.5095325,0.2852455,0.57167196,0.46775308,0.5114757,0.49046752,0.42950895,-0.14334399,0.06449383,-0.022951322,0.019064989
SH600919,0.008206984036544074,0.5,,2026-03-17,0.0018364745,0.011019319,0.16665952,0.008264549,0.75000536,0.00091829634,0.083335124,-0.005509778,-0.5000107,0.9981669,1.0082494,0.99725026,1.0037526,0.9567123,0.9594521,0.9561644,0.9008219,0.92438364,0.98564386,0.9743562,0.964137,0.95262104,0.935927,0.015403005,0.016155452,0.01603393,0.024132224,0.026273469,0.009424651,0.0043105003,0.002017509,0.002363905,0.0010215928,0.9359651,0.6525722,0.55413926,0.74364734,0.46112707,-0.0044931616,0.0062465593,0.016696652,0.013102346,0.033936046,1.0082494,1.0082494,1.0082494,1.0082494,1.0082494,0.94660425,0.94514287,0.9367273,0.8935002,0.88436437,1.0002192,0.98816437,0.97172606,0.9653699,0.95813704,0.9745754,0.96120554,0.9553973,0.932274,0.9167124,0.8,0.9,0.95,0.96666664,0.98333335,0.86617935,0.86927825,0.88465947,0.92810935,0.9334108,1.0,1.0,1.0,1.0,1.0,0.2,0.1,0.35,0.06666667,0.41666666,0.8,0.9,0.65,0.93333334,0.5833333,-0.1144611,0.23058054,0.35975227,-0.43964317,-0.4841598,0.7643139,0.33018395,0.2845174,0.41536626,0.10697786,0.8,0.6,0.55,0.5,0.43333334,0.2,0.4,0.45,0.43333334,0.51666665,0.6,0.2,0.1,0.06666667,-0.083333336,0.9759029,0.789062,0.66260135,0.7212712,0.5815602,0.024097104,0.210938,0.33739865,0.27872875,0.4184398,0.9518058,0.578124,0.3252027,0.44254246,0.16312039,1.2302057,1.1647588,1.0866504,1.2647474,1.3983095,0.17832838,0.20046203,0.24020272,0.41544282,0.40493777,0.6763162,0.78092134,0.8105295,1.4721344,1.1622009,0.5384165,0.37507814,0.50410914,0.43415725,0.5001503,0.4615835,0.62492186,0.49589083,0.56584275,0.4998497,0.07683299,-0.24984373,0.008218327,-0.13168547,0.0003005883
SH600009,0.007789351727230947,0.5,,2026-03-17,0.0016983763,0.012228218,0.13888992,0.010190181,0.8333333,0.0003396601,0.027776744,-0.008152145,-0.6666667,0.9983045,1.010173,0.9979654,1.0043242,0.99697655,1.0145773,1.0600367,1.05291,1.0854119,0.99593997,0.9962099,1.0178545,1.0278083,1.0625076,0.002751477,0.004907894,0.024996903,0.025354225,0.045151785,0.001155384,1.3745479e-05,-0.0038873495,-0.002419177,-0.0021233896,0.4408196,7.190197e-05,0.84645295,0.7055638,0.67454255,0.0017492808,0.0037282514,0.019075401,0.0072697233,0.00013237527,1.010173,1.010173,1.0631038,1.0641364,1.158334,0.9891584,0.9840682,0.9840682,0.9840682,0.9840682,0.9973221,0.99758124,1.0421553,1.0500162,1.1110895,0.9941907,0.9941907,0.9956376,0.99656624,1.0303206,1.0,0.9,0.45,0.3,0.15,0.5159106,0.61030394,0.20157763,0.19897795,0.09142242,1.0,1.0,0.1,0.26666668,0.16666667,0.6,0.4,0.7,0.8,0.9,0.4,0.6,-0.6,-0.53333336,-0.73333335,0.43310726,-0.30513576,0.056676846,0.4534341,0.41155756,-0.25874937,-0.5569562,-0.6262778,-0.34368554,0.16522297,0.6,0.6,0.4,0.43333334,0.38333333,0.4,0.4,0.6,0.56666666,0.6166667,0.2,0.2,-0.2,-0.13333334,-0.23333333,0.6044777,0.40259787,0.25826114,0.37538168,0.42419022,0.3955223,0.59740216,0.74173886,0.62461835,0.5758098,0.20895538,-0.19480428,-0.48347768,-0.24923666,-0.15161952,0.8326536,0.9621,1.0555111,1.3868965,1.7112315,0.11801103,0.2608611,0.31448236,0.6359132,0.93999594,0.42563918,1.203327,1.3357757,1.296241,2.379474,0.644103,0.43168116,0.46976417,0.4104755,0.5000596,0.35589704,0.56831884,0.5302358,0.5895245,0.4999404,0.28820592,-0.13663767,-0.060471635,-0.179049,0.00011923715
SZ300999,0.007002250198117298,0.75,,2026-03-17,-0.0076555302,0.019457754,-0.39344367,0.010526301,0.54098237,0.0012759217,0.065573946,-0.01690591,-0.8688521,1.0077146,1.0183221,0.9987142,1.0085834,0.98571426,0.93650794,0.9692064,0.9714286,0.9225397,0.9989841,0.98101586,0.96403176,0.96177775,0.9523175,0.0151807815,0.035008647,0.030525953,0.02634619,0.02281689,0.0059682527,0.008434825,0.0032390512,0.0012801528,0.0007967116,0.38640806,0.53212404,0.3940626,0.18297414,0.3718683,-0.010920631,-0.018972581,0.0051972754,0.019660011,0.024179552,1.0383765,1.0803759,1.0803759,1.0803759,1.0803759,0.96997285,0.9130037,0.9130037,0.9130037,0.91228116,1.0125715,1.0125715,0.9885714,0.98425394,0.96463495,0.9843174,0.9424127,0.94165075,0.9417142,0.9335238,0.6,0.7,0.85,0.9,0.95,0.4389703,0.5197775,0.5197775,0.5197775,0.52184176,0.6,0.4,0.7,0.8,0.9,0.2,0.3,0.65,0.76666665,0.016666668,0.4,0.1,0.05,0.033333335,0.8833333,0.6133136,0.6654923,0.6895559,0.6322804,0.7123128,0.91834724,0.8475303,0.7971914,0.7426319,0.7162625,0.2,0.4,0.4,0.43333334,0.51666665,0.8,0.6,0.6,0.56666666,0.46666667,-0.6,-0.2,-0.2,-0.13333334,0.05,0.6363636,0.6440922,0.55542845,0.53284675,0.5619918,0.36363637,0.35590783,0.44457155,0.46715325,0.43800816,0.27272728,0.28818434,0.11085688,0.065693475,0.12398365,1.5063827,1.694436,1.1382552,1.0669991,0.8325922,0.6110107,1.0094643,0.9064013,0.76284534,0.6005631,1.6929679,1.8253416,2.5437982,2.4541087,3.0545812,0.32805866,0.5032245,0.51751673,0.496704,0.51399857,0.67194134,0.49677548,0.48248327,0.50329596,0.48600146,-0.3438827,0.006449017,0.03503349,-0.0065919682,0.027997078
SH600958,0.006528919217771422,0.625,,2026-03-17,0.0102880895,0.02366257,0.43478325,0.013374481,0.5652167,0.0,0.0,-0.0030863916,-0.13043348,0.98981667,1.0132383,0.98981667,1.0034118,1.0,1.0048939,1.0603589,1.0660685,1.0791191,0.99543226,0.99575853,1.0150081,1.0263458,1.0632273,0.0044898386,0.0052270265,0.023211695,0.025572956,0.044928897,-0.00040782435,5.9325095e-05,-0.0035508827,-0.0025591238,-0.0022831473,0.020626467,0.001180807,0.81908125,0.7761084,0.78761894,0.0053833625,0.003974496,0.01872526,0.010761482,0.004125576,1.0132383,1.0132383,1.0611697,1.0772464,1.1659844,0.98552644,0.983289,0.983289,0.983289,0.983289,0.9980424,1.0,1.0370309,1.053181,1.1068516,0.9924959,0.99070144,0.9947797,0.997553,1.0254486,1.0,0.85,0.425,0.28333333,0.14166667,0.5222882,0.55797696,0.21457179,0.17785731,0.09146931,1.0,1.0,0.05,0.06666667,0.26666668,0.8,0.1,0.55,0.7,0.85,0.2,0.9,-0.5,-0.6333333,-0.5833333,0.3160698,-0.28165913,-0.08045957,0.3517906,0.5143602,0.61929494,-0.09614231,-0.101140745,-0.03432899,0.27481958,0.2,0.4,0.25,0.36666667,0.41666666,0.6,0.5,0.7,0.6,0.56666666,-0.4,-0.1,-0.45,-0.23333333,-0.15,0.5,0.46808535,0.27710864,0.35164848,0.42878124,0.5,0.53191465,0.72289133,0.6483515,0.5712188,0.0,-0.06382932,-0.44578272,-0.296703,-0.14243755,0.636674,0.5987013,0.6767172,0.8404201,0.98178774,0.21153833,0.1781597,0.28805345,0.39845133,0.4285535,1.2527483,0.84723675,1.0214279,0.9650216,1.2829462,0.83772814,0.5222189,0.5328632,0.46498466,0.5095349,0.16227186,0.47778112,0.4671368,0.53501534,0.4904651,0.6754563,0.04443774,0.06572643,-0.070030674,0.019069798
SH600941,0.005295342250759367,0.5,,2026-03-17,0.00040946988,0.009825994,0.041672107,0.0062436573,0.63542247,0.0031728665,0.32290542,-0.0026613208,-0.27084497,0.9995907,1.0062411,0.99641913,1.0022148,0.97608584,0.9784519,0.9642556,0.96991724,1.0672638,0.99525094,0.98488253,0.9744972,0.97287476,0.99711144,0.0071396525,0.012392275,0.015126152,0.015215767,0.032010116,0.003642044,0.0037800646,0.0022982068,0.00085720385,-0.0014404432,0.6505434,0.8529191,0.8079591,0.24597006,0.6176148,-0.0025350389,-0.0018928222,0.0036698298,0.0146957785,0.04538165,1.0107125,1.0107125,1.0107125,1.0107125,1.0689986,0.9754649,0.9588859,0.9470125,0.9362651,0.9362651,1.0003211,0.9997296,0.98703736,0.98626,1.0292377,0.98794997,0.97569716,0.96295416,0.96295416,0.96810883,0.8,0.9,0.95,0.96666664,0.6166667,0.6960782,0.79330057,0.8318286,0.85610616,0.480172,0.8,0.9,0.95,0.96666664,0.016666668,0.2,0.1,0.2,0.16666667,0.5833333,0.6,0.8,0.75,0.8,-0.56666666,0.34534,0.09543104,0.36045504,0.063227035,0.20775904,0.9764761,0.4352147,0.3831359,0.06476706,-0.043998756,0.6,0.5,0.5,0.46666667,0.41666666,0.4,0.4,0.45,0.5,0.55,0.2,0.1,0.05,-0.033333335,-0.13333334,0.8876709,0.67489696,0.63760567,0.55820787,0.42152992,0.11232913,0.32510307,0.36239433,0.4417921,0.57847005,0.77534175,0.34979385,0.27521133,0.11641577,-0.15694015,1.5022396,1.4442651,1.3528167,1.6204036,1.8110209,0.5244669,0.4232281,0.42619902,0.7234324,0.6925537,1.2301949,1.0811089,1.0848912,1.6064062,1.5204239,0.49213842,0.4395939,0.47996843,0.4632913,0.49917275,0.5078616,0.5604061,0.5200316,0.5367087,0.50082725,-0.015723199,-0.12081217,-0.040063154,-0.073417395,-0.0016545178
SZ002236,0.004154675132342951,0.625,,2026-03-17,-0.012242631,0.019476907,-0.62857157,0.0055648573,0.28571564,0.0016694204,0.0857128,-0.016138067,-0.8285744,1.0123944,1.0180283,0.9983099,1.0083215,1.0298649,1.0191541,1.0535197,1.1363345,1.046763,1.0171258,1.0186493,1.0424227,1.0509675,1.0747894,0.012166878,0.011468243,0.028661845,0.031289473,0.04625004,-0.007437181,-0.00059149467,-0.003887631,-0.0025986799,-0.0008968512,0.93411094,0.024384804,0.6439169,0.5345775,0.11468757,-0.0022515005,-0.015987623,-0.0054902146,-0.0132865505,-0.048332307,1.0383143,1.0405693,1.089578,1.138027,1.2056353,0.99830496,0.993808,0.993808,0.993808,0.993808,1.0282811,1.0282811,1.0715457,1.0723342,1.1148198,1.0085595,1.0085595,1.0189284,1.0234408,1.0339215,0.2,0.2,0.1,0.06666667,0.033333335,0.04236627,0.13241744,0.06465499,0.0429348,0.029231425,0.4,0.5,0.35,0.033333335,0.45,0.8,0.1,0.55,0.7,0.85,-0.4,0.4,-0.2,-0.6666667,-0.4,0.5568487,-0.11568353,0.25888014,0.5038011,0.72704667,-0.20980404,0.09656016,-0.15345156,-0.10697125,0.34238258,0.2,0.5,0.45,0.4,0.43333334,0.8,0.5,0.5,0.56666666,0.53333336,-0.6,0.0,-0.05,-0.16666667,-0.1,0.018378928,0.38196898,0.36768258,0.30098796,0.4693264,0.9816211,0.618031,0.6323174,0.69901204,0.53067356,-0.9632422,-0.23606203,-0.26463482,-0.39802408,-0.061347183,1.0466481,1.2162298,1.3958697,1.6057825,1.8426524,0.052445598,0.28238407,0.37338236,0.5090975,0.9890848,0.7592658,1.191404,1.3015062,1.0538775,1.5937296,0.1837297,0.26201302,0.45861167,0.34122866,0.49756804,0.8162703,0.737987,0.54138833,0.65877134,0.502432,-0.63254064,-0.47597396,-0.08277667,-0.31754267,-0.0048639257
SH601838,0.0035956857016052708,0.625,,2026-03-17,0.010446844,0.020893786,0.49999765,0.008125432,0.3888923,0.0023215099,0.11111007,0.0046429215,0.22221543,0.98966116,1.0080414,0.98736364,1.0025612,0.9761038,0.96273804,0.9461321,0.9060349,0.943702,0.9912515,0.98011345,0.9605104,0.9485622,0.9390779,0.005557803,0.013279468,0.024207901,0.027326671,0.02465294,0.0016200802,0.0040919497,0.0035459255,0.0027883921,0.00060499035,0.21242556,0.8703836,0.7509534,0.8069301,0.18367891,0.0055082827,0.0014727755,0.0058033443,0.011006109,0.043074854,1.0080414,1.0080414,1.0080414,1.0080414,1.0080414,0.9731772,0.9438548,0.9203428,0.89897233,0.88304317,0.99416775,0.99044156,0.98598623,0.97383565,0.95609564,0.98768735,0.9706764,0.9341434,0.9254759,0.92264074,1.0,1.0,1.0,1.0,1.0,0.7693503,0.874718,0.9083062,0.92627215,0.9356677,1.0,1.0,1.0,1.0,1.0,0.2,0.1,0.3,0.06666667,0.41666666,0.8,0.9,0.7,0.93333334,0.5833333,-0.0150888255,-0.11157795,0.50240326,-0.037422366,-0.23364356,0.46691963,0.17655472,0.5479348,0.43975735,0.20159149,0.6,0.6,0.55,0.53333336,0.4,0.4,0.4,0.45,0.46666667,0.56666666,0.2,0.2,0.1,0.06666667,-0.16666667,0.8105254,0.78048706,0.69275314,0.7116783,0.5655041,0.18947457,0.21951294,0.30724686,0.2883217,0.43449593,0.6210509,0.5609741,0.38550624,0.42335662,0.13100815,1.1241871,1.1371907,1.0576292,1.1973548,1.2013359,0.23111837,0.19576105,0.475458,0.49433234,0.46645033,0.9713506,0.84522694,1.9740865,1.6354789,1.4733189,0.44550088,0.40843266,0.49640897,0.4835387,0.5030242,0.55449915,0.59156734,0.50359106,0.5164613,0.49697578,-0.108998254,-0.1831347,-0.0071820626,-0.03292264,0.006048469
SZ300059,0.0031097547547854557,0.5,,2026-03-17,0.012206581,0.038028147,0.32098806,0.02394361,0.62962866,0.0018779554,0.049383298,-0.009859073,-0.25925726,0.9879406,1.0236548,0.9860853,1.0086586,0.99072534,1.003712,1.0644724,1.0811656,1.0593711,0.9897962,0.9877557,1.014402,1.029051,1.0614792,0.008684468,0.00910302,0.030642854,0.032865673,0.045373768,0.00013892635,0.0010962433,-0.0044627604,-0.0032830294,-0.0018343922,0.0006397684,0.1329396,0.7423638,0.7733323,0.49851078,0.009925938,0.007311218,0.027994141,0.018553019,-0.0073646023,1.0236548,1.0236548,1.0709647,1.080707,1.1924843,0.9712448,0.9712448,0.9712448,0.9712448,0.9712448,0.99666137,0.99666137,1.0458264,1.0576073,1.0877563,0.9827466,0.97856873,0.9845104,0.99072534,1.0336744,1.0,0.95,0.475,0.31666666,0.15833333,0.5486579,0.5486579,0.28835955,0.2626952,0.12997316,1.0,1.0,0.05,0.1,0.36666667,0.8,0.9,0.95,0.96666664,0.98333335,0.2,0.1,-0.9,-0.8666667,-0.6166667,0.6636767,0.21964666,-0.24593727,0.15923387,0.6583113,0.66042066,0.363801,0.22377464,0.35655966,0.6628241,0.6,0.6,0.45,0.46666667,0.46666667,0.4,0.4,0.55,0.53333336,0.51666665,0.2,0.2,-0.1,-0.06666667,-0.05,0.6063457,0.4843692,0.35053596,0.3769424,0.4604437,0.3936543,0.51563084,0.6494641,0.6230576,0.53955626,0.21269144,-0.031261623,-0.2989281,-0.24611522,-0.07911258,0.5110926,0.5159003,0.4956643,0.5411542,0.6843119,0.27574825,0.19858122,0.1669396,0.1757772,0.39101326,1.1471682,0.9536842,0.9782153,0.86701363,1.7329215,0.84080553,0.6172012,0.6016296,0.4985058,0.5194334,0.15919444,0.3827988,0.3983704,0.50149417,0.48056662,0.6816111,0.23440243,0.2032592,-0.002988396,0.03886675
SH601788,0.001891050955372755,0.5,,2026-03-17,0.0043397634,0.019838851,0.21875073,0.014259188,0.7187507,0.0012398991,0.062498532,-0.008679527,-0.43750146,0.99567896,1.0141976,0.99444443,1.0053339,1.0023674,1.0004735,1.046875,1.0620265,1.0776515,0.9977273,0.9947917,1.0115057,1.0208175,1.0526199,0.0027891514,0.0067035216,0.02027599,0.021590471,0.037597816,-0.000520835,0.0013659311,-0.0028864779,-0.002088074,-0.0019276978,0.08717584,0.3805949,0.70931697,0.7248853,0.801775,0.0033144017,-0.0009383556,0.015915858,0.009459518,0.0042471294,1.0141976,1.0141976,1.0493441,1.0626754,1.1279876,0.98876333,0.9801809,0.9801809,0.9801809,0.9801809,1.0000947,1.0000947,1.0316288,1.0431819,1.0854167,0.99507576,0.9892993,0.99507576,0.99857956,1.0223485,0.8,0.8,0.4,0.26666668,0.13333334,0.4417933,0.58262885,0.28655553,0.24024758,0.13408785,1.0,1.0,0.05,0.033333335,0.35,0.8,0.4,0.7,0.8,0.9,0.2,0.6,-0.65,-0.76666665,-0.55,0.3140659,-0.33166733,0.0019348197,0.30324644,0.5781721,0.90994203,0.09179637,-0.13205232,-0.06835164,0.29737696,0.2,0.4,0.3,0.36666667,0.4,0.8,0.6,0.65,0.6,0.56666666,-0.6,-0.2,-0.35,-0.23333333,-0.16666667,0.41379407,0.4965987,0.3159849,0.35667393,0.41848898,0.5862059,0.50340134,0.6840151,0.64332604,0.581511,-0.17241184,-0.0068026455,-0.3680302,-0.28665212,-0.16302207,0.5803279,0.59668654,0.6867795,0.8063616,1.0296216,0.2365703,0.19604741,0.28065163,0.36874846,0.528334,1.1311791,1.0522424,1.0378425,0.97925323,1.2274411,0.85529584,0.492416,0.5447523,0.46201566,0.50359064,0.1447042,0.50758404,0.4552477,0.5379844,0.4964094,0.7105916,-0.015168018,0.08950458,-0.07596871,0.0071812314
SZ002422,0.0017598726123783295,0.5,,2026-03-17,0.0081991805,0.038566694,0.21259743,0.00911029,0.2362217,0.021257224,0.55118084,0.020346114,0.5275566,0.9918675,1.0090362,0.9707832,0.99759686,1.0132478,0.8891435,0.96113145,0.9668389,0.96354777,0.99120146,0.9706549,0.9524413,0.94831836,0.94883215,0.009202054,0.042407356,0.03880559,0.033626698,0.03820553,-0.00090402074,0.009936225,0.0029537054,0.0015117889,0.0004772591,0.024128329,0.5032362,0.20277473,0.15664464,0.047594395,0.010606555,-0.015367915,0.019498525,0.02976071,0.037088703,1.0180659,1.0261996,1.0261996,1.0261996,1.0327977,0.9707832,0.87709135,0.87709135,0.87709135,0.84757257,1.0002999,1.0002999,0.9853608,0.98198634,0.9834195,0.9830612,0.95107484,0.91684717,0.9175721,0.9180553,0.8,0.8,0.9,0.93333334,0.9,0.6179177,0.82429165,0.82429165,0.82429165,0.82293046,0.2,0.5,0.75,0.8333333,0.35,1.0,0.1,0.55,0.7,0.21666667,-0.8,0.4,0.2,0.13333334,0.13333334,0.69589263,0.48819846,0.27357587,0.325807,0.12356252,0.8251716,0.8409488,0.47414818,0.52141696,0.26206604,0.4,0.5,0.45,0.46666667,0.43333334,0.6,0.5,0.55,0.53333336,0.56666666,-0.2,0.0,-0.1,-0.06666667,-0.13333334,0.3674998,0.7317539,0.55992293,0.5357463,0.5201344,0.6325002,0.26824608,0.44007704,0.46425372,0.47986564,-0.26500037,0.4635078,0.11984591,0.071492575,0.040268734,0.62268835,0.73738134,0.6473015,0.6191722,0.7307003,0.25081843,0.33292663,0.28299212,0.24369408,0.33371165,0.91122115,1.3493832,1.6440644,1.5967329,1.4536828,0.41473418,0.5428162,0.54536223,0.48320186,0.5091712,0.5852658,0.45718375,0.45463774,0.51679814,0.49082884,-0.17053162,0.08563248,0.0907245,-0.0335963,0.01834234
SH600887,0.00031927788150930324,0.625,,2026-03-17,0.0011176722,0.012667679,0.08823022,0.006706453,0.5294145,0.004843554,0.38235527,-0.00074522675,-0.05882899,0.9988836,1.006699,0.99404544,1.0025929,0.98250645,0.9650169,1.0078118,0.9929289,1.0390507,0.99419254,0.9815763,0.98113006,0.9854469,1.0151677,0.006319459,0.01661527,0.014130853,0.015191063,0.03899164,0.0036849051,0.00524869,0.00023501627,-0.00036567665,-0.0019239261,0.85002714,0.9147417,0.009681154,0.044907596,0.7425635,-0.0015623732,-0.0051954016,0.016637282,0.019855456,0.04158811,1.006699,1.006699,1.006699,1.0226983,1.0978782,0.97618055,0.9471506,0.9471506,0.9471506,0.9471506,0.99910635,0.9950102,0.9943399,0.99910635,1.064455,0.99203277,0.97141606,0.9700027,0.97268057,0.9813893,1.0,1.0,0.975,0.85,0.49166667,0.7804944,0.88750386,0.88750386,0.6995506,0.35062853,1.0,1.0,1.0,0.3,0.13333334,0.2,0.1,0.55,0.7,0.85,0.8,0.9,0.45,-0.4,-0.71666664,0.6798509,0.06657077,-0.13551697,0.1224546,-0.3819456,0.6167402,0.52682936,0.19810422,0.42815632,-0.19570644,0.8,0.8,0.45,0.46666667,0.46666667,0.0,0.1,0.5,0.46666667,0.5,0.8,0.7,-0.05,0.0,-0.033333335,1.0,0.80125463,0.46442536,0.51675326,0.4544221,0.0,0.1987454,0.5355747,0.48324674,0.54557794,1.0,0.6025092,-0.07114931,0.033506494,-0.091155834,0.864595,0.9150156,0.8932787,1.0684552,1.0359176,0.19091247,0.17810114,0.17472935,0.4172161,0.45649385,1.3261389,1.1929017,1.0425293,1.5005414,1.9859986,0.5222064,0.48482388,0.5210909,0.47030804,0.5135245,0.4777936,0.5151761,0.47890905,0.529692,0.48647556,0.044412795,-0.03035222,0.042181883,-0.059383936,0.02704889
SH601229,4.318838487390466e-05,0.375,,2026-03-17,0.014127092,0.020181596,0.6999988,0.0030272517,0.1500006,0.0030272517,0.1500006,0.014127092,0.6999988,0.9860697,1.0029851,0.9830846,0.99717003,0.9520911,0.9809423,0.9820011,0.92138696,0.96823716,0.98125994,0.97329277,0.97832185,0.96530795,0.9735619,0.013304999,0.0146357985,0.015164974,0.026693694,0.025525022,0.008258337,0.002510551,-0.00094731385,0.001731468,-0.00034065556,0.9631535,0.2697222,0.1365754,0.3260718,0.05432485,0.0022233925,0.015409771,0.030677611,0.009585777,0.036487475,1.0029851,1.0029851,1.0090095,1.0090095,1.01498,0.9472776,0.9471167,0.9471167,0.90631807,0.90631807,0.98962414,0.9830069,0.9926416,0.98470086,0.99205935,0.9695077,0.9645844,0.9680254,0.9339333,0.95823187,1.0,1.0,0.9,0.93333334,0.85,0.94641507,0.9465694,0.85443485,0.91226697,0.86214197,1.0,1.0,0.1,0.4,0.25,0.2,0.5,0.75,0.1,0.55,0.8,0.5,-0.65,0.3,-0.3,0.44563016,0.49149254,0.27538958,-0.33659688,-0.21404117,0.7804536,0.46107572,0.24663566,0.45819685,0.27665442,1.0,0.5,0.5,0.53333336,0.45,0.0,0.4,0.45,0.4,0.46666667,1.0,0.1,0.05,0.13333334,-0.016666668,1.0,0.62413824,0.5557377,0.63561654,0.527248,0.0,0.3758618,0.44426236,0.36438346,0.472752,1.0,0.24827643,0.11147529,0.27123305,0.054496,0.9838529,0.9805919,0.96887004,1.1303146,1.1804936,0.16641916,0.1755449,0.23584853,0.39380407,0.4136861,0.5917489,0.78592896,0.8282645,1.3790761,1.2318734,0.63609344,0.38579383,0.49358976,0.47208613,0.5031965,0.36390656,0.61420614,0.50641024,0.52791387,0.49680352,0.27218685,-0.22841232,-0.012820508,-0.05582772,0.0063929553
SH601186,-0.000867587346468797,0.75,,2026-03-17,-0.008119138,0.013531833,-0.6000028,0.005412695,0.39999717,0.0,0.0,-0.013531833,-1.0,1.0081856,1.0136425,1.0,1.0072496,0.99352455,0.9888992,0.9907493,1.0212766,1.0610546,1.0092508,0.9973173,0.9953747,0.9936479,1.0227722,0.009157718,0.014912775,0.012161826,0.011375825,0.032474313,-0.0016651283,0.0039189253,0.0009876676,0.00047868976,-0.0015627479,0.08265342,0.633036,0.23082991,0.13722846,0.70631397,-0.005920453,-0.014952494,-0.004757526,-0.0005888898,0.023328906,1.0349605,1.0349605,1.0349605,1.034967,1.0734248,0.98644906,0.9713695,0.9713695,0.9708844,0.9708844,1.0136911,1.0066606,1.0040703,1.0029603,1.0610546,1.0044403,0.9846439,0.98593897,0.98593897,0.9914894,0.2,0.6,0.6,0.7,0.35,0.2793351,0.45022884,0.45022884,0.45434588,0.28394315,0.6,0.8,0.9,0.06666667,0.35,0.2,0.1,0.55,0.16666667,0.5833333,0.4,0.7,0.35,-0.1,-0.23333333,0.8551108,0.5667468,0.48677233,0.408901,-0.59865737,0.8220329,0.46470782,0.26915792,0.29201564,0.037846338,0.6,0.6,0.45,0.43333334,0.45,0.4,0.4,0.45,0.5,0.46666667,0.2,0.2,0.0,-0.06666667,-0.016666668,0.5593215,0.55454546,0.5268817,0.4587813,0.4306722,0.44067848,0.4454545,0.4731183,0.5412187,0.5693278,0.11864307,0.10909097,0.05376341,-0.082437426,-0.13865559,1.6178014,1.3776257,1.3543628,1.507797,1.1543312,0.62689114,0.5133584,0.7590057,1.0236647,1.0033966,0.7059944,0.7057575,0.90194964,0.91762596,1.3025088,0.50244045,0.44164026,0.5174145,0.43288714,0.50911707,0.49755955,0.55835974,0.48258546,0.56711286,0.49088293,0.0048808786,-0.11671946,0.03482905,-0.13422573,0.018234137
SZ000651,-0.0015409754981018783,0.375,,2026-03-17,0.001028298,0.009511618,0.10810969,0.006683882,0.7027071,0.0017994381,0.18918319,-0.0038561455,-0.40541425,0.9989728,1.006677,0.99717516,1.0027167,0.9691836,0.95249087,0.99178183,1.0033385,1.0183592,0.9861326,0.97175145,0.97453785,0.980714,0.9996283,0.013506301,0.018519817,0.017404957,0.0169612,0.023124015,0.008166488,0.005967265,-0.0003199476,-0.000921588,-0.0011186888,0.9139825,0.951675,0.011827144,0.22880325,0.7138254,-0.0024655801,0.0013958447,0.028501663,0.03264902,0.033373017,1.006677,1.006677,1.006677,1.0092452,1.0358949,0.9640472,0.9399073,0.9399073,0.9399073,0.9399073,0.99671316,0.9921935,0.99188524,0.99599427,1.0211648,0.9723675,0.9571653,0.9579872,0.9614789,0.98495114,1.0,1.0,1.0,1.0,0.5,0.84337217,0.8999993,0.8999993,0.8666648,0.6260465,1.0,1.0,1.0,0.033333335,0.43333334,0.2,0.1,0.55,0.7,0.85,0.8,0.9,0.45,-0.6666667,-0.41666666,0.82269263,0.5677059,-0.21563278,-0.0054565505,0.13008747,0.9408053,0.62630343,-0.11951373,-0.101302214,0.071446516,1.0,0.8,0.55,0.5,0.48333332,0.0,0.2,0.45,0.5,0.5,1.0,0.6,0.1,0.0,-0.016666668,1.0,0.8870401,0.53540033,0.4911082,0.47304326,0.0,0.11295993,0.4645997,0.50889176,0.52695674,1.0,0.77408016,0.07080061,-0.017783567,-0.0539135,0.8995061,0.7977592,0.82111675,0.8811485,0.93020105,0.32299426,0.26517212,0.3632867,0.37429744,0.35966852,1.4280751,1.2524878,1.6523384,1.4015775,1.3665001,0.63031673,0.48912764,0.5467433,0.46950665,0.49764973,0.36968327,0.51087236,0.45325673,0.5304933,0.5023503,0.26063344,-0.021744713,0.093486555,-0.06098669,-0.004700545
SH601236,-0.0015703635406216097,0.625,,2026-03-17,0.0,0.016109023,0.0,0.012391575,0.769232,0.0037174479,0.23076805,-0.008674127,-0.5384639,1.0,1.0123916,0.9962826,1.004182,0.98130846,0.9989616,1.0218068,1.0155764,1.0477674,0.98940814,0.98421603,0.99595016,1.002596,1.0181897,0.007989771,0.008158932,0.014041041,0.015304807,0.021117073,0.004361365,0.0022152986,-0.0015677827,-0.001307788,-0.0009978835,0.74493134,0.67578626,0.43635616,0.56587523,0.68107045,0.0018691546,0.005815144,0.018943757,0.016366845,0.011247846,1.0123916,1.0123916,1.0236487,1.0313212,1.0690262,0.9771927,0.9622931,0.9622931,0.9622931,0.9622931,0.99667704,0.98753893,1.0114226,1.0145379,1.0363449,0.9831776,0.97694707,0.98213917,0.98504674,1.0024922,1.0,1.0,0.6,0.4,0.2,0.64795536,0.75265574,0.61456263,0.546255,0.35328224,1.0,1.0,0.05,0.23333333,0.36666667,0.2,0.1,0.55,0.7,0.85,0.8,0.9,-0.5,-0.46666667,-0.48333332,0.85934037,0.2291561,0.08202058,0.32687488,0.15645291,0.02080058,-0.121448606,0.1253243,0.25944197,0.18254037,0.8,0.6,0.45,0.46666667,0.43333334,0.2,0.4,0.5,0.5,0.5,0.6,0.2,-0.05,-0.033333335,-0.06666667,0.8749994,0.507042,0.4198472,0.4634146,0.44626164,0.12500061,0.49295798,0.5801528,0.5365854,0.55373836,0.74999875,0.014084012,-0.16030563,-0.07317077,-0.107476704,0.6503658,0.6689835,0.65835845,0.72067714,0.72912365,0.21707,0.26089394,0.21941863,0.22566673,0.2712658,1.0101527,1.338564,1.1972426,0.95932674,1.0759363,0.9626909,0.5127257,0.5604564,0.46903467,0.5242852,0.037309118,0.4872743,0.43954358,0.5309653,0.4757148,0.9253818,0.025451442,0.12091283,-0.06193068,0.048570365
SH601390,-0.0021537841778660523,0.375,,2026-03-17,-0.01038065,0.02249137,-0.46153927,0.0103805335,0.46153405,0.0017301864,0.07692668,-0.019030998,-0.84614664,1.0104896,1.0209789,0.9982517,1.0117065,1.0183823,1.0514705,0.9656862,1.0147059,0.93259805,1.0232843,1.0247549,1.0283087,1.0126225,0.98263884,0.018218223,0.015216719,0.042552467,0.043970853,0.045093007,-0.009926474,-0.00237671,0.001227332,0.0023122102,0.0019227834,0.74219495,0.22362575,0.029116733,0.21430217,0.5545519,-0.003431337,-0.014059674,-0.03996845,-0.046149563,-0.039360967,1.0619595,1.0619595,1.1310561,1.1310561,1.1310561,0.9982517,0.9982517,0.9511599,0.9369774,0.9219899,1.0372548,1.0367646,1.0612745,1.0416666,1.0311273,1.0058823,1.0071077,0.9968137,0.965196,0.94485295,0.2,0.1,0.25,0.43333334,0.7,0.027443029,0.027443029,0.27149042,0.32472706,0.37313586,0.6,0.8,0.3,0.53333336,0.76666665,1.0,1.0,0.05,0.16666667,0.06666667,-0.4,-0.2,0.25,0.36666667,0.7,0.38185954,-0.018938204,0.70141053,0.4047917,0.67699635,0.43899724,-0.053020496,0.7092265,0.64197177,0.47795993,0.4,0.4,0.45,0.46666667,0.48333332,0.6,0.5,0.5,0.5,0.41666666,-0.2,-0.1,-0.05,-0.033333335,0.06666667,0.36363667,0.3055555,0.54320997,0.48932385,0.5345044,0.6363633,0.6944445,0.45679006,0.51067615,0.4654956,-0.27272663,-0.38888898,0.08641991,-0.021352272,0.06900883,1.4310577,1.3150593,1.6390915,1.8255515,1.2135814,0.34176874,0.29680607,0.94076717,1.0504311,1.1533483,1.000255,0.9550517,1.8498828,1.4085375,2.1931505,0.45669496,0.384446,0.50312907,0.40095735,0.5127845,0.54330504,0.615554,0.49687096,0.59904265,0.48721555,-0.0866101,-0.231108,0.0062580933,-0.19808531,0.025568916
SZ000100,-0.0026290521274374076,0.375,,2026-03-17,-0.021413261,0.029978566,-0.71428573,0.008565305,0.2857143,0.0,0.0,-0.029978566,-1.0,1.0218818,1.0306345,1.0,1.0144312,1.0569437,1.0395119,1.072051,1.100523,0.96920395,1.0428821,1.0500871,1.0490122,1.0580477,1.0439957,0.03131356,0.02597817,0.026473654,0.028349232,0.03963441,-0.018593846,-0.00451464,0.00016732833,-0.0012791011,0.0010847651,0.8814822,0.27684748,0.001398232,0.1577716,0.22846855,-0.0056943526,-0.029771272,-0.050601806,-0.03950066,-0.07599628,1.0828524,1.1113601,1.1113601,1.124966,1.1445006,1.0,1.0,0.9976757,0.9976757,0.9605875,1.0683324,1.0683324,1.0683324,1.0812318,1.0830913,1.0158048,1.0337013,1.0299826,1.039047,0.9976757,0.2,0.1,0.1,0.06666667,0.23333333,0.0,0.0,0.02044518,0.018259797,0.21429968,0.4,0.2,0.6,0.033333335,0.36666667,1.0,1.0,0.2,0.46666667,0.18333334,-0.6,-0.8,0.4,-0.43333334,0.18333334,-0.31602725,0.24948509,0.4345411,0.4431341,0.597033,-0.30635446,0.36696437,0.5665449,0.5507236,0.6637463,0.4,0.4,0.35,0.36666667,0.43333334,0.6,0.6,0.65,0.6,0.5,-0.2,-0.2,-0.3,-0.23333333,-0.06666667,0.15492956,0.39940828,0.41553143,0.41375875,0.51441,0.8450704,0.6005917,0.5844686,0.58624125,0.48558998,-0.6901409,-0.20118341,-0.16893716,-0.17248252,0.028820029,1.1488873,1.2714847,1.2272704,1.2390891,1.350865,0.2766749,0.35557964,0.34491205,0.32398096,0.66544336,1.0753999,1.0997314,1.014753,0.97743547,1.6756083,0.513228,0.46686852,0.5042478,0.47946298,0.50523376,0.48677197,0.5331315,0.49575225,0.520537,0.49476624,0.02645605,-0.066262946,0.008495529,-0.04107404,0.010467503
SH600999,-0.0026439874723623224,0.5,,2026-03-17,0.008165739,0.024497444,0.3333302,0.016331706,0.6666698,0.0,0.0,-0.008165968,-0.33333957,0.9919004,1.0161995,0.9919004,1.0061241,1.0,1.0181253,1.0699519,1.0617388,1.0186917,0.9990938,0.9982725,1.0215945,1.0338808,1.0439631,0.0062990244,0.005315842,0.027189918,0.028885892,0.026131026,-0.002407254,9.096715e-05,-0.0042172126,-0.0029116333,-0.00077338296,0.36512136,0.0026843334,0.8419829,0.7874147,0.2671629,0.005720747,0.0013181826,0.018469047,0.008337798,-0.021148227,1.0161995,1.0161995,1.0779386,1.0809395,1.1116996,0.9851031,0.9831776,0.9831776,0.9831776,0.9831776,1.0046446,1.0045313,1.0463892,1.0605494,1.065987,0.9946191,0.99376947,0.99563867,1.0,1.0272444,0.6,0.65,0.325,0.21666667,0.108333334,0.47905666,0.50943244,0.1775244,0.17207503,0.13089104,1.0,1.0,0.05,0.13333334,0.28333333,0.8,0.4,0.7,0.8,0.9,0.2,0.6,-0.65,-0.6666667,-0.6166667,-0.115470275,-0.3744074,0.12041594,0.41451365,0.5327221,0.46635807,-0.17933065,-0.16572161,0.0009579033,0.3620479,0.6,0.6,0.35,0.4,0.4,0.4,0.4,0.6,0.56666666,0.55,0.2,0.2,-0.25,-0.16666667,-0.15,0.5,0.3896549,0.2544732,0.37780255,0.48208457,0.5,0.61034507,0.7455268,0.62219745,0.5179154,0.0,-0.22069019,-0.4910536,-0.24439487,-0.035830826,0.6184141,0.61521566,0.68273675,0.796994,0.82875717,0.23258874,0.24621648,0.253966,0.32516313,0.39384276,0.8956459,1.2479496,1.1056064,0.8406351,1.655543,0.7716107,0.52978617,0.52651,0.46193445,0.5132854,0.22838935,0.47021383,0.47348997,0.53806555,0.4867146,0.5432213,0.05957235,0.05302004,-0.07613108,0.026570817
SZ000725,-0.003800775558943737,0.375,,2026-03-17,-0.016470585,0.021176483,-0.77777714,0.0047058985,0.22222283,0.0,0.0,-0.021176483,-1.0,1.0167464,1.0215311,1.0,1.0099821,1.0405465,1.033495,1.0405465,1.0691935,0.9832525,1.0324372,1.0379462,1.036602,1.0417365,1.0336713,0.02507595,0.020118793,0.021222474,0.022678781,0.03565958,-0.014587944,-0.0037047442,0.00031380958,-0.0007566307,0.00083941827,0.8460838,0.31083074,0.0076525887,0.0862641,0.16900684,-0.0032613182,-0.02127489,-0.03958321,-0.030765297,-0.058434054,1.0692544,1.0837363,1.0979623,1.1003572,1.1315855,1.0,1.0,0.99760765,0.99760765,0.95656383,1.0516528,1.0516528,1.0516528,1.0587043,1.0669899,1.0095196,1.0270604,1.0214192,1.0255619,0.99735564,0.2,0.1,0.075,0.05,0.24166666,0.0,0.0,0.023838999,0.023283336,0.24817613,0.4,0.2,0.45,0.033333335,0.36666667,1.0,1.0,0.2,0.46666667,0.15,-0.6,-0.8,0.25,-0.43333334,0.21666667,0.014117594,0.31710196,0.5525394,0.5556628,0.5792979,-0.18063042,0.14375648,0.37771514,0.37052387,0.5296482,0.4,0.4,0.4,0.4,0.46666667,0.6,0.5,0.55,0.56666666,0.46666667,-0.2,-0.1,-0.15,-0.16666667,0.0,0.22619112,0.39080477,0.43715852,0.42724752,0.5100423,0.7738089,0.60919523,0.5628415,0.5727525,0.48995772,-0.54761773,-0.21839048,-0.12568294,-0.14550498,0.02008458,1.2773268,1.4305301,1.3503777,1.384594,1.5023513,0.32790038,0.36653444,0.44042435,0.41547284,0.5876023,0.9251682,0.90823793,0.98000485,0.8814735,1.5281284,0.47538364,0.40737027,0.49696204,0.46139356,0.4984272,0.52461636,0.59262973,0.503038,0.5386064,0.5015728,-0.049232725,-0.18525946,-0.006075948,-0.07721285,-0.0031455944
SZ000983,-0.0038639264055820143,0.625,,2026-03-17,-0.02335165,0.039835192,-0.58620656,0.01510991,0.37931055,0.0013736336,0.034482915,-0.037087925,-0.93103415,1.02391,1.0393811,0.9985935,1.0145322,0.99152946,1.0632942,0.9704706,0.9816471,0.91141176,1.0283765,1.0245764,1.0174706,1.0076078,0.97523135,0.021276452,0.020193927,0.024666501,0.03139566,0.045534246,-0.0057529444,-0.00065240776,0.0020394514,0.0018982664,0.002203828,0.1827772,0.009567712,0.23926525,0.2833197,0.71446157,-0.016870579,-0.02164064,-0.036845382,-0.03513271,-0.0402443,1.0716735,1.0716735,1.0829847,1.0829847,1.0829847,0.9760381,0.9760381,0.95350915,0.9282828,0.887465,1.0483294,1.0455059,1.0415529,1.0351765,1.0171059,1.0134588,1.0100706,0.99152946,0.9861647,0.9223059,0.2,0.2,0.3,0.4,0.68333334,0.25055492,0.25055492,0.35907042,0.46358317,0.57556856,0.6,0.8,0.5,0.6666667,0.8333333,0.2,0.6,0.05,0.2,0.06666667,0.4,0.2,0.45,0.46666667,0.76666665,0.78801143,0.45797765,0.7222496,0.530956,0.8616125,0.644933,0.5964842,0.588435,0.6778178,0.6869923,0.4,0.3,0.5,0.5,0.48333332,0.6,0.7,0.5,0.5,0.51666665,-0.2,-0.4,0.0,0.0,-0.033333335,0.5386265,0.36033222,0.5418194,0.5130741,0.54194987,0.4613735,0.6396678,0.4581806,0.4869259,0.45805013,0.077252984,-0.27933556,0.083638795,0.026148176,0.08389973,1.4353038,1.4998292,1.3156766,1.3880986,0.9988614,0.40360555,0.42973334,0.5717119,0.5658062,0.6353961,0.7344135,0.6712994,0.875065,1.3164433,1.6881961,0.27397648,0.334612,0.4842327,0.50409514,0.51659954,0.72602355,0.665388,0.51576734,0.49590483,0.48340046,-0.45204708,-0.33077598,-0.031534627,0.008190327,0.03319908
SH601901,-0.006787970427078598,0.375,,2026-03-17,0.0027100665,0.017615179,0.15384836,0.014905112,0.84615165,0.0,0.0,-0.012195046,-0.6923033,0.9972973,1.0148648,0.9972973,1.0066643,0.99622166,1.0025189,1.0528966,1.0717884,1.0440806,0.9992443,0.9969773,1.0159949,1.0302687,1.047544,0.0016897374,0.0052836575,0.022065753,0.028182412,0.028158844,0.00025189493,0.0007327649,-0.0032366808,-0.0029882062,-0.0011180338,0.055557203,0.17630774,0.75306123,0.87129766,0.48081732,0.00025191176,-0.0002747532,0.014753531,0.01306034,-0.014562056,1.0148648,1.0148648,1.053169,1.0907785,1.1396908,0.9907231,0.9834443,0.9834443,0.9834443,0.9834443,1.0002519,1.0002519,1.0392947,1.0528966,1.070529,0.99748105,0.9949622,0.99748105,0.9994962,1.0302267,0.7,0.75,0.375,0.25,0.125,0.3842682,0.52690715,0.23744385,0.15424438,0.10595893,1.0,1.0,0.05,0.06666667,0.35,0.2,0.4,0.7,0.8,0.9,0.8,0.6,-0.65,-0.73333335,-0.55,0.62917477,-0.6840718,-0.23029149,0.4843463,0.53351086,0.60632646,-0.4238274,-0.24113719,-0.08446106,0.36781192,0.8,0.7,0.45,0.43333334,0.46666667,0.2,0.3,0.5,0.5,0.46666667,0.6,0.4,-0.05,-0.06666667,0.0,0.6666667,0.4807694,0.29807693,0.3313609,0.4509804,0.33333334,0.5192306,0.7019231,0.6686391,0.5490196,0.33333334,-0.038461193,-0.4038461,-0.3372782,-0.09803921,0.76872927,0.8443897,0.8874875,1.1642698,1.2400024,0.13928919,0.19454154,0.29550788,0.6641934,0.7492301,0.46098715,1.0459489,1.1820555,1.1906393,1.4836473,0.6386906,0.4018609,0.5190235,0.4475043,0.5070799,0.3613094,0.5981391,0.48097652,0.5524957,0.49292013,0.2773812,-0.19627823,0.038046945,-0.104991384,0.014159763
SH600085,-0.00784485351153772,0.375,,2026-03-17,0.00033147875,0.012263823,0.02702899,0.009612184,0.7837836,0.0023201604,0.18918736,-0.0069605447,-0.5675673,0.99966866,1.009609,0.99734926,1.004648,0.9957124,1.0066363,1.0404457,1.009613,1.0855067,0.99788624,0.9937788,1.0057418,1.0093982,1.0339068,0.0035752049,0.0060921796,0.014201573,0.016830646,0.031855766,3.0038262e-05,0.0015700606,-0.00187322,-0.0008524277,-0.0015901554,0.00017647685,0.6088339,0.6089375,0.19879946,0.7599813,0.0020536855,-0.00084412657,0.012053717,0.002962011,0.013002747,1.009609,1.009609,1.042082,1.0765425,1.1020617,0.99040365,0.98078865,0.98078865,0.98078865,0.98078865,1.0002676,0.99947566,1.0176967,1.0236065,1.070115,0.99557036,0.987951,0.99423766,0.9962367,0.9998689,0.8,0.9,0.45,0.43333334,0.21666667,0.49967036,0.66659015,0.31343317,0.20063286,0.15841416,1.0,1.0,0.05,0.3,0.033333335,0.2,0.1,0.55,0.7,0.85,0.8,0.9,-0.5,-0.4,-0.81666666,0.6732293,-0.3907107,0.03298256,0.43562055,0.0725879,0.7263558,-0.29698402,-0.29955578,0.3246492,0.12677094,0.6,0.6,0.5,0.53333336,0.48333332,0.4,0.4,0.45,0.43333334,0.5,0.2,0.2,0.05,0.1,-0.016666668,0.596556,0.45090887,0.35043424,0.48088622,0.41339833,0.40344402,0.54909116,0.64956576,0.5191138,0.5866017,0.19311197,-0.09818226,-0.2991315,-0.03822755,-0.17320333,0.8561416,0.95854414,0.9935926,1.4549627,1.5556911,0.19324987,0.3829429,0.30793092,0.8949596,0.8929706,0.6895818,1.5599147,1.265412,1.420351,1.3392404,0.65721726,0.45894113,0.42131275,0.41856217,0.5058836,0.34278274,0.54105884,0.57868725,0.5814378,0.4941164,0.31443453,-0.08211773,-0.15737452,-0.16287564,0.011767183
SH601658,-0.007895573915760309,0.375,,2026-03-17,0.013725558,0.019607872,0.70000243,0.0039215744,0.2,0.001960739,0.09999754,0.011764723,0.6,0.98646027,1.0038685,0.9845261,0.99870425,0.9630682,0.97443175,1.0014205,0.9829545,1.0369318,0.984659,0.97315335,0.9760653,0.97978216,0.9984138,0.010311787,0.014368529,0.015091008,0.014821449,0.024835547,0.0063920645,0.004485192,-0.00044108718,-0.0005135114,-0.0011517169,0.9606262,0.89320016,0.029900635,0.09302948,0.6559094,0.0025568258,0.00666326,0.028125025,0.02766376,0.03556186,1.0038685,1.0038685,1.0114838,1.0114838,1.0441531,0.95947045,0.9492584,0.9492584,0.9492584,0.9492584,0.99090904,0.98409086,0.9886363,0.99090904,1.0255681,0.97755677,0.96278405,0.9630682,0.9653409,0.97443175,1.0,1.0,0.9,0.8333333,0.5083333,0.9128683,0.92916185,0.8154479,0.8154479,0.5347151,1.0,1.0,0.05,0.36666667,0.35,0.2,0.1,0.55,0.7,0.85,0.8,0.9,-0.5,-0.33333334,-0.5,0.7240981,0.058512345,-0.26509404,-0.17762797,-0.26288018,0.7312398,-0.16377214,-0.07529493,0.02590566,0.009019,1.0,0.8,0.55,0.5,0.48333332,0.0,0.2,0.45,0.46666667,0.48333332,1.0,0.6,0.1,0.033333335,0.0,1.0,0.6607147,0.49494946,0.5384617,0.4575164,0.0,0.33928534,0.50505054,0.4615383,0.54248357,1.0,0.32142934,-0.010101051,0.07692334,-0.08496718,0.87304205,0.8535475,0.8141032,0.8554573,0.81020975,0.09602048,0.21477549,0.22968712,0.22023313,0.1929942,0.46414527,0.99378985,0.95577615,0.8605074,0.9148044,0.8439133,0.44020954,0.5502957,0.5033012,0.51633936,0.15608667,0.55979043,0.44970426,0.49669877,0.48366064,0.68782663,-0.119580895,0.10059147,0.0066024563,0.0326787
SH603288,-0.008174307898275031,0.125,,2026-03-17,0.005161289,0.028387044,0.18181849,0.019354811,0.6818185,0.0038709436,0.13636304,-0.010322578,-0.36363697,0.99486524,1.0192554,0.9910141,1.0075892,0.9571203,0.9257863,0.95402205,0.90880394,0.9256109,0.9738513,0.956983,0.9408468,0.93509007,0.9421782,0.020369837,0.026475625,0.025236752,0.026444737,0.023697963,0.01184087,0.008068938,0.003234082,0.0019880165,-0.00015698308,0.84475756,0.8514355,0.57478195,0.43798903,0.013383924,0.0024669562,0.0067068255,0.02842943,0.036083717,0.062452804,1.0192554,1.0192554,1.0192554,1.0192554,1.0192554,0.9476027,0.9075544,0.9049942,0.88714194,0.88714194,0.9909506,0.9739098,0.9582895,0.9572723,0.962861,0.95802647,0.94508946,0.9209634,0.91472584,0.9210394,1.0,1.0,1.0,1.0,1.0,0.7312674,0.8276164,0.83147895,0.85425085,0.85425085,1.0,1.0,1.0,1.0,1.0,0.4,0.1,0.45,0.1,0.55,0.6,0.9,0.55,0.9,0.45,0.8987268,0.7060774,0.7030978,0.4185445,0.07610651,0.6243293,0.7212448,0.60260004,0.68279135,0.58879155,0.8,0.7,0.5,0.53333336,0.48333332,0.2,0.3,0.5,0.46666667,0.51666665,0.6,0.4,0.0,0.06666667,-0.033333335,0.8464812,0.8004732,0.61151284,0.62229544,0.5656707,0.1535188,0.19952676,0.38848716,0.37770456,0.4343293,0.6929624,0.6009465,0.22302565,0.24459088,0.13134141,0.68174297,0.5986524,0.5062434,0.58054996,0.48941973,0.31382594,0.25291353,0.20969422,0.30457455,0.25334495,0.7540365,0.8076509,0.8985068,1.5429682,1.7723032,0.9290924,0.6094373,0.59845513,0.52271074,0.5378693,0.070907585,0.39056268,0.40154487,0.47728926,0.46213076,0.8581848,0.21887463,0.19691028,0.04542148,0.0757385
SH601878,-0.009460841219606615,0.5,,2026-03-17,0.0009736938,0.015579356,0.062498976,0.014605662,0.937501,0.0,0.0,-0.013631969,-0.875002,0.99902725,1.0145915,0.99902725,1.0069249,1.000878,1.0105356,1.0430202,1.0561897,1.0535557,1.0012292,0.9999122,1.0156716,1.0235002,1.0412643,0.002529405,0.0037807997,0.01752058,0.0186368,0.023271428,-0.0012291546,0.00027136947,-0.0025791,-0.0018291714,-0.0011092246,0.5903591,0.047224354,0.7584158,0.7465653,0.69293535,0.001229161,-0.0011333708,0.008829799,0.0030228314,-0.008542153,1.0145915,1.0145915,1.044181,1.0546982,1.0922738,0.9923121,0.98626244,0.98626244,0.98626244,0.98626244,1.0036875,1.0036875,1.034065,1.0405619,1.0597016,0.999122,0.99859524,0.999122,1.0007024,1.0270413,0.6,0.6,0.3,0.2,0.1,0.3450686,0.48492873,0.23718734,0.20073648,0.12958553,1.0,1.0,0.05,0.033333335,0.36666667,0.8,0.4,0.7,0.8,0.9,0.2,0.6,-0.65,-0.76666665,-0.53333336,-0.1777424,-0.37333217,-0.14588515,0.3118329,0.45586258,0.40271193,-0.11755424,-0.0548635,0.1307302,0.3429238,0.6,0.6,0.45,0.5,0.48333332,0.2,0.3,0.5,0.46666667,0.5,0.4,0.3,-0.05,0.033333335,-0.016666668,0.45454484,0.4,0.31851858,0.35585588,0.43440858,0.54545516,0.6,0.6814814,0.6441441,0.5655914,-0.09091029,-0.2,-0.36296284,-0.28828824,-0.13118282,0.6435784,0.6526105,0.6654842,0.78440726,0.90007865,0.2032248,0.18270689,0.18293497,0.29526547,0.41161346,0.9777377,1.1537142,1.0550286,1.0467907,1.2157419,0.87478405,0.47275695,0.56287843,0.41954413,0.51315224,0.12521596,0.5272431,0.43712157,0.58045584,0.48684776,0.7495681,-0.054486103,0.12575683,-0.16091174,0.026304478
SZ000002,-0.010912175062339395,0.25,,2026-03-17,0.0042735604,0.021367505,0.20000276,0.012820484,0.59999907,0.0042734616,0.19999816,-0.0042734616,-0.19999816,0.99574465,1.0127659,0.99148935,1.0039811,0.9936183,0.9936183,1.0553155,1.0255265,1.0787227,0.99318975,0.9934017,1.0143592,1.0205653,1.0246075,0.0040944344,0.0060559963,0.02634831,0.027939748,0.025563238,0.0014894496,0.00027116918,-0.0037001888,-0.0019056827,-0.00047932754,0.33082917,0.018378958,0.6902562,0.36054373,0.10723409,0.003831345,0.005378056,0.02079252,0.0070671085,-0.01046743,1.0127659,1.0127659,1.0787219,1.1021243,1.108504,0.9851007,0.9765914,0.9765914,0.9765914,0.9765914,0.9948946,0.998295,1.0416974,1.0434023,1.0472289,0.991061,0.9893561,0.9914872,0.9936183,0.9978688,1.0,0.9,0.5,0.38333333,0.24166666,0.5385568,0.64710146,0.22920267,0.18647367,0.17745519,1.0,1.0,0.3,0.1,0.016666668,0.4,0.1,0.55,0.7,0.85,0.6,0.9,-0.25,-0.6,-0.8333333,0.77734774,0.11279837,0.7391165,0.7449721,0.7122583,0.77332443,0.19809748,0.13619134,0.57699734,0.5488795,0.4,0.5,0.5,0.5,0.45,0.2,0.3,0.4,0.43333334,0.48333332,0.2,0.2,0.1,0.06666667,-0.033333335,0.7140624,0.54835874,0.367378,0.47436628,0.46088964,0.28593758,0.45164123,0.632622,0.52563375,0.53911036,0.42812482,0.09671752,-0.265244,-0.05126746,-0.07822074,0.66092,0.6279756,0.93037015,1.2429502,1.3186967,0.2161983,0.16935253,0.4349545,0.7457426,0.65876156,1.4466809,0.87410307,1.2640276,1.5886694,1.3797442,0.8134771,0.49199104,0.43827212,0.47685814,0.45760936,0.18652293,0.50800896,0.5617279,0.52314186,0.54239064,0.62695414,-0.0160179,-0.12345578,-0.04628374,-0.08478128
SH601398,-0.011105693723547354,0.25,,2026-03-17,0.019310376,0.022068951,0.87500197,0.0013793311,0.062500976,0.0013792447,0.062497064,0.01931029,0.87499803,0.98105544,1.0013531,0.97970235,0.995272,0.9528455,0.96368563,0.9848239,0.9794038,1.0634146,0.9774526,0.9683469,0.9642277,0.9698464,1.0072176,0.014157665,0.013709874,0.016036114,0.015623771,0.044056747,0.008509496,0.0036462191,0.0004996229,-0.00057576795,-0.0022720401,0.9031595,0.64838064,0.03397461,0.10525069,0.81116086,0.0055284286,0.015245126,0.031025935,0.038502198,0.059807476,1.0013531,1.0013531,1.0013531,1.0013531,1.0826541,0.9501507,0.94879115,0.9271174,0.9271174,0.9271174,0.9848239,0.975393,0.975393,0.9826558,1.0569105,0.96758807,0.96043366,0.95371276,0.9577236,0.96368563,1.0,1.0,1.0,1.0,0.56666666,0.9735716,0.9742552,0.9817716,0.9817716,0.4685876,1.0,1.0,1.0,1.0,0.083333336,0.2,0.1,0.45,0.6333333,0.81666666,0.8,0.9,0.55,0.36666667,-0.73333335,0.9496232,0.38785782,-0.21297438,0.03738017,-0.33161905,0.1301472,0.33305603,-0.03691361,0.0030418704,0.003048168,1.0,0.6,0.45,0.46666667,0.41666666,0.0,0.3,0.5,0.5,0.56666666,1.0,0.3,-0.05,-0.033333335,-0.15,1.0,0.7768599,0.5518518,0.54822344,0.42839655,0.0,0.2231401,0.44814816,0.45177653,0.5716034,1.0,0.5537198,0.10370367,0.09644692,-0.14320686,0.8038255,0.80376565,0.82389057,0.9050194,0.85690683,0.13799766,0.14843145,0.2517243,0.28999335,0.28127992,0.77987134,0.9377103,1.1391551,1.0529015,1.0447246,0.7901704,0.3517355,0.5472037,0.47935504,0.51104975,0.20982963,0.64826447,0.45279628,0.52064496,0.48895025,0.58034074,-0.29652897,0.09440746,-0.04128991,0.022099486
SZ000938,-0.011353877035891028,0.125,,2026-03-17,-0.041176476,0.043137275,-0.95454514,0.00078427204,0.018180843,0.0011765277,0.027274039,-0.04078422,-0.9454519,1.0429448,1.0437628,0.9987729,1.0167651,1.0192473,0.9758836,1.0286417,1.0634129,1.0085925,1.0420462,1.0157931,1.0251188,1.0246682,1.0347539,0.031119402,0.03704176,0.031606715,0.028372904,0.037667405,-0.011004177,0.008049219,-0.0007493385,-0.00035908408,-2.1308795e-05,0.31260267,0.43284827,0.019672764,0.012413276,9.760818e-05,-0.020037796,-0.05201455,-0.01800012,-0.01946149,-0.034125328,1.134972,1.134972,1.134972,1.134972,1.157456,0.9987729,0.95008343,0.95008343,0.95008343,0.95008343,1.0611101,1.0417941,1.0487369,1.0487369,1.0617632,1.0255256,0.98668724,0.9911553,0.9991866,1.0014894,0.2,0.5,0.3,0.23333333,0.18333334,0.009009268,0.26998195,0.26998195,0.26998195,0.24070953,0.4,0.7,0.85,0.9,0.41666666,1.0,0.4,0.7,0.8,0.9,-0.6,0.3,0.15,0.1,-0.48333332,0.85813004,0.8525719,0.38781103,0.46063536,0.7549363,0.8721084,0.69197875,0.5174866,0.5272485,0.5792275,0.4,0.6,0.5,0.4,0.43333334,0.6,0.4,0.5,0.6,0.56666666,-0.2,0.2,0.0,-0.2,-0.13333334,0.43587777,0.555322,0.46216717,0.4379971,0.4954852,0.5641222,0.444678,0.53783286,0.5620029,0.5045148,-0.12824444,0.11064397,-0.07566568,-0.124005765,-0.009029612,1.476633,1.0916687,0.9082734,0.84640265,0.8817767,0.87267846,0.7190831,0.5451098,0.46307313,0.46919972,1.1218113,1.4304376,1.5245676,1.5798266,1.4543737,0.51823515,0.49099866,0.51390314,0.48962432,0.51121706,0.48176485,0.5090013,0.48609686,0.5103757,0.4887829,0.03647029,-0.018002678,0.0278063,-0.020751338,0.022434153
SH600918,-0.012799336075176963,0.5,,2026-03-17,0.0031897945,0.015948972,0.2,0.011164281,0.7,0.0015948972,0.1,-0.006379589,-0.4,0.99682033,1.0111288,0.9952305,1.0051184,0.98769236,1.0030769,1.0246153,1.0415385,1.0661538,0.9941538,0.9910769,1.0020769,1.0090256,1.0323846,0.003982207,0.005701294,0.012961145,0.014793592,0.027369443,0.0023076895,0.001025638,-0.0016876811,-0.0014484461,-0.0014541219,0.83955115,0.29665568,0.59341985,0.7429491,0.86093336,0.0012308017,0.0043077217,0.013956064,0.01197685,0.010512,1.0111288,1.0111288,1.026312,1.0502884,1.0852491,0.98286915,0.97687054,0.97687054,0.97687054,0.97687054,0.9963076,0.9941538,1.0150769,1.0218462,1.0600001,0.9916923,0.9889231,0.9904615,0.99353844,1.0058461,1.0,1.0,0.5,0.33333334,0.16666667,0.606195,0.67515,0.46781498,0.31503835,0.21341349,1.0,1.0,0.1,0.16666667,0.36666667,0.2,0.4,0.7,0.8,0.9,0.8,0.6,-0.6,-0.6333333,-0.53333336,0.7038876,-0.05436569,-0.1776241,0.3602476,0.24520284,0.6144747,0.15214217,0.1579316,0.1921638,0.23218064,0.8,0.7,0.5,0.5,0.46666667,0.2,0.3,0.45,0.43333334,0.48333332,0.6,0.4,0.05,0.06666667,-0.016666668,0.90000075,0.47368443,0.40476203,0.3920001,0.4200745,0.09999925,0.52631557,0.595238,0.6079999,0.5799255,0.8000015,-0.052631162,-0.19047594,-0.21599981,-0.15985101,0.6698362,0.7916174,0.7626432,0.92098814,0.9608879,0.19968833,0.26589793,0.21748681,0.35620612,0.35663956,0.7345077,1.0528129,0.8774228,0.97185755,1.1046587,0.64758015,0.5016069,0.53666955,0.45037836,0.49846232,0.35241985,0.49839315,0.46333042,0.54962164,0.5015377,0.2951603,0.0032137204,0.07333914,-0.09924331,-0.0030753666
SZ002027,-0.013847215480794851,0.25,,2026-03-17,0.01764707,0.03529408,0.5000009,0.014705861,0.4166665,0.0029411474,0.0833326,0.005882357,0.16666695,0.9826589,1.0144508,0.9797688,1.0029783,0.971069,0.97980946,1.0563762,1.072284,1.0144218,0.9875885,0.9767503,1.0080981,1.0237975,1.0464398,0.008500998,0.013066059,0.04065535,0.04043936,0.043859165,0.0031727997,0.0038776028,-0.005572164,-0.0036715525,-0.0013087064,0.34824544,0.8073258,0.65747684,0.6388408,0.2715586,0.006065896,0.0058005,0.044837486,0.029440051,-0.007832875,1.0144508,1.0144508,1.0896076,1.0896076,1.2023433,0.9610167,0.9508956,0.9508956,0.9508956,0.9508956,0.9941963,0.98470414,1.0520059,1.060659,1.0739795,0.98211694,0.96390176,0.97078925,0.97980946,1.0173411,1.0,1.0,0.6,0.4,0.2,0.7295577,0.7726255,0.3540026,0.3540026,0.19528677,1.0,1.0,0.05,0.36666667,0.35,0.2,0.4,0.7,0.8,0.9,0.8,0.6,-0.65,-0.43333334,-0.55,0.6646622,0.3352791,0.2452958,0.34770152,0.56592643,0.60886157,0.27939492,0.068108864,0.29898393,0.34729818,0.6,0.5,0.3,0.3,0.38333333,0.2,0.4,0.6,0.6,0.56666666,0.4,0.1,-0.3,-0.3,-0.18333334,0.7639553,0.60606056,0.37237823,0.4021764,0.49061325,0.23604468,0.3939394,0.62762177,0.59782356,0.5093867,0.52791065,0.21212117,-0.25524354,-0.19564717,-0.01877348,0.8271247,0.7839988,0.9413953,1.0267347,1.1385772,0.1666955,0.16608894,0.37253788,0.40169582,0.5038154,0.7220933,0.7487741,1.1859632,1.1198224,1.1847008,0.6776027,0.45920593,0.51052296,0.44448617,0.50258654,0.32239726,0.5407941,0.489477,0.55551386,0.49741343,0.35520545,-0.08158814,0.021045966,-0.11102769,0.005173122
SZ000166,-0.01439022336843316,0.5,,2026-03-17,0.006060612,0.020202065,0.29999962,0.012121224,0.59999925,0.002020229,0.10000111,-0.004040383,-0.19999851,0.9939759,1.0120482,0.99196786,1.0036825,0.97966963,0.9936468,1.0254129,1.0304955,1.0355781,0.99263024,0.9837357,0.9963151,1.0043626,1.0302626,0.0063150236,0.011266728,0.016494742,0.018309388,0.032137036,0.0030495618,0.0034191974,-0.0018438725,-0.0016307832,-0.0015580707,0.5829951,0.8442366,0.43735975,0.61481786,0.71690637,0.0012706445,0.0008779134,0.021201676,0.019283803,0.015700491,1.0120482,1.0120482,1.0281585,1.0401274,1.1022625,0.9754532,0.9656925,0.9656925,0.9656925,0.9656925,0.99695045,0.99415505,1.0083863,1.0205845,1.0587039,0.98856413,0.9730623,0.9827192,0.98856413,1.0030495,1.0,1.0,0.6,0.4,0.2,0.67076933,0.74009216,0.5492185,0.46090597,0.25120795,1.0,1.0,0.05,0.1,0.28333333,0.2,0.1,0.55,0.7,0.85,0.8,0.9,-0.5,-0.6,-0.56666666,0.80214506,-0.040023558,-0.19912079,0.30777702,0.27341914,0.7698531,-0.016197884,-0.023363682,0.15077619,0.36664194,0.8,0.7,0.45,0.46666667,0.43333334,0.2,0.3,0.55,0.53333336,0.53333336,0.6,0.4,-0.1,-0.06666667,-0.1,0.80769134,0.53333324,0.41071427,0.43548384,0.4646465,0.19230865,0.46666676,0.58928573,0.5645161,0.53535354,0.61538273,0.06666646,-0.17857148,-0.12903228,-0.07070704,0.78240395,0.77985823,0.7938787,0.93916464,0.98121494,0.16960713,0.23559417,0.22081944,0.35715637,0.37063032,0.69860464,1.1701175,1.2145613,1.0133294,1.3110417,0.7186096,0.46084517,0.54202616,0.4572895,0.5112784,0.28139046,0.5391548,0.45797384,0.5427105,0.4887216,0.43721908,-0.07830966,0.084052354,-0.08542102,0.02255681
SH600905,-0.016686255221926457,0.25,,2026-03-17,0.0,0.020737387,0.0,0.013824926,0.6666667,0.006912463,0.33333334,-0.006912463,-0.33333334,1.0,1.0138249,0.99308753,1.0042098,1.0043479,0.9652174,0.9456521,0.96086955,0.95217395,1.0178261,1.0021739,0.9754348,0.9654348,0.9587319,0.015325707,0.021618037,0.032074966,0.02974344,0.022236364,-0.009347832,0.004690386,0.0049689445,0.0027832866,0.0007327517,0.93008107,0.43151525,0.83997035,0.6786333,0.33119664,0.000869557,-0.02328066,-0.022639768,-0.0057924455,0.019651929,1.0402787,1.0402787,1.0402787,1.0402787,1.0402787,0.99121237,0.9511411,0.9368287,0.9345268,0.9345268,1.0326087,1.0221739,1.0043479,0.99826086,0.96347827,1.0034783,0.9817391,0.94304353,0.94304353,0.9456521,0.2,0.5,0.75,0.8333333,0.9166667,0.17909701,0.54812866,0.6106458,0.61912066,0.61912066,0.6,0.8,0.9,0.93333334,0.96666664,0.2,0.1,0.2,0.2,0.6,0.4,0.7,0.7,0.73333335,0.36666667,0.96675885,0.91764605,0.928794,0.8967288,0.81782436,0.94663894,0.7727394,0.61583316,0.60780823,0.5097918,0.2,0.6,0.55,0.43333334,0.4,0.6,0.3,0.4,0.46666667,0.41666666,-0.4,0.3,0.15,-0.033333335,-0.016666668,0.46428525,0.6739128,0.6865672,0.60975623,0.58870953,0.53571475,0.3260872,0.3134328,0.39024377,0.41129047,-0.0714295,0.34782562,0.37313437,0.21951246,0.17741907,1.6342763,1.319398,0.9030257,0.7601973,0.55518204,0.4817997,0.50183487,0.5788847,0.5186704,0.43117017,1.1271755,1.1950485,1.5718694,1.8347757,2.2805977,0.4589888,0.51376003,0.57833654,0.5310347,0.54562634,0.5410112,0.48623997,0.4216635,0.4689653,0.4543737,-0.082022406,0.02752004,0.15667303,0.062069427,0.09125263
SZ300628,-0.020327601035656322,0.375,,2026-03-17,-0.008836543,0.015611176,-0.56603956,0.0061855535,0.396226,0.0005890793,0.03773446,-0.014433018,-0.9245311,1.0089153,1.015156,0.9994057,1.0042127,1.0430996,1.0356672,1.0927229,1.0692526,1.035374,1.0186677,1.0282362,1.058801,1.0786085,1.0809069,0.015906474,0.01650801,0.03720841,0.043585252,0.032361668,-0.010017001,-0.0038684849,-0.005424514,-0.0044668824,-0.00058598636,0.9914426,0.50338924,0.7438877,0.8140135,0.10000302,0.0013662565,-0.010827981,-0.0072681177,-0.013838726,-0.06362033,1.0466657,1.0534921,1.1215558,1.1726665,1.1726665,0.9991143,0.9991143,0.9991143,0.9991143,0.9991143,1.0310347,1.0428534,1.0951623,1.1173953,1.1022899,1.0066614,1.0147419,1.0263964,1.0343009,1.0588502,0.2,0.1,0.05,0.033333335,0.016666668,0.018627001,0.01628864,0.007233985,0.0051035914,0.0051035914,0.2,0.3,0.35,0.2,0.6,0.8,0.9,0.95,0.96666664,0.98333335,-0.6,-0.6,-0.6,-0.76666665,-0.38333333,0.54465044,0.2374115,0.2947341,0.66019684,0.49419534,0.42486975,-0.36394876,-0.25257847,0.27780604,0.38215843,0.0,0.3,0.35,0.4,0.41666666,1.0,0.7,0.65,0.6,0.56666666,-1.0,-0.4,-0.3,-0.2,-0.15,0.0,0.35291967,0.33784553,0.43368894,0.4799408,1.0,0.64708036,0.66215444,0.56631106,0.5200592,-1.0,-0.2941607,-0.3243089,-0.13262211,-0.040118407,1.0469161,1.1359076,1.3489066,1.676263,1.4957086,0.15038681,0.20594011,0.42548338,0.77832013,0.6400576,0.34788302,0.69900006,1.1806432,1.3405906,1.3814031,0.37995002,0.28010532,0.4770891,0.47889364,0.4924991,0.62004995,0.7198947,0.5229109,0.52110636,0.5075009,-0.24009997,-0.43978935,-0.04582176,-0.042212702,-0.015001781
SH600018,-0.020366834657578794,0.125,,2026-03-17,0.0,0.009633866,0.0,0.0077071344,0.8000043,0.001926732,0.19999573,-0.005780402,-0.60000855,1.0,1.0077071,0.9980733,1.0033971,0.98517674,1.0,0.9737742,0.9657925,1.0604334,0.99977195,0.990992,0.9855188,0.9785253,1.0065374,0.0042968174,0.010359638,0.011068135,0.014304814,0.03597951,0.0011402648,0.0030752248,0.0014471753,0.0014289286,-0.0015696747,0.17605875,0.80774826,0.5983585,0.7733184,0.58050865,-0.0020524745,-0.0048305243,0.0007330237,0.0007552655,0.03976797,1.0085012,1.0085012,1.0115607,1.0115607,1.069584,0.9758023,0.9660612,0.9638647,0.94081223,0.94081223,1.0027367,1.0004561,0.99908775,0.98950964,1.0492588,0.99771947,0.98175603,0.9767389,0.9657925,0.9737742,0.6,0.8,0.875,0.9166667,0.5416667,0.7400153,0.79968876,0.75761694,0.83659434,0.45963317,0.6,0.8,0.5,0.6666667,0.13333334,0.2,0.1,0.2,0.1,0.55,0.4,0.7,0.3,0.56666666,-0.41666666,0.33895788,-0.520283,0.22558494,-0.1472757,-0.70025563,0.96714973,0.07967454,0.18652718,0.09791815,-0.29830652,0.6,0.6,0.65,0.6,0.48333332,0.4,0.4,0.35,0.36666667,0.45,0.2,0.2,0.3,0.23333333,0.033333335,0.74073976,0.5,0.5877863,0.58241755,0.43007916,0.25926024,0.5,0.4122137,0.41758248,0.56992084,0.4814795,0.0,0.17557259,0.16483505,-0.13984169,1.4011177,1.6051222,1.642982,1.769903,1.4545243,0.3117091,0.6333766,0.8214511,0.90086854,0.9823573,0.78964865,1.4196546,1.2797003,1.2319659,1.3590925,0.4757809,0.25236717,0.50328684,0.4101062,0.5051094,0.5242191,0.74763286,0.49671313,0.58989376,0.49489057,-0.048438206,-0.4952657,0.0065737255,-0.17978756,0.010218856
SH600030,-0.02185888193554441,0.375,,2026-03-17,0.016078426,0.041176442,0.39047635,0.025098015,0.60952365,0.0,0.0,-0.009019588,-0.21904731,0.984176,1.0247009,0.984176,1.0069096,1.0084903,1.0343685,1.0829844,1.072226,1.0806583,0.9972203,1.0033962,1.033566,1.0474122,1.0698729,0.008715264,0.010089369,0.033565745,0.034081493,0.035750862,-0.0031228338,-0.0024142307,-0.00546053,-0.003416128,-0.00168058,0.32097906,0.5248571,0.9262859,0.7786328,0.6739772,0.009025368,0.0074679004,0.018309081,0.0021216513,-0.020295745,1.0247009,1.0285813,1.0876211,1.0924675,1.1555253,0.978779,0.978779,0.978779,0.978779,0.978779,1.0020703,1.0094324,1.0672599,1.0766573,1.094615,0.99190515,0.9978367,1.0006047,1.0082577,1.0540358,0.6,0.4,0.2,0.13333334,0.06666667,0.46211055,0.42610422,0.1949702,0.18665873,0.12006454,1.0,0.1,0.05,0.16666667,0.26666668,0.8,0.9,0.95,0.96666664,0.98333335,0.2,-0.8,-0.9,-0.8,-0.71666664,-0.035788268,-0.29103473,-0.2579808,0.17845641,0.26900095,0.7052569,-0.077452905,-0.21169509,0.10646015,0.31353295,0.2,0.4,0.35,0.4,0.43333334,0.8,0.6,0.65,0.6,0.56666666,-0.6,-0.2,-0.3,-0.2,-0.13333334,0.39420336,0.3403564,0.2528578,0.3637561,0.42627832,0.60579664,0.6596436,0.7471422,0.6362439,0.5737217,-0.21159327,-0.31928715,-0.4942844,-0.27248782,-0.14744337,0.5405337,0.50874007,0.49459195,0.57221085,0.6659734,0.26356333,0.20265083,0.16380486,0.22798036,0.30502185,1.1553817,0.97433907,1.0549783,1.139062,1.3637244,0.9134014,0.5927022,0.60871947,0.47951898,0.5299302,0.08659856,0.4072978,0.39128056,0.52048105,0.47006983,0.8268029,0.18540442,0.21743889,-0.04096204,0.05986037
SZ000858,-0.022882845194946187,0.125,,2026-03-17,0.002391399,0.01740962,0.13736077,0.009852677,0.56593287,0.0051655453,0.29670635,-0.002295733,-0.13186577,0.9976143,1.0098292,0.9924611,1.0030012,0.9738489,0.97862184,1.0245228,0.9766156,1.0435542,0.98621756,0.9783065,0.9888418,0.9976278,1.0117915,0.011867296,0.011998219,0.01606245,0.025105912,0.028517189,0.0071482863,0.0035100607,-0.0016128201,-0.0014327812,-0.0012044783,0.9070691,0.7845255,0.3528713,0.25241166,0.54410714,-0.00051414897,0.005898273,0.026479997,0.023147512,0.023740683,1.0098292,1.0098292,1.041985,1.0571594,1.0608059,0.96945965,0.9614464,0.9614464,0.95906043,0.95906043,0.9980889,0.9854729,1.0035468,1.0216227,1.0394484,0.97577673,0.96865785,0.9748417,0.9748417,0.9820754,1.0,1.0,0.75,0.56666666,0.36666667,0.75651985,0.7968456,0.47869697,0.41732916,0.40237224,1.0,1.0,0.25,0.13333334,0.06666667,0.2,0.1,0.55,0.1,0.55,0.8,0.9,-0.3,0.033333335,-0.48333332,0.93345433,0.4343216,0.376793,0.642868,0.06957699,0.76609915,0.080662124,-0.087142214,0.6344057,0.4736097,1.0,0.8,0.55,0.53333336,0.45,0.0,0.2,0.45,0.46666667,0.55,1.0,0.6,0.1,0.06666667,-0.1,1.0,0.6586567,0.41496783,0.5316183,0.46262917,0.0,0.34134328,0.58503217,0.4683817,0.5373708,1.0,0.31731343,-0.17006432,0.06323661,-0.07474166,0.8535115,0.8127561,0.92433774,1.412994,1.2098048,0.2263781,0.21656595,0.24923113,1.0568751,0.79508287,1.315721,0.9498091,0.7947084,2.9939938,3.5283153,0.76511747,0.43353692,0.48292103,0.47432762,0.50210553,0.23488252,0.56646305,0.517079,0.5256724,0.49789447,0.530235,-0.13292617,-0.034157936,-0.051344745,0.0042110677
SH601456,-0.024180788816490446,0.125,,2026-03-17,0.0053078784,0.01804671,0.29411885,0.012738833,0.7058811,0.0,0.0,-0.007430955,-0.41176227,0.99472016,1.0126716,0.99472016,1.0049286,1.0050864,1.017294,1.0376399,1.0508647,1.1169888,0.99877924,0.99949133,1.0156155,1.0217361,1.0479485,0.0033276642,0.0039033035,0.017459415,0.016968997,0.038332045,-0.0011190261,-0.00020345615,-0.0025998345,-0.0015993796,-0.0019773212,0.2827102,0.024905108,0.77606857,0.6884817,0.81157804,0.0034588012,0.0014242042,0.009082975,0.0014548374,0.010382527,1.0126716,1.0138456,1.0429177,1.055899,1.18121,0.9885765,0.98752034,0.98752034,0.98752034,0.9795466,1.0006104,1.0034589,1.0343845,1.036826,1.0813835,0.99572736,0.99572736,0.99857575,1.0,1.0238047,0.7,0.65,0.325,0.21666667,0.108333334,0.47410166,0.4740571,0.22527488,0.182508,0.101423346,1.0,0.1,0.1,0.16666667,0.016666668,0.8,0.4,0.7,0.8,0.25,0.2,-0.3,-0.6,-0.6333333,-0.23333333,0.5859873,0.12634973,0.16413714,0.40373793,0.32504097,0.8468381,0.2531739,0.25236434,0.3131848,0.22303742,0.2,0.4,0.4,0.43333334,0.38333333,0.8,0.6,0.55,0.5,0.55,-0.6,-0.2,-0.15,-0.06666667,-0.16666667,0.33333334,0.36507896,0.33913028,0.36413023,0.3900573,0.6666667,0.634921,0.6608697,0.6358698,0.60994273,-0.33333334,-0.2698421,-0.32173944,-0.27173954,-0.21988541,0.71308655,0.7316609,0.7782219,0.90193886,1.1476539,0.18940273,0.1765936,0.19479835,0.2838996,0.7145925,0.7309133,1.1294945,1.0418911,1.0175976,1.9332763,0.7201663,0.47580805,0.53183264,0.43394262,0.49992442,0.2798337,0.5241919,0.46816733,0.5660574,0.5000756,0.44033262,-0.04838388,0.06366532,-0.13211477,-0.00015117183
SZ000625,-0.024744798316262116,0.375,,2026-03-17,-0.0018416562,0.010128918,-0.18182161,0.006445669,0.6363631,0.0018415925,0.18181533,-0.006445733,-0.63636935,1.001845,1.0083026,0.998155,1.0040141,0.99726856,1.0129447,1.035093,1.0673357,1.0701265,1.0007482,0.99973875,1.0108485,1.0187657,1.0536845,0.0023949656,0.0028205109,0.013261909,0.017263299,0.038327936,-0.0008313073,9.35643e-05,-0.0019809343,-0.0017128205,-0.002028742,0.3012067,0.010087328,0.7809013,0.76291794,0.8545208,0.00091442914,-0.00015978844,0.007970334,0.006070168,0.0061634136,1.0083216,1.0083216,1.0387831,1.0673572,1.1328502,0.9908022,0.9889427,0.9889427,0.9889427,0.9889427,1.0016863,1.0013182,1.0221246,1.0328603,1.0933555,0.9996319,0.99798113,0.99982184,1.0,1.0151298,0.5,0.6,0.3,0.2,0.1,0.52500385,0.5705825,0.22185434,0.14101116,0.076836266,0.2,0.6,0.05,0.033333335,0.11666667,0.8,0.4,0.7,0.8,0.9,-0.6,0.2,-0.65,-0.76666665,-0.78333336,0.6128548,-0.0074407808,-0.18342277,0.21623099,0.48684832,0.77410966,0.32377028,-0.06906929,0.03652604,0.663835,0.4,0.5,0.4,0.43333334,0.38333333,0.6,0.5,0.55,0.53333336,0.56666666,-0.2,0.0,-0.15,-0.1,-0.18333334,0.57770264,0.35989675,0.34681186,0.34482747,0.4272693,0.42229736,0.6401032,0.6531881,0.6551725,0.5727307,0.15540528,-0.28020647,-0.30637628,-0.31034505,-0.14546138,0.9327793,0.9281453,1.0040466,1.0977014,1.3259264,0.157395,0.17644218,0.37423587,0.4370983,0.7218463,0.8831804,1.0562999,1.0870677,1.0816946,2.069716,0.6272468,0.33275607,0.5256721,0.47815433,0.5036056,0.3727532,0.66724396,0.47432795,0.52184564,0.4963944,0.2544936,-0.33448786,0.05134412,-0.043691326,0.0072112367
SH601988,-0.028508822035610944,0.375,,2026-03-17,0.01851852,0.022222225,0.8333333,0.0,0.0,0.003703704,0.16666667,0.022222225,1.0,0.9818182,1.0,0.97818184,0.99440014,0.9690359,0.98592544,0.9781844,0.9655173,1.0380014,0.98268825,0.9790289,0.9744195,0.97443116,0.9914145,0.01007095,0.008410797,0.010515804,0.009413143,0.025213975,0.005559456,0.0016292398,0.00075505354,0.00023922106,-0.0011121236,0.7618399,0.34395933,0.1804424,0.05005313,0.5933668,0.006192826,0.013639549,0.018407546,0.022100123,0.04139313,1.0,1.0,1.0,1.0,1.0476805,0.9637553,0.95982957,0.9546075,0.9546075,0.9509709,0.9853624,0.98057705,0.9821253,0.98170304,1.0204082,0.9763547,0.9742435,0.96481353,0.9655173,0.9690359,1.0,1.0,1.0,1.0,0.6666667,1.0,1.0,1.0,1.0,0.5069728,1.0,1.0,1.0,1.0,0.23333333,0.2,0.1,0.45,0.6333333,0.5,0.8,0.9,0.55,0.36666667,-0.26666668,0.93416077,0.35575232,0.51759815,0.27176026,0.067120194,0.59653836,0.3365156,0.48602825,0.15077904,0.1575196,1.0,0.6,0.5,0.56666666,0.46666667,0.0,0.3,0.35,0.3,0.46666667,1.0,0.3,0.15,0.26666668,0.0,1.0,0.6111109,0.58959514,0.58419234,0.45807448,0.0,0.38888904,0.41040483,0.41580763,0.5419255,1.0,0.22222188,0.17919032,0.16838472,-0.08385104,0.6115623,0.6703441,0.63789916,0.71771026,0.74389464,0.24219725,0.24291405,0.25816265,0.26877657,0.245311,1.5314889,1.2147771,1.4256386,1.3088388,1.0738196,0.72328347,0.4118902,0.5678714,0.4956411,0.51274,0.27671656,0.5881098,0.4321286,0.5043589,0.48725995,0.4465669,-0.17621957,0.13574277,-0.008717768,0.02548007
SZ002714,-0.02863526808117796,0.25,,2026-03-17,0.014744545,0.04605132,0.3201764,0.02504542,0.5438589,0.006261355,0.13596472,-0.0040395185,-0.087717764,0.9854697,1.0246814,0.9792993,1.0099579,0.9619776,0.9261505,0.9285363,0.92574954,0.94226974,0.99390715,0.9766683,0.94340795,0.9340928,0.9520032,0.0098124,0.02514144,0.039940335,0.035875082,0.037560556,0.002010889,0.006676407,0.0061114742,0.0031784484,-0.00074615673,0.1049943,0.64642286,0.81947684,0.6083398,0.12036382,0.0020710486,-0.006712112,-0.0014669677,0.019819671,0.07000844,1.0246814,1.0246814,1.0246814,1.0246814,1.0320365,0.95978916,0.91918284,0.88375056,0.8797732,0.8797732,1.0013934,0.9928306,0.984785,0.98160523,0.98765594,0.9883336,0.9572,0.9022264,0.9000792,0.91575724,0.8,0.9,0.95,0.96666664,0.9166667,0.61965454,0.7660491,0.82486814,0.8296751,0.789598,1.0,1.0,1.0,1.0,0.28333333,0.2,0.2,0.25,0.06666667,0.53333336,0.8,0.8,0.75,0.93333334,-0.25,0.6750832,0.30620778,0.6073324,0.34346306,-0.13512357,0.7660275,0.9310593,0.8041842,0.6744182,0.4235941,0.6,0.6,0.55,0.53333336,0.43333334,0.4,0.4,0.45,0.46666667,0.55,0.2,0.2,0.1,0.06666667,-0.11666667,0.7645413,0.7254144,0.63327724,0.59359604,0.5390923,0.23545869,0.27458563,0.36672276,0.40640393,0.4609077,0.5290826,0.45082876,0.26655447,0.18719213,0.0781846,0.9170997,1.0564717,0.9032847,0.9436717,0.8331592,0.20062302,0.37194324,0.35345325,0.3462044,0.31257167,0.7899904,1.3298305,1.4503474,1.2745153,1.2614758,0.5242162,0.5186973,0.5322732,0.4913919,0.51113176,0.47578385,0.48130268,0.46772683,0.5086081,0.48886824,0.04843229,0.03739462,0.06454635,-0.017216213,0.02226353
SH600036,-0.03175694041103388,0.375,,2026-03-17,0.0057658837,0.013286599,0.43396237,0.0060165403,0.45282772,0.0015041744,0.11320989,0.0012535179,0.094344534,0.99426717,1.005982,0.9927716,1.001904,0.97758466,0.97658503,0.98404396,0.94767195,1.0127264,0.99098,0.98143715,0.9760929,0.97280556,0.98589206,0.006681798,0.011947514,0.010945092,0.013589588,0.026384484,0.0041139657,0.0036565433,0.001108466,0.00094302074,-0.0008741325,0.94770825,0.8586137,0.35898307,0.3731914,0.3347782,0.00079204567,0.002108386,0.013376711,0.013520659,0.039894875,1.005982,1.005982,1.005982,1.005982,1.0452844,0.9708349,0.9474224,0.9474224,0.93593335,0.92997473,0.9958168,0.99178743,0.9845438,0.9845438,1.0149641,0.9845438,0.97402436,0.965658,0.9635126,0.96385866,1.0,1.0,1.0,1.0,0.68333334,0.82979983,0.897847,0.897847,0.9146016,0.60728025,1.0,1.0,1.0,1.0,0.28333333,0.2,0.1,0.55,0.1,0.5,0.8,0.9,0.45,0.9,-0.21666667,0.22184284,-0.46302867,-0.27313143,-0.5576277,-0.5302466,0.8133797,-0.25481102,0.014738761,0.12306114,0.0159391,0.8,0.7,0.55,0.53333336,0.46666667,0.0,0.2,0.4,0.43333334,0.51666665,0.8,0.5,0.15,0.1,-0.05,1.0,0.66085553,0.5651083,0.6283717,0.48480955,0.0,0.33914447,0.43489167,0.3716283,0.5151905,1.0,0.3217111,0.13021664,0.2567434,-0.030380914,0.99037623,1.0714684,1.090931,1.3980259,1.4624293,0.13491687,0.28808957,0.32823616,0.66465676,0.69018245,0.664651,0.8714838,0.99619675,1.1348275,1.1883783,0.5315201,0.32208896,0.4996183,0.38834718,0.4917641,0.46847987,0.67791104,0.5003817,0.6116528,0.50823593,0.06304026,-0.3558221,-0.0007634192,-0.22330561,-0.016471827
SZ001391,-0.034344999537035945,0.125,,2026-03-17,0.0035026397,0.010507823,0.33333638,0.0052539115,0.5,0.0017512717,0.16666362,0.0,0.0,0.9965096,1.0052356,0.99476445,0.99964917,0.9982699,1.0155709,1.0501729,1.0397923,1.0743945,0.99619377,0.99792385,1.0175605,1.0245098,1.0421857,0.0022557771,0.0045991656,0.021922193,0.020806335,0.026963241,0.00069204083,-0.00050330244,-0.0033730487,-0.001866355,-0.0013357712,0.23529412,0.10977702,0.8286006,0.6235898,0.74854827,0.002422143,0.0043409835,0.014483427,0.0025523657,-0.0027804277,1.0052356,1.0122471,1.0519463,1.069377,1.102173,0.98782855,0.984353,0.984353,0.984353,0.984353,0.99723184,1.0003461,1.0432526,1.0432526,1.0615917,0.9948097,0.9948097,0.99619377,0.99792385,1.0242214,1.0,0.8,0.4,0.26666668,0.13333334,0.6992259,0.5609427,0.23148705,0.18403032,0.13280408,1.0,0.1,0.05,0.3,0.033333335,0.6,0.4,0.7,0.8,0.9,0.4,-0.3,-0.65,-0.5,-0.8666667,0.7327291,-0.320634,-0.32880998,-0.006376897,-0.25147003,0.66933197,-0.47753087,-0.49972284,-0.29587567,-0.06263854,0.2,0.4,0.4,0.46666667,0.41666666,0.4,0.4,0.5,0.43333334,0.45,-0.2,0.0,-0.1,0.033333335,-0.033333335,0.6,0.37142858,0.30666667,0.3904762,0.40528628,0.4,0.62857145,0.6933333,0.60952383,0.5947137,0.2,-0.25714287,-0.38666666,-0.21904762,-0.18942742,0.67797065,0.70650744,0.7150037,0.7823033,0.82868123,0.189356,0.24272671,0.37796858,0.34701964,0.3907249,1.501999,1.3497183,1.9166121,1.734025,1.4542521,0.92274505,0.4975374,0.5132296,0.485967,0.51539564,0.07725495,0.5024626,0.48677036,0.51403296,0.48460436,0.8454901,-0.0049252044,0.026459266,-0.028065957,0.030791258
SZ000661,-0.03680996845730988,0.125,,2026-03-17,-0.009183324,0.018257324,-0.502994,0.006340888,0.34730655,0.0027331116,0.14969946,-0.012791101,-0.70060104,1.0092684,1.0156682,0.99724156,1.0071847,1.0064124,0.9922776,0.9971317,1.1228143,1.0373021,1.0004468,0.99743503,1.0030565,1.0125734,1.0396491,0.0065624565,0.009077571,0.033247333,0.038206317,0.0455053,-0.00031027195,0.0016054984,0.00031440295,-0.0016208186,-0.0012036994,0.0055884593,0.28674233,0.0031298795,0.13947622,0.21340862,0.00017373507,-0.004659796,-0.006043402,0.010928543,-0.0041400553,1.0210874,1.0210874,1.1696049,1.1696049,1.1767668,0.9878639,0.97947997,0.9628218,0.9628218,0.9628218,1.0068758,1.0064785,1.0087953,1.0570054,1.0810359,0.99463844,0.99132884,0.98073804,0.9849744,0.99600637,0.6,0.6,0.6,0.51666665,0.25833333,0.36528656,0.49318174,0.17979322,0.17979322,0.17377459,0.2,0.6,0.35,0.56666666,0.33333334,0.6,0.1,0.2,0.46666667,0.73333335,-0.4,0.5,0.15,0.1,-0.4,0.72058177,-0.32382086,0.83067864,0.60751516,0.5820052,0.71353114,0.6547685,0.84948605,0.5808898,0.61770004,0.4,0.5,0.4,0.4,0.4,0.6,0.5,0.6,0.6,0.6,-0.2,0.0,-0.2,-0.2,-0.2,0.41040492,0.54529256,0.5042745,0.3805782,0.4790774,0.5895951,0.45470747,0.4957255,0.6194218,0.5209226,-0.17919014,0.09058506,0.008549004,-0.2388436,-0.041845225,0.97945035,1.1340994,1.8940552,1.7225229,1.7297963,0.12395244,0.22185348,1.6867261,1.4222122,1.173929,0.8330325,0.7688265,1.9232817,1.8652091,1.8508233,0.42972618,0.20095952,0.5039159,0.46065632,0.49758208,0.5702738,0.7990405,0.4960841,0.53934366,0.5024179,-0.14054762,-0.59808093,0.007831794,-0.07868735,-0.0048358436
SH601825,-0.0369398148233865,0.125,,2026-03-17,0.0044995174,0.012373429,0.36364353,0.0033745028,0.2727217,0.004499409,0.36363477,0.0056244237,0.45455658,0.99552065,1.0033594,0.99104136,0.99871045,0.94932425,0.9459459,0.9611486,0.94087833,1.0489864,0.981081,0.96435803,0.9567567,0.952956,0.9815737,0.019458715,0.022571033,0.019225767,0.018524265,0.038052853,0.011993258,0.0067260438,0.0015812342,0.0010648085,-0.0016618028,0.9496993,0.8140066,0.23675168,0.25607237,0.5816803,-0.0050675324,0.005374755,0.028221581,0.03160425,0.06744948,1.0033594,1.0033594,1.0033594,1.0033594,1.0579225,0.9443102,0.9262993,0.9262993,0.9186606,0.9186606,0.9972972,0.9885134,0.96807426,0.96317565,1.0238175,0.9652026,0.9479729,0.9413851,0.937331,0.94459456,1.0,1.0,1.0,1.0,0.65,0.9431087,0.95640564,0.95640564,0.9603373,0.5840751,1.0,1.0,1.0,1.0,0.016666668,0.2,0.1,0.55,0.2,0.6,0.8,0.9,0.45,0.8,-0.5833333,0.3895637,0.09420906,0.20562737,-0.11578298,-0.10938971,0.67203426,-0.016278995,-0.08962447,0.20407352,0.06621767,1.0,0.8,0.65,0.6,0.43333334,0.0,0.2,0.35,0.36666667,0.5,1.0,0.6,0.3,0.23333333,-0.06666667,1.0,0.758065,0.62365603,0.6060607,0.4564565,0.0,0.24193503,0.37634394,0.39393935,0.54354346,1.0,0.5161299,0.24731211,0.21212132,-0.08708697,1.2646186,1.2504563,1.148121,1.4539274,1.4836997,0.35560462,0.32625228,0.31466365,0.704117,0.6655742,0.81263864,0.6377524,0.8065627,1.1624608,1.0264617,0.55456257,0.40475455,0.51094174,0.4459787,0.48358786,0.44543743,0.5952455,0.4890583,0.5540213,0.51641214,0.10912516,-0.19049093,0.021883449,-0.108042605,-0.032824248
SH601939,-0.03770873085753356,0.25,,2026-03-17,0.008714677,0.017429175,0.5000051,0.005446584,0.3124981,0.003267915,0.18749681,0.0065360074,0.3750038,0.9913606,1.0053996,0.9881209,1.0008329,0.96536785,0.96103895,0.9567099,0.9385281,0.96536785,0.98796535,0.97787875,0.96188307,0.9566233,0.9666594,0.00857318,0.012829671,0.021393148,0.019334977,0.021637168,0.005367965,0.0039695706,0.002592521,0.0015249262,-0.00041754023,0.9801114,0.8775412,0.5140001,0.48207214,0.11357838,0.0012987286,0.0042581907,0.01348798,0.021265235,0.04565803,1.0053996,1.0053996,1.0053996,1.0053996,1.0075641,0.9602076,0.942682,0.92017233,0.92017233,0.92017233,0.9930735,0.9889177,0.9792207,0.9705627,0.98943716,0.981645,0.96536785,0.938961,0.9404329,0.9415584,1.0,1.0,1.0,1.0,0.96666664,0.8805201,0.9139072,0.9366455,0.9366455,0.91344666,1.0,1.0,1.0,1.0,0.23333333,0.2,0.1,0.45,0.6333333,0.81666666,0.8,0.9,0.55,0.36666667,-0.5833333,-0.07376036,-0.3629574,0.00868477,-0.16420956,-0.3313755,0.5474563,0.7058791,0.29584357,0.30666736,0.16447066,1.0,0.8,0.55,0.6,0.51666665,0.0,0.1,0.4,0.36666667,0.45,1.0,0.7,0.15,0.23333333,0.06666667,1.0,0.8,0.6428574,0.64430904,0.5386848,0.0,0.2,0.35714266,0.35569093,0.46131518,1.0,0.6,0.28571472,0.28861815,0.077369615,0.95732284,1.1094803,1.1085995,1.176633,1.1176357,0.09877093,0.31666678,0.38287798,0.3424105,0.31712076,0.5218546,0.71859896,1.1153004,1.0230774,0.9808888,0.5721164,0.31457922,0.50399953,0.48041657,0.49524668,0.4278836,0.6854208,0.4960005,0.5195834,0.50475335,0.14423278,-0.37084156,0.007999016,-0.03916684,-0.009506669
SH601916,-0.04280995284348813,0.125,,2026-03-17,0.009677431,0.019354861,0.5,0.0064516203,0.33333334,0.0032258101,0.16666667,0.0064516203,0.33333334,0.99041533,1.0063897,0.9872204,1.0008152,0.9676674,0.9584295,0.94919163,0.93995374,0.98383373,0.9898383,0.9750577,0.9639723,0.9555812,0.96143186,0.0074119256,0.017241297,0.016961146,0.018729687,0.01687117,0.0043879943,0.0055707227,0.0024032386,0.0019046067,-0.00020945018,0.8762136,0.956962,0.70267004,0.8014036,0.04700791,0.0013856824,-0.00012597113,0.013196975,0.016802019,0.04474694,1.0063897,1.0063897,1.0063897,1.0063897,1.0063897,0.9632145,0.94368327,0.9427998,0.92164356,0.92164356,0.9926097,0.9907621,0.98106235,0.96581984,0.97459584,0.98660505,0.9621247,0.94872975,0.93949187,0.9468822,1.0,1.0,1.0,1.0,1.0,0.85200363,0.8981002,0.89951587,0.92460096,0.92460096,1.0,1.0,1.0,1.0,1.0,0.2,0.1,0.35,0.1,0.55,0.8,0.9,0.65,0.9,0.45,-0.0069491826,0.3602333,0.60922563,0.39433885,-0.014415383,0.9121988,0.11348674,0.09757016,0.34714675,0.19325003,0.8,0.7,0.6,0.56666666,0.4,0.0,0.2,0.25,0.33333334,0.4,0.8,0.5,0.35,0.23333333,0.0,1.0,0.8,0.72,0.67105263,0.52554744,0.0,0.2,0.28,0.32894737,0.47445256,1.0,0.6,0.44,0.34210527,0.05109489,1.0552372,0.95462525,0.8300849,0.8212631,0.7249724,0.19713788,0.18938057,0.23097324,0.22669339,0.31410068,0.7559325,0.6750916,0.85686994,0.7922696,1.4295171,0.5888692,0.50160724,0.5552087,0.52654874,0.49448708,0.4111308,0.49839276,0.44479132,0.47345126,0.5055129,0.17773844,0.003214462,0.11041738,0.05309747,-0.011025823
SH600809,-0.04527305532985247,0.25,,2026-03-17,0.004749685,0.02331103,0.2037527,0.012249254,0.5254703,0.0063120904,0.270777,-0.0011874785,-0.050940633,0.99527276,1.0121913,0.98899055,1.0032009,0.9808361,1.0056583,1.0866455,1.0224476,1.1141948,0.9895591,0.9858451,1.0036876,1.0276936,1.0577532,0.010897682,0.011885187,0.025830653,0.046755604,0.048827913,0.0066953,0.002435328,-0.0032892604,-0.003816228,-0.0022877802,0.94365185,0.38487023,0.56753653,0.51630104,0.669564,-0.0029497116,0.0031959577,0.027560372,0.027641684,0.009736317,1.0121913,1.0121913,1.083037,1.1442977,1.1442977,0.97106826,0.9647876,0.9647876,0.9647876,0.9647876,1.0,0.9996957,1.0219781,1.080236,1.1042159,0.9801497,0.9748013,0.98113286,0.9891862,1.0029052,0.9,0.95,0.525,0.35,0.175,0.70354,0.74281883,0.2977808,0.19615825,0.19615825,1.0,1.0,0.05,0.26666668,0.6333333,0.2,0.3,0.65,0.76666665,0.8833333,0.8,0.7,-0.6,-0.5,-0.25,0.9487124,0.49101898,0.43992344,0.74153996,0.035530638,0.7324421,0.6807507,0.2790637,0.67326325,0.5320737,0.6,0.4,0.3,0.36666667,0.31666666,0.2,0.5,0.65,0.6,0.6666667,0.4,-0.1,-0.35,-0.23333333,-0.35,0.8304554,0.47502464,0.3178219,0.477265,0.42932272,0.1695446,0.52497536,0.6821781,0.522735,0.5706773,0.6609108,-0.049950704,-0.36435622,-0.045470018,-0.14135456,0.94351494,0.9710723,1.059986,1.4757429,1.277684,0.10742353,0.20279469,0.23514722,0.88096,0.7115136,0.73434025,1.2123154,0.9745546,2.3929524,2.6457632,0.7358821,0.3859005,0.47409356,0.46033782,0.50636494,0.2641179,0.6140995,0.52590644,0.5396622,0.49363506,0.4717642,-0.22819902,-0.05181288,-0.07932434,0.012729864
SH601166,-0.045698050371927305,0.125,,2026-03-17,0.009023297,0.014331204,0.6296259,0.0031847442,0.22222446,0.0021231626,0.14814964,0.007961716,0.55555105,0.9910574,1.0031563,0.98895323,0.9990468,0.97156787,0.96994317,0.99314016,0.9644372,1.0430545,0.9909378,0.978888,0.9752821,0.9739357,1.0136054,0.0057020243,0.0143651515,0.013206696,0.014123217,0.04764127,0.0032674393,0.0043593245,0.00070966716,0.0005662027,-0.0022214858,0.8209126,0.8441691,0.10106227,0.1245599,0.663163,0.0025273024,0.001495041,0.017976083,0.017854368,0.05192849,1.0031563,1.0031563,1.0031563,1.0031563,1.1023027,0.9678974,0.9479253,0.9479253,0.93739337,0.93739337,0.9924181,0.9905226,0.99008936,0.99008936,1.0724072,0.9883925,0.9697807,0.96306527,0.962632,0.9649789,1.0,1.0,1.0,1.0,0.55,0.91048306,0.94285333,0.94285333,0.9520054,0.37964287,1.0,1.0,1.0,1.0,0.28333333,0.2,0.1,0.55,0.1,0.55,0.8,0.9,0.45,0.9,-0.26666668,0.597963,-0.51775545,-0.48252797,-0.52075404,-0.4633365,0.7241779,-0.41393018,-0.28152284,-0.111200675,-0.120739825,0.8,0.7,0.5,0.56666666,0.5,0.0,0.2,0.4,0.36666667,0.45,0.8,0.5,0.1,0.2,0.05,1.0,0.6776944,0.5260273,0.5831925,0.4565811,0.0,0.3223056,0.47397268,0.41680747,0.5434189,1.0,0.3553888,0.05205465,0.16638507,-0.086837806,0.88960224,0.9569785,0.9447132,1.2117459,1.1556145,0.06978184,0.215425,0.22980013,0.56129813,0.54587793,0.9708028,0.858821,0.95081806,1.1589242,1.1035712,0.79000837,0.38342357,0.526664,0.4090324,0.5058916,0.20999166,0.61657643,0.473336,0.5909676,0.49410838,0.5800167,-0.23315284,0.053328004,-0.1819352,0.01178327
SZ000617,-0.04869903964044438,0.125,,2026-03-17,0.030208359,0.07916664,0.3815794,0.040624976,0.5131577,0.008333307,0.10526285,-0.0020833104,-0.026315507,0.97067744,1.0394337,0.9625885,0.9941943,0.905933,0.95753044,0.9069472,0.9221602,0.90428495,0.94155675,0.92780167,0.92132986,0.9164765,0.9335362,0.04854484,0.036104664,0.03239554,0.027743852,0.034289308,0.02619169,0.0073060724,0.0028350845,0.0014218801,-0.00047474165,0.7277478,0.37536412,0.2680585,0.20356081,0.058465146,0.006059856,0.039320976,0.05173685,0.06290625,0.08046873,1.0394337,1.0394337,1.0394337,1.0394337,1.0556535,0.8959238,0.88981545,0.88273627,0.88273627,0.88273627,0.99026364,0.9385395,0.9324797,0.9221602,0.971932,0.90271294,0.90349895,0.8988337,0.8988337,0.90289044,1.0,1.0,1.0,1.0,0.96666664,0.72521937,0.7364376,0.7483447,0.7483447,0.6781499,1.0,1.0,1.0,1.0,0.36666667,0.6,0.2,0.2,0.46666667,0.73333335,0.4,0.8,0.8,0.53333336,-0.36666667,0.99377126,0.8979088,0.89180136,0.8865854,0.80701256,0.9862029,0.88146406,0.8694687,0.8657812,0.81735337,0.6,0.4,0.4,0.4,0.43333334,0.4,0.6,0.55,0.56666666,0.55,0.2,-0.2,-0.15,-0.16666667,-0.11666667,0.83974385,0.58895385,0.6250002,0.5824383,0.55224913,0.16025612,0.41104615,0.37499985,0.4175617,0.44775084,0.67948776,0.17790772,0.2500003,0.1648766,0.10449832,0.4484611,0.34642455,0.26590237,0.21501978,0.22315602,0.40720817,0.29860392,0.25808915,0.22244357,0.17434113,1.7034807,1.8144625,2.0342772,2.3544817,2.0876603,0.95970637,0.64705205,0.72056437,0.6798481,0.5944229,0.04029363,0.35294795,0.27943563,0.32015193,0.40557715,0.91941273,0.29410413,0.44112876,0.35969612,0.1888457
SZ302132,-0.053350770054320526,0.0,,2026-03-17,0.00027340083,0.014213458,0.01923535,0.008883392,0.6249987,0.005056664,0.35576594,-0.0035533274,-0.2499974,0.99972665,1.008881,0.9946714,1.001251,1.023079,1.0687151,1.0568238,1.0723914,1.0439794,1.0054009,1.023501,1.0539361,1.0575818,1.0727677,0.0096346615,0.026487201,0.040074825,0.034581814,0.04294347,-0.0048495294,-0.007882666,-0.0050016735,-0.0021315177,-0.00058341655,0.63338274,0.8118681,0.5451995,0.29443133,0.056294125,0.004298108,0.011970917,-0.006420208,-0.026674766,-0.055556916,1.0264941,1.0872854,1.1368997,1.1368997,1.2232378,0.98754513,0.98754513,0.98754513,0.98754513,0.98646706,1.0152407,1.0452639,1.0880634,1.0880634,1.1024917,0.99891526,0.999941,1.0143104,1.0217946,1.0406526,0.6,0.3,0.15,0.1,0.05,0.3197744,0.12487309,0.0833914,0.0833914,0.057156354,0.2,0.1,0.45,0.6333333,0.31666666,0.8,0.9,0.95,0.96666664,0.05,-0.6,-0.8,-0.5,-0.33333334,0.26666668,-0.09507532,0.7097954,0.71734834,0.7285865,0.8125183,-0.8940939,-0.8310248,0.52457935,0.5575348,0.6112929,0.4,0.4,0.4,0.4,0.45,0.6,0.6,0.6,0.6,0.55,-0.2,-0.2,-0.2,-0.2,-0.1,0.13443717,0.21128905,0.41688797,0.42649767,0.4806417,0.86556286,0.78871095,0.58311206,0.57350236,0.51935834,-0.73112565,-0.5774219,-0.16622409,-0.1470047,-0.03871663,1.1383322,1.5132095,1.9856839,1.9382982,2.46792,0.20098504,0.52385217,1.1887634,1.0227561,1.3323313,1.349781,1.1195347,1.4971433,1.4399129,1.2798208,0.3857898,0.23815927,0.4905381,0.46946403,0.49823338,0.6142102,0.76184076,0.5094619,0.53053594,0.5017666,-0.22842036,-0.52368146,-0.018923799,-0.06107191,-0.0035332185
SH601328,-0.06908606086682825,0.125,,2026-03-17,0.011661761,0.016034955,0.72727126,0.002915462,0.18181916,0.001457731,0.09090958,0.01020403,0.63636166,0.98847264,1.0028819,0.98703176,0.9992888,0.9697934,0.9708532,0.9708532,0.9565448,1.037096,0.98696345,0.9782194,0.9700318,0.9660484,0.9928105,0.00872876,0.011665262,0.0151249375,0.014592846,0.035606075,0.0053524063,0.0036132354,0.0012937738,0.0010157895,-0.0015599633,0.9400111,0.8794578,0.2560929,0.37551656,0.5854374,0.0023317414,0.0055210236,0.017677324,0.01922262,0.053208437,1.0028819,1.0028819,1.0028819,1.0028819,1.0634441,0.96386486,0.9510783,0.93797994,0.9334297,0.9334297,0.9919449,0.9873874,0.98251194,0.97859037,1.0347642,0.9795443,0.9694754,0.9572867,0.9519873,0.95813465,1.0,1.0,1.0,1.0,0.6333333,0.9261385,0.94436955,0.95559675,0.95850587,0.51202226,1.0,1.0,1.0,1.0,0.2,0.2,0.1,0.45,0.1,0.55,0.8,0.9,0.55,0.9,-0.35,0.48761207,-0.38374245,0.008765378,-0.34108344,-0.5541056,0.3361142,0.26532036,0.3693714,0.23576573,0.15189813,1.0,0.7,0.55,0.56666666,0.41666666,0.0,0.3,0.4,0.4,0.53333336,1.0,0.4,0.15,0.16666667,-0.11666667,1.0,0.73109245,0.6,0.6,0.4575242,0.0,0.26890758,0.4,0.4,0.5424758,1.0,0.46218488,0.2,0.2,-0.0849516,0.98690724,1.1128309,1.1145935,1.2668464,1.1454668,0.18501692,0.30474633,0.41995338,0.48338532,0.41973487,0.6058637,0.73920345,1.3206857,1.0619806,1.0714482,0.58613545,0.27241543,0.5009892,0.4581134,0.50482583,0.41386455,0.72758454,0.49901083,0.54188657,0.49517417,0.1722709,-0.4551691,0.0019783522,-0.08377317,0.009651643
SZ002179,-0.070203997878383,0.0,,2026-03-17,-0.025626615,0.028442713,-0.90099055,0.0019712844,0.069307186,0.0008448129,0.029702261,-0.026753087,-0.94059545,1.0263007,1.0283238,0.999133,1.0124958,1.0216826,1.0095427,1.0057911,1.0421917,0.9485542,1.0439887,1.0281817,1.0206957,1.015773,1.0265054,0.039238427,0.03181838,0.02724025,0.024636658,0.046432305,-0.022658098,0.0020333023,0.0019997281,0.0011925485,0.0002694254,0.83361167,0.0374334,0.18862003,0.1815893,0.010269196,0.0013274818,-0.037331577,-0.03969313,-0.033064976,-0.03445339,1.0999986,1.0999986,1.0999986,1.0999986,1.2121395,0.999133,0.9855568,0.9843944,0.97600573,0.9297723,1.0810397,1.0378591,1.0294784,1.0275122,1.0642785,1.017577,1.0094811,0.99878794,0.9971141,0.99126536,0.2,0.2,0.3,0.3,0.3,0.008595913,0.1262057,0.13499208,0.1935133,0.2487105,0.4,0.7,0.85,0.9,0.35,1.0,0.4,0.05,0.13333334,0.016666668,-0.6,0.3,0.8,0.76666665,0.33333334,0.8538815,0.8491241,0.83666074,0.7342429,0.76713276,0.6806714,0.5603177,0.57439166,0.52632904,0.47417852,0.4,0.5,0.5,0.43333334,0.48333332,0.6,0.5,0.5,0.56666666,0.51666665,-0.2,0.0,0.0,-0.13333334,-0.033333335,0.43313166,0.47907522,0.49237627,0.45660692,0.5226702,0.5668683,0.52092475,0.50762373,0.5433931,0.4773298,-0.13373667,-0.04184954,-0.015247451,-0.086786166,0.04534044,2.0462894,1.4825158,1.2534858,1.1793215,1.5470141,0.99237186,0.8955418,0.7153727,0.6292735,0.8874654,1.0415725,1.4083718,1.499195,1.5867978,1.3593769,0.47990382,0.4556591,0.5086685,0.4555616,0.50847095,0.5200962,0.5443409,0.49133152,0.5444384,0.49152908,-0.040192354,-0.088681825,0.017336948,-0.0888768,0.016941851
SZ002736,-0.07440992964474125,0.0,,2026-03-17,0.043407,0.09254704,0.4690264,0.045864023,0.49557528,0.0032760107,0.03539833,0.000818987,0.008849414,0.95839876,1.043956,0.9552591,1.0081553,0.9515551,0.9694976,0.979067,0.979067,0.9934211,0.96674645,0.95765555,0.9662381,0.96840113,0.9944179,0.018764082,0.016743548,0.015280909,0.0143970335,0.033635832,0.007535884,0.003813247,-0.0008854379,-0.00058078894,-0.0014223785,0.40323085,0.47545153,0.117513,0.12612243,0.54541343,0.018181812,0.025184862,0.042173598,0.0400203,0.04754227,1.043956,1.043956,1.043956,1.043956,1.0885394,0.94616884,0.9335362,0.9335362,0.9335362,0.9335362,0.969378,0.96124405,0.9757177,0.9776316,1.0233254,0.95789474,0.94712925,0.95394737,0.95789474,0.96602875,1.0,1.0,1.0,1.0,0.65,0.5504929,0.6019192,0.6019192,0.6019192,0.42879012,1.0,1.0,1.0,1.0,0.28333333,0.6,0.1,0.55,0.7,0.85,0.4,0.9,0.45,0.3,-0.56666666,0.95755225,0.64652544,0.4165124,0.4235796,0.2747138,0.9266719,0.5934622,0.5993789,0.55532813,0.5079172,0.6,0.6,0.45,0.46666667,0.5,0.4,0.4,0.55,0.53333336,0.48333332,0.2,0.2,-0.1,-0.06666667,0.016666668,0.8857144,0.60669464,0.5469169,0.5301205,0.50513536,0.11428558,0.3933054,0.4530831,0.4698795,0.49486464,0.7714288,0.21338922,0.093833804,0.060240965,0.010270704,0.32886916,0.27070263,0.24282683,0.25077632,0.26235932,0.37691623,0.26346475,0.18761364,0.16014424,0.1389746,2.0804467,2.0604324,2.3249753,2.0493174,1.8458275,0.91046494,0.7576681,0.741783,0.6132304,0.5888976,0.08953505,0.24233192,0.25821698,0.3867696,0.41110238,0.8209299,0.51533616,0.48356605,0.22646084,0.1777952
SH600015,-0.0781760455884052,0.125,,2026-03-17,0.01538462,0.020979077,0.7333316,0.0041958615,0.20000221,0.0013985948,0.06666618,0.012587354,0.5999956,0.9848485,1.0041323,0.9834711,0.99882007,0.95306945,0.9352758,0.91036475,0.87878114,0.9221531,0.97989327,0.9610098,0.9417149,0.9242216,0.91827184,0.01599999,0.023268146,0.026124489,0.033847425,0.028943673,0.0097864615,0.007458479,0.004056907,0.0036967234,0.00051044114,0.9353022,0.9418645,0.844039,0.924452,0.094860174,0.0005338085,0.005427023,0.019744499,0.022175953,0.066670164,1.0041323,1.0041323,1.0041323,1.0041323,1.0041323,0.9503659,0.9228285,0.903521,0.86906326,0.86906326,0.98896796,0.98514235,0.9608542,0.9464858,0.9339858,0.96752673,0.94190395,0.9185943,0.891726,0.8880338,1.0,1.0,1.0,1.0,1.0,0.9231436,0.9491747,0.95892817,0.9694061,0.9694061,1.0,1.0,1.0,1.0,1.0,0.2,0.1,0.15,0.1,0.55,0.8,0.9,0.85,0.9,0.45,0.7786934,0.490435,0.42923516,0.07919676,-0.16458593,0.71047324,0.53203607,0.44826332,0.43955433,0.04249325,0.8,0.7,0.75,0.7,0.53333336,0.2,0.3,0.25,0.26666668,0.43333334,0.6,0.4,0.5,0.43333334,0.1,0.9730948,0.8740359,0.78826886,0.75927705,0.5955239,0.026905172,0.12596409,0.21173112,0.24072295,0.40447608,0.94618964,0.7480718,0.5765378,0.5185541,0.19104783,0.96560293,0.9037933,0.8756895,0.8946087,0.81150454,0.2836835,0.21325675,0.28806537,0.2721657,0.32688773,0.8394103,0.79523563,0.96583885,0.9242356,1.2456203,0.5536329,0.44132686,0.54043204,0.5002867,0.5137589,0.4463671,0.55867314,0.45956796,0.4997133,0.4862411,0.10726577,-0.11734629,0.08086404,0.0005733764,0.027517812
SH601919,-0.09447408509710468,0.0,,2026-03-17,0.0043559647,0.025513377,0.17073259,0.016801449,0.6585348,0.0043559647,0.17073259,-0.008089518,-0.31706968,0.9956629,1.0167285,0.99132586,1.0044534,0.95418066,1.0515143,0.8990422,0.8967124,0.9314004,0.98752266,0.97916126,0.9542454,0.9338683,0.92944604,0.010773931,0.0139639955,0.042702865,0.04558755,0.03509996,0.00569505,0.002351761,0.005595595,0.004419901,0.0005367854,0.69853276,0.26000306,0.60096145,0.72850794,0.07133259,0.0010872555,0.010255819,-0.0074035497,0.0020431175,0.054718807,1.0167285,1.0224152,1.052134,1.052134,1.052134,0.94804186,0.94550633,0.885997,0.87554044,0.87554044,0.99710065,0.9893347,0.98322546,0.977841,0.95418066,0.9773751,0.9730779,0.91416,0.89505565,0.89764434,1.0,1.0,0.95,0.96666664,0.98333335,0.756451,0.70854896,0.6861986,0.70477957,0.70477957,1.0,0.1,0.5,0.6666667,0.8333333,0.2,0.5,0.2,0.16666667,0.5833333,0.8,-0.4,0.3,0.5,0.25,-0.62959415,-0.11898635,0.71484977,0.65069264,0.4567052,0.4974039,0.33617634,0.5116001,0.46041512,0.30378634,0.8,0.5,0.5,0.5,0.48333332,0.2,0.5,0.5,0.46666667,0.5,0.6,0.0,0.0,0.033333335,-0.016666668,0.8498022,0.34281215,0.6384944,0.61938953,0.55650324,0.15019782,0.6571878,0.36150566,0.38061047,0.44349676,0.6996044,-0.31437567,0.27698871,0.23877905,0.11300645,1.1222736,1.5517002,1.5003768,1.2969882,0.9540923,0.06978689,0.77237344,1.1461637,1.0011275,0.7931233,0.58747727,1.9184679,2.3029087,2.6726515,3.4545825,0.39017773,0.09888684,0.52453226,0.5071414,0.5099918,0.6098223,0.90111315,0.4754677,0.4928586,0.4900082,-0.21964458,-0.8022263,0.049064547,0.014282799,0.0199836
SH600930,-0.1994847744252024,0.0,,2026-03-17,0.07086616,0.11338588,0.6249999,0.03307091,0.29166692,0.009448812,0.08333323,0.04724406,0.41666618,0.9338235,1.0308824,0.925,0.9979738,0.9062958,0.8799414,0.87408495,0.8945827,0.9736457,0.96251833,0.9288434,0.9022694,0.89375305,0.9089556,0.031751677,0.0420522,0.04008521,0.03481083,0.033987477,0.011859442,0.012493899,0.0057761534,0.0027885223,-0.0007170121,0.34876677,0.8091518,0.7267368,0.4973031,0.13574222,0.013762798,0.014934101,0.04285713,0.06581336,0.11219626,1.0367917,1.0367917,1.0367917,1.0367917,1.0367917,0.9002668,0.8696484,0.8667643,0.8653001,0.8653001,0.99531484,0.9543192,0.9370425,0.9062958,0.93557835,0.9370425,0.8928258,0.872328,0.8711567,0.875549,1.0,1.0,1.0,1.0,1.0,0.73051316,0.7798795,0.7836134,0.7854608,0.7854608,0.6,0.8,0.9,0.93333334,0.96666664,0.2,0.1,0.2,0.3,0.65,0.4,0.7,0.7,0.6333333,0.31666666,0.9228723,0.94846153,0.93456775,0.9291724,0.47945938,0.81242865,0.6777576,0.6488632,0.65555555,0.24468195,0.8,0.7,0.55,0.46666667,0.43333334,0.2,0.2,0.3,0.4,0.46666667,0.6,0.5,0.25,0.06666667,-0.033333335,0.7253521,0.75308657,0.7216496,0.66513777,0.52500004,0.27464786,0.24691346,0.2783504,0.3348622,0.47499996,0.45070428,0.5061731,0.44329917,0.33027557,0.050000064,0.6780233,0.41557908,0.24619782,0.19261879,0.16199659,0.25974092,0.3290389,0.28710383,0.24528058,0.20064047,0.75330734,1.3793195,2.0789316,2.5624545,2.9414837,0.77497363,0.7345461,0.7316024,0.6818844,0.5857134,0.22502637,0.2654539,0.26839766,0.3181156,0.4142866,0.54994726,0.4690922,0.4632047,0.36376882,0.17142679
