exp_name,rid,datetime,instrument,score,real_label,error,abs_error
EXP_LGBModel_Alpha158_csi300_expanding_step40_s_20260121_01,0d5b2c317ad04013b1cb76da95b478fc,2026-04-01,SH600000,0.049554234207757134,,,
EXP_LinearModel_Alpha158_csi300_sliding_step40_s_20260111_11,91c306e388e8433fbae734de03637583,2026-04-01,SH601127,-0.02274489402770996,,,
EXP_LinearModel_Alpha158_csi300_sliding_step40_s_20260111_11,91c306e388e8433fbae734de03637583,2026-04-01,SH601136,-0.007821818813681602,,,
EXP_LinearModel_Alpha158_csi300_sliding_step40_s_20260111_11,91c306e388e8433fbae734de03637583,2026-04-01,SH601138,-0.08164182305335999,,,
EXP_LinearModel_Alpha158_csi300_sliding_step40_s_20260111_11,91c306e388e8433fbae734de03637583,2026-04-01,SH601166,0.08430735766887665,,,
EXP_LinearModel_Alpha158_csi300_sliding_step40_s_20260111_11,91c306e388e8433fbae734de03637583,2026-04-01,SH601169,0.0982261374592781,,,
EXP_LinearModel_Alpha158_csi300_sliding_step40_s_20260111_11,91c306e388e8433fbae734de03637583,2026-04-01,SH601186,-0.014711447060108185,,,
EXP_LinearModel_Alpha158_csi300_sliding_step40_s_20260111_11,91c306e388e8433fbae734de03637583,2026-04-01,SH601117,0.04637458175420761,,,
EXP_LinearModel_Alpha158_csi300_sliding_step40_s_20260111_11,91c306e388e8433fbae734de03637583,2026-04-01,SH601211,0.028563182801008224,,,
EXP_LinearModel_Alpha158_csi300_sliding_step40_s_20260111_11,91c306e388e8433fbae734de03637583,2026-04-01,SH601229,0.16323862969875336,,,
EXP_LinearModel_Alpha158_csi300_sliding_step40_s_20260111_11,91c306e388e8433fbae734de03637583,2026-04-01,SH601236,-0.04007907956838608,,,
EXP_LinearModel_Alpha158_csi300_sliding_step40_s_20260111_11,91c306e388e8433fbae734de03637583,2026-04-01,SH601238,-0.006565098185092211,,,
EXP_LinearModel_Alpha158_csi300_sliding_step40_s_20260111_11,91c306e388e8433fbae734de03637583,2026-04-01,SH601288,0.029297595843672752,,,
EXP_LinearModel_Alpha158_csi300_sliding_step40_s_20260111_11,91c306e388e8433fbae734de03637583,2026-04-01,SH601298,0.03458327427506447,,,
EXP_LinearModel_Alpha158_csi300_sliding_step40_s_20260111_11,91c306e388e8433fbae734de03637583,2026-04-01,SH601318,0.07119496911764145,,,
EXP_LinearModel_Alpha158_csi300_sliding_step40_s_20260111_11,91c306e388e8433fbae734de03637583,2026-04-01,SH601225,-0.008171782828867435,,,
EXP_LinearModel_Alpha158_csi300_sliding_step40_s_20260111_11,91c306e388e8433fbae734de03637583,2026-04-01,SH601111,0.007422497030347586,,,
EXP_LinearModel_Alpha158_csi300_sliding_step40_s_20260111_11,91c306e388e8433fbae734de03637583,2026-04-01,SH601100,0.05443347245454788,,,
EXP_LinearModel_Alpha158_csi300_sliding_step40_s_20260111_11,91c306e388e8433fbae734de03637583,2026-04-01,SH601088,-0.018217161297798157,,,
EXP_LinearModel_Alpha158_csi300_sliding_step40_s_20260111_11,91c306e388e8433fbae734de03637583,2026-04-01,SH600930,-0.013117075897753239,,,
EXP_LinearModel_Alpha158_csi300_sliding_step40_s_20260111_11,91c306e388e8433fbae734de03637583,2026-04-01,SH600938,0.04789271205663681,,,
EXP_LinearModel_Alpha158_csi300_sliding_step40_s_20260111_11,91c306e388e8433fbae734de03637583,2026-04-01,SH600941,-0.025957772508263588,,,
EXP_LinearModel_Alpha158_csi300_sliding_step40_s_20260111_11,91c306e388e8433fbae734de03637583,2026-04-01,SH600958,-0.0529777966439724,,,
EXP_LinearModel_Alpha158_csi300_sliding_step40_s_20260111_11,91c306e388e8433fbae734de03637583,2026-04-01,SH600989,0.018083184957504272,,,
EXP_LinearModel_Alpha158_csi300_sliding_step40_s_20260111_11,91c306e388e8433fbae734de03637583,2026-04-01,SH600999,-0.0356125645339489,,,
EXP_LinearModel_Alpha158_csi300_sliding_step40_s_20260111_11,91c306e388e8433fbae734de03637583,2026-04-01,SH601006,0.049063876271247864,,,
EXP_LinearModel_Alpha158_csi300_sliding_step40_s_20260111_11,91c306e388e8433fbae734de03637583,2026-04-01,SH601009,0.06580344587564468,,,
EXP_LinearModel_Alpha158_csi300_sliding_step40_s_20260111_11,91c306e388e8433fbae734de03637583,2026-04-01,SH601012,-0.044848158955574036,,,
EXP_LinearModel_Alpha158_csi300_sliding_step40_s_20260111_11,91c306e388e8433fbae734de03637583,2026-04-01,SH601018,0.1202305480837822,,,
EXP_LinearModel_Alpha158_csi300_sliding_step40_s_20260111_11,91c306e388e8433fbae734de03637583,2026-04-01,SH601021,0.010463026352226734,,,
EXP_LinearModel_Alpha158_csi300_sliding_step40_s_20260111_11,91c306e388e8433fbae734de03637583,2026-04-01,SH601058,0.03683296591043472,,,
EXP_LinearModel_Alpha158_csi300_sliding_step40_s_20260111_11,91c306e388e8433fbae734de03637583,2026-04-01,SH601059,-0.06526118516921997,,,
EXP_LinearModel_Alpha158_csi300_sliding_step40_s_20260111_11,91c306e388e8433fbae734de03637583,2026-04-01,SH601066,-0.002535382052883506,,,
EXP_LinearModel_Alpha158_csi300_sliding_step40_s_20260111_11,91c306e388e8433fbae734de03637583,2026-04-01,SH601077,0.10459117591381073,,,
EXP_LinearModel_Alpha158_csi300_sliding_step40_s_20260111_11,91c306e388e8433fbae734de03637583,2026-04-01,SH601319,0.0314493253827095,,,
EXP_LinearModel_Alpha158_csi300_sliding_step40_s_20260111_11,91c306e388e8433fbae734de03637583,2026-04-01,SH601328,-0.0025652667973190546,,,
EXP_LinearModel_Alpha158_csi300_sliding_step40_s_20260111_11,91c306e388e8433fbae734de03637583,2026-04-01,SH601336,0.06104809418320656,,,
EXP_LinearModel_Alpha158_csi300_sliding_step40_s_20260111_11,91c306e388e8433fbae734de03637583,2026-04-01,SH601360,0.012440289370715618,,,
EXP_LinearModel_Alpha158_csi300_sliding_step40_s_20260111_11,91c306e388e8433fbae734de03637583,2026-04-01,SH601800,-0.0044723981991410255,,,
EXP_LinearModel_Alpha158_csi300_sliding_step40_s_20260111_11,91c306e388e8433fbae734de03637583,2026-04-01,SH601808,-0.01980685442686081,,,
EXP_LinearModel_Alpha158_csi300_sliding_step40_s_20260111_11,91c306e388e8433fbae734de03637583,2026-04-01,SH601816,0.0021790913306176662,,,
EXP_LinearModel_Alpha158_csi300_sliding_step40_s_20260111_11,91c306e388e8433fbae734de03637583,2026-04-01,SH601818,0.12312167882919312,,,
EXP_LinearModel_Alpha158_csi300_sliding_step40_s_20260111_11,91c306e388e8433fbae734de03637583,2026-04-01,SH601825,-0.02113449014723301,,,
EXP_LinearModel_Alpha158_csi300_sliding_step40_s_20260111_11,91c306e388e8433fbae734de03637583,2026-04-01,SH601838,0.08286508917808533,,,
EXP_LinearModel_Alpha158_csi300_sliding_step40_s_20260111_11,91c306e388e8433fbae734de03637583,2026-04-01,SH601857,0.02769753523170948,,,
EXP_LinearModel_Alpha158_csi300_sliding_step40_s_20260111_11,91c306e388e8433fbae734de03637583,2026-04-01,SH601868,-0.020976409316062927,,,
EXP_LinearModel_Alpha158_csi300_sliding_step40_s_20260111_11,91c306e388e8433fbae734de03637583,2026-04-01,SH601872,0.0682884231209755,,,
EXP_LinearModel_Alpha158_csi300_sliding_step40_s_20260111_11,91c306e388e8433fbae734de03637583,2026-04-01,SH601877,-0.008795593865215778,,,
EXP_LinearModel_Alpha158_csi300_sliding_step40_s_20260111_11,91c306e388e8433fbae734de03637583,2026-04-01,SH601878,-0.011645649559795856,,,
EXP_LinearModel_Alpha158_csi300_sliding_step40_s_20260111_11,91c306e388e8433fbae734de03637583,2026-04-01,SH601881,0.014598148874938488,,,
EXP_LinearModel_Alpha158_csi300_sliding_step40_s_20260111_11,91c306e388e8433fbae734de03637583,2026-04-01,SH601888,0.010809944942593575,,,
EXP_LinearModel_Alpha158_csi300_sliding_step40_s_20260111_11,91c306e388e8433fbae734de03637583,2026-04-01,SH601898,0.007644552271813154,,,
EXP_LinearModel_Alpha158_csi300_sliding_step40_s_20260111_11,91c306e388e8433fbae734de03637583,2026-04-01,SH601899,0.009321024641394615,,,
EXP_LinearModel_Alpha158_csi300_sliding_step40_s_20260111_11,91c306e388e8433fbae734de03637583,2026-04-01,SH601788,-0.07274318486452103,,,
EXP_LinearModel_Alpha158_csi300_sliding_step40_s_20260111_11,91c306e388e8433fbae734de03637583,2026-04-01,SH600926,0.10034739971160889,,,
EXP_LinearModel_Alpha158_csi300_sliding_step40_s_20260111_11,91c306e388e8433fbae734de03637583,2026-04-01,SH601766,0.05033731833100319,,,
EXP_LinearModel_Alpha158_csi300_sliding_step40_s_20260111_11,91c306e388e8433fbae734de03637583,2026-04-01,SH601698,-0.009254246018826962,,,
EXP_LinearModel_Alpha158_csi300_sliding_step40_s_20260111_11,91c306e388e8433fbae734de03637583,2026-04-01,SH601377,0.01496765948832035,,,
EXP_LinearModel_Alpha158_csi300_sliding_step40_s_20260111_11,91c306e388e8433fbae734de03637583,2026-04-01,SH601390,0.01630905084311962,,,
EXP_LinearModel_Alpha158_csi300_sliding_step40_s_20260111_11,91c306e388e8433fbae734de03637583,2026-04-01,SH601398,0.01772136799991131,,,
EXP_LinearModel_Alpha158_csi300_sliding_step40_s_20260111_11,91c306e388e8433fbae734de03637583,2026-04-01,SH601456,-0.0404420867562294,,,
EXP_LinearModel_Alpha158_csi300_sliding_step40_s_20260111_11,91c306e388e8433fbae734de03637583,2026-04-01,SH601600,-0.015470155514776707,,,
EXP_LinearModel_Alpha158_csi300_sliding_step40_s_20260111_11,91c306e388e8433fbae734de03637583,2026-04-01,SH601601,0.023243015632033348,,,
EXP_LinearModel_Alpha158_csi300_sliding_step40_s_20260111_11,91c306e388e8433fbae734de03637583,2026-04-01,SH601607,-0.09124105423688889,,,
EXP_LinearModel_Alpha158_csi300_sliding_step40_s_20260111_11,91c306e388e8433fbae734de03637583,2026-04-01,SH601618,0.04963211342692375,,,
EXP_LinearModel_Alpha158_csi300_sliding_step40_s_20260111_11,91c306e388e8433fbae734de03637583,2026-04-01,SH601628,0.015094018541276455,,,
EXP_LinearModel_Alpha158_csi300_sliding_step40_s_20260111_11,91c306e388e8433fbae734de03637583,2026-04-01,SH601633,-0.0024382355622947216,,,
EXP_LinearModel_Alpha158_csi300_sliding_step40_s_20260111_11,91c306e388e8433fbae734de03637583,2026-04-01,SH601658,0.1332370936870575,,,
EXP_LinearModel_Alpha158_csi300_sliding_step40_s_20260111_11,91c306e388e8433fbae734de03637583,2026-04-01,SH601668,-0.011127221398055553,,,
EXP_LinearModel_Alpha158_csi300_sliding_step40_s_20260111_11,91c306e388e8433fbae734de03637583,2026-04-01,SH601669,-0.07088249921798706,,,
EXP_LinearModel_Alpha158_csi300_sliding_step40_s_20260111_11,91c306e388e8433fbae734de03637583,2026-04-01,SH601688,0.0694146379828453,,,
EXP_LinearModel_Alpha158_csi300_sliding_step40_s_20260111_11,91c306e388e8433fbae734de03637583,2026-04-01,SH601689,0.03952043876051903,,,
EXP_LinearModel_Alpha158_csi300_sliding_step40_s_20260111_11,91c306e388e8433fbae734de03637583,2026-04-01,SH601728,-0.017921099439263344,,,
EXP_LinearModel_Alpha158_csi300_sliding_step40_s_20260111_11,91c306e388e8433fbae734de03637583,2026-04-01,SH601901,0.009557482786476612,,,
EXP_LinearModel_Alpha158_csi300_sliding_step40_s_20260111_11,91c306e388e8433fbae734de03637583,2026-04-01,SH600919,0.12582117319107056,,,
EXP_LinearModel_Alpha158_csi300_sliding_step40_s_20260111_11,91c306e388e8433fbae734de03637583,2026-04-01,SH600905,0.020995432510972023,,,
EXP_LinearModel_Alpha158_csi300_sliding_step40_s_20260111_11,91c306e388e8433fbae734de03637583,2026-04-01,SH600066,-0.07562611997127533,,,
EXP_LinearModel_Alpha158_csi300_sliding_step40_s_20260111_11,91c306e388e8433fbae734de03637583,2026-04-01,SH600085,-0.0009545066859573126,,,
EXP_LinearModel_Alpha158_csi300_sliding_step40_s_20260111_11,91c306e388e8433fbae734de03637583,2026-04-01,SH600089,0.034412138164043427,,,
EXP_LinearModel_Alpha158_csi300_sliding_step40_s_20260111_11,91c306e388e8433fbae734de03637583,2026-04-01,SH600104,-0.042894717305898666,,,
EXP_LinearModel_Alpha158_csi300_sliding_step40_s_20260111_11,91c306e388e8433fbae734de03637583,2026-04-01,SH600111,-0.0885184034705162,,,
EXP_LinearModel_Alpha158_csi300_sliding_step40_s_20260111_11,91c306e388e8433fbae734de03637583,2026-04-01,SH600115,0.02308683842420578,,,
EXP_LinearModel_Alpha158_csi300_sliding_step40_s_20260111_11,91c306e388e8433fbae734de03637583,2026-04-01,SH600061,-0.06860218197107315,,,
EXP_LinearModel_Alpha158_csi300_sliding_step40_s_20260111_11,91c306e388e8433fbae734de03637583,2026-04-01,SH600150,0.0662446916103363,,,
EXP_LinearModel_Alpha158_csi300_sliding_step40_s_20260111_11,91c306e388e8433fbae734de03637583,2026-04-01,SH600161,-0.0698530524969101,,,
EXP_LinearModel_Alpha158_csi300_sliding_step40_s_20260111_11,91c306e388e8433fbae734de03637583,2026-04-01,SH600176,0.020402101799845695,,,
EXP_LinearModel_Alpha158_csi300_sliding_step40_s_20260111_11,91c306e388e8433fbae734de03637583,2026-04-01,SH600183,0.05995063856244087,,,
EXP_LinearModel_Alpha158_csi300_sliding_step40_s_20260111_11,91c306e388e8433fbae734de03637583,2026-04-01,SH600188,0.009351580403745174,,,
EXP_LinearModel_Alpha158_csi300_sliding_step40_s_20260111_11,91c306e388e8433fbae734de03637583,2026-04-01,SH600196,-0.043376289308071136,,,
EXP_LinearModel_Alpha158_csi300_sliding_step40_s_20260111_11,91c306e388e8433fbae734de03637583,2026-04-01,SH600219,-0.007358225528150797,,,
EXP_LinearModel_Alpha158_csi300_sliding_step40_s_20260111_11,91c306e388e8433fbae734de03637583,2026-04-01,SH600160,-0.022166777402162552,,,
EXP_LinearModel_Alpha158_csi300_sliding_step40_s_20260111_11,91c306e388e8433fbae734de03637583,2026-04-01,SH600050,0.032881274819374084,,,
EXP_LinearModel_Alpha158_csi300_sliding_step40_s_20260111_11,91c306e388e8433fbae734de03637583,2026-04-01,SH600048,0.004282493144273758,,,
EXP_LinearModel_Alpha158_csi300_sliding_step40_s_20260111_11,91c306e388e8433fbae734de03637583,2026-04-01,SH600039,0.11153649538755417,,,
EXP_LinearModel_Alpha158_csi300_sliding_step40_s_20260111_11,91c306e388e8433fbae734de03637583,2026-04-01,SH600010,-0.004961331374943256,,,
EXP_LinearModel_Alpha158_csi300_sliding_step40_s_20260111_11,91c306e388e8433fbae734de03637583,2026-04-01,SH600011,-0.040081217885017395,,,
EXP_LinearModel_Alpha158_csi300_sliding_step40_s_20260111_11,91c306e388e8433fbae734de03637583,2026-04-01,SH600015,0.04022424668073654,,,
EXP_LinearModel_Alpha158_csi300_sliding_step40_s_20260111_11,91c306e388e8433fbae734de03637583,2026-04-01,SH600016,0.09650655090808868,,,
EXP_LinearModel_Alpha158_csi300_sliding_step40_s_20260111_11,91c306e388e8433fbae734de03637583,2026-04-01,SH600018,0.10255692154169083,,,
EXP_LinearModel_Alpha158_csi300_sliding_step40_s_20260111_11,91c306e388e8433fbae734de03637583,2026-04-01,SH600019,-0.01699335128068924,,,
EXP_LinearModel_Alpha158_csi300_sliding_step40_s_20260111_11,91c306e388e8433fbae734de03637583,2026-04-01,SH600023,0.012778030708432198,,,
EXP_LinearModel_Alpha158_csi300_sliding_step40_s_20260111_11,91c306e388e8433fbae734de03637583,2026-04-01,SH600025,0.07759618759155273,,,
EXP_LinearModel_Alpha158_csi300_sliding_step40_s_20260111_11,91c306e388e8433fbae734de03637583,2026-04-01,SH600026,0.03905721753835678,,,
EXP_LinearModel_Alpha158_csi300_sliding_step40_s_20260111_11,91c306e388e8433fbae734de03637583,2026-04-01,SH600027,-0.026909472420811653,,,
EXP_LinearModel_Alpha158_csi300_sliding_step40_s_20260111_11,91c306e388e8433fbae734de03637583,2026-04-01,SH600028,-0.12195298075675964,,,
EXP_LinearModel_Alpha158_csi300_sliding_step40_s_20260111_11,91c306e388e8433fbae734de03637583,2026-04-01,SH600029,0.06727614253759384,,,
EXP_LinearModel_Alpha158_csi300_sliding_step40_s_20260111_11,91c306e388e8433fbae734de03637583,2026-04-01,SH600030,-0.00991418119519949,,,
EXP_LinearModel_Alpha158_csi300_sliding_step40_s_20260111_11,91c306e388e8433fbae734de03637583,2026-04-01,SH600031,0.010200604796409607,,,
EXP_LinearModel_Alpha158_csi300_sliding_step40_s_20260111_11,91c306e388e8433fbae734de03637583,2026-04-01,SH600036,0.08283647894859314,,,
EXP_LinearModel_Alpha158_csi300_sliding_step40_s_20260111_11,91c306e388e8433fbae734de03637583,2026-04-01,SH600233,0.09008973091840744,,,
EXP_LinearModel_Alpha158_csi300_sliding_step40_s_20260111_11,91c306e388e8433fbae734de03637583,2026-04-01,SH600276,0.03682464733719826,,,
EXP_LinearModel_Alpha158_csi300_sliding_step40_s_20260111_11,91c306e388e8433fbae734de03637583,2026-04-01,SH600309,-0.02892601676285267,,,
EXP_LinearModel_Alpha158_csi300_sliding_step40_s_20260111_11,91c306e388e8433fbae734de03637583,2026-04-01,SH600346,-0.04486450180411339,,,
EXP_LinearModel_Alpha158_csi300_sliding_step40_s_20260111_11,91c306e388e8433fbae734de03637583,2026-04-01,SH600600,0.10605495423078537,,,
EXP_LinearModel_Alpha158_csi300_sliding_step40_s_20260111_11,91c306e388e8433fbae734de03637583,2026-04-01,SH600660,-0.07571160793304443,,,
EXP_LinearModel_Alpha158_csi300_sliding_step40_s_20260111_11,91c306e388e8433fbae734de03637583,2026-04-01,SH600674,0.014699076302349567,,,
EXP_LinearModel_Alpha158_csi300_sliding_step40_s_20260111_11,91c306e388e8433fbae734de03637583,2026-04-01,SH600690,-0.003278074786067009,,,
EXP_LinearModel_Alpha158_csi300_sliding_step40_s_20260111_11,91c306e388e8433fbae734de03637583,2026-04-01,SH600741,-0.025551870465278625,,,
EXP_LinearModel_Alpha158_csi300_sliding_step40_s_20260111_11,91c306e388e8433fbae734de03637583,2026-04-01,SH600760,-0.016062907874584198,,,
EXP_LinearModel_Alpha158_csi300_sliding_step40_s_20260111_11,91c306e388e8433fbae734de03637583,2026-04-01,SH600795,0.038513511419296265,,,
EXP_LinearModel_Alpha158_csi300_sliding_step40_s_20260111_11,91c306e388e8433fbae734de03637583,2026-04-01,SH600803,0.029399707913398743,,,
EXP_LinearModel_Alpha158_csi300_sliding_step40_s_20260111_11,91c306e388e8433fbae734de03637583,2026-04-01,SH600809,-0.0036943538580089808,,,
EXP_LinearModel_Alpha158_csi300_sliding_step40_s_20260111_11,91c306e388e8433fbae734de03637583,2026-04-01,SH600845,-0.0007514123572036624,,,
EXP_LinearModel_Alpha158_csi300_sliding_step40_s_20260111_11,91c306e388e8433fbae734de03637583,2026-04-01,SH600875,0.04672350734472275,,,
EXP_LinearModel_Alpha158_csi300_sliding_step40_s_20260111_11,91c306e388e8433fbae734de03637583,2026-04-01,SH600886,0.07697729021310806,,,
EXP_LinearModel_Alpha158_csi300_sliding_step40_s_20260111_11,91c306e388e8433fbae734de03637583,2026-04-01,SH600887,0.019963016733527184,,,
EXP_LinearModel_Alpha158_csi300_sliding_step40_s_20260111_11,91c306e388e8433fbae734de03637583,2026-04-01,SH600893,0.005330398213118315,,,
EXP_LinearModel_Alpha158_csi300_sliding_step40_s_20260111_11,91c306e388e8433fbae734de03637583,2026-04-01,SH600900,0.08754128962755203,,,
EXP_LinearModel_Alpha158_csi300_sliding_step40_s_20260111_11,91c306e388e8433fbae734de03637583,2026-04-01,SH600588,-0.002180013805627823,,,
EXP_LinearModel_Alpha158_csi300_sliding_step40_s_20260111_11,91c306e388e8433fbae734de03637583,2026-04-01,SH600918,-0.02198907546699047,,,
EXP_LinearModel_Alpha158_csi300_sliding_step40_s_20260111_11,91c306e388e8433fbae734de03637583,2026-04-01,SH600585,0.03356052190065384,,,
EXP_LinearModel_Alpha158_csi300_sliding_step40_s_20260111_11,91c306e388e8433fbae734de03637583,2026-04-01,SH600570,0.004141140729188919,,,
EXP_LinearModel_Alpha158_csi300_sliding_step40_s_20260111_11,91c306e388e8433fbae734de03637583,2026-04-01,SH600362,0.035324327647686005,,,
EXP_LinearModel_Alpha158_csi300_sliding_step40_s_20260111_11,91c306e388e8433fbae734de03637583,2026-04-01,SH600372,-0.02671157754957676,,,
EXP_LinearModel_Alpha158_csi300_sliding_step40_s_20260111_11,91c306e388e8433fbae734de03637583,2026-04-01,SH600377,0.031231991946697235,,,
EXP_LinearModel_Alpha158_csi300_sliding_step40_s_20260111_11,91c306e388e8433fbae734de03637583,2026-04-01,SH600406,-0.05507302284240723,,,
EXP_LinearModel_Alpha158_csi300_sliding_step40_s_20260111_11,91c306e388e8433fbae734de03637583,2026-04-01,SH600415,-0.008138570003211498,,,
EXP_LinearModel_Alpha158_csi300_sliding_step40_s_20260111_11,91c306e388e8433fbae734de03637583,2026-04-01,SH600426,0.004747754894196987,,,
EXP_LinearModel_Alpha158_csi300_sliding_step40_s_20260111_11,91c306e388e8433fbae734de03637583,2026-04-01,SH600436,-0.003282541874796152,,,
EXP_LinearModel_Alpha158_csi300_sliding_step40_s_20260111_11,91c306e388e8433fbae734de03637583,2026-04-01,SH600438,,,,
EXP_LinearModel_Alpha158_csi300_sliding_step40_s_20260111_11,91c306e388e8433fbae734de03637583,2026-04-01,SH600460,0.007323757279664278,,,
EXP_LinearModel_Alpha158_csi300_sliding_step40_s_20260111_11,91c306e388e8433fbae734de03637583,2026-04-01,SH600482,0.07000435143709183,,,
EXP_LinearModel_Alpha158_csi300_sliding_step40_s_20260111_11,91c306e388e8433fbae734de03637583,2026-04-01,SH600489,0.006508620455861092,,,
EXP_LinearModel_Alpha158_csi300_sliding_step40_s_20260111_11,91c306e388e8433fbae734de03637583,2026-04-01,SH600515,0.0394776277244091,,,
EXP_LinearModel_Alpha158_csi300_sliding_step40_s_20260111_11,91c306e388e8433fbae734de03637583,2026-04-01,SH600519,0.05080602318048477,,,
EXP_LinearModel_Alpha158_csi300_sliding_step40_s_20260111_11,91c306e388e8433fbae734de03637583,2026-04-01,SH600522,0.010456571355462074,,,
EXP_LinearModel_Alpha158_csi300_sliding_step40_s_20260111_11,91c306e388e8433fbae734de03637583,2026-04-01,SH600547,-0.010623691603541374,,,
EXP_LinearModel_Alpha158_csi300_sliding_step40_s_20260111_11,91c306e388e8433fbae734de03637583,2026-04-01,SH600584,0.034464552998542786,,,
EXP_LinearModel_Alpha158_csi300_sliding_step40_s_20260111_11,91c306e388e8433fbae734de03637583,2026-04-01,SH600009,-0.019386105239391327,,,
EXP_LinearModel_Alpha158_csi300_sliding_step40_s_20260111_11,91c306e388e8433fbae734de03637583,2026-04-01,SH601916,0.12588052451610565,,,
EXP_LinearModel_Alpha158_csi300_sliding_step40_s_20260111_11,91c306e388e8433fbae734de03637583,2026-04-01,SH601939,0.11860628426074982,,,
EXP_LinearModel_Alpha158_csi300_sliding_step40_s_20260111_11,91c306e388e8433fbae734de03637583,2026-04-01,SZ002422,-0.0234169103205204,,,
EXP_LinearModel_Alpha158_csi300_sliding_step40_s_20260111_11,91c306e388e8433fbae734de03637583,2026-04-01,SZ002459,-0.028773479163646698,,,
EXP_LinearModel_Alpha158_csi300_sliding_step40_s_20260111_11,91c306e388e8433fbae734de03637583,2026-04-01,SZ002460,-0.012019064277410507,,,
EXP_LinearModel_Alpha158_csi300_sliding_step40_s_20260111_11,91c306e388e8433fbae734de03637583,2026-04-01,SZ002463,0.028653830289840698,,,
EXP_LinearModel_Alpha158_csi300_sliding_step40_s_20260111_11,91c306e388e8433fbae734de03637583,2026-04-01,SZ002466,-0.0012644861126318574,,,
EXP_LinearModel_Alpha158_csi300_sliding_step40_s_20260111_11,91c306e388e8433fbae734de03637583,2026-04-01,SZ002475,0.06426720321178436,,,
EXP_LinearModel_Alpha158_csi300_sliding_step40_s_20260111_11,91c306e388e8433fbae734de03637583,2026-04-01,SZ002415,0.02277504652738571,,,
EXP_LinearModel_Alpha158_csi300_sliding_step40_s_20260111_11,91c306e388e8433fbae734de03637583,2026-04-01,SZ002493,0.02128511294722557,,,
EXP_LinearModel_Alpha158_csi300_sliding_step40_s_20260111_11,91c306e388e8433fbae734de03637583,2026-04-01,SZ002600,0.04623418673872948,,,
EXP_LinearModel_Alpha158_csi300_sliding_step40_s_20260111_11,91c306e388e8433fbae734de03637583,2026-04-01,SZ002601,0.03513605520129204,,,
EXP_LinearModel_Alpha158_csi300_sliding_step40_s_20260111_11,91c306e388e8433fbae734de03637583,2026-04-01,SZ002625,0.07177270203828812,,,
EXP_LinearModel_Alpha158_csi300_sliding_step40_s_20260111_11,91c306e388e8433fbae734de03637583,2026-04-01,SZ002648,-0.02336507849395275,,,
EXP_LinearModel_Alpha158_csi300_sliding_step40_s_20260111_11,91c306e388e8433fbae734de03637583,2026-04-01,SZ002709,-0.029507208615541458,,,
EXP_LinearModel_Alpha158_csi300_sliding_step40_s_20260111_11,91c306e388e8433fbae734de03637583,2026-04-01,SZ002714,-0.03833913058042526,,,
EXP_LinearModel_Alpha158_csi300_sliding_step40_s_20260111_11,91c306e388e8433fbae734de03637583,2026-04-01,SZ002594,0.0780569389462471,,,
EXP_LinearModel_Alpha158_csi300_sliding_step40_s_20260111_11,91c306e388e8433fbae734de03637583,2026-04-01,SZ002384,0.0029835833702236414,,,
EXP_LinearModel_Alpha158_csi300_sliding_step40_s_20260111_11,91c306e388e8433fbae734de03637583,2026-04-01,SZ002371,0.02324771136045456,,,
EXP_LinearModel_Alpha158_csi300_sliding_step40_s_20260111_11,91c306e388e8433fbae734de03637583,2026-04-01,SZ002352,0.04694020003080368,,,
EXP_LinearModel_Alpha158_csi300_sliding_step40_s_20260111_11,91c306e388e8433fbae734de03637583,2026-04-01,SZ001979,0.0073229470290243626,,,
EXP_LinearModel_Alpha158_csi300_sliding_step40_s_20260111_11,91c306e388e8433fbae734de03637583,2026-04-01,SZ002001,0.0304441899061203,,,
EXP_LinearModel_Alpha158_csi300_sliding_step40_s_20260111_11,91c306e388e8433fbae734de03637583,2026-04-01,SZ002027,-0.03357105702161789,,,
EXP_LinearModel_Alpha158_csi300_sliding_step40_s_20260111_11,91c306e388e8433fbae734de03637583,2026-04-01,SZ002028,0.07350358366966248,,,
EXP_LinearModel_Alpha158_csi300_sliding_step40_s_20260111_11,91c306e388e8433fbae734de03637583,2026-04-01,SZ002049,0.022945299744606018,,,
EXP_LinearModel_Alpha158_csi300_sliding_step40_s_20260111_11,91c306e388e8433fbae734de03637583,2026-04-01,SZ002050,0.005503414198756218,,,
EXP_LinearModel_Alpha158_csi300_sliding_step40_s_20260111_11,91c306e388e8433fbae734de03637583,2026-04-01,SZ002074,-0.0787198543548584,,,
EXP_LinearModel_Alpha158_csi300_sliding_step40_s_20260111_11,91c306e388e8433fbae734de03637583,2026-04-01,SZ002142,0.05066383630037308,,,
EXP_LinearModel_Alpha158_csi300_sliding_step40_s_20260111_11,91c306e388e8433fbae734de03637583,2026-04-01,SZ002179,-0.1636887788772583,,,
EXP_LinearModel_Alpha158_csi300_sliding_step40_s_20260111_11,91c306e388e8433fbae734de03637583,2026-04-01,SZ002230,-0.003508254885673523,,,
EXP_LinearModel_Alpha158_csi300_sliding_step40_s_20260111_11,91c306e388e8433fbae734de03637583,2026-04-01,SZ002236,-0.008741693571209908,,,
EXP_LinearModel_Alpha158_csi300_sliding_step40_s_20260111_11,91c306e388e8433fbae734de03637583,2026-04-01,SZ002241,0.03485018387436867,,,
EXP_LinearModel_Alpha158_csi300_sliding_step40_s_20260111_11,91c306e388e8433fbae734de03637583,2026-04-01,SZ002252,-0.07379274815320969,,,
EXP_LinearModel_Alpha158_csi300_sliding_step40_s_20260111_11,91c306e388e8433fbae734de03637583,2026-04-01,SZ002304,0.03831655904650688,,,
EXP_LinearModel_Alpha158_csi300_sliding_step40_s_20260111_11,91c306e388e8433fbae734de03637583,2026-04-01,SZ002311,-0.010923432186245918,,,
EXP_LinearModel_Alpha158_csi300_sliding_step40_s_20260111_11,91c306e388e8433fbae734de03637583,2026-04-01,SZ002736,-0.11068464815616608,,,
EXP_LinearModel_Alpha158_csi300_sliding_step40_s_20260111_11,91c306e388e8433fbae734de03637583,2026-04-01,SZ002916,-0.003577884053811431,,,
EXP_LinearModel_Alpha158_csi300_sliding_step40_s_20260111_11,91c306e388e8433fbae734de03637583,2026-04-01,SZ002920,-0.0226270891726017,,,
EXP_LinearModel_Alpha158_csi300_sliding_step40_s_20260111_11,91c306e388e8433fbae734de03637583,2026-04-01,SZ002938,0.03447850048542023,,,
EXP_LinearModel_Alpha158_csi300_sliding_step40_s_20260111_11,91c306e388e8433fbae734de03637583,2026-04-01,SZ300498,-0.020778657868504524,,,
EXP_LinearModel_Alpha158_csi300_sliding_step40_s_20260111_11,91c306e388e8433fbae734de03637583,2026-04-01,SZ300502,0.011120433919131756,,,
EXP_LinearModel_Alpha158_csi300_sliding_step40_s_20260111_11,91c306e388e8433fbae734de03637583,2026-04-01,SZ300628,-0.025534557178616524,,,
EXP_LinearModel_Alpha158_csi300_sliding_step40_s_20260111_11,91c306e388e8433fbae734de03637583,2026-04-01,SZ300661,0.015258584171533585,,,
EXP_LinearModel_Alpha158_csi300_sliding_step40_s_20260111_11,91c306e388e8433fbae734de03637583,2026-04-01,SZ300750,0.003605072619393468,,,
EXP_LinearModel_Alpha158_csi300_sliding_step40_s_20260111_11,91c306e388e8433fbae734de03637583,2026-04-01,SZ300759,-0.027021560817956924,,,
EXP_LinearModel_Alpha158_csi300_sliding_step40_s_20260111_11,91c306e388e8433fbae734de03637583,2026-04-01,SZ300760,0.04026942327618599,,,
EXP_LinearModel_Alpha158_csi300_sliding_step40_s_20260111_11,91c306e388e8433fbae734de03637583,2026-04-01,SZ300782,-0.04482591897249222,,,
EXP_LinearModel_Alpha158_csi300_sliding_step40_s_20260111_11,91c306e388e8433fbae734de03637583,2026-04-01,SZ300803,0.018170617520809174,,,
EXP_LinearModel_Alpha158_csi300_sliding_step40_s_20260111_11,91c306e388e8433fbae734de03637583,2026-04-01,SZ300832,-0.05091938003897667,,,
EXP_LinearModel_Alpha158_csi300_sliding_step40_s_20260111_11,91c306e388e8433fbae734de03637583,2026-04-01,SZ300866,-0.0063540199771523476,,,
EXP_LinearModel_Alpha158_csi300_sliding_step40_s_20260111_11,91c306e388e8433fbae734de03637583,2026-04-01,SZ300896,-0.03325563669204712,,,
EXP_LinearModel_Alpha158_csi300_sliding_step40_s_20260111_11,91c306e388e8433fbae734de03637583,2026-04-01,SZ300979,-0.045073915272951126,,,
EXP_LinearModel_Alpha158_csi300_sliding_step40_s_20260111_11,91c306e388e8433fbae734de03637583,2026-04-01,SZ300999,-0.10163623094558716,,,
EXP_LinearModel_Alpha158_csi300_sliding_step40_s_20260111_11,91c306e388e8433fbae734de03637583,2026-04-01,SZ301236,-0.004578441381454468,,,
EXP_LinearModel_Alpha158_csi300_sliding_step40_s_20260111_11,91c306e388e8433fbae734de03637583,2026-04-01,SZ300476,-0.013418021611869335,,,
EXP_LinearModel_Alpha158_csi300_sliding_step40_s_20260111_11,91c306e388e8433fbae734de03637583,2026-04-01,SZ001965,0.0844283178448677,,,
EXP_LinearModel_Alpha158_csi300_sliding_step40_s_20260111_11,91c306e388e8433fbae734de03637583,2026-04-01,SZ300442,,,,
EXP_LinearModel_Alpha158_csi300_sliding_step40_s_20260111_11,91c306e388e8433fbae734de03637583,2026-04-01,SZ300418,-0.028771545737981796,,,
EXP_LinearModel_Alpha158_csi300_sliding_step40_s_20260111_11,91c306e388e8433fbae734de03637583,2026-04-01,SZ003816,0.05010543018579483,,,
EXP_LinearModel_Alpha158_csi300_sliding_step40_s_20260111_11,91c306e388e8433fbae734de03637583,2026-04-01,SZ300014,-0.031959522515535355,,,
EXP_LinearModel_Alpha158_csi300_sliding_step40_s_20260111_11,91c306e388e8433fbae734de03637583,2026-04-01,SZ300015,-0.028701964765787125,,,
EXP_LinearModel_Alpha158_csi300_sliding_step40_s_20260111_11,91c306e388e8433fbae734de03637583,2026-04-01,SZ300033,0.002344392240047455,,,
EXP_LinearModel_Alpha158_csi300_sliding_step40_s_20260111_11,91c306e388e8433fbae734de03637583,2026-04-01,SZ300059,0.026430577039718628,,,
EXP_LinearModel_Alpha158_csi300_sliding_step40_s_20260111_11,91c306e388e8433fbae734de03637583,2026-04-01,SZ300122,-0.03922826796770096,,,
EXP_LinearModel_Alpha158_csi300_sliding_step40_s_20260111_11,91c306e388e8433fbae734de03637583,2026-04-01,SZ300124,-0.009567772038280964,,,
EXP_LinearModel_Alpha158_csi300_sliding_step40_s_20260111_11,91c306e388e8433fbae734de03637583,2026-04-01,SZ300251,0.017316702753305435,,,
EXP_LinearModel_Alpha158_csi300_sliding_step40_s_20260111_11,91c306e388e8433fbae734de03637583,2026-04-01,SZ300274,0.036870501935482025,,,
EXP_LinearModel_Alpha158_csi300_sliding_step40_s_20260111_11,91c306e388e8433fbae734de03637583,2026-04-01,SZ300308,0.056453317403793335,,,
EXP_LinearModel_Alpha158_csi300_sliding_step40_s_20260111_11,91c306e388e8433fbae734de03637583,2026-04-01,SZ300316,-0.004280430264770985,,,
EXP_LinearModel_Alpha158_csi300_sliding_step40_s_20260111_11,91c306e388e8433fbae734de03637583,2026-04-01,SZ300347,-0.02021489106118679,,,
EXP_LinearModel_Alpha158_csi300_sliding_step40_s_20260111_11,91c306e388e8433fbae734de03637583,2026-04-01,SZ300394,0.07912395894527435,,,
EXP_LinearModel_Alpha158_csi300_sliding_step40_s_20260111_11,91c306e388e8433fbae734de03637583,2026-04-01,SZ300408,0.0838313028216362,,,
EXP_LinearModel_Alpha158_csi300_sliding_step40_s_20260111_11,91c306e388e8433fbae734de03637583,2026-04-01,SZ300413,-0.026153281331062317,,,
EXP_LinearModel_Alpha158_csi300_sliding_step40_s_20260111_11,91c306e388e8433fbae734de03637583,2026-04-01,SZ300433,0.011610018089413643,,,
EXP_LinearModel_Alpha158_csi300_sliding_step40_s_20260111_11,91c306e388e8433fbae734de03637583,2026-04-01,SH601919,0.009725005365908146,,,
EXP_LinearModel_Alpha158_csi300_sliding_step40_s_20260111_11,91c306e388e8433fbae734de03637583,2026-04-01,SZ001391,-0.021613022312521935,,,
EXP_LinearModel_Alpha158_csi300_sliding_step40_s_20260111_11,91c306e388e8433fbae734de03637583,2026-04-01,SZ000983,-0.020804516971111298,,,
EXP_LinearModel_Alpha158_csi300_sliding_step40_s_20260111_11,91c306e388e8433fbae734de03637583,2026-04-01,SH688008,0.004688821267336607,,,
EXP_LinearModel_Alpha158_csi300_sliding_step40_s_20260111_11,91c306e388e8433fbae734de03637583,2026-04-01,SH688009,0.05725954473018646,,,
EXP_LinearModel_Alpha158_csi300_sliding_step40_s_20260111_11,91c306e388e8433fbae734de03637583,2026-04-01,SH688012,,,,
EXP_LinearModel_Alpha158_csi300_sliding_step40_s_20260111_11,91c306e388e8433fbae734de03637583,2026-04-01,SH688036,0.05170327425003052,,,
EXP_LinearModel_Alpha158_csi300_sliding_step40_s_20260111_11,91c306e388e8433fbae734de03637583,2026-04-01,SH688041,0.013518858700990677,,,
EXP_LinearModel_Alpha158_csi300_sliding_step40_s_20260111_11,91c306e388e8433fbae734de03637583,2026-04-01,SH688047,-0.046822208911180496,,,
EXP_LinearModel_Alpha158_csi300_sliding_step40_s_20260111_11,91c306e388e8433fbae734de03637583,2026-04-01,SH605499,0.06851737201213837,,,
EXP_LinearModel_Alpha158_csi300_sliding_step40_s_20260111_11,91c306e388e8433fbae734de03637583,2026-04-01,SH688082,0.004685935098677874,,,
EXP_LinearModel_Alpha158_csi300_sliding_step40_s_20260111_11,91c306e388e8433fbae734de03637583,2026-04-01,SH688126,-0.01485977042466402,,,
EXP_LinearModel_Alpha158_csi300_sliding_step40_s_20260111_11,91c306e388e8433fbae734de03637583,2026-04-01,SH688169,0.0030443130526691675,,,
EXP_LinearModel_Alpha158_csi300_sliding_step40_s_20260111_11,91c306e388e8433fbae734de03637583,2026-04-01,SH688187,0.01384666282683611,,,
EXP_LinearModel_Alpha158_csi300_sliding_step40_s_20260111_11,91c306e388e8433fbae734de03637583,2026-04-01,SH688223,0.02812936343252659,,,
EXP_LinearModel_Alpha158_csi300_sliding_step40_s_20260111_11,91c306e388e8433fbae734de03637583,2026-04-01,SH688256,0.02934844419360161,,,
EXP_LinearModel_Alpha158_csi300_sliding_step40_s_20260111_11,91c306e388e8433fbae734de03637583,2026-04-01,SH688271,-0.030474115163087845,,,
EXP_LinearModel_Alpha158_csi300_sliding_step40_s_20260111_11,91c306e388e8433fbae734de03637583,2026-04-01,SH688111,0.05315036326646805,,,
EXP_LinearModel_Alpha158_csi300_sliding_step40_s_20260111_11,91c306e388e8433fbae734de03637583,2026-04-01,SH605117,0.06548216193914413,,,
EXP_LinearModel_Alpha158_csi300_sliding_step40_s_20260111_11,91c306e388e8433fbae734de03637583,2026-04-01,SH603993,0.04572558403015137,,,
EXP_LinearModel_Alpha158_csi300_sliding_step40_s_20260111_11,91c306e388e8433fbae734de03637583,2026-04-01,SH603986,0.0034396459814161062,,,
EXP_LinearModel_Alpha158_csi300_sliding_step40_s_20260111_11,91c306e388e8433fbae734de03637583,2026-04-01,SH601985,0.058850403875112534,,,
EXP_LinearModel_Alpha158_csi300_sliding_step40_s_20260111_11,91c306e388e8433fbae734de03637583,2026-04-01,SH601988,-0.008227074518799782,,,
EXP_LinearModel_Alpha158_csi300_sliding_step40_s_20260111_11,91c306e388e8433fbae734de03637583,2026-04-01,SH601995,-0.04548850283026695,,,
EXP_LinearModel_Alpha158_csi300_sliding_step40_s_20260111_11,91c306e388e8433fbae734de03637583,2026-04-01,SH601998,0.0782485231757164,,,
EXP_LinearModel_Alpha158_csi300_sliding_step40_s_20260111_11,91c306e388e8433fbae734de03637583,2026-04-01,SH603019,-0.03374599665403366,,,
EXP_LinearModel_Alpha158_csi300_sliding_step40_s_20260111_11,91c306e388e8433fbae734de03637583,2026-04-01,SH603195,-0.07242632657289505,,,
EXP_LinearModel_Alpha158_csi300_sliding_step40_s_20260111_11,91c306e388e8433fbae734de03637583,2026-04-01,SH603259,-0.03408334031701088,,,
EXP_LinearModel_Alpha158_csi300_sliding_step40_s_20260111_11,91c306e388e8433fbae734de03637583,2026-04-01,SH603260,0.0011743929935619235,,,
EXP_LinearModel_Alpha158_csi300_sliding_step40_s_20260111_11,91c306e388e8433fbae734de03637583,2026-04-01,SH603288,-0.07989393174648285,,,
EXP_LinearModel_Alpha158_csi300_sliding_step40_s_20260111_11,91c306e388e8433fbae734de03637583,2026-04-01,SH603296,0.0197440292686224,,,
EXP_LinearModel_Alpha158_csi300_sliding_step40_s_20260111_11,91c306e388e8433fbae734de03637583,2026-04-01,SH603369,0.023464016616344452,,,
EXP_LinearModel_Alpha158_csi300_sliding_step40_s_20260111_11,91c306e388e8433fbae734de03637583,2026-04-01,SH603392,-0.0076174046844244,,,
EXP_LinearModel_Alpha158_csi300_sliding_step40_s_20260111_11,91c306e388e8433fbae734de03637583,2026-04-01,SH603501,0.06100808084011078,,,
EXP_LinearModel_Alpha158_csi300_sliding_step40_s_20260111_11,91c306e388e8433fbae734de03637583,2026-04-01,SH603799,-0.07020626962184906,,,
EXP_LinearModel_Alpha158_csi300_sliding_step40_s_20260111_11,91c306e388e8433fbae734de03637583,2026-04-01,SH603893,-0.017611317336559296,,,
EXP_LinearModel_Alpha158_csi300_sliding_step40_s_20260111_11,91c306e388e8433fbae734de03637583,2026-04-01,SH688303,-0.05499361827969551,,,
EXP_LinearModel_Alpha158_csi300_sliding_step40_s_20260111_11,91c306e388e8433fbae734de03637583,2026-04-01,SH688396,0.045677199959754944,,,
EXP_LinearModel_Alpha158_csi300_sliding_step40_s_20260111_11,91c306e388e8433fbae734de03637583,2026-04-01,SH688472,-0.02983926609158516,,,
EXP_LinearModel_Alpha158_csi300_sliding_step40_s_20260111_11,91c306e388e8433fbae734de03637583,2026-04-01,SH688506,-0.026037264615297318,,,
EXP_LinearModel_Alpha158_csi300_sliding_step40_s_20260111_11,91c306e388e8433fbae734de03637583,2026-04-01,SZ000661,-0.09995011985301971,,,
EXP_LinearModel_Alpha158_csi300_sliding_step40_s_20260111_11,91c306e388e8433fbae734de03637583,2026-04-01,SZ000708,0.040753405541181564,,,
EXP_LinearModel_Alpha158_csi300_sliding_step40_s_20260111_11,91c306e388e8433fbae734de03637583,2026-04-01,SZ000725,-0.028748225420713425,,,
EXP_LinearModel_Alpha158_csi300_sliding_step40_s_20260111_11,91c306e388e8433fbae734de03637583,2026-04-01,SZ000768,0.061730626970529556,,,
EXP_LinearModel_Alpha158_csi300_sliding_step40_s_20260111_11,91c306e388e8433fbae734de03637583,2026-04-01,SZ000776,0.03381887450814247,,,
EXP_LinearModel_Alpha158_csi300_sliding_step40_s_20260111_11,91c306e388e8433fbae734de03637583,2026-04-01,SZ000786,0.0365881510078907,,,
EXP_LinearModel_Alpha158_csi300_sliding_step40_s_20260111_11,91c306e388e8433fbae734de03637583,2026-04-01,SZ000792,0.06753791123628616,,,
EXP_LinearModel_Alpha158_csi300_sliding_step40_s_20260111_11,91c306e388e8433fbae734de03637583,2026-04-01,SZ000807,-0.04962204024195671,,,
EXP_LinearModel_Alpha158_csi300_sliding_step40_s_20260111_11,91c306e388e8433fbae734de03637583,2026-04-01,SZ000858,0.06838464736938477,,,
EXP_LinearModel_Alpha158_csi300_sliding_step40_s_20260111_11,91c306e388e8433fbae734de03637583,2026-04-01,SZ000876,-0.04045889526605606,,,
EXP_LinearModel_Alpha158_csi300_sliding_step40_s_20260111_11,91c306e388e8433fbae734de03637583,2026-04-01,SZ000895,0.09591015428304672,,,
EXP_LinearModel_Alpha158_csi300_sliding_step40_s_20260111_11,91c306e388e8433fbae734de03637583,2026-04-01,SZ000938,-0.0005764577072113752,,,
EXP_LinearModel_Alpha158_csi300_sliding_step40_s_20260111_11,91c306e388e8433fbae734de03637583,2026-04-01,SZ000963,0.03117312118411064,,,
EXP_LinearModel_Alpha158_csi300_sliding_step40_s_20260111_11,91c306e388e8433fbae734de03637583,2026-04-01,SZ000975,0.04857264459133148,,,
EXP_LinearModel_Alpha158_csi300_sliding_step40_s_20260111_11,91c306e388e8433fbae734de03637583,2026-04-01,SZ000977,-0.017595617100596428,,,
EXP_LinearModel_Alpha158_csi300_sliding_step40_s_20260111_11,91c306e388e8433fbae734de03637583,2026-04-01,SZ000651,0.024961041286587715,,,
EXP_LinearModel_Alpha158_csi300_sliding_step40_s_20260111_11,91c306e388e8433fbae734de03637583,2026-04-01,SZ000999,-0.10171906650066376,,,
EXP_LinearModel_Alpha158_csi300_sliding_step40_s_20260111_11,91c306e388e8433fbae734de03637583,2026-04-01,SZ000630,0.02062121406197548,,,
EXP_LinearModel_Alpha158_csi300_sliding_step40_s_20260111_11,91c306e388e8433fbae734de03637583,2026-04-01,SZ000617,0.02334110625088215,,,
EXP_LinearModel_Alpha158_csi300_sliding_step40_s_20260111_11,91c306e388e8433fbae734de03637583,2026-04-01,SH688981,-0.04514523223042488,,,
EXP_LinearModel_Alpha158_csi300_sliding_step40_s_20260111_11,91c306e388e8433fbae734de03637583,2026-04-01,SZ000001,0.03815364092588425,,,
EXP_LinearModel_Alpha158_csi300_sliding_step40_s_20260111_11,91c306e388e8433fbae734de03637583,2026-04-01,SZ000002,-0.01956062577664852,,,
EXP_LinearModel_Alpha158_csi300_sliding_step40_s_20260111_11,91c306e388e8433fbae734de03637583,2026-04-01,SZ000063,0.041092194616794586,,,
EXP_LinearModel_Alpha158_csi300_sliding_step40_s_20260111_11,91c306e388e8433fbae734de03637583,2026-04-01,SZ000100,-0.07066523283720016,,,
EXP_LinearModel_Alpha158_csi300_sliding_step40_s_20260111_11,91c306e388e8433fbae734de03637583,2026-04-01,SZ000157,0.028389208018779755,,,
EXP_LinearModel_Alpha158_csi300_sliding_step40_s_20260111_11,91c306e388e8433fbae734de03637583,2026-04-01,SZ000166,-0.0098933270201087,,,
EXP_LinearModel_Alpha158_csi300_sliding_step40_s_20260111_11,91c306e388e8433fbae734de03637583,2026-04-01,SZ000301,-0.01331394724547863,,,
EXP_LinearModel_Alpha158_csi300_sliding_step40_s_20260111_11,91c306e388e8433fbae734de03637583,2026-04-01,SZ000333,0.09833881258964539,,,
EXP_LinearModel_Alpha158_csi300_sliding_step40_s_20260111_11,91c306e388e8433fbae734de03637583,2026-04-01,SZ000338,0.03593810647726059,,,
EXP_LinearModel_Alpha158_csi300_sliding_step40_s_20260111_11,91c306e388e8433fbae734de03637583,2026-04-01,SZ000408,-0.005772918462753296,,,
EXP_LinearModel_Alpha158_csi300_sliding_step40_s_20260111_11,91c306e388e8433fbae734de03637583,2026-04-01,SZ000425,0.06406375765800476,,,
EXP_LinearModel_Alpha158_csi300_sliding_step40_s_20260111_11,91c306e388e8433fbae734de03637583,2026-04-01,SZ000538,0.010307514108717442,,,
EXP_LinearModel_Alpha158_csi300_sliding_step40_s_20260111_11,91c306e388e8433fbae734de03637583,2026-04-01,SZ000568,0.05039043352007866,,,
EXP_LinearModel_Alpha158_csi300_sliding_step40_s_20260111_11,91c306e388e8433fbae734de03637583,2026-04-01,SZ000596,-0.015119488351047039,,,
EXP_LinearModel_Alpha158_csi300_sliding_step40_s_20260111_11,91c306e388e8433fbae734de03637583,2026-04-01,SZ000625,0.006235912442207336,,,
EXP_LinearModel_Alpha158_csi300_sliding_step40_s_20260111_11,91c306e388e8433fbae734de03637583,2026-04-01,SZ301269,0.028911910951137543,,,
EXP_LinearModel_Alpha158_csi300_sliding_step40_s_20260111_11,91c306e388e8433fbae734de03637583,2026-04-01,SH600000,0.07029461115598679,,,
EXP_LinearModel_Alpha158_csi300_expanding_step40_s_20260111_12,ab464936a4bd47ddb5b42e4aa3319072,2026-04-01,SZ301269,0.0007544586551375687,,,
EXP_LinearModel_Alpha158_csi300_expanding_step40_s_20260111_12,ab464936a4bd47ddb5b42e4aa3319072,2026-04-01,SH601127,0.04944390431046486,,,
EXP_LinearModel_Alpha158_csi300_expanding_step40_s_20260111_12,ab464936a4bd47ddb5b42e4aa3319072,2026-04-01,SH601136,0.023515775799751282,,,
EXP_LinearModel_Alpha158_csi300_expanding_step40_s_20260111_12,ab464936a4bd47ddb5b42e4aa3319072,2026-04-01,SH601138,-0.0023218446876853704,,,
EXP_LinearModel_Alpha158_csi300_expanding_step40_s_20260111_12,ab464936a4bd47ddb5b42e4aa3319072,2026-04-01,SH601166,0.05307637155056,,,
EXP_LinearModel_Alpha158_csi300_expanding_step40_s_20260111_12,ab464936a4bd47ddb5b42e4aa3319072,2026-04-01,SH601169,0.049437109380960464,,,
EXP_LinearModel_Alpha158_csi300_expanding_step40_s_20260111_12,ab464936a4bd47ddb5b42e4aa3319072,2026-04-01,SH601186,0.006450043525546789,,,
EXP_LinearModel_Alpha158_csi300_expanding_step40_s_20260111_12,ab464936a4bd47ddb5b42e4aa3319072,2026-04-01,SH601117,0.005355136469006538,,,
EXP_LinearModel_Alpha158_csi300_expanding_step40_s_20260111_12,ab464936a4bd47ddb5b42e4aa3319072,2026-04-01,SH601211,0.017794104292988777,,,
EXP_LinearModel_Alpha158_csi300_expanding_step40_s_20260111_12,ab464936a4bd47ddb5b42e4aa3319072,2026-04-01,SH601229,0.07336448132991791,,,
EXP_LinearModel_Alpha158_csi300_expanding_step40_s_20260111_12,ab464936a4bd47ddb5b42e4aa3319072,2026-04-01,SH601236,0.014620823785662651,,,
EXP_LinearModel_Alpha158_csi300_expanding_step40_s_20260111_12,ab464936a4bd47ddb5b42e4aa3319072,2026-04-01,SH601238,0.016559485346078873,,,
EXP_LinearModel_Alpha158_csi300_expanding_step40_s_20260111_12,ab464936a4bd47ddb5b42e4aa3319072,2026-04-01,SH601288,-0.010431339032948017,,,
EXP_LinearModel_Alpha158_csi300_expanding_step40_s_20260111_12,ab464936a4bd47ddb5b42e4aa3319072,2026-04-01,SH601298,0.030627839267253876,,,
EXP_LinearModel_Alpha158_csi300_expanding_step40_s_20260111_12,ab464936a4bd47ddb5b42e4aa3319072,2026-04-01,SH601318,0.039037588983774185,,,
EXP_LinearModel_Alpha158_csi300_expanding_step40_s_20260111_12,ab464936a4bd47ddb5b42e4aa3319072,2026-04-01,SH601225,0.027742767706513405,,,
EXP_LinearModel_Alpha158_csi300_expanding_step40_s_20260111_12,ab464936a4bd47ddb5b42e4aa3319072,2026-04-01,SH601111,0.021060297265648842,,,
EXP_LinearModel_Alpha158_csi300_expanding_step40_s_20260111_12,ab464936a4bd47ddb5b42e4aa3319072,2026-04-01,SH601100,0.025533678010106087,,,
EXP_LinearModel_Alpha158_csi300_expanding_step40_s_20260111_12,ab464936a4bd47ddb5b42e4aa3319072,2026-04-01,SH601088,0.016482148319482803,,,
EXP_LinearModel_Alpha158_csi300_expanding_step40_s_20260111_12,ab464936a4bd47ddb5b42e4aa3319072,2026-04-01,SH600930,-0.007280242163687944,,,
EXP_LinearModel_Alpha158_csi300_expanding_step40_s_20260111_12,ab464936a4bd47ddb5b42e4aa3319072,2026-04-01,SH600938,0.005026832222938538,,,
EXP_LinearModel_Alpha158_csi300_expanding_step40_s_20260111_12,ab464936a4bd47ddb5b42e4aa3319072,2026-04-01,SH600941,0.0018212049035355449,,,
EXP_LinearModel_Alpha158_csi300_expanding_step40_s_20260111_12,ab464936a4bd47ddb5b42e4aa3319072,2026-04-01,SH600958,0.004339731764048338,,,
EXP_LinearModel_Alpha158_csi300_expanding_step40_s_20260111_12,ab464936a4bd47ddb5b42e4aa3319072,2026-04-01,SH600989,-0.00036055463715456426,,,
EXP_LinearModel_Alpha158_csi300_expanding_step40_s_20260111_12,ab464936a4bd47ddb5b42e4aa3319072,2026-04-01,SH600999,-0.010387384332716465,,,
EXP_LinearModel_Alpha158_csi300_expanding_step40_s_20260111_12,ab464936a4bd47ddb5b42e4aa3319072,2026-04-01,SH601006,0.0203829538077116,,,
EXP_LinearModel_Alpha158_csi300_expanding_step40_s_20260111_12,ab464936a4bd47ddb5b42e4aa3319072,2026-04-01,SH601009,0.03438371419906616,,,
EXP_LinearModel_Alpha158_csi300_expanding_step40_s_20260111_12,ab464936a4bd47ddb5b42e4aa3319072,2026-04-01,SH601012,-0.01474704034626484,,,
EXP_LinearModel_Alpha158_csi300_expanding_step40_s_20260111_12,ab464936a4bd47ddb5b42e4aa3319072,2026-04-01,SH601018,0.07586894929409027,,,
EXP_LinearModel_Alpha158_csi300_expanding_step40_s_20260111_12,ab464936a4bd47ddb5b42e4aa3319072,2026-04-01,SH601021,0.05757412686944008,,,
EXP_LinearModel_Alpha158_csi300_expanding_step40_s_20260111_12,ab464936a4bd47ddb5b42e4aa3319072,2026-04-01,SH601058,0.024499595165252686,,,
EXP_LinearModel_Alpha158_csi300_expanding_step40_s_20260111_12,ab464936a4bd47ddb5b42e4aa3319072,2026-04-01,SH601059,0.0010774097172543406,,,
EXP_LinearModel_Alpha158_csi300_expanding_step40_s_20260111_12,ab464936a4bd47ddb5b42e4aa3319072,2026-04-01,SH601066,0.016795355826616287,,,
EXP_LinearModel_Alpha158_csi300_expanding_step40_s_20260111_12,ab464936a4bd47ddb5b42e4aa3319072,2026-04-01,SH601077,0.04251236468553543,,,
EXP_LinearModel_Alpha158_csi300_expanding_step40_s_20260111_12,ab464936a4bd47ddb5b42e4aa3319072,2026-04-01,SH601319,0.05068470537662506,,,
EXP_LinearModel_Alpha158_csi300_expanding_step40_s_20260111_12,ab464936a4bd47ddb5b42e4aa3319072,2026-04-01,SH601328,0.023797037079930305,,,
EXP_LinearModel_Alpha158_csi300_expanding_step40_s_20260111_12,ab464936a4bd47ddb5b42e4aa3319072,2026-04-01,SH601336,0.05116605386137962,,,
EXP_LinearModel_Alpha158_csi300_expanding_step40_s_20260111_12,ab464936a4bd47ddb5b42e4aa3319072,2026-04-01,SH601360,-0.02751089446246624,,,
EXP_LinearModel_Alpha158_csi300_expanding_step40_s_20260111_12,ab464936a4bd47ddb5b42e4aa3319072,2026-04-01,SH601800,-0.005492109339684248,,,
EXP_LinearModel_Alpha158_csi300_expanding_step40_s_20260111_12,ab464936a4bd47ddb5b42e4aa3319072,2026-04-01,SH601808,-0.03698699176311493,,,
EXP_LinearModel_Alpha158_csi300_expanding_step40_s_20260111_12,ab464936a4bd47ddb5b42e4aa3319072,2026-04-01,SH601816,0.040693797171115875,,,
EXP_LinearModel_Alpha158_csi300_expanding_step40_s_20260111_12,ab464936a4bd47ddb5b42e4aa3319072,2026-04-01,SH601818,0.08753616362810135,,,
EXP_LinearModel_Alpha158_csi300_expanding_step40_s_20260111_12,ab464936a4bd47ddb5b42e4aa3319072,2026-04-01,SH601825,0.02005695179104805,,,
EXP_LinearModel_Alpha158_csi300_expanding_step40_s_20260111_12,ab464936a4bd47ddb5b42e4aa3319072,2026-04-01,SH601838,0.03319404646754265,,,
EXP_LinearModel_Alpha158_csi300_expanding_step40_s_20260111_12,ab464936a4bd47ddb5b42e4aa3319072,2026-04-01,SH601857,-0.03353872895240784,,,
EXP_LinearModel_Alpha158_csi300_expanding_step40_s_20260111_12,ab464936a4bd47ddb5b42e4aa3319072,2026-04-01,SH601868,-0.0319877453148365,,,
EXP_LinearModel_Alpha158_csi300_expanding_step40_s_20260111_12,ab464936a4bd47ddb5b42e4aa3319072,2026-04-01,SH601872,-0.010031924583017826,,,
EXP_LinearModel_Alpha158_csi300_expanding_step40_s_20260111_12,ab464936a4bd47ddb5b42e4aa3319072,2026-04-01,SH601877,-0.013641784898936749,,,
EXP_LinearModel_Alpha158_csi300_expanding_step40_s_20260111_12,ab464936a4bd47ddb5b42e4aa3319072,2026-04-01,SH601878,0.010172024369239807,,,
EXP_LinearModel_Alpha158_csi300_expanding_step40_s_20260111_12,ab464936a4bd47ddb5b42e4aa3319072,2026-04-01,SH601881,0.05598746985197067,,,
EXP_LinearModel_Alpha158_csi300_expanding_step40_s_20260111_12,ab464936a4bd47ddb5b42e4aa3319072,2026-04-01,SH601888,0.0022858253214508295,,,
EXP_LinearModel_Alpha158_csi300_expanding_step40_s_20260111_12,ab464936a4bd47ddb5b42e4aa3319072,2026-04-01,SH601898,0.02581317350268364,,,
EXP_LinearModel_Alpha158_csi300_expanding_step40_s_20260111_12,ab464936a4bd47ddb5b42e4aa3319072,2026-04-01,SH601899,0.044027406722307205,,,
EXP_LinearModel_Alpha158_csi300_expanding_step40_s_20260111_12,ab464936a4bd47ddb5b42e4aa3319072,2026-04-01,SH601788,0.000287914474029094,,,
EXP_LinearModel_Alpha158_csi300_expanding_step40_s_20260111_12,ab464936a4bd47ddb5b42e4aa3319072,2026-04-01,SH600926,0.02752576768398285,,,
EXP_LinearModel_Alpha158_csi300_expanding_step40_s_20260111_12,ab464936a4bd47ddb5b42e4aa3319072,2026-04-01,SH601766,0.032116811722517014,,,
EXP_LinearModel_Alpha158_csi300_expanding_step40_s_20260111_12,ab464936a4bd47ddb5b42e4aa3319072,2026-04-01,SH601698,-0.022061306983232498,,,
EXP_LinearModel_Alpha158_csi300_expanding_step40_s_20260111_12,ab464936a4bd47ddb5b42e4aa3319072,2026-04-01,SH601377,0.03263755515217781,,,
EXP_LinearModel_Alpha158_csi300_expanding_step40_s_20260111_12,ab464936a4bd47ddb5b42e4aa3319072,2026-04-01,SH601390,-0.017694653943181038,,,
EXP_LinearModel_Alpha158_csi300_expanding_step40_s_20260111_12,ab464936a4bd47ddb5b42e4aa3319072,2026-04-01,SH601398,0.014433100819587708,,,
EXP_LinearModel_Alpha158_csi300_expanding_step40_s_20260111_12,ab464936a4bd47ddb5b42e4aa3319072,2026-04-01,SH601456,0.007093928754329681,,,
EXP_LinearModel_Alpha158_csi300_expanding_step40_s_20260111_12,ab464936a4bd47ddb5b42e4aa3319072,2026-04-01,SH601600,-0.012699585407972336,,,
EXP_LinearModel_Alpha158_csi300_expanding_step40_s_20260111_12,ab464936a4bd47ddb5b42e4aa3319072,2026-04-01,SH601601,0.041225969791412354,,,
EXP_LinearModel_Alpha158_csi300_expanding_step40_s_20260111_12,ab464936a4bd47ddb5b42e4aa3319072,2026-04-01,SH601607,-0.030112111940979958,,,
EXP_LinearModel_Alpha158_csi300_expanding_step40_s_20260111_12,ab464936a4bd47ddb5b42e4aa3319072,2026-04-01,SH601618,0.0019242357229813933,,,
EXP_LinearModel_Alpha158_csi300_expanding_step40_s_20260111_12,ab464936a4bd47ddb5b42e4aa3319072,2026-04-01,SH601628,0.06078717112541199,,,
EXP_LinearModel_Alpha158_csi300_expanding_step40_s_20260111_12,ab464936a4bd47ddb5b42e4aa3319072,2026-04-01,SH601633,0.01605595462024212,,,
EXP_LinearModel_Alpha158_csi300_expanding_step40_s_20260111_12,ab464936a4bd47ddb5b42e4aa3319072,2026-04-01,SH601658,0.04538577422499657,,,
EXP_LinearModel_Alpha158_csi300_expanding_step40_s_20260111_12,ab464936a4bd47ddb5b42e4aa3319072,2026-04-01,SH601668,0.006117087323218584,,,
EXP_LinearModel_Alpha158_csi300_expanding_step40_s_20260111_12,ab464936a4bd47ddb5b42e4aa3319072,2026-04-01,SH601669,-0.04577229917049408,,,
EXP_LinearModel_Alpha158_csi300_expanding_step40_s_20260111_12,ab464936a4bd47ddb5b42e4aa3319072,2026-04-01,SH601688,0.05070902779698372,,,
EXP_LinearModel_Alpha158_csi300_expanding_step40_s_20260111_12,ab464936a4bd47ddb5b42e4aa3319072,2026-04-01,SH601689,0.016291894018650055,,,
EXP_LinearModel_Alpha158_csi300_expanding_step40_s_20260111_12,ab464936a4bd47ddb5b42e4aa3319072,2026-04-01,SH601728,-0.006848144344985485,,,
EXP_LinearModel_Alpha158_csi300_expanding_step40_s_20260111_12,ab464936a4bd47ddb5b42e4aa3319072,2026-04-01,SH601901,0.04441135749220848,,,
EXP_LinearModel_Alpha158_csi300_expanding_step40_s_20260111_12,ab464936a4bd47ddb5b42e4aa3319072,2026-04-01,SH600919,0.07142943143844604,,,
EXP_LinearModel_Alpha158_csi300_expanding_step40_s_20260111_12,ab464936a4bd47ddb5b42e4aa3319072,2026-04-01,SH600905,0.012400291860103607,,,
EXP_LinearModel_Alpha158_csi300_expanding_step40_s_20260111_12,ab464936a4bd47ddb5b42e4aa3319072,2026-04-01,SH600066,-0.02574000135064125,,,
EXP_LinearModel_Alpha158_csi300_expanding_step40_s_20260111_12,ab464936a4bd47ddb5b42e4aa3319072,2026-04-01,SH600085,0.032746732234954834,,,
EXP_LinearModel_Alpha158_csi300_expanding_step40_s_20260111_12,ab464936a4bd47ddb5b42e4aa3319072,2026-04-01,SH600089,0.019302409142255783,,,
EXP_LinearModel_Alpha158_csi300_expanding_step40_s_20260111_12,ab464936a4bd47ddb5b42e4aa3319072,2026-04-01,SH600104,0.000929485890083015,,,
EXP_LinearModel_Alpha158_csi300_expanding_step40_s_20260111_12,ab464936a4bd47ddb5b42e4aa3319072,2026-04-01,SH600111,-0.010949644260108471,,,
EXP_LinearModel_Alpha158_csi300_expanding_step40_s_20260111_12,ab464936a4bd47ddb5b42e4aa3319072,2026-04-01,SH600115,0.02188146486878395,,,
EXP_LinearModel_Alpha158_csi300_expanding_step40_s_20260111_12,ab464936a4bd47ddb5b42e4aa3319072,2026-04-01,SH600061,0.013917187228798866,,,
EXP_LinearModel_Alpha158_csi300_expanding_step40_s_20260111_12,ab464936a4bd47ddb5b42e4aa3319072,2026-04-01,SH600150,0.024327056482434273,,,
EXP_LinearModel_Alpha158_csi300_expanding_step40_s_20260111_12,ab464936a4bd47ddb5b42e4aa3319072,2026-04-01,SH600161,-0.01074195932596922,,,
EXP_LinearModel_Alpha158_csi300_expanding_step40_s_20260111_12,ab464936a4bd47ddb5b42e4aa3319072,2026-04-01,SH600176,0.032233819365501404,,,
EXP_LinearModel_Alpha158_csi300_expanding_step40_s_20260111_12,ab464936a4bd47ddb5b42e4aa3319072,2026-04-01,SH600183,0.02345404587686062,,,
EXP_LinearModel_Alpha158_csi300_expanding_step40_s_20260111_12,ab464936a4bd47ddb5b42e4aa3319072,2026-04-01,SH600188,0.04040270298719406,,,
EXP_LinearModel_Alpha158_csi300_expanding_step40_s_20260111_12,ab464936a4bd47ddb5b42e4aa3319072,2026-04-01,SH600196,-0.006597211118787527,,,
EXP_LinearModel_Alpha158_csi300_expanding_step40_s_20260111_12,ab464936a4bd47ddb5b42e4aa3319072,2026-04-01,SH600219,0.005035975016653538,,,
EXP_LinearModel_Alpha158_csi300_expanding_step40_s_20260111_12,ab464936a4bd47ddb5b42e4aa3319072,2026-04-01,SH600160,0.010668517090380192,,,
EXP_LinearModel_Alpha158_csi300_expanding_step40_s_20260111_12,ab464936a4bd47ddb5b42e4aa3319072,2026-04-01,SH600050,0.007977880537509918,,,
EXP_LinearModel_Alpha158_csi300_expanding_step40_s_20260111_12,ab464936a4bd47ddb5b42e4aa3319072,2026-04-01,SH600048,0.0011929144384339452,,,
EXP_LinearModel_Alpha158_csi300_expanding_step40_s_20260111_12,ab464936a4bd47ddb5b42e4aa3319072,2026-04-01,SH600039,0.0654635950922966,,,
EXP_LinearModel_Alpha158_csi300_expanding_step40_s_20260111_12,ab464936a4bd47ddb5b42e4aa3319072,2026-04-01,SH600010,-0.03712494671344757,,,
EXP_LinearModel_Alpha158_csi300_expanding_step40_s_20260111_12,ab464936a4bd47ddb5b42e4aa3319072,2026-04-01,SH600011,0.009129374288022518,,,
EXP_LinearModel_Alpha158_csi300_expanding_step40_s_20260111_12,ab464936a4bd47ddb5b42e4aa3319072,2026-04-01,SH600015,0.03434533625841141,,,
EXP_LinearModel_Alpha158_csi300_expanding_step40_s_20260111_12,ab464936a4bd47ddb5b42e4aa3319072,2026-04-01,SH600016,0.07368975132703781,,,
EXP_LinearModel_Alpha158_csi300_expanding_step40_s_20260111_12,ab464936a4bd47ddb5b42e4aa3319072,2026-04-01,SH600018,0.07556359469890594,,,
EXP_LinearModel_Alpha158_csi300_expanding_step40_s_20260111_12,ab464936a4bd47ddb5b42e4aa3319072,2026-04-01,SH600019,-0.007499393075704575,,,
EXP_LinearModel_Alpha158_csi300_expanding_step40_s_20260111_12,ab464936a4bd47ddb5b42e4aa3319072,2026-04-01,SH600023,0.015834467485547066,,,
EXP_LinearModel_Alpha158_csi300_expanding_step40_s_20260111_12,ab464936a4bd47ddb5b42e4aa3319072,2026-04-01,SH600025,0.026253866031765938,,,
EXP_LinearModel_Alpha158_csi300_expanding_step40_s_20260111_12,ab464936a4bd47ddb5b42e4aa3319072,2026-04-01,SH600026,0.002965271472930908,,,
EXP_LinearModel_Alpha158_csi300_expanding_step40_s_20260111_12,ab464936a4bd47ddb5b42e4aa3319072,2026-04-01,SH600027,0.028257563710212708,,,
EXP_LinearModel_Alpha158_csi300_expanding_step40_s_20260111_12,ab464936a4bd47ddb5b42e4aa3319072,2026-04-01,SH600028,-0.0717262551188469,,,
EXP_LinearModel_Alpha158_csi300_expanding_step40_s_20260111_12,ab464936a4bd47ddb5b42e4aa3319072,2026-04-01,SH600029,0.042971350252628326,,,
EXP_LinearModel_Alpha158_csi300_expanding_step40_s_20260111_12,ab464936a4bd47ddb5b42e4aa3319072,2026-04-01,SH600030,0.019263681024312973,,,
EXP_LinearModel_Alpha158_csi300_expanding_step40_s_20260111_12,ab464936a4bd47ddb5b42e4aa3319072,2026-04-01,SH600031,0.015140477567911148,,,
EXP_LinearModel_Alpha158_csi300_expanding_step40_s_20260111_12,ab464936a4bd47ddb5b42e4aa3319072,2026-04-01,SH600036,0.02645263448357582,,,
EXP_LinearModel_Alpha158_csi300_expanding_step40_s_20260111_12,ab464936a4bd47ddb5b42e4aa3319072,2026-04-01,SH600233,0.0366213321685791,,,
EXP_LinearModel_Alpha158_csi300_expanding_step40_s_20260111_12,ab464936a4bd47ddb5b42e4aa3319072,2026-04-01,SH600276,0.00010794501577038318,,,
EXP_LinearModel_Alpha158_csi300_expanding_step40_s_20260111_12,ab464936a4bd47ddb5b42e4aa3319072,2026-04-01,SH600309,-0.002648402703925967,,,
EXP_LinearModel_Alpha158_csi300_expanding_step40_s_20260111_12,ab464936a4bd47ddb5b42e4aa3319072,2026-04-01,SH600346,-0.0023322035558521748,,,
EXP_LinearModel_Alpha158_csi300_expanding_step40_s_20260111_12,ab464936a4bd47ddb5b42e4aa3319072,2026-04-01,SH600600,-0.0008811966981738806,,,
EXP_LinearModel_Alpha158_csi300_expanding_step40_s_20260111_12,ab464936a4bd47ddb5b42e4aa3319072,2026-04-01,SH600660,0.023534387350082397,,,
EXP_LinearModel_Alpha158_csi300_expanding_step40_s_20260111_12,ab464936a4bd47ddb5b42e4aa3319072,2026-04-01,SH600674,0.012585794553160667,,,
EXP_LinearModel_Alpha158_csi300_expanding_step40_s_20260111_12,ab464936a4bd47ddb5b42e4aa3319072,2026-04-01,SH600690,0.06497981399297714,,,
EXP_LinearModel_Alpha158_csi300_expanding_step40_s_20260111_12,ab464936a4bd47ddb5b42e4aa3319072,2026-04-01,SH600741,-0.03912686929106712,,,
EXP_LinearModel_Alpha158_csi300_expanding_step40_s_20260111_12,ab464936a4bd47ddb5b42e4aa3319072,2026-04-01,SH600760,-0.0041840411722660065,,,
EXP_LinearModel_Alpha158_csi300_expanding_step40_s_20260111_12,ab464936a4bd47ddb5b42e4aa3319072,2026-04-01,SH600795,0.015330101363360882,,,
EXP_LinearModel_Alpha158_csi300_expanding_step40_s_20260111_12,ab464936a4bd47ddb5b42e4aa3319072,2026-04-01,SH600803,-0.0037769326008856297,,,
EXP_LinearModel_Alpha158_csi300_expanding_step40_s_20260111_12,ab464936a4bd47ddb5b42e4aa3319072,2026-04-01,SH600809,0.0255340114235878,,,
EXP_LinearModel_Alpha158_csi300_expanding_step40_s_20260111_12,ab464936a4bd47ddb5b42e4aa3319072,2026-04-01,SH600845,-0.019379068166017532,,,
EXP_LinearModel_Alpha158_csi300_expanding_step40_s_20260111_12,ab464936a4bd47ddb5b42e4aa3319072,2026-04-01,SH600875,-0.015972835943102837,,,
EXP_LinearModel_Alpha158_csi300_expanding_step40_s_20260111_12,ab464936a4bd47ddb5b42e4aa3319072,2026-04-01,SH600886,0.023389121517539024,,,
EXP_LinearModel_Alpha158_csi300_expanding_step40_s_20260111_12,ab464936a4bd47ddb5b42e4aa3319072,2026-04-01,SH600887,0.010599412024021149,,,
EXP_LinearModel_Alpha158_csi300_expanding_step40_s_20260111_12,ab464936a4bd47ddb5b42e4aa3319072,2026-04-01,SH600893,0.015563723631203175,,,
EXP_LinearModel_Alpha158_csi300_expanding_step40_s_20260111_12,ab464936a4bd47ddb5b42e4aa3319072,2026-04-01,SH600900,0.06880609691143036,,,
EXP_LinearModel_Alpha158_csi300_expanding_step40_s_20260111_12,ab464936a4bd47ddb5b42e4aa3319072,2026-04-01,SH600588,-0.008336151950061321,,,
EXP_LinearModel_Alpha158_csi300_expanding_step40_s_20260111_12,ab464936a4bd47ddb5b42e4aa3319072,2026-04-01,SH600918,0.01781432330608368,,,
EXP_LinearModel_Alpha158_csi300_expanding_step40_s_20260111_12,ab464936a4bd47ddb5b42e4aa3319072,2026-04-01,SH600585,0.013453594408929348,,,
EXP_LinearModel_Alpha158_csi300_expanding_step40_s_20260111_12,ab464936a4bd47ddb5b42e4aa3319072,2026-04-01,SH600570,0.004768256563693285,,,
EXP_LinearModel_Alpha158_csi300_expanding_step40_s_20260111_12,ab464936a4bd47ddb5b42e4aa3319072,2026-04-01,SH600362,0.009744454175233841,,,
EXP_LinearModel_Alpha158_csi300_expanding_step40_s_20260111_12,ab464936a4bd47ddb5b42e4aa3319072,2026-04-01,SH600372,-0.02375755086541176,,,
EXP_LinearModel_Alpha158_csi300_expanding_step40_s_20260111_12,ab464936a4bd47ddb5b42e4aa3319072,2026-04-01,SH600377,0.04435928538441658,,,
EXP_LinearModel_Alpha158_csi300_expanding_step40_s_20260111_12,ab464936a4bd47ddb5b42e4aa3319072,2026-04-01,SH600406,-0.021115148440003395,,,
EXP_LinearModel_Alpha158_csi300_expanding_step40_s_20260111_12,ab464936a4bd47ddb5b42e4aa3319072,2026-04-01,SH600415,0.0017013725591823459,,,
EXP_LinearModel_Alpha158_csi300_expanding_step40_s_20260111_12,ab464936a4bd47ddb5b42e4aa3319072,2026-04-01,SH600426,-0.005642224103212357,,,
EXP_LinearModel_Alpha158_csi300_expanding_step40_s_20260111_12,ab464936a4bd47ddb5b42e4aa3319072,2026-04-01,SH600436,-0.01353893056511879,,,
EXP_LinearModel_Alpha158_csi300_expanding_step40_s_20260111_12,ab464936a4bd47ddb5b42e4aa3319072,2026-04-01,SH600438,,,,
EXP_LinearModel_Alpha158_csi300_expanding_step40_s_20260111_12,ab464936a4bd47ddb5b42e4aa3319072,2026-04-01,SH600460,-0.011620434932410717,,,
EXP_LinearModel_Alpha158_csi300_expanding_step40_s_20260111_12,ab464936a4bd47ddb5b42e4aa3319072,2026-04-01,SH600482,0.03651338070631027,,,
EXP_LinearModel_Alpha158_csi300_expanding_step40_s_20260111_12,ab464936a4bd47ddb5b42e4aa3319072,2026-04-01,SH600489,0.02588830515742302,,,
EXP_LinearModel_Alpha158_csi300_expanding_step40_s_20260111_12,ab464936a4bd47ddb5b42e4aa3319072,2026-04-01,SH600515,0.017053425312042236,,,
EXP_LinearModel_Alpha158_csi300_expanding_step40_s_20260111_12,ab464936a4bd47ddb5b42e4aa3319072,2026-04-01,SH600519,-0.009254112839698792,,,
EXP_LinearModel_Alpha158_csi300_expanding_step40_s_20260111_12,ab464936a4bd47ddb5b42e4aa3319072,2026-04-01,SH600522,0.0035717382561415434,,,
EXP_LinearModel_Alpha158_csi300_expanding_step40_s_20260111_12,ab464936a4bd47ddb5b42e4aa3319072,2026-04-01,SH600547,0.021516259759664536,,,
EXP_LinearModel_Alpha158_csi300_expanding_step40_s_20260111_12,ab464936a4bd47ddb5b42e4aa3319072,2026-04-01,SH600584,0.0084438007324934,,,
EXP_LinearModel_Alpha158_csi300_expanding_step40_s_20260111_12,ab464936a4bd47ddb5b42e4aa3319072,2026-04-01,SZ302132,0.0017583378357812762,,,
EXP_LinearModel_Alpha158_csi300_expanding_step40_s_20260111_12,ab464936a4bd47ddb5b42e4aa3319072,2026-04-01,SH601916,0.08167348802089691,,,
EXP_LinearModel_Alpha158_csi300_expanding_step40_s_20260111_12,ab464936a4bd47ddb5b42e4aa3319072,2026-04-01,SH601939,0.06268345564603806,,,
EXP_LinearModel_Alpha158_csi300_expanding_step40_s_20260111_12,ab464936a4bd47ddb5b42e4aa3319072,2026-04-01,SZ002422,-0.018644029274582863,,,
EXP_LinearModel_Alpha158_csi300_expanding_step40_s_20260111_12,ab464936a4bd47ddb5b42e4aa3319072,2026-04-01,SZ002459,-0.003531348193064332,,,
EXP_LinearModel_Alpha158_csi300_expanding_step40_s_20260111_12,ab464936a4bd47ddb5b42e4aa3319072,2026-04-01,SZ002460,0.000409870408475399,,,
EXP_LinearModel_Alpha158_csi300_expanding_step40_s_20260111_12,ab464936a4bd47ddb5b42e4aa3319072,2026-04-01,SZ002463,-0.006042977329343557,,,
EXP_LinearModel_Alpha158_csi300_expanding_step40_s_20260111_12,ab464936a4bd47ddb5b42e4aa3319072,2026-04-01,SZ002466,0.0018179810140281916,,,
EXP_LinearModel_Alpha158_csi300_expanding_step40_s_20260111_12,ab464936a4bd47ddb5b42e4aa3319072,2026-04-01,SZ002475,0.0028694840148091316,,,
EXP_LinearModel_Alpha158_csi300_expanding_step40_s_20260111_12,ab464936a4bd47ddb5b42e4aa3319072,2026-04-01,SZ002415,0.020003383979201317,,,
EXP_LinearModel_Alpha158_csi300_expanding_step40_s_20260111_12,ab464936a4bd47ddb5b42e4aa3319072,2026-04-01,SZ002493,0.04556925594806671,,,
EXP_LinearModel_Alpha158_csi300_expanding_step40_s_20260111_12,ab464936a4bd47ddb5b42e4aa3319072,2026-04-01,SZ002600,0.01843550056219101,,,
EXP_LinearModel_Alpha158_csi300_expanding_step40_s_20260111_12,ab464936a4bd47ddb5b42e4aa3319072,2026-04-01,SZ002601,-0.0011388317216187716,,,
EXP_LinearModel_Alpha158_csi300_expanding_step40_s_20260111_12,ab464936a4bd47ddb5b42e4aa3319072,2026-04-01,SZ002625,0.03187144175171852,,,
EXP_LinearModel_Alpha158_csi300_expanding_step40_s_20260111_12,ab464936a4bd47ddb5b42e4aa3319072,2026-04-01,SZ002648,0.012302765622735023,,,
EXP_LinearModel_Alpha158_csi300_expanding_step40_s_20260111_12,ab464936a4bd47ddb5b42e4aa3319072,2026-04-01,SZ002709,-0.007886556908488274,,,
EXP_LinearModel_Alpha158_csi300_expanding_step40_s_20260111_12,ab464936a4bd47ddb5b42e4aa3319072,2026-04-01,SZ002714,0.021391283720731735,,,
EXP_LinearModel_Alpha158_csi300_expanding_step40_s_20260111_12,ab464936a4bd47ddb5b42e4aa3319072,2026-04-01,SZ002594,0.015643799677491188,,,
EXP_LinearModel_Alpha158_csi300_expanding_step40_s_20260111_12,ab464936a4bd47ddb5b42e4aa3319072,2026-04-01,SZ002384,0.00553649477660656,,,
EXP_LinearModel_Alpha158_csi300_expanding_step40_s_20260111_12,ab464936a4bd47ddb5b42e4aa3319072,2026-04-01,SZ002371,0.005053938366472721,,,
EXP_LinearModel_Alpha158_csi300_expanding_step40_s_20260111_12,ab464936a4bd47ddb5b42e4aa3319072,2026-04-01,SZ002352,0.012032114900648594,,,
EXP_LinearModel_Alpha158_csi300_expanding_step40_s_20260111_12,ab464936a4bd47ddb5b42e4aa3319072,2026-04-01,SZ001979,0.047697875648736954,,,
EXP_LinearModel_Alpha158_csi300_expanding_step40_s_20260111_12,ab464936a4bd47ddb5b42e4aa3319072,2026-04-01,SZ002001,0.0033063183072954416,,,
EXP_LinearModel_Alpha158_csi300_expanding_step40_s_20260111_12,ab464936a4bd47ddb5b42e4aa3319072,2026-04-01,SZ002027,0.026799870654940605,,,
EXP_LinearModel_Alpha158_csi300_expanding_step40_s_20260111_12,ab464936a4bd47ddb5b42e4aa3319072,2026-04-01,SZ002028,0.053408995270729065,,,
EXP_LinearModel_Alpha158_csi300_expanding_step40_s_20260111_12,ab464936a4bd47ddb5b42e4aa3319072,2026-04-01,SZ002049,0.02022457867860794,,,
EXP_LinearModel_Alpha158_csi300_expanding_step40_s_20260111_12,ab464936a4bd47ddb5b42e4aa3319072,2026-04-01,SZ002050,0.0017009099246934056,,,
EXP_LinearModel_Alpha158_csi300_expanding_step40_s_20260111_12,ab464936a4bd47ddb5b42e4aa3319072,2026-04-01,SZ002074,-0.0028721385169774294,,,
EXP_LinearModel_Alpha158_csi300_expanding_step40_s_20260111_12,ab464936a4bd47ddb5b42e4aa3319072,2026-04-01,SZ002142,0.037461765110492706,,,
EXP_LinearModel_Alpha158_csi300_expanding_step40_s_20260111_12,ab464936a4bd47ddb5b42e4aa3319072,2026-04-01,SZ002179,-0.05947761610150337,,,
EXP_LinearModel_Alpha158_csi300_expanding_step40_s_20260111_12,ab464936a4bd47ddb5b42e4aa3319072,2026-04-01,SZ002230,-0.013399142771959305,,,
EXP_LinearModel_Alpha158_csi300_expanding_step40_s_20260111_12,ab464936a4bd47ddb5b42e4aa3319072,2026-04-01,SZ002236,0.001811296446248889,,,
EXP_LinearModel_Alpha158_csi300_expanding_step40_s_20260111_12,ab464936a4bd47ddb5b42e4aa3319072,2026-04-01,SZ002241,0.039109498262405396,,,
EXP_LinearModel_Alpha158_csi300_expanding_step40_s_20260111_12,ab464936a4bd47ddb5b42e4aa3319072,2026-04-01,SZ002252,-0.010235152207314968,,,
EXP_LinearModel_Alpha158_csi300_expanding_step40_s_20260111_12,ab464936a4bd47ddb5b42e4aa3319072,2026-04-01,SZ002304,0.011558903381228447,,,
EXP_LinearModel_Alpha158_csi300_expanding_step40_s_20260111_12,ab464936a4bd47ddb5b42e4aa3319072,2026-04-01,SZ002311,0.01682988740503788,,,
EXP_LinearModel_Alpha158_csi300_expanding_step40_s_20260111_12,ab464936a4bd47ddb5b42e4aa3319072,2026-04-01,SZ002736,-0.040948767215013504,,,
EXP_LinearModel_Alpha158_csi300_expanding_step40_s_20260111_12,ab464936a4bd47ddb5b42e4aa3319072,2026-04-01,SZ002916,0.011074589565396309,,,
EXP_LinearModel_Alpha158_csi300_expanding_step40_s_20260111_12,ab464936a4bd47ddb5b42e4aa3319072,2026-04-01,SZ002920,-0.02492789924144745,,,
EXP_LinearModel_Alpha158_csi300_expanding_step40_s_20260111_12,ab464936a4bd47ddb5b42e4aa3319072,2026-04-01,SZ002938,-0.008137645199894905,,,
EXP_LinearModel_Alpha158_csi300_expanding_step40_s_20260111_12,ab464936a4bd47ddb5b42e4aa3319072,2026-04-01,SZ300498,0.019553281366825104,,,
EXP_LinearModel_Alpha158_csi300_expanding_step40_s_20260111_12,ab464936a4bd47ddb5b42e4aa3319072,2026-04-01,SZ300502,0.03364190831780434,,,
EXP_LinearModel_Alpha158_csi300_expanding_step40_s_20260111_12,ab464936a4bd47ddb5b42e4aa3319072,2026-04-01,SZ300628,0.010911691002547741,,,
EXP_LinearModel_Alpha158_csi300_expanding_step40_s_20260111_12,ab464936a4bd47ddb5b42e4aa3319072,2026-04-01,SZ300661,-0.015000701881945133,,,
EXP_LinearModel_Alpha158_csi300_expanding_step40_s_20260111_12,ab464936a4bd47ddb5b42e4aa3319072,2026-04-01,SZ300750,0.013570545241236687,,,
EXP_LinearModel_Alpha158_csi300_expanding_step40_s_20260111_12,ab464936a4bd47ddb5b42e4aa3319072,2026-04-01,SZ300759,-0.038666021078825,,,
EXP_LinearModel_Alpha158_csi300_expanding_step40_s_20260111_12,ab464936a4bd47ddb5b42e4aa3319072,2026-04-01,SZ300760,0.040110573172569275,,,
EXP_LinearModel_Alpha158_csi300_expanding_step40_s_20260111_12,ab464936a4bd47ddb5b42e4aa3319072,2026-04-01,SZ300782,-0.02821417525410652,,,
EXP_LinearModel_Alpha158_csi300_expanding_step40_s_20260111_12,ab464936a4bd47ddb5b42e4aa3319072,2026-04-01,SZ300803,-0.003765029599890113,,,
EXP_LinearModel_Alpha158_csi300_expanding_step40_s_20260111_12,ab464936a4bd47ddb5b42e4aa3319072,2026-04-01,SZ300832,0.0038667735643684864,,,
EXP_LinearModel_Alpha158_csi300_expanding_step40_s_20260111_12,ab464936a4bd47ddb5b42e4aa3319072,2026-04-01,SZ300866,-0.016578732058405876,,,
EXP_LinearModel_Alpha158_csi300_expanding_step40_s_20260111_12,ab464936a4bd47ddb5b42e4aa3319072,2026-04-01,SZ300896,0.016951443627476692,,,
EXP_LinearModel_Alpha158_csi300_expanding_step40_s_20260111_12,ab464936a4bd47ddb5b42e4aa3319072,2026-04-01,SZ300979,-0.009723148308694363,,,
EXP_LinearModel_Alpha158_csi300_expanding_step40_s_20260111_12,ab464936a4bd47ddb5b42e4aa3319072,2026-04-01,SZ300999,-0.07153430581092834,,,
EXP_LinearModel_Alpha158_csi300_expanding_step40_s_20260111_12,ab464936a4bd47ddb5b42e4aa3319072,2026-04-01,SZ301236,-0.02561844326555729,,,
EXP_LinearModel_Alpha158_csi300_expanding_step40_s_20260111_12,ab464936a4bd47ddb5b42e4aa3319072,2026-04-01,SZ300476,-0.017396675422787666,,,
EXP_LinearModel_Alpha158_csi300_expanding_step40_s_20260111_12,ab464936a4bd47ddb5b42e4aa3319072,2026-04-01,SZ001965,0.04381641373038292,,,
EXP_LinearModel_Alpha158_csi300_expanding_step40_s_20260111_12,ab464936a4bd47ddb5b42e4aa3319072,2026-04-01,SZ300442,,,,
EXP_LinearModel_Alpha158_csi300_expanding_step40_s_20260111_12,ab464936a4bd47ddb5b42e4aa3319072,2026-04-01,SZ300418,-0.02125079184770584,,,
EXP_LinearModel_Alpha158_csi300_expanding_step40_s_20260111_12,ab464936a4bd47ddb5b42e4aa3319072,2026-04-01,SZ003816,0.046717461198568344,,,
EXP_LinearModel_Alpha158_csi300_expanding_step40_s_20260111_12,ab464936a4bd47ddb5b42e4aa3319072,2026-04-01,SZ300014,0.010189514607191086,,,
EXP_LinearModel_Alpha158_csi300_expanding_step40_s_20260111_12,ab464936a4bd47ddb5b42e4aa3319072,2026-04-01,SZ300015,0.03747354447841644,,,
EXP_LinearModel_Alpha158_csi300_expanding_step40_s_20260111_12,ab464936a4bd47ddb5b42e4aa3319072,2026-04-01,SZ300033,0.01438432838767767,,,
EXP_LinearModel_Alpha158_csi300_expanding_step40_s_20260111_12,ab464936a4bd47ddb5b42e4aa3319072,2026-04-01,SZ300059,0.021405475214123726,,,
EXP_LinearModel_Alpha158_csi300_expanding_step40_s_20260111_12,ab464936a4bd47ddb5b42e4aa3319072,2026-04-01,SZ300122,-0.04881613701581955,,,
EXP_LinearModel_Alpha158_csi300_expanding_step40_s_20260111_12,ab464936a4bd47ddb5b42e4aa3319072,2026-04-01,SZ300124,0.003864011261612177,,,
EXP_LinearModel_Alpha158_csi300_expanding_step40_s_20260111_12,ab464936a4bd47ddb5b42e4aa3319072,2026-04-01,SZ300251,-0.0544251948595047,,,
EXP_LinearModel_Alpha158_csi300_expanding_step40_s_20260111_12,ab464936a4bd47ddb5b42e4aa3319072,2026-04-01,SZ300274,0.04016407951712608,,,
EXP_LinearModel_Alpha158_csi300_expanding_step40_s_20260111_12,ab464936a4bd47ddb5b42e4aa3319072,2026-04-01,SZ300308,0.02427718974649906,,,
EXP_LinearModel_Alpha158_csi300_expanding_step40_s_20260111_12,ab464936a4bd47ddb5b42e4aa3319072,2026-04-01,SZ300316,-0.010401125065982342,,,
EXP_LinearModel_Alpha158_csi300_expanding_step40_s_20260111_12,ab464936a4bd47ddb5b42e4aa3319072,2026-04-01,SZ300347,0.0021828701719641685,,,
EXP_LinearModel_Alpha158_csi300_expanding_step40_s_20260111_12,ab464936a4bd47ddb5b42e4aa3319072,2026-04-01,SZ300394,0.015195239335298538,,,
EXP_LinearModel_Alpha158_csi300_expanding_step40_s_20260111_12,ab464936a4bd47ddb5b42e4aa3319072,2026-04-01,SZ300408,0.022685065865516663,,,
EXP_LinearModel_Alpha158_csi300_expanding_step40_s_20260111_12,ab464936a4bd47ddb5b42e4aa3319072,2026-04-01,SZ300413,-0.006028993986546993,,,
EXP_LinearModel_Alpha158_csi300_expanding_step40_s_20260111_12,ab464936a4bd47ddb5b42e4aa3319072,2026-04-01,SZ300433,0.01534958928823471,,,
EXP_LinearModel_Alpha158_csi300_expanding_step40_s_20260111_12,ab464936a4bd47ddb5b42e4aa3319072,2026-04-01,SH601919,-0.06442351639270782,,,
EXP_LinearModel_Alpha158_csi300_expanding_step40_s_20260111_12,ab464936a4bd47ddb5b42e4aa3319072,2026-04-01,SZ001391,0.017107386142015457,,,
EXP_LinearModel_Alpha158_csi300_expanding_step40_s_20260111_12,ab464936a4bd47ddb5b42e4aa3319072,2026-04-01,SZ000983,0.0013110595755279064,,,
EXP_LinearModel_Alpha158_csi300_expanding_step40_s_20260111_12,ab464936a4bd47ddb5b42e4aa3319072,2026-04-01,SH688008,0.040151890367269516,,,
EXP_LinearModel_Alpha158_csi300_expanding_step40_s_20260111_12,ab464936a4bd47ddb5b42e4aa3319072,2026-04-01,SH688009,0.04398719221353531,,,
EXP_LinearModel_Alpha158_csi300_expanding_step40_s_20260111_12,ab464936a4bd47ddb5b42e4aa3319072,2026-04-01,SH688012,,,,
EXP_LinearModel_Alpha158_csi300_expanding_step40_s_20260111_12,ab464936a4bd47ddb5b42e4aa3319072,2026-04-01,SH688036,0.013508100993931293,,,
EXP_LinearModel_Alpha158_csi300_expanding_step40_s_20260111_12,ab464936a4bd47ddb5b42e4aa3319072,2026-04-01,SH688041,-0.0037495398428291082,,,
EXP_LinearModel_Alpha158_csi300_expanding_step40_s_20260111_12,ab464936a4bd47ddb5b42e4aa3319072,2026-04-01,SH688047,-0.03728892281651497,,,
EXP_LinearModel_Alpha158_csi300_expanding_step40_s_20260111_12,ab464936a4bd47ddb5b42e4aa3319072,2026-04-01,SH605499,0.05424397066235542,,,
EXP_LinearModel_Alpha158_csi300_expanding_step40_s_20260111_12,ab464936a4bd47ddb5b42e4aa3319072,2026-04-01,SH688082,0.0392971895635128,,,
EXP_LinearModel_Alpha158_csi300_expanding_step40_s_20260111_12,ab464936a4bd47ddb5b42e4aa3319072,2026-04-01,SH688126,0.005688547156751156,,,
EXP_LinearModel_Alpha158_csi300_expanding_step40_s_20260111_12,ab464936a4bd47ddb5b42e4aa3319072,2026-04-01,SH688169,0.03792639821767807,,,
EXP_LinearModel_Alpha158_csi300_expanding_step40_s_20260111_12,ab464936a4bd47ddb5b42e4aa3319072,2026-04-01,SH688187,0.020638829097151756,,,
EXP_LinearModel_Alpha158_csi300_expanding_step40_s_20260111_12,ab464936a4bd47ddb5b42e4aa3319072,2026-04-01,SH688223,-0.003837039228528738,,,
EXP_LinearModel_Alpha158_csi300_expanding_step40_s_20260111_12,ab464936a4bd47ddb5b42e4aa3319072,2026-04-01,SH688256,0.002254906576126814,,,
EXP_LinearModel_Alpha158_csi300_expanding_step40_s_20260111_12,ab464936a4bd47ddb5b42e4aa3319072,2026-04-01,SH688271,-0.012022553943097591,,,
EXP_LinearModel_Alpha158_csi300_expanding_step40_s_20260111_12,ab464936a4bd47ddb5b42e4aa3319072,2026-04-01,SH688111,-0.002062105108052492,,,
EXP_LinearModel_Alpha158_csi300_expanding_step40_s_20260111_12,ab464936a4bd47ddb5b42e4aa3319072,2026-04-01,SH605117,0.020356886088848114,,,
EXP_LinearModel_Alpha158_csi300_expanding_step40_s_20260111_12,ab464936a4bd47ddb5b42e4aa3319072,2026-04-01,SH603993,0.01949932798743248,,,
EXP_LinearModel_Alpha158_csi300_expanding_step40_s_20260111_12,ab464936a4bd47ddb5b42e4aa3319072,2026-04-01,SH603986,0.049850840121507645,,,
EXP_LinearModel_Alpha158_csi300_expanding_step40_s_20260111_12,ab464936a4bd47ddb5b42e4aa3319072,2026-04-01,SH601985,0.03978661447763443,,,
EXP_LinearModel_Alpha158_csi300_expanding_step40_s_20260111_12,ab464936a4bd47ddb5b42e4aa3319072,2026-04-01,SH601988,0.007809075061231852,,,
EXP_LinearModel_Alpha158_csi300_expanding_step40_s_20260111_12,ab464936a4bd47ddb5b42e4aa3319072,2026-04-01,SH601995,-0.0028877188451588154,,,
EXP_LinearModel_Alpha158_csi300_expanding_step40_s_20260111_12,ab464936a4bd47ddb5b42e4aa3319072,2026-04-01,SH601998,0.04739821329712868,,,
EXP_LinearModel_Alpha158_csi300_expanding_step40_s_20260111_12,ab464936a4bd47ddb5b42e4aa3319072,2026-04-01,SH603019,-0.008647119626402855,,,
EXP_LinearModel_Alpha158_csi300_expanding_step40_s_20260111_12,ab464936a4bd47ddb5b42e4aa3319072,2026-04-01,SH603195,-0.012338666245341301,,,
EXP_LinearModel_Alpha158_csi300_expanding_step40_s_20260111_12,ab464936a4bd47ddb5b42e4aa3319072,2026-04-01,SH603259,-0.030742205679416656,,,
EXP_LinearModel_Alpha158_csi300_expanding_step40_s_20260111_12,ab464936a4bd47ddb5b42e4aa3319072,2026-04-01,SH603260,0.01102557871490717,,,
EXP_LinearModel_Alpha158_csi300_expanding_step40_s_20260111_12,ab464936a4bd47ddb5b42e4aa3319072,2026-04-01,SH603288,-0.026152657344937325,,,
EXP_LinearModel_Alpha158_csi300_expanding_step40_s_20260111_12,ab464936a4bd47ddb5b42e4aa3319072,2026-04-01,SH603296,-0.020005781203508377,,,
EXP_LinearModel_Alpha158_csi300_expanding_step40_s_20260111_12,ab464936a4bd47ddb5b42e4aa3319072,2026-04-01,SH603369,0.02484818734228611,,,
EXP_LinearModel_Alpha158_csi300_expanding_step40_s_20260111_12,ab464936a4bd47ddb5b42e4aa3319072,2026-04-01,SH603392,-0.01680869236588478,,,
EXP_LinearModel_Alpha158_csi300_expanding_step40_s_20260111_12,ab464936a4bd47ddb5b42e4aa3319072,2026-04-01,SH603501,0.05715712532401085,,,
EXP_LinearModel_Alpha158_csi300_expanding_step40_s_20260111_12,ab464936a4bd47ddb5b42e4aa3319072,2026-04-01,SH603799,0.033848486840724945,,,
EXP_LinearModel_Alpha158_csi300_expanding_step40_s_20260111_12,ab464936a4bd47ddb5b42e4aa3319072,2026-04-01,SH603893,0.004738899879157543,,,
EXP_LinearModel_Alpha158_csi300_expanding_step40_s_20260111_12,ab464936a4bd47ddb5b42e4aa3319072,2026-04-01,SH688303,0.007405741605907679,,,
EXP_LinearModel_Alpha158_csi300_expanding_step40_s_20260111_12,ab464936a4bd47ddb5b42e4aa3319072,2026-04-01,SH688396,0.011955028399825096,,,
EXP_LinearModel_Alpha158_csi300_expanding_step40_s_20260111_12,ab464936a4bd47ddb5b42e4aa3319072,2026-04-01,SH688472,-0.012380324304103851,,,
EXP_LinearModel_Alpha158_csi300_expanding_step40_s_20260111_12,ab464936a4bd47ddb5b42e4aa3319072,2026-04-01,SH688506,-0.03766128420829773,,,
EXP_LinearModel_Alpha158_csi300_expanding_step40_s_20260111_12,ab464936a4bd47ddb5b42e4aa3319072,2026-04-01,SZ000661,-0.0517498254776001,,,
EXP_LinearModel_Alpha158_csi300_expanding_step40_s_20260111_12,ab464936a4bd47ddb5b42e4aa3319072,2026-04-01,SZ000708,0.013857965357601643,,,
EXP_LinearModel_Alpha158_csi300_expanding_step40_s_20260111_12,ab464936a4bd47ddb5b42e4aa3319072,2026-04-01,SZ000725,-0.00976994913071394,,,
EXP_LinearModel_Alpha158_csi300_expanding_step40_s_20260111_12,ab464936a4bd47ddb5b42e4aa3319072,2026-04-01,SZ000768,-0.0036472685169428587,,,
EXP_LinearModel_Alpha158_csi300_expanding_step40_s_20260111_12,ab464936a4bd47ddb5b42e4aa3319072,2026-04-01,SZ000776,0.019622264429926872,,,
EXP_LinearModel_Alpha158_csi300_expanding_step40_s_20260111_12,ab464936a4bd47ddb5b42e4aa3319072,2026-04-01,SZ000786,0.01241596881300211,,,
EXP_LinearModel_Alpha158_csi300_expanding_step40_s_20260111_12,ab464936a4bd47ddb5b42e4aa3319072,2026-04-01,SZ000792,0.037913884967565536,,,
EXP_LinearModel_Alpha158_csi300_expanding_step40_s_20260111_12,ab464936a4bd47ddb5b42e4aa3319072,2026-04-01,SZ000807,-0.013759365305304527,,,
EXP_LinearModel_Alpha158_csi300_expanding_step40_s_20260111_12,ab464936a4bd47ddb5b42e4aa3319072,2026-04-01,SZ000858,-0.009136469103395939,,,
EXP_LinearModel_Alpha158_csi300_expanding_step40_s_20260111_12,ab464936a4bd47ddb5b42e4aa3319072,2026-04-01,SZ000876,-0.011239072307944298,,,
EXP_LinearModel_Alpha158_csi300_expanding_step40_s_20260111_12,ab464936a4bd47ddb5b42e4aa3319072,2026-04-01,SZ000895,0.051996130496263504,,,
EXP_LinearModel_Alpha158_csi300_expanding_step40_s_20260111_12,ab464936a4bd47ddb5b42e4aa3319072,2026-04-01,SZ000938,-0.014014869928359985,,,
EXP_LinearModel_Alpha158_csi300_expanding_step40_s_20260111_12,ab464936a4bd47ddb5b42e4aa3319072,2026-04-01,SZ000963,-0.010040306486189365,,,
EXP_LinearModel_Alpha158_csi300_expanding_step40_s_20260111_12,ab464936a4bd47ddb5b42e4aa3319072,2026-04-01,SZ000975,0.021585198119282722,,,
EXP_LinearModel_Alpha158_csi300_expanding_step40_s_20260111_12,ab464936a4bd47ddb5b42e4aa3319072,2026-04-01,SZ000977,-0.023316534236073494,,,
EXP_LinearModel_Alpha158_csi300_expanding_step40_s_20260111_12,ab464936a4bd47ddb5b42e4aa3319072,2026-04-01,SZ000651,0.018980631604790688,,,
EXP_LinearModel_Alpha158_csi300_expanding_step40_s_20260111_12,ab464936a4bd47ddb5b42e4aa3319072,2026-04-01,SZ000999,-0.030866103246808052,,,
EXP_LinearModel_Alpha158_csi300_expanding_step40_s_20260111_12,ab464936a4bd47ddb5b42e4aa3319072,2026-04-01,SZ000630,0.012206809595227242,,,
EXP_LinearModel_Alpha158_csi300_expanding_step40_s_20260111_12,ab464936a4bd47ddb5b42e4aa3319072,2026-04-01,SZ000617,-0.006293416488915682,,,
EXP_LinearModel_Alpha158_csi300_expanding_step40_s_20260111_12,ab464936a4bd47ddb5b42e4aa3319072,2026-04-01,SH688981,0.017126282677054405,,,
EXP_LinearModel_Alpha158_csi300_expanding_step40_s_20260111_12,ab464936a4bd47ddb5b42e4aa3319072,2026-04-01,SZ000001,0.021108442917466164,,,
EXP_LinearModel_Alpha158_csi300_expanding_step40_s_20260111_12,ab464936a4bd47ddb5b42e4aa3319072,2026-04-01,SZ000002,0.008956491947174072,,,
EXP_LinearModel_Alpha158_csi300_expanding_step40_s_20260111_12,ab464936a4bd47ddb5b42e4aa3319072,2026-04-01,SZ000063,0.012753467075526714,,,
EXP_LinearModel_Alpha158_csi300_expanding_step40_s_20260111_12,ab464936a4bd47ddb5b42e4aa3319072,2026-04-01,SZ000100,-0.014189496636390686,,,
EXP_LinearModel_Alpha158_csi300_expanding_step40_s_20260111_12,ab464936a4bd47ddb5b42e4aa3319072,2026-04-01,SZ000157,0.021326104179024696,,,
EXP_LinearModel_Alpha158_csi300_expanding_step40_s_20260111_12,ab464936a4bd47ddb5b42e4aa3319072,2026-04-01,SZ000166,0.030067438259720802,,,
EXP_LinearModel_Alpha158_csi300_expanding_step40_s_20260111_12,ab464936a4bd47ddb5b42e4aa3319072,2026-04-01,SZ000301,-0.0202331580221653,,,
EXP_LinearModel_Alpha158_csi300_expanding_step40_s_20260111_12,ab464936a4bd47ddb5b42e4aa3319072,2026-04-01,SZ000333,0.029498334974050522,,,
EXP_LinearModel_Alpha158_csi300_expanding_step40_s_20260111_12,ab464936a4bd47ddb5b42e4aa3319072,2026-04-01,SZ000338,0.03231693059206009,,,
EXP_LinearModel_Alpha158_csi300_expanding_step40_s_20260111_12,ab464936a4bd47ddb5b42e4aa3319072,2026-04-01,SZ000408,0.04365302994847298,,,
EXP_LinearModel_Alpha158_csi300_expanding_step40_s_20260111_12,ab464936a4bd47ddb5b42e4aa3319072,2026-04-01,SZ000425,0.02272871322929859,,,
EXP_LinearModel_Alpha158_csi300_expanding_step40_s_20260111_12,ab464936a4bd47ddb5b42e4aa3319072,2026-04-01,SZ000538,0.025513408705592155,,,
EXP_LinearModel_Alpha158_csi300_expanding_step40_s_20260111_12,ab464936a4bd47ddb5b42e4aa3319072,2026-04-01,SZ000568,-0.0027679589111357927,,,
EXP_LinearModel_Alpha158_csi300_expanding_step40_s_20260111_12,ab464936a4bd47ddb5b42e4aa3319072,2026-04-01,SZ000596,0.012091457843780518,,,
EXP_LinearModel_Alpha158_csi300_expanding_step40_s_20260111_12,ab464936a4bd47ddb5b42e4aa3319072,2026-04-01,SZ000625,0.02804192341864109,,,
EXP_LinearModel_Alpha158_csi300_expanding_step40_s_20260111_12,ab464936a4bd47ddb5b42e4aa3319072,2026-04-01,SH600009,0.012780662626028061,,,
EXP_LinearModel_Alpha158_csi300_sliding_step40_s_20260111_11,91c306e388e8433fbae734de03637583,2026-04-01,SZ302132,0.007975375279784203,,,
EXP_XGBModel_Alpha158_csi300_sliding_step40_s_20260111_01,44df6c59b159490fa0b22d3c198cd0a9,2026-04-01,SH600009,-0.02468491531908512,,,
EXP_XGBModel_Alpha158_csi300_expanding_step40_s_20260111_00,2f2d4eb181db4668bdbd3b6e264ca822,2026-04-01,SH601127,0.00789637491106987,,,
EXP_XGBModel_Alpha158_csi300_expanding_step40_s_20260111_00,2f2d4eb181db4668bdbd3b6e264ca822,2026-04-01,SH601136,0.01922937110066414,,,
EXP_XGBModel_Alpha158_csi300_expanding_step40_s_20260111_00,2f2d4eb181db4668bdbd3b6e264ca822,2026-04-01,SH601138,-0.0065497541800141335,,,
EXP_XGBModel_Alpha158_csi300_expanding_step40_s_20260111_00,2f2d4eb181db4668bdbd3b6e264ca822,2026-04-01,SH601166,-0.00432561943307519,,,
EXP_XGBModel_Alpha158_csi300_expanding_step40_s_20260111_00,2f2d4eb181db4668bdbd3b6e264ca822,2026-04-01,SH601169,0.06321215629577637,,,
EXP_XGBModel_Alpha158_csi300_expanding_step40_s_20260111_00,2f2d4eb181db4668bdbd3b6e264ca822,2026-04-01,SH601186,-0.0057714832946658134,,,
EXP_XGBModel_Alpha158_csi300_expanding_step40_s_20260111_00,2f2d4eb181db4668bdbd3b6e264ca822,2026-04-01,SH601117,0.012094030156731606,,,
EXP_XGBModel_Alpha158_csi300_expanding_step40_s_20260111_00,2f2d4eb181db4668bdbd3b6e264ca822,2026-04-01,SH601211,-0.06612396240234375,,,
EXP_XGBModel_Alpha158_csi300_expanding_step40_s_20260111_00,2f2d4eb181db4668bdbd3b6e264ca822,2026-04-01,SH601229,0.1057947650551796,,,
EXP_XGBModel_Alpha158_csi300_expanding_step40_s_20260111_00,2f2d4eb181db4668bdbd3b6e264ca822,2026-04-01,SH601236,-0.03378858044743538,,,
EXP_XGBModel_Alpha158_csi300_expanding_step40_s_20260111_00,2f2d4eb181db4668bdbd3b6e264ca822,2026-04-01,SH601238,0.0003070684615522623,,,
EXP_XGBModel_Alpha158_csi300_expanding_step40_s_20260111_00,2f2d4eb181db4668bdbd3b6e264ca822,2026-04-01,SH601288,0.014744742773473263,,,
EXP_XGBModel_Alpha158_csi300_expanding_step40_s_20260111_00,2f2d4eb181db4668bdbd3b6e264ca822,2026-04-01,SH601298,0.04210669919848442,,,
EXP_XGBModel_Alpha158_csi300_expanding_step40_s_20260111_00,2f2d4eb181db4668bdbd3b6e264ca822,2026-04-01,SH601318,0.06988019496202469,,,
EXP_XGBModel_Alpha158_csi300_expanding_step40_s_20260111_00,2f2d4eb181db4668bdbd3b6e264ca822,2026-04-01,SH601225,0.031601451337337494,,,
EXP_XGBModel_Alpha158_csi300_expanding_step40_s_20260111_00,2f2d4eb181db4668bdbd3b6e264ca822,2026-04-01,SH601111,-0.00630215834826231,,,
EXP_XGBModel_Alpha158_csi300_expanding_step40_s_20260111_00,2f2d4eb181db4668bdbd3b6e264ca822,2026-04-01,SH601100,0.04677236080169678,,,
EXP_XGBModel_Alpha158_csi300_expanding_step40_s_20260111_00,2f2d4eb181db4668bdbd3b6e264ca822,2026-04-01,SH601088,0.01814972050487995,,,
EXP_XGBModel_Alpha158_csi300_expanding_step40_s_20260111_00,2f2d4eb181db4668bdbd3b6e264ca822,2026-04-01,SH600930,-0.11202487349510193,,,
EXP_XGBModel_Alpha158_csi300_expanding_step40_s_20260111_00,2f2d4eb181db4668bdbd3b6e264ca822,2026-04-01,SH600938,0.025569885969161987,,,
EXP_XGBModel_Alpha158_csi300_expanding_step40_s_20260111_00,2f2d4eb181db4668bdbd3b6e264ca822,2026-04-01,SH600941,0.02491970919072628,,,
EXP_XGBModel_Alpha158_csi300_expanding_step40_s_20260111_00,2f2d4eb181db4668bdbd3b6e264ca822,2026-04-01,SH600958,-0.04143504425883293,,,
EXP_XGBModel_Alpha158_csi300_expanding_step40_s_20260111_00,2f2d4eb181db4668bdbd3b6e264ca822,2026-04-01,SH600989,0.16163590550422668,,,
EXP_XGBModel_Alpha158_csi300_expanding_step40_s_20260111_00,2f2d4eb181db4668bdbd3b6e264ca822,2026-04-01,SH600999,-0.018390046432614326,,,
EXP_XGBModel_Alpha158_csi300_expanding_step40_s_20260111_00,2f2d4eb181db4668bdbd3b6e264ca822,2026-04-01,SH601006,0.028472790494561195,,,
EXP_XGBModel_Alpha158_csi300_expanding_step40_s_20260111_00,2f2d4eb181db4668bdbd3b6e264ca822,2026-04-01,SH601009,0.0516669899225235,,,
EXP_XGBModel_Alpha158_csi300_expanding_step40_s_20260111_00,2f2d4eb181db4668bdbd3b6e264ca822,2026-04-01,SH601012,-0.013083514757454395,,,
EXP_XGBModel_Alpha158_csi300_expanding_step40_s_20260111_00,2f2d4eb181db4668bdbd3b6e264ca822,2026-04-01,SH601018,0.12434646487236023,,,
EXP_XGBModel_Alpha158_csi300_expanding_step40_s_20260111_00,2f2d4eb181db4668bdbd3b6e264ca822,2026-04-01,SH601021,-0.06788647919893265,,,
EXP_XGBModel_Alpha158_csi300_expanding_step40_s_20260111_00,2f2d4eb181db4668bdbd3b6e264ca822,2026-04-01,SH601058,-0.10120970010757446,,,
EXP_XGBModel_Alpha158_csi300_expanding_step40_s_20260111_00,2f2d4eb181db4668bdbd3b6e264ca822,2026-04-01,SH601059,-0.028527138754725456,,,
EXP_XGBModel_Alpha158_csi300_expanding_step40_s_20260111_00,2f2d4eb181db4668bdbd3b6e264ca822,2026-04-01,SH601066,0.027061674743890762,,,
EXP_XGBModel_Alpha158_csi300_expanding_step40_s_20260111_00,2f2d4eb181db4668bdbd3b6e264ca822,2026-04-01,SH601077,0.042427364736795425,,,
EXP_XGBModel_Alpha158_csi300_expanding_step40_s_20260111_00,2f2d4eb181db4668bdbd3b6e264ca822,2026-04-01,SH601319,0.024271627888083458,,,
EXP_XGBModel_Alpha158_csi300_expanding_step40_s_20260111_00,2f2d4eb181db4668bdbd3b6e264ca822,2026-04-01,SH601328,0.05873603746294975,,,
EXP_XGBModel_Alpha158_csi300_expanding_step40_s_20260111_00,2f2d4eb181db4668bdbd3b6e264ca822,2026-04-01,SH601336,0.007194552570581436,,,
EXP_XGBModel_Alpha158_csi300_expanding_step40_s_20260111_00,2f2d4eb181db4668bdbd3b6e264ca822,2026-04-01,SH601360,-0.005167866591364145,,,
EXP_XGBModel_Alpha158_csi300_expanding_step40_s_20260111_00,2f2d4eb181db4668bdbd3b6e264ca822,2026-04-01,SH601800,-0.02834329567849636,,,
EXP_XGBModel_Alpha158_csi300_expanding_step40_s_20260111_00,2f2d4eb181db4668bdbd3b6e264ca822,2026-04-01,SH601808,0.0026772478595376015,,,
EXP_XGBModel_Alpha158_csi300_expanding_step40_s_20260111_00,2f2d4eb181db4668bdbd3b6e264ca822,2026-04-01,SH601816,0.059850335121154785,,,
EXP_XGBModel_Alpha158_csi300_expanding_step40_s_20260111_00,2f2d4eb181db4668bdbd3b6e264ca822,2026-04-01,SH601818,0.05906463786959648,,,
EXP_XGBModel_Alpha158_csi300_expanding_step40_s_20260111_00,2f2d4eb181db4668bdbd3b6e264ca822,2026-04-01,SH601825,0.040255431085824966,,,
EXP_XGBModel_Alpha158_csi300_expanding_step40_s_20260111_00,2f2d4eb181db4668bdbd3b6e264ca822,2026-04-01,SH601838,0.08718381822109222,,,
EXP_XGBModel_Alpha158_csi300_expanding_step40_s_20260111_00,2f2d4eb181db4668bdbd3b6e264ca822,2026-04-01,SH601857,-0.008484452962875366,,,
EXP_XGBModel_Alpha158_csi300_expanding_step40_s_20260111_00,2f2d4eb181db4668bdbd3b6e264ca822,2026-04-01,SH601868,0.03069508634507656,,,
EXP_XGBModel_Alpha158_csi300_expanding_step40_s_20260111_00,2f2d4eb181db4668bdbd3b6e264ca822,2026-04-01,SH601872,0.1446840614080429,,,
EXP_XGBModel_Alpha158_csi300_expanding_step40_s_20260111_00,2f2d4eb181db4668bdbd3b6e264ca822,2026-04-01,SH601877,-0.003033900400623679,,,
EXP_XGBModel_Alpha158_csi300_expanding_step40_s_20260111_00,2f2d4eb181db4668bdbd3b6e264ca822,2026-04-01,SH601878,-0.053622856736183167,,,
EXP_XGBModel_Alpha158_csi300_expanding_step40_s_20260111_00,2f2d4eb181db4668bdbd3b6e264ca822,2026-04-01,SH601881,0.013489864766597748,,,
EXP_XGBModel_Alpha158_csi300_expanding_step40_s_20260111_00,2f2d4eb181db4668bdbd3b6e264ca822,2026-04-01,SH601888,-0.09557200223207474,,,
EXP_XGBModel_Alpha158_csi300_expanding_step40_s_20260111_00,2f2d4eb181db4668bdbd3b6e264ca822,2026-04-01,SH601898,0.05153173208236694,,,
EXP_XGBModel_Alpha158_csi300_expanding_step40_s_20260111_00,2f2d4eb181db4668bdbd3b6e264ca822,2026-04-01,SH601899,-0.08725465834140778,,,
EXP_XGBModel_Alpha158_csi300_expanding_step40_s_20260111_00,2f2d4eb181db4668bdbd3b6e264ca822,2026-04-01,SH601788,-0.040842365473508835,,,
EXP_XGBModel_Alpha158_csi300_expanding_step40_s_20260111_00,2f2d4eb181db4668bdbd3b6e264ca822,2026-04-01,SH600926,0.07556543499231339,,,
EXP_XGBModel_Alpha158_csi300_expanding_step40_s_20260111_00,2f2d4eb181db4668bdbd3b6e264ca822,2026-04-01,SH601766,0.06417687237262726,,,
EXP_XGBModel_Alpha158_csi300_expanding_step40_s_20260111_00,2f2d4eb181db4668bdbd3b6e264ca822,2026-04-01,SH601698,0.023950975388288498,,,
EXP_XGBModel_Alpha158_csi300_expanding_step40_s_20260111_00,2f2d4eb181db4668bdbd3b6e264ca822,2026-04-01,SH601377,-0.007978010922670364,,,
EXP_XGBModel_Alpha158_csi300_expanding_step40_s_20260111_00,2f2d4eb181db4668bdbd3b6e264ca822,2026-04-01,SH601390,0.015833621844649315,,,
EXP_XGBModel_Alpha158_csi300_expanding_step40_s_20260111_00,2f2d4eb181db4668bdbd3b6e264ca822,2026-04-01,SH601398,0.026609066873788834,,,
EXP_XGBModel_Alpha158_csi300_expanding_step40_s_20260111_00,2f2d4eb181db4668bdbd3b6e264ca822,2026-04-01,SH601456,-0.018324999138712883,,,
EXP_XGBModel_Alpha158_csi300_expanding_step40_s_20260111_00,2f2d4eb181db4668bdbd3b6e264ca822,2026-04-01,SH601600,-0.005719064734876156,,,
EXP_XGBModel_Alpha158_csi300_expanding_step40_s_20260111_00,2f2d4eb181db4668bdbd3b6e264ca822,2026-04-01,SH601601,0.02606656402349472,,,
EXP_XGBModel_Alpha158_csi300_expanding_step40_s_20260111_00,2f2d4eb181db4668bdbd3b6e264ca822,2026-04-01,SH601607,-0.0328807458281517,,,
EXP_XGBModel_Alpha158_csi300_expanding_step40_s_20260111_00,2f2d4eb181db4668bdbd3b6e264ca822,2026-04-01,SH601618,0.02265644259750843,,,
EXP_XGBModel_Alpha158_csi300_expanding_step40_s_20260111_00,2f2d4eb181db4668bdbd3b6e264ca822,2026-04-01,SH601628,-0.06065501272678375,,,
EXP_XGBModel_Alpha158_csi300_expanding_step40_s_20260111_00,2f2d4eb181db4668bdbd3b6e264ca822,2026-04-01,SH601633,0.019500311464071274,,,
EXP_XGBModel_Alpha158_csi300_expanding_step40_s_20260111_00,2f2d4eb181db4668bdbd3b6e264ca822,2026-04-01,SH601658,0.08342379331588745,,,
EXP_XGBModel_Alpha158_csi300_expanding_step40_s_20260111_00,2f2d4eb181db4668bdbd3b6e264ca822,2026-04-01,SH601668,0.009786093607544899,,,
EXP_XGBModel_Alpha158_csi300_expanding_step40_s_20260111_00,2f2d4eb181db4668bdbd3b6e264ca822,2026-04-01,SH601669,-0.03921433165669441,,,
EXP_XGBModel_Alpha158_csi300_expanding_step40_s_20260111_00,2f2d4eb181db4668bdbd3b6e264ca822,2026-04-01,SH601688,0.02669740468263626,,,
EXP_XGBModel_Alpha158_csi300_expanding_step40_s_20260111_00,2f2d4eb181db4668bdbd3b6e264ca822,2026-04-01,SH601689,-0.07376954704523087,,,
EXP_XGBModel_Alpha158_csi300_expanding_step40_s_20260111_00,2f2d4eb181db4668bdbd3b6e264ca822,2026-04-01,SH601728,0.001489901216700673,,,
EXP_XGBModel_Alpha158_csi300_expanding_step40_s_20260111_00,2f2d4eb181db4668bdbd3b6e264ca822,2026-04-01,SH601901,-0.016651062294840813,,,
EXP_XGBModel_Alpha158_csi300_expanding_step40_s_20260111_00,2f2d4eb181db4668bdbd3b6e264ca822,2026-04-01,SH600919,0.09288506954908371,,,
EXP_XGBModel_Alpha158_csi300_expanding_step40_s_20260111_00,2f2d4eb181db4668bdbd3b6e264ca822,2026-04-01,SH600905,-0.06444516777992249,,,
EXP_XGBModel_Alpha158_csi300_expanding_step40_s_20260111_00,2f2d4eb181db4668bdbd3b6e264ca822,2026-04-01,SH600066,-0.5745277404785156,,,
EXP_XGBModel_Alpha158_csi300_expanding_step40_s_20260111_00,2f2d4eb181db4668bdbd3b6e264ca822,2026-04-01,SH600085,0.024867240339517593,,,
EXP_XGBModel_Alpha158_csi300_expanding_step40_s_20260111_00,2f2d4eb181db4668bdbd3b6e264ca822,2026-04-01,SH600089,0.01611565239727497,,,
EXP_XGBModel_Alpha158_csi300_expanding_step40_s_20260111_00,2f2d4eb181db4668bdbd3b6e264ca822,2026-04-01,SH600104,-0.08170544356107712,,,
EXP_XGBModel_Alpha158_csi300_expanding_step40_s_20260111_00,2f2d4eb181db4668bdbd3b6e264ca822,2026-04-01,SH600111,-0.07873749732971191,,,
EXP_XGBModel_Alpha158_csi300_expanding_step40_s_20260111_00,2f2d4eb181db4668bdbd3b6e264ca822,2026-04-01,SH600115,-0.009282378479838371,,,
EXP_XGBModel_Alpha158_csi300_expanding_step40_s_20260111_00,2f2d4eb181db4668bdbd3b6e264ca822,2026-04-01,SH600061,-0.027714362367987633,,,
EXP_XGBModel_Alpha158_csi300_expanding_step40_s_20260111_00,2f2d4eb181db4668bdbd3b6e264ca822,2026-04-01,SH600150,0.06958512216806412,,,
EXP_XGBModel_Alpha158_csi300_expanding_step40_s_20260111_00,2f2d4eb181db4668bdbd3b6e264ca822,2026-04-01,SH600161,-0.07020316272974014,,,
EXP_XGBModel_Alpha158_csi300_expanding_step40_s_20260111_00,2f2d4eb181db4668bdbd3b6e264ca822,2026-04-01,SH600176,0.060353443026542664,,,
EXP_XGBModel_Alpha158_csi300_expanding_step40_s_20260111_00,2f2d4eb181db4668bdbd3b6e264ca822,2026-04-01,SH600183,0.05181177332997322,,,
EXP_XGBModel_Alpha158_csi300_expanding_step40_s_20260111_00,2f2d4eb181db4668bdbd3b6e264ca822,2026-04-01,SH600188,0.06354822963476181,,,
EXP_XGBModel_Alpha158_csi300_expanding_step40_s_20260111_00,2f2d4eb181db4668bdbd3b6e264ca822,2026-04-01,SH600196,-0.08550345152616501,,,
EXP_XGBModel_Alpha158_csi300_expanding_step40_s_20260111_00,2f2d4eb181db4668bdbd3b6e264ca822,2026-04-01,SH600219,-0.11368212848901749,,,
EXP_XGBModel_Alpha158_csi300_expanding_step40_s_20260111_00,2f2d4eb181db4668bdbd3b6e264ca822,2026-04-01,SH600160,0.0025472273118793964,,,
EXP_XGBModel_Alpha158_csi300_expanding_step40_s_20260111_00,2f2d4eb181db4668bdbd3b6e264ca822,2026-04-01,SH600050,0.03182245418429375,,,
EXP_XGBModel_Alpha158_csi300_expanding_step40_s_20260111_00,2f2d4eb181db4668bdbd3b6e264ca822,2026-04-01,SH600048,-0.021430479362607002,,,
EXP_XGBModel_Alpha158_csi300_expanding_step40_s_20260111_00,2f2d4eb181db4668bdbd3b6e264ca822,2026-04-01,SH600039,0.17570336163043976,,,
EXP_XGBModel_Alpha158_csi300_expanding_step40_s_20260111_00,2f2d4eb181db4668bdbd3b6e264ca822,2026-04-01,SH600010,-0.08472289144992828,,,
EXP_XGBModel_Alpha158_csi300_expanding_step40_s_20260111_00,2f2d4eb181db4668bdbd3b6e264ca822,2026-04-01,SH600011,-0.022712990641593933,,,
EXP_XGBModel_Alpha158_csi300_expanding_step40_s_20260111_00,2f2d4eb181db4668bdbd3b6e264ca822,2026-04-01,SH600015,0.041250526905059814,,,
EXP_XGBModel_Alpha158_csi300_expanding_step40_s_20260111_00,2f2d4eb181db4668bdbd3b6e264ca822,2026-04-01,SH600016,0.08692564815282822,,,
EXP_XGBModel_Alpha158_csi300_expanding_step40_s_20260111_00,2f2d4eb181db4668bdbd3b6e264ca822,2026-04-01,SH600018,0.09510763734579086,,,
EXP_XGBModel_Alpha158_csi300_expanding_step40_s_20260111_00,2f2d4eb181db4668bdbd3b6e264ca822,2026-04-01,SH600019,-0.020449072122573853,,,
EXP_XGBModel_Alpha158_csi300_expanding_step40_s_20260111_00,2f2d4eb181db4668bdbd3b6e264ca822,2026-04-01,SH600023,0.069846011698246,,,
EXP_XGBModel_Alpha158_csi300_expanding_step40_s_20260111_00,2f2d4eb181db4668bdbd3b6e264ca822,2026-04-01,SH600025,-0.006388883572071791,,,
EXP_XGBModel_Alpha158_csi300_expanding_step40_s_20260111_00,2f2d4eb181db4668bdbd3b6e264ca822,2026-04-01,SH600026,0.038669489324092865,,,
EXP_XGBModel_Alpha158_csi300_expanding_step40_s_20260111_00,2f2d4eb181db4668bdbd3b6e264ca822,2026-04-01,SH600027,-0.06255295127630234,,,
EXP_XGBModel_Alpha158_csi300_expanding_step40_s_20260111_00,2f2d4eb181db4668bdbd3b6e264ca822,2026-04-01,SH600028,-0.14424529671669006,,,
EXP_XGBModel_Alpha158_csi300_expanding_step40_s_20260111_00,2f2d4eb181db4668bdbd3b6e264ca822,2026-04-01,SH600029,-0.019763479009270668,,,
EXP_XGBModel_Alpha158_csi300_expanding_step40_s_20260111_00,2f2d4eb181db4668bdbd3b6e264ca822,2026-04-01,SH600030,-0.04493646323680878,,,
EXP_XGBModel_Alpha158_csi300_expanding_step40_s_20260111_00,2f2d4eb181db4668bdbd3b6e264ca822,2026-04-01,SH600031,-0.094789519906044,,,
EXP_XGBModel_Alpha158_csi300_expanding_step40_s_20260111_00,2f2d4eb181db4668bdbd3b6e264ca822,2026-04-01,SH600036,0.025908377021551132,,,
EXP_XGBModel_Alpha158_csi300_expanding_step40_s_20260111_00,2f2d4eb181db4668bdbd3b6e264ca822,2026-04-01,SH600233,0.021216044202446938,,,
EXP_XGBModel_Alpha158_csi300_expanding_step40_s_20260111_00,2f2d4eb181db4668bdbd3b6e264ca822,2026-04-01,SH600276,0.007824554108083248,,,
EXP_XGBModel_Alpha158_csi300_expanding_step40_s_20260111_00,2f2d4eb181db4668bdbd3b6e264ca822,2026-04-01,SH600309,0.019683539867401123,,,
EXP_XGBModel_Alpha158_csi300_expanding_step40_s_20260111_00,2f2d4eb181db4668bdbd3b6e264ca822,2026-04-01,SH600346,-0.11256037652492523,,,
EXP_XGBModel_Alpha158_csi300_expanding_step40_s_20260111_00,2f2d4eb181db4668bdbd3b6e264ca822,2026-04-01,SH600600,0.14502233266830444,,,
EXP_XGBModel_Alpha158_csi300_expanding_step40_s_20260111_00,2f2d4eb181db4668bdbd3b6e264ca822,2026-04-01,SH600660,-0.04118231683969498,,,
EXP_XGBModel_Alpha158_csi300_expanding_step40_s_20260111_00,2f2d4eb181db4668bdbd3b6e264ca822,2026-04-01,SH600674,0.004405238665640354,,,
EXP_XGBModel_Alpha158_csi300_expanding_step40_s_20260111_00,2f2d4eb181db4668bdbd3b6e264ca822,2026-04-01,SH600690,0.10616450011730194,,,
EXP_XGBModel_Alpha158_csi300_expanding_step40_s_20260111_00,2f2d4eb181db4668bdbd3b6e264ca822,2026-04-01,SH600741,0.057921893894672394,,,
EXP_XGBModel_Alpha158_csi300_expanding_step40_s_20260111_00,2f2d4eb181db4668bdbd3b6e264ca822,2026-04-01,SH600760,-0.048558223992586136,,,
EXP_XGBModel_Alpha158_csi300_expanding_step40_s_20260111_00,2f2d4eb181db4668bdbd3b6e264ca822,2026-04-01,SH600795,-0.011403458192944527,,,
EXP_XGBModel_Alpha158_csi300_expanding_step40_s_20260111_00,2f2d4eb181db4668bdbd3b6e264ca822,2026-04-01,SH600803,0.0111120929941535,,,
EXP_XGBModel_Alpha158_csi300_expanding_step40_s_20260111_00,2f2d4eb181db4668bdbd3b6e264ca822,2026-04-01,SH600809,-0.04124237224459648,,,
EXP_XGBModel_Alpha158_csi300_expanding_step40_s_20260111_00,2f2d4eb181db4668bdbd3b6e264ca822,2026-04-01,SH600845,-0.07296351343393326,,,
EXP_XGBModel_Alpha158_csi300_expanding_step40_s_20260111_00,2f2d4eb181db4668bdbd3b6e264ca822,2026-04-01,SH600875,-0.03641777113080025,,,
EXP_XGBModel_Alpha158_csi300_expanding_step40_s_20260111_00,2f2d4eb181db4668bdbd3b6e264ca822,2026-04-01,SH600886,-0.013956991955637932,,,
EXP_XGBModel_Alpha158_csi300_expanding_step40_s_20260111_00,2f2d4eb181db4668bdbd3b6e264ca822,2026-04-01,SH600887,0.01594548113644123,,,
EXP_XGBModel_Alpha158_csi300_expanding_step40_s_20260111_00,2f2d4eb181db4668bdbd3b6e264ca822,2026-04-01,SH600893,-0.010049117729067802,,,
EXP_XGBModel_Alpha158_csi300_expanding_step40_s_20260111_00,2f2d4eb181db4668bdbd3b6e264ca822,2026-04-01,SH600900,0.06473701447248459,,,
EXP_XGBModel_Alpha158_csi300_expanding_step40_s_20260111_00,2f2d4eb181db4668bdbd3b6e264ca822,2026-04-01,SH600588,0.02414756827056408,,,
EXP_XGBModel_Alpha158_csi300_expanding_step40_s_20260111_00,2f2d4eb181db4668bdbd3b6e264ca822,2026-04-01,SH600918,0.0003895759582519531,,,
EXP_XGBModel_Alpha158_csi300_expanding_step40_s_20260111_00,2f2d4eb181db4668bdbd3b6e264ca822,2026-04-01,SH600585,-0.017683014273643494,,,
EXP_XGBModel_Alpha158_csi300_expanding_step40_s_20260111_00,2f2d4eb181db4668bdbd3b6e264ca822,2026-04-01,SH600570,0.1383703202009201,,,
EXP_XGBModel_Alpha158_csi300_expanding_step40_s_20260111_00,2f2d4eb181db4668bdbd3b6e264ca822,2026-04-01,SH600362,-0.03687242418527603,,,
EXP_XGBModel_Alpha158_csi300_expanding_step40_s_20260111_00,2f2d4eb181db4668bdbd3b6e264ca822,2026-04-01,SH600372,-0.03405507281422615,,,
EXP_XGBModel_Alpha158_csi300_expanding_step40_s_20260111_00,2f2d4eb181db4668bdbd3b6e264ca822,2026-04-01,SH600377,0.06619547307491302,,,
EXP_XGBModel_Alpha158_csi300_expanding_step40_s_20260111_00,2f2d4eb181db4668bdbd3b6e264ca822,2026-04-01,SH600406,-0.03394119068980217,,,
EXP_XGBModel_Alpha158_csi300_expanding_step40_s_20260111_00,2f2d4eb181db4668bdbd3b6e264ca822,2026-04-01,SH600415,-0.015626978129148483,,,
EXP_XGBModel_Alpha158_csi300_expanding_step40_s_20260111_00,2f2d4eb181db4668bdbd3b6e264ca822,2026-04-01,SH600426,-0.10558690875768661,,,
EXP_XGBModel_Alpha158_csi300_expanding_step40_s_20260111_00,2f2d4eb181db4668bdbd3b6e264ca822,2026-04-01,SH600436,-0.0004379091551527381,,,
EXP_XGBModel_Alpha158_csi300_expanding_step40_s_20260111_00,2f2d4eb181db4668bdbd3b6e264ca822,2026-04-01,SH600438,-0.08664887398481369,,,
EXP_XGBModel_Alpha158_csi300_expanding_step40_s_20260111_00,2f2d4eb181db4668bdbd3b6e264ca822,2026-04-01,SH600460,-0.024394256994128227,,,
EXP_XGBModel_Alpha158_csi300_expanding_step40_s_20260111_00,2f2d4eb181db4668bdbd3b6e264ca822,2026-04-01,SH600482,0.05611274763941765,,,
EXP_XGBModel_Alpha158_csi300_expanding_step40_s_20260111_00,2f2d4eb181db4668bdbd3b6e264ca822,2026-04-01,SH600489,-0.14798526465892792,,,
EXP_XGBModel_Alpha158_csi300_expanding_step40_s_20260111_00,2f2d4eb181db4668bdbd3b6e264ca822,2026-04-01,SH600515,0.006288779433816671,,,
EXP_XGBModel_Alpha158_csi300_expanding_step40_s_20260111_00,2f2d4eb181db4668bdbd3b6e264ca822,2026-04-01,SH600519,0.036840733140707016,,,
EXP_XGBModel_Alpha158_csi300_expanding_step40_s_20260111_00,2f2d4eb181db4668bdbd3b6e264ca822,2026-04-01,SH600522,-0.020530736073851585,,,
EXP_XGBModel_Alpha158_csi300_expanding_step40_s_20260111_00,2f2d4eb181db4668bdbd3b6e264ca822,2026-04-01,SH600547,-0.07988213002681732,,,
EXP_XGBModel_Alpha158_csi300_expanding_step40_s_20260111_00,2f2d4eb181db4668bdbd3b6e264ca822,2026-04-01,SH600584,0.04384448751807213,,,
EXP_XGBModel_Alpha158_csi300_expanding_step40_s_20260111_00,2f2d4eb181db4668bdbd3b6e264ca822,2026-04-01,SH600009,-0.013215717859566212,,,
EXP_XGBModel_Alpha158_csi300_expanding_step40_s_20260111_00,2f2d4eb181db4668bdbd3b6e264ca822,2026-04-01,SH601916,0.08801094442605972,,,
EXP_XGBModel_Alpha158_csi300_expanding_step40_s_20260111_00,2f2d4eb181db4668bdbd3b6e264ca822,2026-04-01,SH601939,0.13711555302143097,,,
EXP_XGBModel_Alpha158_csi300_expanding_step40_s_20260111_00,2f2d4eb181db4668bdbd3b6e264ca822,2026-04-01,SZ002422,-0.10476446896791458,,,
EXP_XGBModel_Alpha158_csi300_expanding_step40_s_20260111_00,2f2d4eb181db4668bdbd3b6e264ca822,2026-04-01,SZ002459,0.048271097242832184,,,
EXP_XGBModel_Alpha158_csi300_expanding_step40_s_20260111_00,2f2d4eb181db4668bdbd3b6e264ca822,2026-04-01,SZ002460,0.11229687184095383,,,
EXP_XGBModel_Alpha158_csi300_expanding_step40_s_20260111_00,2f2d4eb181db4668bdbd3b6e264ca822,2026-04-01,SZ002463,-0.01921006292104721,,,
EXP_XGBModel_Alpha158_csi300_expanding_step40_s_20260111_00,2f2d4eb181db4668bdbd3b6e264ca822,2026-04-01,SZ002466,0.09704606235027313,,,
EXP_XGBModel_Alpha158_csi300_expanding_step40_s_20260111_00,2f2d4eb181db4668bdbd3b6e264ca822,2026-04-01,SZ002475,0.02958310954272747,,,
EXP_XGBModel_Alpha158_csi300_expanding_step40_s_20260111_00,2f2d4eb181db4668bdbd3b6e264ca822,2026-04-01,SZ002415,0.01418437622487545,,,
EXP_XGBModel_Alpha158_csi300_expanding_step40_s_20260111_00,2f2d4eb181db4668bdbd3b6e264ca822,2026-04-01,SZ002493,-0.011827968992292881,,,
EXP_XGBModel_Alpha158_csi300_expanding_step40_s_20260111_00,2f2d4eb181db4668bdbd3b6e264ca822,2026-04-01,SZ002600,0.06944681704044342,,,
EXP_XGBModel_Alpha158_csi300_expanding_step40_s_20260111_00,2f2d4eb181db4668bdbd3b6e264ca822,2026-04-01,SZ002601,-0.040221892297267914,,,
EXP_XGBModel_Alpha158_csi300_expanding_step40_s_20260111_00,2f2d4eb181db4668bdbd3b6e264ca822,2026-04-01,SZ002625,0.00022684282157570124,,,
EXP_XGBModel_Alpha158_csi300_expanding_step40_s_20260111_00,2f2d4eb181db4668bdbd3b6e264ca822,2026-04-01,SZ002648,-0.032253388315439224,,,
EXP_XGBModel_Alpha158_csi300_expanding_step40_s_20260111_00,2f2d4eb181db4668bdbd3b6e264ca822,2026-04-01,SZ002709,-0.03526619076728821,,,
EXP_XGBModel_Alpha158_csi300_expanding_step40_s_20260111_00,2f2d4eb181db4668bdbd3b6e264ca822,2026-04-01,SZ002714,0.0027952755335718393,,,
EXP_XGBModel_Alpha158_csi300_expanding_step40_s_20260111_00,2f2d4eb181db4668bdbd3b6e264ca822,2026-04-01,SZ002594,0.03282426670193672,,,
EXP_XGBModel_Alpha158_csi300_expanding_step40_s_20260111_00,2f2d4eb181db4668bdbd3b6e264ca822,2026-04-01,SZ002384,-0.16424456238746643,,,
EXP_XGBModel_Alpha158_csi300_expanding_step40_s_20260111_00,2f2d4eb181db4668bdbd3b6e264ca822,2026-04-01,SZ002371,0.16551481187343597,,,
EXP_XGBModel_Alpha158_csi300_expanding_step40_s_20260111_00,2f2d4eb181db4668bdbd3b6e264ca822,2026-04-01,SZ002352,0.046607233583927155,,,
EXP_XGBModel_Alpha158_csi300_expanding_step40_s_20260111_00,2f2d4eb181db4668bdbd3b6e264ca822,2026-04-01,SZ001979,-0.04354231432080269,,,
EXP_XGBModel_Alpha158_csi300_expanding_step40_s_20260111_00,2f2d4eb181db4668bdbd3b6e264ca822,2026-04-01,SZ002001,-0.06860814988613129,,,
EXP_XGBModel_Alpha158_csi300_expanding_step40_s_20260111_00,2f2d4eb181db4668bdbd3b6e264ca822,2026-04-01,SZ002027,0.04569966718554497,,,
EXP_XGBModel_Alpha158_csi300_expanding_step40_s_20260111_00,2f2d4eb181db4668bdbd3b6e264ca822,2026-04-01,SZ002028,0.0771123543381691,,,
EXP_XGBModel_Alpha158_csi300_expanding_step40_s_20260111_00,2f2d4eb181db4668bdbd3b6e264ca822,2026-04-01,SZ002049,0.026617800816893578,,,
EXP_XGBModel_Alpha158_csi300_expanding_step40_s_20260111_00,2f2d4eb181db4668bdbd3b6e264ca822,2026-04-01,SZ002050,-0.03212335333228111,,,
EXP_XGBModel_Alpha158_csi300_expanding_step40_s_20260111_00,2f2d4eb181db4668bdbd3b6e264ca822,2026-04-01,SZ002074,-0.032109059393405914,,,
EXP_XGBModel_Alpha158_csi300_expanding_step40_s_20260111_00,2f2d4eb181db4668bdbd3b6e264ca822,2026-04-01,SZ002142,-0.013755518943071365,,,
EXP_XGBModel_Alpha158_csi300_expanding_step40_s_20260111_00,2f2d4eb181db4668bdbd3b6e264ca822,2026-04-01,SZ002179,-0.09085619449615479,,,
EXP_XGBModel_Alpha158_csi300_expanding_step40_s_20260111_00,2f2d4eb181db4668bdbd3b6e264ca822,2026-04-01,SZ002230,-0.02434668503701687,,,
EXP_XGBModel_Alpha158_csi300_expanding_step40_s_20260111_00,2f2d4eb181db4668bdbd3b6e264ca822,2026-04-01,SZ002236,-0.011600065045058727,,,
EXP_XGBModel_Alpha158_csi300_expanding_step40_s_20260111_00,2f2d4eb181db4668bdbd3b6e264ca822,2026-04-01,SZ002241,0.01118401624262333,,,
EXP_XGBModel_Alpha158_csi300_expanding_step40_s_20260111_00,2f2d4eb181db4668bdbd3b6e264ca822,2026-04-01,SZ002252,-0.064270980656147,,,
EXP_XGBModel_Alpha158_csi300_expanding_step40_s_20260111_00,2f2d4eb181db4668bdbd3b6e264ca822,2026-04-01,SZ002304,0.009205298498272896,,,
EXP_XGBModel_Alpha158_csi300_expanding_step40_s_20260111_00,2f2d4eb181db4668bdbd3b6e264ca822,2026-04-01,SZ002311,-0.033714812248945236,,,
EXP_XGBModel_Alpha158_csi300_expanding_step40_s_20260111_00,2f2d4eb181db4668bdbd3b6e264ca822,2026-04-01,SZ002736,-0.1420239359140396,,,
EXP_XGBModel_Alpha158_csi300_expanding_step40_s_20260111_00,2f2d4eb181db4668bdbd3b6e264ca822,2026-04-01,SZ002916,0.025860155001282692,,,
EXP_XGBModel_Alpha158_csi300_expanding_step40_s_20260111_00,2f2d4eb181db4668bdbd3b6e264ca822,2026-04-01,SZ002920,0.04773186147212982,,,
EXP_XGBModel_Alpha158_csi300_expanding_step40_s_20260111_00,2f2d4eb181db4668bdbd3b6e264ca822,2026-04-01,SZ002938,0.036296214908361435,,,
EXP_XGBModel_Alpha158_csi300_expanding_step40_s_20260111_00,2f2d4eb181db4668bdbd3b6e264ca822,2026-04-01,SZ300498,-0.014082496985793114,,,
EXP_XGBModel_Alpha158_csi300_expanding_step40_s_20260111_00,2f2d4eb181db4668bdbd3b6e264ca822,2026-04-01,SZ300502,0.11975444853305817,,,
EXP_XGBModel_Alpha158_csi300_expanding_step40_s_20260111_00,2f2d4eb181db4668bdbd3b6e264ca822,2026-04-01,SZ300628,-0.03700742498040199,,,
EXP_XGBModel_Alpha158_csi300_expanding_step40_s_20260111_00,2f2d4eb181db4668bdbd3b6e264ca822,2026-04-01,SZ300661,0.04262411221861839,,,
EXP_XGBModel_Alpha158_csi300_expanding_step40_s_20260111_00,2f2d4eb181db4668bdbd3b6e264ca822,2026-04-01,SZ300750,0.04998808354139328,,,
EXP_XGBModel_Alpha158_csi300_expanding_step40_s_20260111_00,2f2d4eb181db4668bdbd3b6e264ca822,2026-04-01,SZ300759,-0.2337828129529953,,,
EXP_XGBModel_Alpha158_csi300_expanding_step40_s_20260111_00,2f2d4eb181db4668bdbd3b6e264ca822,2026-04-01,SZ300760,0.08378425985574722,,,
EXP_XGBModel_Alpha158_csi300_expanding_step40_s_20260111_00,2f2d4eb181db4668bdbd3b6e264ca822,2026-04-01,SZ300782,-0.021494366228580475,,,
EXP_XGBModel_Alpha158_csi300_expanding_step40_s_20260111_00,2f2d4eb181db4668bdbd3b6e264ca822,2026-04-01,SZ300803,0.02120528183877468,,,
EXP_XGBModel_Alpha158_csi300_expanding_step40_s_20260111_00,2f2d4eb181db4668bdbd3b6e264ca822,2026-04-01,SZ300832,-0.017412617802619934,,,
EXP_XGBModel_Alpha158_csi300_expanding_step40_s_20260111_00,2f2d4eb181db4668bdbd3b6e264ca822,2026-04-01,SZ300866,-0.009445874020457268,,,
EXP_XGBModel_Alpha158_csi300_expanding_step40_s_20260111_00,2f2d4eb181db4668bdbd3b6e264ca822,2026-04-01,SZ300896,-0.03716837987303734,,,
EXP_XGBModel_Alpha158_csi300_expanding_step40_s_20260111_00,2f2d4eb181db4668bdbd3b6e264ca822,2026-04-01,SZ300979,-0.021493151783943176,,,
EXP_XGBModel_Alpha158_csi300_expanding_step40_s_20260111_00,2f2d4eb181db4668bdbd3b6e264ca822,2026-04-01,SZ300999,-0.1125357523560524,,,
EXP_XGBModel_Alpha158_csi300_expanding_step40_s_20260111_00,2f2d4eb181db4668bdbd3b6e264ca822,2026-04-01,SZ301236,-0.00585645716637373,,,
EXP_XGBModel_Alpha158_csi300_expanding_step40_s_20260111_00,2f2d4eb181db4668bdbd3b6e264ca822,2026-04-01,SZ300476,-0.02983345277607441,,,
EXP_XGBModel_Alpha158_csi300_expanding_step40_s_20260111_00,2f2d4eb181db4668bdbd3b6e264ca822,2026-04-01,SZ001965,0.03286531940102577,,,
EXP_XGBModel_Alpha158_csi300_expanding_step40_s_20260111_00,2f2d4eb181db4668bdbd3b6e264ca822,2026-04-01,SZ300442,-0.08798867464065552,,,
EXP_XGBModel_Alpha158_csi300_expanding_step40_s_20260111_00,2f2d4eb181db4668bdbd3b6e264ca822,2026-04-01,SZ300418,-0.02084418386220932,,,
EXP_XGBModel_Alpha158_csi300_expanding_step40_s_20260111_00,2f2d4eb181db4668bdbd3b6e264ca822,2026-04-01,SZ003816,0.45181819796562195,,,
EXP_XGBModel_Alpha158_csi300_expanding_step40_s_20260111_00,2f2d4eb181db4668bdbd3b6e264ca822,2026-04-01,SZ300014,-0.0032415976747870445,,,
EXP_XGBModel_Alpha158_csi300_expanding_step40_s_20260111_00,2f2d4eb181db4668bdbd3b6e264ca822,2026-04-01,SZ300015,-0.007195631507784128,,,
EXP_XGBModel_Alpha158_csi300_expanding_step40_s_20260111_00,2f2d4eb181db4668bdbd3b6e264ca822,2026-04-01,SZ300033,-0.0013103247620165348,,,
EXP_XGBModel_Alpha158_csi300_expanding_step40_s_20260111_00,2f2d4eb181db4668bdbd3b6e264ca822,2026-04-01,SZ300059,-0.00735513074323535,,,
EXP_XGBModel_Alpha158_csi300_expanding_step40_s_20260111_00,2f2d4eb181db4668bdbd3b6e264ca822,2026-04-01,SZ300122,0.013882998377084732,,,
EXP_XGBModel_Alpha158_csi300_expanding_step40_s_20260111_00,2f2d4eb181db4668bdbd3b6e264ca822,2026-04-01,SZ300124,-0.05396164581179619,,,
EXP_XGBModel_Alpha158_csi300_expanding_step40_s_20260111_00,2f2d4eb181db4668bdbd3b6e264ca822,2026-04-01,SZ300251,0.10379049181938171,,,
EXP_XGBModel_Alpha158_csi300_expanding_step40_s_20260111_00,2f2d4eb181db4668bdbd3b6e264ca822,2026-04-01,SZ300274,-0.10211186856031418,,,
EXP_XGBModel_Alpha158_csi300_expanding_step40_s_20260111_00,2f2d4eb181db4668bdbd3b6e264ca822,2026-04-01,SZ300308,0.08230575919151306,,,
EXP_XGBModel_Alpha158_csi300_expanding_step40_s_20260111_00,2f2d4eb181db4668bdbd3b6e264ca822,2026-04-01,SZ300316,0.013483182527124882,,,
EXP_XGBModel_Alpha158_csi300_expanding_step40_s_20260111_00,2f2d4eb181db4668bdbd3b6e264ca822,2026-04-01,SZ300347,-0.17909246683120728,,,
EXP_XGBModel_Alpha158_csi300_expanding_step40_s_20260111_00,2f2d4eb181db4668bdbd3b6e264ca822,2026-04-01,SZ300394,-0.04107717052102089,,,
EXP_XGBModel_Alpha158_csi300_expanding_step40_s_20260111_00,2f2d4eb181db4668bdbd3b6e264ca822,2026-04-01,SZ300408,0.05289692431688309,,,
EXP_XGBModel_Alpha158_csi300_expanding_step40_s_20260111_00,2f2d4eb181db4668bdbd3b6e264ca822,2026-04-01,SZ300413,-0.08618023246526718,,,
EXP_XGBModel_Alpha158_csi300_expanding_step40_s_20260111_00,2f2d4eb181db4668bdbd3b6e264ca822,2026-04-01,SZ300433,0.0017371417488902807,,,
EXP_XGBModel_Alpha158_csi300_expanding_step40_s_20260111_00,2f2d4eb181db4668bdbd3b6e264ca822,2026-04-01,SH601919,-0.06923574954271317,,,
EXP_XGBModel_Alpha158_csi300_expanding_step40_s_20260111_00,2f2d4eb181db4668bdbd3b6e264ca822,2026-04-01,SZ001391,-0.058083806186914444,,,
EXP_XGBModel_Alpha158_csi300_expanding_step40_s_20260111_00,2f2d4eb181db4668bdbd3b6e264ca822,2026-04-01,SZ000983,-0.10637194663286209,,,
EXP_XGBModel_Alpha158_csi300_expanding_step40_s_20260111_00,2f2d4eb181db4668bdbd3b6e264ca822,2026-04-01,SH688008,-0.0016289694467559457,,,
EXP_XGBModel_Alpha158_csi300_expanding_step40_s_20260111_00,2f2d4eb181db4668bdbd3b6e264ca822,2026-04-01,SH688009,0.023258617147803307,,,
EXP_XGBModel_Alpha158_csi300_expanding_step40_s_20260111_00,2f2d4eb181db4668bdbd3b6e264ca822,2026-04-01,SH688012,0.01644127443432808,,,
EXP_XGBModel_Alpha158_csi300_expanding_step40_s_20260111_00,2f2d4eb181db4668bdbd3b6e264ca822,2026-04-01,SH688036,0.08761420845985413,,,
EXP_XGBModel_Alpha158_csi300_expanding_step40_s_20260111_00,2f2d4eb181db4668bdbd3b6e264ca822,2026-04-01,SH688041,-0.031255461275577545,,,
EXP_XGBModel_Alpha158_csi300_expanding_step40_s_20260111_00,2f2d4eb181db4668bdbd3b6e264ca822,2026-04-01,SH688047,-0.08326289802789688,,,
EXP_XGBModel_Alpha158_csi300_expanding_step40_s_20260111_00,2f2d4eb181db4668bdbd3b6e264ca822,2026-04-01,SH605499,0.02033902332186699,,,
EXP_XGBModel_Alpha158_csi300_expanding_step40_s_20260111_00,2f2d4eb181db4668bdbd3b6e264ca822,2026-04-01,SH688082,0.017264660447835922,,,
EXP_XGBModel_Alpha158_csi300_expanding_step40_s_20260111_00,2f2d4eb181db4668bdbd3b6e264ca822,2026-04-01,SH688126,-0.009194046258926392,,,
EXP_XGBModel_Alpha158_csi300_expanding_step40_s_20260111_00,2f2d4eb181db4668bdbd3b6e264ca822,2026-04-01,SH688169,-0.012179559096693993,,,
EXP_XGBModel_Alpha158_csi300_expanding_step40_s_20260111_00,2f2d4eb181db4668bdbd3b6e264ca822,2026-04-01,SH688187,0.016683736816048622,,,
EXP_XGBModel_Alpha158_csi300_expanding_step40_s_20260111_00,2f2d4eb181db4668bdbd3b6e264ca822,2026-04-01,SH688223,-0.04115023836493492,,,
EXP_XGBModel_Alpha158_csi300_expanding_step40_s_20260111_00,2f2d4eb181db4668bdbd3b6e264ca822,2026-04-01,SH688256,0.011742726899683475,,,
EXP_XGBModel_Alpha158_csi300_expanding_step40_s_20260111_00,2f2d4eb181db4668bdbd3b6e264ca822,2026-04-01,SH688271,-0.009984518401324749,,,
EXP_XGBModel_Alpha158_csi300_expanding_step40_s_20260111_00,2f2d4eb181db4668bdbd3b6e264ca822,2026-04-01,SH688111,-0.05231005325913429,,,
EXP_XGBModel_Alpha158_csi300_expanding_step40_s_20260111_00,2f2d4eb181db4668bdbd3b6e264ca822,2026-04-01,SH605117,0.006278553977608681,,,
EXP_XGBModel_Alpha158_csi300_expanding_step40_s_20260111_00,2f2d4eb181db4668bdbd3b6e264ca822,2026-04-01,SH603993,-0.07477119565010071,,,
EXP_XGBModel_Alpha158_csi300_expanding_step40_s_20260111_00,2f2d4eb181db4668bdbd3b6e264ca822,2026-04-01,SH603986,-0.02975967898964882,,,
EXP_XGBModel_Alpha158_csi300_expanding_step40_s_20260111_00,2f2d4eb181db4668bdbd3b6e264ca822,2026-04-01,SH601985,0.028693649917840958,,,
EXP_XGBModel_Alpha158_csi300_expanding_step40_s_20260111_00,2f2d4eb181db4668bdbd3b6e264ca822,2026-04-01,SH601988,0.0529538057744503,,,
EXP_XGBModel_Alpha158_csi300_expanding_step40_s_20260111_00,2f2d4eb181db4668bdbd3b6e264ca822,2026-04-01,SH601995,-0.051900945603847504,,,
EXP_XGBModel_Alpha158_csi300_expanding_step40_s_20260111_00,2f2d4eb181db4668bdbd3b6e264ca822,2026-04-01,SH601998,0.27440541982650757,,,
EXP_XGBModel_Alpha158_csi300_expanding_step40_s_20260111_00,2f2d4eb181db4668bdbd3b6e264ca822,2026-04-01,SH603019,-0.03397348150610924,,,
EXP_XGBModel_Alpha158_csi300_expanding_step40_s_20260111_00,2f2d4eb181db4668bdbd3b6e264ca822,2026-04-01,SH603195,-0.02348713018000126,,,
EXP_XGBModel_Alpha158_csi300_expanding_step40_s_20260111_00,2f2d4eb181db4668bdbd3b6e264ca822,2026-04-01,SH603259,0.044377297163009644,,,
EXP_XGBModel_Alpha158_csi300_expanding_step40_s_20260111_00,2f2d4eb181db4668bdbd3b6e264ca822,2026-04-01,SH603260,-0.02077300287783146,,,
EXP_XGBModel_Alpha158_csi300_expanding_step40_s_20260111_00,2f2d4eb181db4668bdbd3b6e264ca822,2026-04-01,SH603288,-0.03249108046293259,,,
EXP_XGBModel_Alpha158_csi300_expanding_step40_s_20260111_00,2f2d4eb181db4668bdbd3b6e264ca822,2026-04-01,SH603296,0.31130340695381165,,,
EXP_XGBModel_Alpha158_csi300_expanding_step40_s_20260111_00,2f2d4eb181db4668bdbd3b6e264ca822,2026-04-01,SH603369,-0.07531914860010147,,,
EXP_XGBModel_Alpha158_csi300_expanding_step40_s_20260111_00,2f2d4eb181db4668bdbd3b6e264ca822,2026-04-01,SH603392,-0.012870830483734608,,,
EXP_XGBModel_Alpha158_csi300_expanding_step40_s_20260111_00,2f2d4eb181db4668bdbd3b6e264ca822,2026-04-01,SH603501,0.04368637502193451,,,
EXP_XGBModel_Alpha158_csi300_expanding_step40_s_20260111_00,2f2d4eb181db4668bdbd3b6e264ca822,2026-04-01,SH603799,-0.17597515881061554,,,
EXP_XGBModel_Alpha158_csi300_expanding_step40_s_20260111_00,2f2d4eb181db4668bdbd3b6e264ca822,2026-04-01,SH603893,-0.018226375803351402,,,
EXP_XGBModel_Alpha158_csi300_expanding_step40_s_20260111_00,2f2d4eb181db4668bdbd3b6e264ca822,2026-04-01,SH688303,-0.0517091229557991,,,
EXP_XGBModel_Alpha158_csi300_expanding_step40_s_20260111_00,2f2d4eb181db4668bdbd3b6e264ca822,2026-04-01,SH688396,-0.004185890778899193,,,
EXP_XGBModel_Alpha158_csi300_expanding_step40_s_20260111_00,2f2d4eb181db4668bdbd3b6e264ca822,2026-04-01,SH688472,0.018990518525242805,,,
EXP_XGBModel_Alpha158_csi300_expanding_step40_s_20260111_00,2f2d4eb181db4668bdbd3b6e264ca822,2026-04-01,SH688506,-0.5219742059707642,,,
EXP_XGBModel_Alpha158_csi300_expanding_step40_s_20260111_00,2f2d4eb181db4668bdbd3b6e264ca822,2026-04-01,SZ000661,-0.052949849516153336,,,
EXP_XGBModel_Alpha158_csi300_expanding_step40_s_20260111_00,2f2d4eb181db4668bdbd3b6e264ca822,2026-04-01,SZ000708,-0.006092298775911331,,,
EXP_XGBModel_Alpha158_csi300_expanding_step40_s_20260111_00,2f2d4eb181db4668bdbd3b6e264ca822,2026-04-01,SZ000725,-0.044382233172655106,,,
EXP_XGBModel_Alpha158_csi300_expanding_step40_s_20260111_00,2f2d4eb181db4668bdbd3b6e264ca822,2026-04-01,SZ000768,0.021821938455104828,,,
EXP_XGBModel_Alpha158_csi300_expanding_step40_s_20260111_00,2f2d4eb181db4668bdbd3b6e264ca822,2026-04-01,SZ000776,-0.06077994033694267,,,
EXP_XGBModel_Alpha158_csi300_expanding_step40_s_20260111_00,2f2d4eb181db4668bdbd3b6e264ca822,2026-04-01,SZ000786,0.03212332725524902,,,
EXP_XGBModel_Alpha158_csi300_expanding_step40_s_20260111_00,2f2d4eb181db4668bdbd3b6e264ca822,2026-04-01,SZ000792,0.05145645514130592,,,
EXP_XGBModel_Alpha158_csi300_expanding_step40_s_20260111_00,2f2d4eb181db4668bdbd3b6e264ca822,2026-04-01,SZ000807,-0.08450933545827866,,,
EXP_XGBModel_Alpha158_csi300_expanding_step40_s_20260111_00,2f2d4eb181db4668bdbd3b6e264ca822,2026-04-01,SZ000858,-0.013837814331054688,,,
EXP_XGBModel_Alpha158_csi300_expanding_step40_s_20260111_00,2f2d4eb181db4668bdbd3b6e264ca822,2026-04-01,SZ000876,-0.05203653872013092,,,
EXP_XGBModel_Alpha158_csi300_expanding_step40_s_20260111_00,2f2d4eb181db4668bdbd3b6e264ca822,2026-04-01,SZ000895,0.11991022527217865,,,
EXP_XGBModel_Alpha158_csi300_expanding_step40_s_20260111_00,2f2d4eb181db4668bdbd3b6e264ca822,2026-04-01,SZ000938,0.017863566055893898,,,
EXP_XGBModel_Alpha158_csi300_expanding_step40_s_20260111_00,2f2d4eb181db4668bdbd3b6e264ca822,2026-04-01,SZ000963,0.019033249467611313,,,
EXP_XGBModel_Alpha158_csi300_expanding_step40_s_20260111_00,2f2d4eb181db4668bdbd3b6e264ca822,2026-04-01,SZ000975,-0.0679919421672821,,,
EXP_XGBModel_Alpha158_csi300_expanding_step40_s_20260111_00,2f2d4eb181db4668bdbd3b6e264ca822,2026-04-01,SZ000977,0.04588691517710686,,,
EXP_XGBModel_Alpha158_csi300_expanding_step40_s_20260111_00,2f2d4eb181db4668bdbd3b6e264ca822,2026-04-01,SZ000651,0.049703486263751984,,,
EXP_XGBModel_Alpha158_csi300_expanding_step40_s_20260111_00,2f2d4eb181db4668bdbd3b6e264ca822,2026-04-01,SZ000999,-0.05166192352771759,,,
EXP_XGBModel_Alpha158_csi300_expanding_step40_s_20260111_00,2f2d4eb181db4668bdbd3b6e264ca822,2026-04-01,SZ000630,-0.0680493712425232,,,
EXP_XGBModel_Alpha158_csi300_expanding_step40_s_20260111_00,2f2d4eb181db4668bdbd3b6e264ca822,2026-04-01,SZ000617,0.0021284720860421658,,,
EXP_XGBModel_Alpha158_csi300_expanding_step40_s_20260111_00,2f2d4eb181db4668bdbd3b6e264ca822,2026-04-01,SH688981,-0.03910071775317192,,,
EXP_XGBModel_Alpha158_csi300_expanding_step40_s_20260111_00,2f2d4eb181db4668bdbd3b6e264ca822,2026-04-01,SZ000001,0.0037085022777318954,,,
EXP_XGBModel_Alpha158_csi300_expanding_step40_s_20260111_00,2f2d4eb181db4668bdbd3b6e264ca822,2026-04-01,SZ000002,-0.022147931158542633,,,
EXP_XGBModel_Alpha158_csi300_expanding_step40_s_20260111_00,2f2d4eb181db4668bdbd3b6e264ca822,2026-04-01,SZ000063,0.015879714861512184,,,
EXP_XGBModel_Alpha158_csi300_expanding_step40_s_20260111_00,2f2d4eb181db4668bdbd3b6e264ca822,2026-04-01,SZ000100,-0.07409906387329102,,,
EXP_XGBModel_Alpha158_csi300_expanding_step40_s_20260111_00,2f2d4eb181db4668bdbd3b6e264ca822,2026-04-01,SZ000157,-0.05722390487790108,,,
EXP_XGBModel_Alpha158_csi300_expanding_step40_s_20260111_00,2f2d4eb181db4668bdbd3b6e264ca822,2026-04-01,SZ000166,0.008577552624046803,,,
EXP_XGBModel_Alpha158_csi300_expanding_step40_s_20260111_00,2f2d4eb181db4668bdbd3b6e264ca822,2026-04-01,SZ000301,-0.13181620836257935,,,
EXP_XGBModel_Alpha158_csi300_expanding_step40_s_20260111_00,2f2d4eb181db4668bdbd3b6e264ca822,2026-04-01,SZ000333,0.06213505566120148,,,
EXP_XGBModel_Alpha158_csi300_expanding_step40_s_20260111_00,2f2d4eb181db4668bdbd3b6e264ca822,2026-04-01,SZ000338,0.00886392593383789,,,
EXP_XGBModel_Alpha158_csi300_expanding_step40_s_20260111_00,2f2d4eb181db4668bdbd3b6e264ca822,2026-04-01,SZ000408,-0.09573424607515335,,,
EXP_XGBModel_Alpha158_csi300_expanding_step40_s_20260111_00,2f2d4eb181db4668bdbd3b6e264ca822,2026-04-01,SZ000425,0.023752938956022263,,,
EXP_XGBModel_Alpha158_csi300_expanding_step40_s_20260111_00,2f2d4eb181db4668bdbd3b6e264ca822,2026-04-01,SZ000538,0.03272904083132744,,,
EXP_XGBModel_Alpha158_csi300_expanding_step40_s_20260111_00,2f2d4eb181db4668bdbd3b6e264ca822,2026-04-01,SZ000568,-0.02656516432762146,,,
EXP_XGBModel_Alpha158_csi300_expanding_step40_s_20260111_00,2f2d4eb181db4668bdbd3b6e264ca822,2026-04-01,SZ000596,-0.006671118084341288,,,
EXP_XGBModel_Alpha158_csi300_expanding_step40_s_20260111_00,2f2d4eb181db4668bdbd3b6e264ca822,2026-04-01,SZ000625,0.028010893613100052,,,
EXP_XGBModel_Alpha158_csi300_sliding_step40_s_20260111_01,44df6c59b159490fa0b22d3c198cd0a9,2026-04-01,SH600000,0.02001303993165493,,,
EXP_XGBModel_Alpha158_csi300_expanding_step40_s_20260111_00,2f2d4eb181db4668bdbd3b6e264ca822,2026-04-01,SH600000,0.051832057535648346,,,
EXP_XGBModel_Alpha158_csi300_sliding_step40_s_20260111_01,44df6c59b159490fa0b22d3c198cd0a9,2026-04-01,SZ301269,0.05739986151456833,,,
EXP_XGBModel_Alpha158_csi300_sliding_step40_s_20260111_01,44df6c59b159490fa0b22d3c198cd0a9,2026-04-01,SH601127,0.015040159225463867,,,
EXP_XGBModel_Alpha158_csi300_sliding_step40_s_20260111_01,44df6c59b159490fa0b22d3c198cd0a9,2026-04-01,SH601136,0.017941556870937347,,,
EXP_XGBModel_Alpha158_csi300_sliding_step40_s_20260111_01,44df6c59b159490fa0b22d3c198cd0a9,2026-04-01,SH601138,-0.3485654890537262,,,
EXP_XGBModel_Alpha158_csi300_sliding_step40_s_20260111_01,44df6c59b159490fa0b22d3c198cd0a9,2026-04-01,SH601166,-0.0359465554356575,,,
EXP_XGBModel_Alpha158_csi300_sliding_step40_s_20260111_01,44df6c59b159490fa0b22d3c198cd0a9,2026-04-01,SH601169,0.04171472042798996,,,
EXP_XGBModel_Alpha158_csi300_sliding_step40_s_20260111_01,44df6c59b159490fa0b22d3c198cd0a9,2026-04-01,SH601186,0.011128823272883892,,,
EXP_XGBModel_Alpha158_csi300_sliding_step40_s_20260111_01,44df6c59b159490fa0b22d3c198cd0a9,2026-04-01,SH601117,-0.012611460871994495,,,
EXP_XGBModel_Alpha158_csi300_sliding_step40_s_20260111_01,44df6c59b159490fa0b22d3c198cd0a9,2026-04-01,SH601211,-0.10546693950891495,,,
EXP_XGBModel_Alpha158_csi300_sliding_step40_s_20260111_01,44df6c59b159490fa0b22d3c198cd0a9,2026-04-01,SH601229,0.07899972796440125,,,
EXP_XGBModel_Alpha158_csi300_sliding_step40_s_20260111_01,44df6c59b159490fa0b22d3c198cd0a9,2026-04-01,SH601236,-0.031005317345261574,,,
EXP_XGBModel_Alpha158_csi300_sliding_step40_s_20260111_01,44df6c59b159490fa0b22d3c198cd0a9,2026-04-01,SH601238,0.005505221895873547,,,
EXP_XGBModel_Alpha158_csi300_sliding_step40_s_20260111_01,44df6c59b159490fa0b22d3c198cd0a9,2026-04-01,SH601288,0.068112313747406,,,
EXP_XGBModel_Alpha158_csi300_sliding_step40_s_20260111_01,44df6c59b159490fa0b22d3c198cd0a9,2026-04-01,SH601298,0.10090234875679016,,,
EXP_XGBModel_Alpha158_csi300_sliding_step40_s_20260111_01,44df6c59b159490fa0b22d3c198cd0a9,2026-04-01,SH601318,0.06099259853363037,,,
EXP_XGBModel_Alpha158_csi300_sliding_step40_s_20260111_01,44df6c59b159490fa0b22d3c198cd0a9,2026-04-01,SH601225,-0.013311767019331455,,,
EXP_XGBModel_Alpha158_csi300_sliding_step40_s_20260111_01,44df6c59b159490fa0b22d3c198cd0a9,2026-04-01,SH601111,0.017280742526054382,,,
EXP_XGBModel_Alpha158_csi300_sliding_step40_s_20260111_01,44df6c59b159490fa0b22d3c198cd0a9,2026-04-01,SH601100,0.20515383780002594,,,
EXP_XGBModel_Alpha158_csi300_sliding_step40_s_20260111_01,44df6c59b159490fa0b22d3c198cd0a9,2026-04-01,SH601088,0.04295933619141579,,,
EXP_XGBModel_Alpha158_csi300_sliding_step40_s_20260111_01,44df6c59b159490fa0b22d3c198cd0a9,2026-04-01,SH600930,-0.0754072517156601,,,
EXP_XGBModel_Alpha158_csi300_sliding_step40_s_20260111_01,44df6c59b159490fa0b22d3c198cd0a9,2026-04-01,SH600938,0.40886783599853516,,,
EXP_XGBModel_Alpha158_csi300_sliding_step40_s_20260111_01,44df6c59b159490fa0b22d3c198cd0a9,2026-04-01,SH600941,-0.023007702082395554,,,
EXP_XGBModel_Alpha158_csi300_sliding_step40_s_20260111_01,44df6c59b159490fa0b22d3c198cd0a9,2026-04-01,SH600958,-0.14342860877513885,,,
EXP_XGBModel_Alpha158_csi300_sliding_step40_s_20260111_01,44df6c59b159490fa0b22d3c198cd0a9,2026-04-01,SH600989,0.21476227045059204,,,
EXP_XGBModel_Alpha158_csi300_sliding_step40_s_20260111_01,44df6c59b159490fa0b22d3c198cd0a9,2026-04-01,SH600999,-0.05009319633245468,,,
EXP_XGBModel_Alpha158_csi300_sliding_step40_s_20260111_01,44df6c59b159490fa0b22d3c198cd0a9,2026-04-01,SH601006,0.03450052812695503,,,
EXP_XGBModel_Alpha158_csi300_sliding_step40_s_20260111_01,44df6c59b159490fa0b22d3c198cd0a9,2026-04-01,SH601009,0.04978113994002342,,,
EXP_XGBModel_Alpha158_csi300_sliding_step40_s_20260111_01,44df6c59b159490fa0b22d3c198cd0a9,2026-04-01,SH601012,-0.0529324933886528,,,
EXP_XGBModel_Alpha158_csi300_sliding_step40_s_20260111_01,44df6c59b159490fa0b22d3c198cd0a9,2026-04-01,SH601018,0.10497689247131348,,,
EXP_XGBModel_Alpha158_csi300_sliding_step40_s_20260111_01,44df6c59b159490fa0b22d3c198cd0a9,2026-04-01,SH601021,0.08061300218105316,,,
EXP_XGBModel_Alpha158_csi300_sliding_step40_s_20260111_01,44df6c59b159490fa0b22d3c198cd0a9,2026-04-01,SH601058,-0.040977079421281815,,,
EXP_XGBModel_Alpha158_csi300_sliding_step40_s_20260111_01,44df6c59b159490fa0b22d3c198cd0a9,2026-04-01,SH601059,-0.02968265302479267,,,
EXP_XGBModel_Alpha158_csi300_sliding_step40_s_20260111_01,44df6c59b159490fa0b22d3c198cd0a9,2026-04-01,SH601066,0.02735544741153717,,,
EXP_XGBModel_Alpha158_csi300_sliding_step40_s_20260111_01,44df6c59b159490fa0b22d3c198cd0a9,2026-04-01,SH601077,0.13157445192337036,,,
EXP_XGBModel_Alpha158_csi300_sliding_step40_s_20260111_01,44df6c59b159490fa0b22d3c198cd0a9,2026-04-01,SH601319,-0.06839504837989807,,,
EXP_XGBModel_Alpha158_csi300_sliding_step40_s_20260111_01,44df6c59b159490fa0b22d3c198cd0a9,2026-04-01,SH601328,-0.005309527274221182,,,
EXP_XGBModel_Alpha158_csi300_sliding_step40_s_20260111_01,44df6c59b159490fa0b22d3c198cd0a9,2026-04-01,SH601336,-0.004397302865982056,,,
EXP_XGBModel_Alpha158_csi300_sliding_step40_s_20260111_01,44df6c59b159490fa0b22d3c198cd0a9,2026-04-01,SH601360,-0.005535341799259186,,,
EXP_XGBModel_Alpha158_csi300_sliding_step40_s_20260111_01,44df6c59b159490fa0b22d3c198cd0a9,2026-04-01,SH601800,-0.03990178927779198,,,
EXP_XGBModel_Alpha158_csi300_sliding_step40_s_20260111_01,44df6c59b159490fa0b22d3c198cd0a9,2026-04-01,SH601808,0.03288364037871361,,,
EXP_XGBModel_Alpha158_csi300_sliding_step40_s_20260111_01,44df6c59b159490fa0b22d3c198cd0a9,2026-04-01,SH601816,0.0323370024561882,,,
EXP_XGBModel_Alpha158_csi300_sliding_step40_s_20260111_01,44df6c59b159490fa0b22d3c198cd0a9,2026-04-01,SH601818,0.004298022948205471,,,
EXP_XGBModel_Alpha158_csi300_sliding_step40_s_20260111_01,44df6c59b159490fa0b22d3c198cd0a9,2026-04-01,SH601825,0.0004593450576066971,,,
EXP_XGBModel_Alpha158_csi300_sliding_step40_s_20260111_01,44df6c59b159490fa0b22d3c198cd0a9,2026-04-01,SH601838,0.05453157052397728,,,
EXP_XGBModel_Alpha158_csi300_sliding_step40_s_20260111_01,44df6c59b159490fa0b22d3c198cd0a9,2026-04-01,SH601857,0.21367394924163818,,,
EXP_XGBModel_Alpha158_csi300_sliding_step40_s_20260111_01,44df6c59b159490fa0b22d3c198cd0a9,2026-04-01,SH601868,0.12725500762462616,,,
EXP_XGBModel_Alpha158_csi300_sliding_step40_s_20260111_01,44df6c59b159490fa0b22d3c198cd0a9,2026-04-01,SH601872,0.4563402831554413,,,
EXP_XGBModel_Alpha158_csi300_sliding_step40_s_20260111_01,44df6c59b159490fa0b22d3c198cd0a9,2026-04-01,SH601877,0.03434302657842636,,,
EXP_XGBModel_Alpha158_csi300_sliding_step40_s_20260111_01,44df6c59b159490fa0b22d3c198cd0a9,2026-04-01,SH601878,-0.049646634608507156,,,
EXP_XGBModel_Alpha158_csi300_sliding_step40_s_20260111_01,44df6c59b159490fa0b22d3c198cd0a9,2026-04-01,SH601881,0.011564613319933414,,,
EXP_XGBModel_Alpha158_csi300_sliding_step40_s_20260111_01,44df6c59b159490fa0b22d3c198cd0a9,2026-04-01,SH601888,-0.23190492391586304,,,
EXP_XGBModel_Alpha158_csi300_sliding_step40_s_20260111_01,44df6c59b159490fa0b22d3c198cd0a9,2026-04-01,SH601898,0.05738474056124687,,,
EXP_XGBModel_Alpha158_csi300_sliding_step40_s_20260111_01,44df6c59b159490fa0b22d3c198cd0a9,2026-04-01,SH601899,-0.11328306049108505,,,
EXP_XGBModel_Alpha158_csi300_sliding_step40_s_20260111_01,44df6c59b159490fa0b22d3c198cd0a9,2026-04-01,SH601788,-0.056949298828840256,,,
EXP_XGBModel_Alpha158_csi300_sliding_step40_s_20260111_01,44df6c59b159490fa0b22d3c198cd0a9,2026-04-01,SH600926,0.05969936028122902,,,
EXP_XGBModel_Alpha158_csi300_sliding_step40_s_20260111_01,44df6c59b159490fa0b22d3c198cd0a9,2026-04-01,SH601766,0.03113493323326111,,,
EXP_XGBModel_Alpha158_csi300_sliding_step40_s_20260111_01,44df6c59b159490fa0b22d3c198cd0a9,2026-04-01,SH601698,0.07170692086219788,,,
EXP_XGBModel_Alpha158_csi300_sliding_step40_s_20260111_01,44df6c59b159490fa0b22d3c198cd0a9,2026-04-01,SH601377,0.012796620838344097,,,
EXP_XGBModel_Alpha158_csi300_sliding_step40_s_20260111_01,44df6c59b159490fa0b22d3c198cd0a9,2026-04-01,SH601390,0.01170421577990055,,,
EXP_XGBModel_Alpha158_csi300_sliding_step40_s_20260111_01,44df6c59b159490fa0b22d3c198cd0a9,2026-04-01,SH601398,0.05814976617693901,,,
EXP_XGBModel_Alpha158_csi300_sliding_step40_s_20260111_01,44df6c59b159490fa0b22d3c198cd0a9,2026-04-01,SH601456,-0.023149725049734116,,,
EXP_XGBModel_Alpha158_csi300_sliding_step40_s_20260111_01,44df6c59b159490fa0b22d3c198cd0a9,2026-04-01,SH601600,-0.10252287238836288,,,
EXP_XGBModel_Alpha158_csi300_sliding_step40_s_20260111_01,44df6c59b159490fa0b22d3c198cd0a9,2026-04-01,SH601601,0.07299622893333435,,,
EXP_XGBModel_Alpha158_csi300_sliding_step40_s_20260111_01,44df6c59b159490fa0b22d3c198cd0a9,2026-04-01,SH601607,-0.06138917803764343,,,
EXP_XGBModel_Alpha158_csi300_sliding_step40_s_20260111_01,44df6c59b159490fa0b22d3c198cd0a9,2026-04-01,SH601618,0.02679830603301525,,,
EXP_XGBModel_Alpha158_csi300_sliding_step40_s_20260111_01,44df6c59b159490fa0b22d3c198cd0a9,2026-04-01,SH601628,-0.050873659551143646,,,
EXP_XGBModel_Alpha158_csi300_sliding_step40_s_20260111_01,44df6c59b159490fa0b22d3c198cd0a9,2026-04-01,SH601633,0.04905950650572777,,,
EXP_XGBModel_Alpha158_csi300_sliding_step40_s_20260111_01,44df6c59b159490fa0b22d3c198cd0a9,2026-04-01,SH601658,0.05801144242286682,,,
EXP_XGBModel_Alpha158_csi300_sliding_step40_s_20260111_01,44df6c59b159490fa0b22d3c198cd0a9,2026-04-01,SH601668,0.03243298456072807,,,
EXP_XGBModel_Alpha158_csi300_sliding_step40_s_20260111_01,44df6c59b159490fa0b22d3c198cd0a9,2026-04-01,SH601669,-0.03832409530878067,,,
EXP_XGBModel_Alpha158_csi300_sliding_step40_s_20260111_01,44df6c59b159490fa0b22d3c198cd0a9,2026-04-01,SH601688,-0.04623087868094444,,,
EXP_XGBModel_Alpha158_csi300_sliding_step40_s_20260111_01,44df6c59b159490fa0b22d3c198cd0a9,2026-04-01,SH601689,-0.11514374613761902,,,
EXP_XGBModel_Alpha158_csi300_sliding_step40_s_20260111_01,44df6c59b159490fa0b22d3c198cd0a9,2026-04-01,SH601728,-0.01633453741669655,,,
EXP_XGBModel_Alpha158_csi300_sliding_step40_s_20260111_01,44df6c59b159490fa0b22d3c198cd0a9,2026-04-01,SH601901,-0.0009820653358474374,,,
EXP_XGBModel_Alpha158_csi300_sliding_step40_s_20260111_01,44df6c59b159490fa0b22d3c198cd0a9,2026-04-01,SH600919,0.1539851278066635,,,
EXP_XGBModel_Alpha158_csi300_sliding_step40_s_20260111_01,44df6c59b159490fa0b22d3c198cd0a9,2026-04-01,SH600905,-0.13628283143043518,,,
EXP_XGBModel_Alpha158_csi300_sliding_step40_s_20260111_01,44df6c59b159490fa0b22d3c198cd0a9,2026-04-01,SH600066,-0.7609200477600098,,,
EXP_XGBModel_Alpha158_csi300_sliding_step40_s_20260111_01,44df6c59b159490fa0b22d3c198cd0a9,2026-04-01,SH600085,-0.05436301231384277,,,
EXP_XGBModel_Alpha158_csi300_sliding_step40_s_20260111_01,44df6c59b159490fa0b22d3c198cd0a9,2026-04-01,SH600089,0.06844936311244965,,,
EXP_XGBModel_Alpha158_csi300_sliding_step40_s_20260111_01,44df6c59b159490fa0b22d3c198cd0a9,2026-04-01,SH600104,-0.02180555835366249,,,
EXP_XGBModel_Alpha158_csi300_sliding_step40_s_20260111_01,44df6c59b159490fa0b22d3c198cd0a9,2026-04-01,SH600111,-0.18353363871574402,,,
EXP_XGBModel_Alpha158_csi300_sliding_step40_s_20260111_01,44df6c59b159490fa0b22d3c198cd0a9,2026-04-01,SH600115,-0.030559232458472252,,,
EXP_XGBModel_Alpha158_csi300_sliding_step40_s_20260111_01,44df6c59b159490fa0b22d3c198cd0a9,2026-04-01,SH600061,-0.007831564173102379,,,
EXP_XGBModel_Alpha158_csi300_sliding_step40_s_20260111_01,44df6c59b159490fa0b22d3c198cd0a9,2026-04-01,SH600150,0.016308950260281563,,,
EXP_XGBModel_Alpha158_csi300_sliding_step40_s_20260111_01,44df6c59b159490fa0b22d3c198cd0a9,2026-04-01,SH600161,-0.06661445647478104,,,
EXP_XGBModel_Alpha158_csi300_sliding_step40_s_20260111_01,44df6c59b159490fa0b22d3c198cd0a9,2026-04-01,SH600176,0.4784903824329376,,,
EXP_XGBModel_Alpha158_csi300_sliding_step40_s_20260111_01,44df6c59b159490fa0b22d3c198cd0a9,2026-04-01,SH600183,0.017743147909641266,,,
EXP_XGBModel_Alpha158_csi300_sliding_step40_s_20260111_01,44df6c59b159490fa0b22d3c198cd0a9,2026-04-01,SH600188,-0.003733514342457056,,,
EXP_XGBModel_Alpha158_csi300_sliding_step40_s_20260111_01,44df6c59b159490fa0b22d3c198cd0a9,2026-04-01,SH600196,-0.07848098874092102,,,
EXP_XGBModel_Alpha158_csi300_sliding_step40_s_20260111_01,44df6c59b159490fa0b22d3c198cd0a9,2026-04-01,SH600219,-0.07605253159999847,,,
EXP_XGBModel_Alpha158_csi300_sliding_step40_s_20260111_01,44df6c59b159490fa0b22d3c198cd0a9,2026-04-01,SH600160,0.016625216230750084,,,
EXP_XGBModel_Alpha158_csi300_sliding_step40_s_20260111_01,44df6c59b159490fa0b22d3c198cd0a9,2026-04-01,SH600050,0.015753986313939095,,,
EXP_XGBModel_Alpha158_csi300_sliding_step40_s_20260111_01,44df6c59b159490fa0b22d3c198cd0a9,2026-04-01,SH600048,-0.03478922322392464,,,
EXP_XGBModel_Alpha158_csi300_sliding_step40_s_20260111_01,44df6c59b159490fa0b22d3c198cd0a9,2026-04-01,SH600039,0.16876764595508575,,,
EXP_XGBModel_Alpha158_csi300_sliding_step40_s_20260111_01,44df6c59b159490fa0b22d3c198cd0a9,2026-04-01,SH600010,-0.0005049632163718343,,,
EXP_XGBModel_Alpha158_csi300_sliding_step40_s_20260111_01,44df6c59b159490fa0b22d3c198cd0a9,2026-04-01,SH600011,-0.08575496822595596,,,
EXP_XGBModel_Alpha158_csi300_sliding_step40_s_20260111_01,44df6c59b159490fa0b22d3c198cd0a9,2026-04-01,SH600015,0.09686422348022461,,,
EXP_XGBModel_Alpha158_csi300_sliding_step40_s_20260111_01,44df6c59b159490fa0b22d3c198cd0a9,2026-04-01,SH600016,0.04597899690270424,,,
EXP_XGBModel_Alpha158_csi300_sliding_step40_s_20260111_01,44df6c59b159490fa0b22d3c198cd0a9,2026-04-01,SH600018,0.07404571771621704,,,
EXP_XGBModel_Alpha158_csi300_sliding_step40_s_20260111_01,44df6c59b159490fa0b22d3c198cd0a9,2026-04-01,SH600019,0.0056003122590482235,,,
EXP_XGBModel_Alpha158_csi300_sliding_step40_s_20260111_01,44df6c59b159490fa0b22d3c198cd0a9,2026-04-01,SH600023,0.04862864688038826,,,
EXP_XGBModel_Alpha158_csi300_sliding_step40_s_20260111_01,44df6c59b159490fa0b22d3c198cd0a9,2026-04-01,SH600025,0.012666183523833752,,,
EXP_XGBModel_Alpha158_csi300_sliding_step40_s_20260111_01,44df6c59b159490fa0b22d3c198cd0a9,2026-04-01,SH600026,-0.03248123079538345,,,
EXP_XGBModel_Alpha158_csi300_sliding_step40_s_20260111_01,44df6c59b159490fa0b22d3c198cd0a9,2026-04-01,SH600027,-0.1643892377614975,,,
EXP_XGBModel_Alpha158_csi300_sliding_step40_s_20260111_01,44df6c59b159490fa0b22d3c198cd0a9,2026-04-01,SH600028,-0.12877699732780457,,,
EXP_XGBModel_Alpha158_csi300_sliding_step40_s_20260111_01,44df6c59b159490fa0b22d3c198cd0a9,2026-04-01,SH600029,-0.02373853512108326,,,
EXP_XGBModel_Alpha158_csi300_sliding_step40_s_20260111_01,44df6c59b159490fa0b22d3c198cd0a9,2026-04-01,SH600030,-0.07248754799365997,,,
EXP_XGBModel_Alpha158_csi300_sliding_step40_s_20260111_01,44df6c59b159490fa0b22d3c198cd0a9,2026-04-01,SH600031,0.05586671084165573,,,
EXP_XGBModel_Alpha158_csi300_sliding_step40_s_20260111_01,44df6c59b159490fa0b22d3c198cd0a9,2026-04-01,SH600036,0.0036769865546375513,,,
EXP_XGBModel_Alpha158_csi300_sliding_step40_s_20260111_01,44df6c59b159490fa0b22d3c198cd0a9,2026-04-01,SH600233,0.06478781998157501,,,
EXP_XGBModel_Alpha158_csi300_sliding_step40_s_20260111_01,44df6c59b159490fa0b22d3c198cd0a9,2026-04-01,SH600276,-0.07884281873703003,,,
EXP_XGBModel_Alpha158_csi300_sliding_step40_s_20260111_01,44df6c59b159490fa0b22d3c198cd0a9,2026-04-01,SH600309,-0.0035992376506328583,,,
EXP_XGBModel_Alpha158_csi300_sliding_step40_s_20260111_01,44df6c59b159490fa0b22d3c198cd0a9,2026-04-01,SH600346,-0.07173927873373032,,,
EXP_XGBModel_Alpha158_csi300_sliding_step40_s_20260111_01,44df6c59b159490fa0b22d3c198cd0a9,2026-04-01,SH600600,0.09444675594568253,,,
EXP_XGBModel_Alpha158_csi300_sliding_step40_s_20260111_01,44df6c59b159490fa0b22d3c198cd0a9,2026-04-01,SH600660,-0.07396811991930008,,,
EXP_XGBModel_Alpha158_csi300_sliding_step40_s_20260111_01,44df6c59b159490fa0b22d3c198cd0a9,2026-04-01,SH600674,0.01648648828268051,,,
EXP_XGBModel_Alpha158_csi300_sliding_step40_s_20260111_01,44df6c59b159490fa0b22d3c198cd0a9,2026-04-01,SH600690,0.06722687184810638,,,
EXP_XGBModel_Alpha158_csi300_sliding_step40_s_20260111_01,44df6c59b159490fa0b22d3c198cd0a9,2026-04-01,SH600741,0.34851887822151184,,,
EXP_XGBModel_Alpha158_csi300_sliding_step40_s_20260111_01,44df6c59b159490fa0b22d3c198cd0a9,2026-04-01,SH600760,-0.046133458614349365,,,
EXP_XGBModel_Alpha158_csi300_sliding_step40_s_20260111_01,44df6c59b159490fa0b22d3c198cd0a9,2026-04-01,SH600795,-0.018898293375968933,,,
EXP_XGBModel_Alpha158_csi300_sliding_step40_s_20260111_01,44df6c59b159490fa0b22d3c198cd0a9,2026-04-01,SH600803,0.00944176223129034,,,
EXP_XGBModel_Alpha158_csi300_sliding_step40_s_20260111_01,44df6c59b159490fa0b22d3c198cd0a9,2026-04-01,SH600809,-0.05879247188568115,,,
EXP_XGBModel_Alpha158_csi300_sliding_step40_s_20260111_01,44df6c59b159490fa0b22d3c198cd0a9,2026-04-01,SH600845,-0.06054552271962166,,,
EXP_XGBModel_Alpha158_csi300_sliding_step40_s_20260111_01,44df6c59b159490fa0b22d3c198cd0a9,2026-04-01,SH600875,-0.17766694724559784,,,
EXP_XGBModel_Alpha158_csi300_sliding_step40_s_20260111_01,44df6c59b159490fa0b22d3c198cd0a9,2026-04-01,SH600886,-0.0067685977555811405,,,
EXP_XGBModel_Alpha158_csi300_sliding_step40_s_20260111_01,44df6c59b159490fa0b22d3c198cd0a9,2026-04-01,SH600887,0.07318145781755447,,,
EXP_XGBModel_Alpha158_csi300_sliding_step40_s_20260111_01,44df6c59b159490fa0b22d3c198cd0a9,2026-04-01,SH600893,-0.012699146755039692,,,
EXP_XGBModel_Alpha158_csi300_sliding_step40_s_20260111_01,44df6c59b159490fa0b22d3c198cd0a9,2026-04-01,SH600900,0.02780429646372795,,,
EXP_XGBModel_Alpha158_csi300_sliding_step40_s_20260111_01,44df6c59b159490fa0b22d3c198cd0a9,2026-04-01,SH600588,-0.07233865559101105,,,
EXP_XGBModel_Alpha158_csi300_sliding_step40_s_20260111_01,44df6c59b159490fa0b22d3c198cd0a9,2026-04-01,SH600918,0.07052135467529297,,,
EXP_XGBModel_Alpha158_csi300_sliding_step40_s_20260111_01,44df6c59b159490fa0b22d3c198cd0a9,2026-04-01,SH600585,-0.02206617221236229,,,
EXP_XGBModel_Alpha158_csi300_sliding_step40_s_20260111_01,44df6c59b159490fa0b22d3c198cd0a9,2026-04-01,SH600570,-0.07847863435745239,,,
EXP_XGBModel_Alpha158_csi300_sliding_step40_s_20260111_01,44df6c59b159490fa0b22d3c198cd0a9,2026-04-01,SH600362,-0.14126567542552948,,,
EXP_XGBModel_Alpha158_csi300_sliding_step40_s_20260111_01,44df6c59b159490fa0b22d3c198cd0a9,2026-04-01,SH600372,-0.06556639075279236,,,
EXP_XGBModel_Alpha158_csi300_sliding_step40_s_20260111_01,44df6c59b159490fa0b22d3c198cd0a9,2026-04-01,SH600377,0.04863422363996506,,,
EXP_XGBModel_Alpha158_csi300_sliding_step40_s_20260111_01,44df6c59b159490fa0b22d3c198cd0a9,2026-04-01,SH600406,-0.04639308527112007,,,
EXP_XGBModel_Alpha158_csi300_sliding_step40_s_20260111_01,44df6c59b159490fa0b22d3c198cd0a9,2026-04-01,SH600415,-0.017123403027653694,,,
EXP_XGBModel_Alpha158_csi300_sliding_step40_s_20260111_01,44df6c59b159490fa0b22d3c198cd0a9,2026-04-01,SH600426,-0.0703742653131485,,,
EXP_XGBModel_Alpha158_csi300_sliding_step40_s_20260111_01,44df6c59b159490fa0b22d3c198cd0a9,2026-04-01,SH600436,-0.006186230573803186,,,
EXP_XGBModel_Alpha158_csi300_sliding_step40_s_20260111_01,44df6c59b159490fa0b22d3c198cd0a9,2026-04-01,SH600438,-0.13015805184841156,,,
EXP_XGBModel_Alpha158_csi300_sliding_step40_s_20260111_01,44df6c59b159490fa0b22d3c198cd0a9,2026-04-01,SH600460,-0.043198563158512115,,,
EXP_XGBModel_Alpha158_csi300_sliding_step40_s_20260111_01,44df6c59b159490fa0b22d3c198cd0a9,2026-04-01,SH600482,0.11178789287805557,,,
EXP_XGBModel_Alpha158_csi300_sliding_step40_s_20260111_01,44df6c59b159490fa0b22d3c198cd0a9,2026-04-01,SH600489,-0.22351625561714172,,,
EXP_XGBModel_Alpha158_csi300_sliding_step40_s_20260111_01,44df6c59b159490fa0b22d3c198cd0a9,2026-04-01,SH600515,0.06439126282930374,,,
EXP_XGBModel_Alpha158_csi300_sliding_step40_s_20260111_01,44df6c59b159490fa0b22d3c198cd0a9,2026-04-01,SH600519,0.061372894793748856,,,
EXP_XGBModel_Alpha158_csi300_sliding_step40_s_20260111_01,44df6c59b159490fa0b22d3c198cd0a9,2026-04-01,SH600522,-0.30330517888069153,,,
EXP_XGBModel_Alpha158_csi300_sliding_step40_s_20260111_01,44df6c59b159490fa0b22d3c198cd0a9,2026-04-01,SH600547,-0.10008828341960907,,,
EXP_XGBModel_Alpha158_csi300_sliding_step40_s_20260111_01,44df6c59b159490fa0b22d3c198cd0a9,2026-04-01,SH600584,0.06344383955001831,,,
EXP_XGBModel_Alpha158_csi300_sliding_step40_s_20260111_01,44df6c59b159490fa0b22d3c198cd0a9,2026-04-01,SZ302132,0.0007081046933308244,,,
EXP_XGBModel_Alpha158_csi300_sliding_step40_s_20260111_01,44df6c59b159490fa0b22d3c198cd0a9,2026-04-01,SH601916,0.05617828294634819,,,
EXP_XGBModel_Alpha158_csi300_sliding_step40_s_20260111_01,44df6c59b159490fa0b22d3c198cd0a9,2026-04-01,SH601939,0.2539103031158447,,,
EXP_XGBModel_Alpha158_csi300_sliding_step40_s_20260111_01,44df6c59b159490fa0b22d3c198cd0a9,2026-04-01,SZ002422,-0.06268778443336487,,,
EXP_XGBModel_Alpha158_csi300_sliding_step40_s_20260111_01,44df6c59b159490fa0b22d3c198cd0a9,2026-04-01,SZ002459,0.006784745492041111,,,
EXP_XGBModel_Alpha158_csi300_sliding_step40_s_20260111_01,44df6c59b159490fa0b22d3c198cd0a9,2026-04-01,SZ002460,-0.0913403183221817,,,
EXP_XGBModel_Alpha158_csi300_sliding_step40_s_20260111_01,44df6c59b159490fa0b22d3c198cd0a9,2026-04-01,SZ002463,-0.01646021008491516,,,
EXP_XGBModel_Alpha158_csi300_sliding_step40_s_20260111_01,44df6c59b159490fa0b22d3c198cd0a9,2026-04-01,SZ002466,-0.04087434709072113,,,
EXP_XGBModel_Alpha158_csi300_sliding_step40_s_20260111_01,44df6c59b159490fa0b22d3c198cd0a9,2026-04-01,SZ002475,0.045689184218645096,,,
EXP_XGBModel_Alpha158_csi300_sliding_step40_s_20260111_01,44df6c59b159490fa0b22d3c198cd0a9,2026-04-01,SZ002415,-0.010792886838316917,,,
EXP_XGBModel_Alpha158_csi300_sliding_step40_s_20260111_01,44df6c59b159490fa0b22d3c198cd0a9,2026-04-01,SZ002493,-0.03359925001859665,,,
EXP_XGBModel_Alpha158_csi300_sliding_step40_s_20260111_01,44df6c59b159490fa0b22d3c198cd0a9,2026-04-01,SZ002600,0.0332622267305851,,,
EXP_XGBModel_Alpha158_csi300_sliding_step40_s_20260111_01,44df6c59b159490fa0b22d3c198cd0a9,2026-04-01,SZ002601,-0.0792362317442894,,,
EXP_XGBModel_Alpha158_csi300_sliding_step40_s_20260111_01,44df6c59b159490fa0b22d3c198cd0a9,2026-04-01,SZ002625,-0.027549007907509804,,,
EXP_XGBModel_Alpha158_csi300_sliding_step40_s_20260111_01,44df6c59b159490fa0b22d3c198cd0a9,2026-04-01,SZ002648,-0.41068780422210693,,,
EXP_XGBModel_Alpha158_csi300_sliding_step40_s_20260111_01,44df6c59b159490fa0b22d3c198cd0a9,2026-04-01,SZ002709,-0.1701154261827469,,,
EXP_XGBModel_Alpha158_csi300_sliding_step40_s_20260111_01,44df6c59b159490fa0b22d3c198cd0a9,2026-04-01,SZ002714,-0.00889283325523138,,,
EXP_XGBModel_Alpha158_csi300_sliding_step40_s_20260111_01,44df6c59b159490fa0b22d3c198cd0a9,2026-04-01,SZ002594,0.002302972599864006,,,
EXP_XGBModel_Alpha158_csi300_sliding_step40_s_20260111_01,44df6c59b159490fa0b22d3c198cd0a9,2026-04-01,SZ002384,-0.50347501039505,,,
EXP_XGBModel_Alpha158_csi300_sliding_step40_s_20260111_01,44df6c59b159490fa0b22d3c198cd0a9,2026-04-01,SZ002371,0.14377659559249878,,,
EXP_XGBModel_Alpha158_csi300_sliding_step40_s_20260111_01,44df6c59b159490fa0b22d3c198cd0a9,2026-04-01,SZ002352,0.07032611221075058,,,
EXP_XGBModel_Alpha158_csi300_sliding_step40_s_20260111_01,44df6c59b159490fa0b22d3c198cd0a9,2026-04-01,SZ001979,-0.10885348170995712,,,
EXP_XGBModel_Alpha158_csi300_sliding_step40_s_20260111_01,44df6c59b159490fa0b22d3c198cd0a9,2026-04-01,SZ002001,-0.14913740754127502,,,
EXP_XGBModel_Alpha158_csi300_sliding_step40_s_20260111_01,44df6c59b159490fa0b22d3c198cd0a9,2026-04-01,SZ002027,-0.012752233073115349,,,
EXP_XGBModel_Alpha158_csi300_sliding_step40_s_20260111_01,44df6c59b159490fa0b22d3c198cd0a9,2026-04-01,SZ002028,0.10545293986797333,,,
EXP_XGBModel_Alpha158_csi300_sliding_step40_s_20260111_01,44df6c59b159490fa0b22d3c198cd0a9,2026-04-01,SZ002049,0.04817618057131767,,,
EXP_XGBModel_Alpha158_csi300_sliding_step40_s_20260111_01,44df6c59b159490fa0b22d3c198cd0a9,2026-04-01,SZ002050,-0.011423226445913315,,,
EXP_XGBModel_Alpha158_csi300_sliding_step40_s_20260111_01,44df6c59b159490fa0b22d3c198cd0a9,2026-04-01,SZ002074,-0.07088734209537506,,,
EXP_XGBModel_Alpha158_csi300_sliding_step40_s_20260111_01,44df6c59b159490fa0b22d3c198cd0a9,2026-04-01,SZ002142,0.0008022048277780414,,,
EXP_XGBModel_Alpha158_csi300_sliding_step40_s_20260111_01,44df6c59b159490fa0b22d3c198cd0a9,2026-04-01,SZ002179,-0.15367624163627625,,,
EXP_XGBModel_Alpha158_csi300_sliding_step40_s_20260111_01,44df6c59b159490fa0b22d3c198cd0a9,2026-04-01,SZ002230,-0.10233064740896225,,,
EXP_XGBModel_Alpha158_csi300_sliding_step40_s_20260111_01,44df6c59b159490fa0b22d3c198cd0a9,2026-04-01,SZ002236,-0.020502036437392235,,,
EXP_XGBModel_Alpha158_csi300_sliding_step40_s_20260111_01,44df6c59b159490fa0b22d3c198cd0a9,2026-04-01,SZ002241,-0.0005125456373207271,,,
EXP_XGBModel_Alpha158_csi300_sliding_step40_s_20260111_01,44df6c59b159490fa0b22d3c198cd0a9,2026-04-01,SZ002252,-0.029880767688155174,,,
EXP_XGBModel_Alpha158_csi300_sliding_step40_s_20260111_01,44df6c59b159490fa0b22d3c198cd0a9,2026-04-01,SZ002304,0.003398077329620719,,,
EXP_XGBModel_Alpha158_csi300_sliding_step40_s_20260111_01,44df6c59b159490fa0b22d3c198cd0a9,2026-04-01,SZ002311,-0.02076045610010624,,,
EXP_XGBModel_Alpha158_csi300_sliding_step40_s_20260111_01,44df6c59b159490fa0b22d3c198cd0a9,2026-04-01,SZ002736,-0.16213752329349518,,,
EXP_XGBModel_Alpha158_csi300_sliding_step40_s_20260111_01,44df6c59b159490fa0b22d3c198cd0a9,2026-04-01,SZ002916,0.026030343025922775,,,
EXP_XGBModel_Alpha158_csi300_sliding_step40_s_20260111_01,44df6c59b159490fa0b22d3c198cd0a9,2026-04-01,SZ002920,0.08148685842752457,,,
EXP_XGBModel_Alpha158_csi300_sliding_step40_s_20260111_01,44df6c59b159490fa0b22d3c198cd0a9,2026-04-01,SZ002938,0.05871523544192314,,,
EXP_XGBModel_Alpha158_csi300_sliding_step40_s_20260111_01,44df6c59b159490fa0b22d3c198cd0a9,2026-04-01,SZ300498,0.0027236591558903456,,,
EXP_XGBModel_Alpha158_csi300_sliding_step40_s_20260111_01,44df6c59b159490fa0b22d3c198cd0a9,2026-04-01,SZ300502,0.0856679156422615,,,
EXP_XGBModel_Alpha158_csi300_sliding_step40_s_20260111_01,44df6c59b159490fa0b22d3c198cd0a9,2026-04-01,SZ300628,0.0020181259606033564,,,
EXP_XGBModel_Alpha158_csi300_sliding_step40_s_20260111_01,44df6c59b159490fa0b22d3c198cd0a9,2026-04-01,SZ300661,0.11943888664245605,,,
EXP_XGBModel_Alpha158_csi300_sliding_step40_s_20260111_01,44df6c59b159490fa0b22d3c198cd0a9,2026-04-01,SZ300750,-0.06866277754306793,,,
EXP_XGBModel_Alpha158_csi300_sliding_step40_s_20260111_01,44df6c59b159490fa0b22d3c198cd0a9,2026-04-01,SZ300759,-0.16087055206298828,,,
EXP_XGBModel_Alpha158_csi300_sliding_step40_s_20260111_01,44df6c59b159490fa0b22d3c198cd0a9,2026-04-01,SZ300760,0.20802074670791626,,,
EXP_XGBModel_Alpha158_csi300_sliding_step40_s_20260111_01,44df6c59b159490fa0b22d3c198cd0a9,2026-04-01,SZ300782,-0.04149268567562103,,,
EXP_XGBModel_Alpha158_csi300_sliding_step40_s_20260111_01,44df6c59b159490fa0b22d3c198cd0a9,2026-04-01,SZ300803,-0.036916956305503845,,,
EXP_XGBModel_Alpha158_csi300_sliding_step40_s_20260111_01,44df6c59b159490fa0b22d3c198cd0a9,2026-04-01,SZ300832,0.045309439301490784,,,
EXP_XGBModel_Alpha158_csi300_sliding_step40_s_20260111_01,44df6c59b159490fa0b22d3c198cd0a9,2026-04-01,SZ300866,-0.07317619025707245,,,
EXP_XGBModel_Alpha158_csi300_sliding_step40_s_20260111_01,44df6c59b159490fa0b22d3c198cd0a9,2026-04-01,SZ300896,-0.010257136076688766,,,
EXP_XGBModel_Alpha158_csi300_sliding_step40_s_20260111_01,44df6c59b159490fa0b22d3c198cd0a9,2026-04-01,SZ300979,-0.027006853371858597,,,
EXP_XGBModel_Alpha158_csi300_sliding_step40_s_20260111_01,44df6c59b159490fa0b22d3c198cd0a9,2026-04-01,SZ300999,-0.15091733634471893,,,
EXP_XGBModel_Alpha158_csi300_sliding_step40_s_20260111_01,44df6c59b159490fa0b22d3c198cd0a9,2026-04-01,SZ301236,-0.10600490123033524,,,
EXP_XGBModel_Alpha158_csi300_sliding_step40_s_20260111_01,44df6c59b159490fa0b22d3c198cd0a9,2026-04-01,SZ300476,-0.03770299628376961,,,
EXP_XGBModel_Alpha158_csi300_sliding_step40_s_20260111_01,44df6c59b159490fa0b22d3c198cd0a9,2026-04-01,SZ001965,0.03779536113142967,,,
EXP_XGBModel_Alpha158_csi300_sliding_step40_s_20260111_01,44df6c59b159490fa0b22d3c198cd0a9,2026-04-01,SZ300442,-0.0958172082901001,,,
EXP_XGBModel_Alpha158_csi300_sliding_step40_s_20260111_01,44df6c59b159490fa0b22d3c198cd0a9,2026-04-01,SZ300418,-0.17602501809597015,,,
EXP_XGBModel_Alpha158_csi300_sliding_step40_s_20260111_01,44df6c59b159490fa0b22d3c198cd0a9,2026-04-01,SZ003816,0.34106647968292236,,,
EXP_XGBModel_Alpha158_csi300_sliding_step40_s_20260111_01,44df6c59b159490fa0b22d3c198cd0a9,2026-04-01,SZ300014,-0.007924343459308147,,,
EXP_XGBModel_Alpha158_csi300_sliding_step40_s_20260111_01,44df6c59b159490fa0b22d3c198cd0a9,2026-04-01,SZ300015,-0.028487296774983406,,,
EXP_XGBModel_Alpha158_csi300_sliding_step40_s_20260111_01,44df6c59b159490fa0b22d3c198cd0a9,2026-04-01,SZ300033,-0.018862785771489143,,,
EXP_XGBModel_Alpha158_csi300_sliding_step40_s_20260111_01,44df6c59b159490fa0b22d3c198cd0a9,2026-04-01,SZ300059,-0.010920020751655102,,,
EXP_XGBModel_Alpha158_csi300_sliding_step40_s_20260111_01,44df6c59b159490fa0b22d3c198cd0a9,2026-04-01,SZ300122,-0.15963687002658844,,,
EXP_XGBModel_Alpha158_csi300_sliding_step40_s_20260111_01,44df6c59b159490fa0b22d3c198cd0a9,2026-04-01,SZ300124,-0.03863627836108208,,,
EXP_XGBModel_Alpha158_csi300_sliding_step40_s_20260111_01,44df6c59b159490fa0b22d3c198cd0a9,2026-04-01,SZ300251,0.18679291009902954,,,
EXP_XGBModel_Alpha158_csi300_sliding_step40_s_20260111_01,44df6c59b159490fa0b22d3c198cd0a9,2026-04-01,SZ300274,0.016208598390221596,,,
EXP_XGBModel_Alpha158_csi300_sliding_step40_s_20260111_01,44df6c59b159490fa0b22d3c198cd0a9,2026-04-01,SZ300308,-0.010491232387721539,,,
EXP_XGBModel_Alpha158_csi300_sliding_step40_s_20260111_01,44df6c59b159490fa0b22d3c198cd0a9,2026-04-01,SZ300316,0.055813178420066833,,,
EXP_XGBModel_Alpha158_csi300_sliding_step40_s_20260111_01,44df6c59b159490fa0b22d3c198cd0a9,2026-04-01,SZ300347,-0.005005832761526108,,,
EXP_XGBModel_Alpha158_csi300_sliding_step40_s_20260111_01,44df6c59b159490fa0b22d3c198cd0a9,2026-04-01,SZ300394,-0.1898888796567917,,,
EXP_XGBModel_Alpha158_csi300_sliding_step40_s_20260111_01,44df6c59b159490fa0b22d3c198cd0a9,2026-04-01,SZ300408,0.07046747952699661,,,
EXP_XGBModel_Alpha158_csi300_sliding_step40_s_20260111_01,44df6c59b159490fa0b22d3c198cd0a9,2026-04-01,SZ300413,-0.12957386672496796,,,
EXP_XGBModel_Alpha158_csi300_sliding_step40_s_20260111_01,44df6c59b159490fa0b22d3c198cd0a9,2026-04-01,SZ300433,-0.024653155356645584,,,
EXP_XGBModel_Alpha158_csi300_sliding_step40_s_20260111_01,44df6c59b159490fa0b22d3c198cd0a9,2026-04-01,SH601919,-0.05356653407216072,,,
EXP_XGBModel_Alpha158_csi300_sliding_step40_s_20260111_01,44df6c59b159490fa0b22d3c198cd0a9,2026-04-01,SZ001391,-0.0023172274231910706,,,
EXP_XGBModel_Alpha158_csi300_sliding_step40_s_20260111_01,44df6c59b159490fa0b22d3c198cd0a9,2026-04-01,SZ000983,-0.17541611194610596,,,
EXP_XGBModel_Alpha158_csi300_sliding_step40_s_20260111_01,44df6c59b159490fa0b22d3c198cd0a9,2026-04-01,SH688008,0.07547507435083389,,,
EXP_XGBModel_Alpha158_csi300_sliding_step40_s_20260111_01,44df6c59b159490fa0b22d3c198cd0a9,2026-04-01,SH688009,-0.17750529944896698,,,
EXP_XGBModel_Alpha158_csi300_sliding_step40_s_20260111_01,44df6c59b159490fa0b22d3c198cd0a9,2026-04-01,SH688012,-0.07057854533195496,,,
EXP_XGBModel_Alpha158_csi300_sliding_step40_s_20260111_01,44df6c59b159490fa0b22d3c198cd0a9,2026-04-01,SH688036,0.08410996943712234,,,
EXP_XGBModel_Alpha158_csi300_sliding_step40_s_20260111_01,44df6c59b159490fa0b22d3c198cd0a9,2026-04-01,SH688041,0.015877272933721542,,,
EXP_XGBModel_Alpha158_csi300_sliding_step40_s_20260111_01,44df6c59b159490fa0b22d3c198cd0a9,2026-04-01,SH688047,-0.09129855036735535,,,
EXP_XGBModel_Alpha158_csi300_sliding_step40_s_20260111_01,44df6c59b159490fa0b22d3c198cd0a9,2026-04-01,SH605499,-0.01325517799705267,,,
EXP_XGBModel_Alpha158_csi300_sliding_step40_s_20260111_01,44df6c59b159490fa0b22d3c198cd0a9,2026-04-01,SH688082,-0.07330988347530365,,,
EXP_XGBModel_Alpha158_csi300_sliding_step40_s_20260111_01,44df6c59b159490fa0b22d3c198cd0a9,2026-04-01,SH688126,-0.018325429409742355,,,
EXP_XGBModel_Alpha158_csi300_sliding_step40_s_20260111_01,44df6c59b159490fa0b22d3c198cd0a9,2026-04-01,SH688169,-0.02675340138375759,,,
EXP_XGBModel_Alpha158_csi300_sliding_step40_s_20260111_01,44df6c59b159490fa0b22d3c198cd0a9,2026-04-01,SH688187,-0.0003330633044242859,,,
EXP_XGBModel_Alpha158_csi300_sliding_step40_s_20260111_01,44df6c59b159490fa0b22d3c198cd0a9,2026-04-01,SH688223,0.030420688912272453,,,
EXP_XGBModel_Alpha158_csi300_sliding_step40_s_20260111_01,44df6c59b159490fa0b22d3c198cd0a9,2026-04-01,SH688256,0.018481681123375893,,,
EXP_XGBModel_Alpha158_csi300_sliding_step40_s_20260111_01,44df6c59b159490fa0b22d3c198cd0a9,2026-04-01,SH688271,-0.07593365013599396,,,
EXP_XGBModel_Alpha158_csi300_sliding_step40_s_20260111_01,44df6c59b159490fa0b22d3c198cd0a9,2026-04-01,SH688111,-0.004770672880113125,,,
EXP_XGBModel_Alpha158_csi300_sliding_step40_s_20260111_01,44df6c59b159490fa0b22d3c198cd0a9,2026-04-01,SH605117,0.01624004915356636,,,
EXP_XGBModel_Alpha158_csi300_sliding_step40_s_20260111_01,44df6c59b159490fa0b22d3c198cd0a9,2026-04-01,SH603993,-0.06776585429906845,,,
EXP_XGBModel_Alpha158_csi300_sliding_step40_s_20260111_01,44df6c59b159490fa0b22d3c198cd0a9,2026-04-01,SH603986,0.01856839470565319,,,
EXP_XGBModel_Alpha158_csi300_sliding_step40_s_20260111_01,44df6c59b159490fa0b22d3c198cd0a9,2026-04-01,SH601985,-0.01416158489882946,,,
EXP_XGBModel_Alpha158_csi300_sliding_step40_s_20260111_01,44df6c59b159490fa0b22d3c198cd0a9,2026-04-01,SH601988,0.12254112958908081,,,
EXP_XGBModel_Alpha158_csi300_sliding_step40_s_20260111_01,44df6c59b159490fa0b22d3c198cd0a9,2026-04-01,SH601995,-0.0380069725215435,,,
EXP_XGBModel_Alpha158_csi300_sliding_step40_s_20260111_01,44df6c59b159490fa0b22d3c198cd0a9,2026-04-01,SH601998,0.41672319173812866,,,
EXP_XGBModel_Alpha158_csi300_sliding_step40_s_20260111_01,44df6c59b159490fa0b22d3c198cd0a9,2026-04-01,SH603019,-0.049606967717409134,,,
EXP_XGBModel_Alpha158_csi300_sliding_step40_s_20260111_01,44df6c59b159490fa0b22d3c198cd0a9,2026-04-01,SH603195,-0.028939811512827873,,,
EXP_XGBModel_Alpha158_csi300_sliding_step40_s_20260111_01,44df6c59b159490fa0b22d3c198cd0a9,2026-04-01,SH603259,0.07075808197259903,,,
EXP_XGBModel_Alpha158_csi300_sliding_step40_s_20260111_01,44df6c59b159490fa0b22d3c198cd0a9,2026-04-01,SH603260,-0.02500121295452118,,,
EXP_XGBModel_Alpha158_csi300_sliding_step40_s_20260111_01,44df6c59b159490fa0b22d3c198cd0a9,2026-04-01,SH603288,-0.06882274895906448,,,
EXP_XGBModel_Alpha158_csi300_sliding_step40_s_20260111_01,44df6c59b159490fa0b22d3c198cd0a9,2026-04-01,SH603296,0.2535476088523865,,,
EXP_XGBModel_Alpha158_csi300_sliding_step40_s_20260111_01,44df6c59b159490fa0b22d3c198cd0a9,2026-04-01,SH603369,-0.16008958220481873,,,
EXP_XGBModel_Alpha158_csi300_sliding_step40_s_20260111_01,44df6c59b159490fa0b22d3c198cd0a9,2026-04-01,SH603392,-0.05472695082426071,,,
EXP_XGBModel_Alpha158_csi300_sliding_step40_s_20260111_01,44df6c59b159490fa0b22d3c198cd0a9,2026-04-01,SH603501,0.017973100766539574,,,
EXP_XGBModel_Alpha158_csi300_sliding_step40_s_20260111_01,44df6c59b159490fa0b22d3c198cd0a9,2026-04-01,SH603799,-0.2348051369190216,,,
EXP_XGBModel_Alpha158_csi300_sliding_step40_s_20260111_01,44df6c59b159490fa0b22d3c198cd0a9,2026-04-01,SH603893,-0.05640212446451187,,,
EXP_XGBModel_Alpha158_csi300_sliding_step40_s_20260111_01,44df6c59b159490fa0b22d3c198cd0a9,2026-04-01,SH688303,-0.01959909312427044,,,
EXP_XGBModel_Alpha158_csi300_sliding_step40_s_20260111_01,44df6c59b159490fa0b22d3c198cd0a9,2026-04-01,SH688396,-0.029117519035935402,,,
EXP_XGBModel_Alpha158_csi300_sliding_step40_s_20260111_01,44df6c59b159490fa0b22d3c198cd0a9,2026-04-01,SH688472,-0.02747025154531002,,,
EXP_XGBModel_Alpha158_csi300_sliding_step40_s_20260111_01,44df6c59b159490fa0b22d3c198cd0a9,2026-04-01,SH688506,-0.42303353548049927,,,
EXP_XGBModel_Alpha158_csi300_sliding_step40_s_20260111_01,44df6c59b159490fa0b22d3c198cd0a9,2026-04-01,SZ000661,-0.11170651018619537,,,
EXP_XGBModel_Alpha158_csi300_sliding_step40_s_20260111_01,44df6c59b159490fa0b22d3c198cd0a9,2026-04-01,SZ000708,-0.01814492978155613,,,
EXP_XGBModel_Alpha158_csi300_sliding_step40_s_20260111_01,44df6c59b159490fa0b22d3c198cd0a9,2026-04-01,SZ000725,-0.053292274475097656,,,
EXP_XGBModel_Alpha158_csi300_sliding_step40_s_20260111_01,44df6c59b159490fa0b22d3c198cd0a9,2026-04-01,SZ000768,-0.03193052113056183,,,
EXP_XGBModel_Alpha158_csi300_sliding_step40_s_20260111_01,44df6c59b159490fa0b22d3c198cd0a9,2026-04-01,SZ000776,-0.2310628741979599,,,
EXP_XGBModel_Alpha158_csi300_sliding_step40_s_20260111_01,44df6c59b159490fa0b22d3c198cd0a9,2026-04-01,SZ000786,0.015559401363134384,,,
EXP_XGBModel_Alpha158_csi300_sliding_step40_s_20260111_01,44df6c59b159490fa0b22d3c198cd0a9,2026-04-01,SZ000792,-0.09692934155464172,,,
EXP_XGBModel_Alpha158_csi300_sliding_step40_s_20260111_01,44df6c59b159490fa0b22d3c198cd0a9,2026-04-01,SZ000807,-0.13527588546276093,,,
EXP_XGBModel_Alpha158_csi300_sliding_step40_s_20260111_01,44df6c59b159490fa0b22d3c198cd0a9,2026-04-01,SZ000858,0.0013130289735272527,,,
EXP_XGBModel_Alpha158_csi300_sliding_step40_s_20260111_01,44df6c59b159490fa0b22d3c198cd0a9,2026-04-01,SZ000876,-0.06046633422374725,,,
EXP_XGBModel_Alpha158_csi300_sliding_step40_s_20260111_01,44df6c59b159490fa0b22d3c198cd0a9,2026-04-01,SZ000895,0.04782618582248688,,,
EXP_XGBModel_Alpha158_csi300_sliding_step40_s_20260111_01,44df6c59b159490fa0b22d3c198cd0a9,2026-04-01,SZ000938,-0.024608388543128967,,,
EXP_XGBModel_Alpha158_csi300_sliding_step40_s_20260111_01,44df6c59b159490fa0b22d3c198cd0a9,2026-04-01,SZ000963,0.022814681753516197,,,
EXP_XGBModel_Alpha158_csi300_sliding_step40_s_20260111_01,44df6c59b159490fa0b22d3c198cd0a9,2026-04-01,SZ000975,0.1371283382177353,,,
EXP_XGBModel_Alpha158_csi300_sliding_step40_s_20260111_01,44df6c59b159490fa0b22d3c198cd0a9,2026-04-01,SZ000977,0.018120713531970978,,,
EXP_XGBModel_Alpha158_csi300_sliding_step40_s_20260111_01,44df6c59b159490fa0b22d3c198cd0a9,2026-04-01,SZ000651,0.03615063801407814,,,
EXP_XGBModel_Alpha158_csi300_sliding_step40_s_20260111_01,44df6c59b159490fa0b22d3c198cd0a9,2026-04-01,SZ000999,-0.10363370925188065,,,
EXP_XGBModel_Alpha158_csi300_sliding_step40_s_20260111_01,44df6c59b159490fa0b22d3c198cd0a9,2026-04-01,SZ000630,-0.06786443293094635,,,
EXP_XGBModel_Alpha158_csi300_sliding_step40_s_20260111_01,44df6c59b159490fa0b22d3c198cd0a9,2026-04-01,SZ000617,0.03311717137694359,,,
EXP_XGBModel_Alpha158_csi300_sliding_step40_s_20260111_01,44df6c59b159490fa0b22d3c198cd0a9,2026-04-01,SH688981,-0.032334405928850174,,,
EXP_XGBModel_Alpha158_csi300_sliding_step40_s_20260111_01,44df6c59b159490fa0b22d3c198cd0a9,2026-04-01,SZ000001,-0.0284157432615757,,,
EXP_XGBModel_Alpha158_csi300_sliding_step40_s_20260111_01,44df6c59b159490fa0b22d3c198cd0a9,2026-04-01,SZ000002,-0.08945583552122116,,,
EXP_XGBModel_Alpha158_csi300_sliding_step40_s_20260111_01,44df6c59b159490fa0b22d3c198cd0a9,2026-04-01,SZ000063,0.005992605350911617,,,
EXP_XGBModel_Alpha158_csi300_sliding_step40_s_20260111_01,44df6c59b159490fa0b22d3c198cd0a9,2026-04-01,SZ000100,-0.08798358589410782,,,
EXP_XGBModel_Alpha158_csi300_sliding_step40_s_20260111_01,44df6c59b159490fa0b22d3c198cd0a9,2026-04-01,SZ000157,0.10913024097681046,,,
EXP_XGBModel_Alpha158_csi300_sliding_step40_s_20260111_01,44df6c59b159490fa0b22d3c198cd0a9,2026-04-01,SZ000166,0.028867270797491074,,,
EXP_XGBModel_Alpha158_csi300_sliding_step40_s_20260111_01,44df6c59b159490fa0b22d3c198cd0a9,2026-04-01,SZ000301,-0.12820367515087128,,,
EXP_XGBModel_Alpha158_csi300_sliding_step40_s_20260111_01,44df6c59b159490fa0b22d3c198cd0a9,2026-04-01,SZ000333,0.025535929948091507,,,
EXP_XGBModel_Alpha158_csi300_sliding_step40_s_20260111_01,44df6c59b159490fa0b22d3c198cd0a9,2026-04-01,SZ000338,-0.12818163633346558,,,
EXP_XGBModel_Alpha158_csi300_sliding_step40_s_20260111_01,44df6c59b159490fa0b22d3c198cd0a9,2026-04-01,SZ000408,-0.1579536497592926,,,
EXP_XGBModel_Alpha158_csi300_sliding_step40_s_20260111_01,44df6c59b159490fa0b22d3c198cd0a9,2026-04-01,SZ000425,0.07786644250154495,,,
EXP_XGBModel_Alpha158_csi300_sliding_step40_s_20260111_01,44df6c59b159490fa0b22d3c198cd0a9,2026-04-01,SZ000538,0.018185116350650787,,,
EXP_XGBModel_Alpha158_csi300_sliding_step40_s_20260111_01,44df6c59b159490fa0b22d3c198cd0a9,2026-04-01,SZ000568,-0.022632047533988953,,,
EXP_XGBModel_Alpha158_csi300_sliding_step40_s_20260111_01,44df6c59b159490fa0b22d3c198cd0a9,2026-04-01,SZ000596,-0.023780575022101402,,,
EXP_XGBModel_Alpha158_csi300_sliding_step40_s_20260111_01,44df6c59b159490fa0b22d3c198cd0a9,2026-04-01,SZ000625,-0.027460191398859024,,,
EXP_LinearModel_Alpha158_csi300_expanding_step40_s_20260111_12,ab464936a4bd47ddb5b42e4aa3319072,2026-04-01,SH600000,0.027527473866939545,,,
EXP_DEnsembleModel_Alpha158_csi300_sliding_step40_s_20260111_23,12f4cb9e2e654b22a3588e4374ed56b1,2026-04-01,SZ302132,-0.04080876506716282,,,
EXP_DEnsembleModel_Alpha158_csi300_sliding_step40_s_20260111_23,12f4cb9e2e654b22a3588e4374ed56b1,2026-04-01,SZ301269,-0.054110826812142666,,,
EXP_LGBModel_Alpha158_csi300_sliding_step40_s_20260121_01,741bdd0f113c4c1eaf23c429f63dfa1d,2026-04-01,SH601117,0.04758032959268618,,,
EXP_LGBModel_Alpha158_csi300_sliding_step40_s_20260121_01,741bdd0f113c4c1eaf23c429f63dfa1d,2026-04-01,SH601127,-0.040337984133877604,,,
EXP_LGBModel_Alpha158_csi300_sliding_step40_s_20260121_01,741bdd0f113c4c1eaf23c429f63dfa1d,2026-04-01,SH601136,0.01221868122025597,,,
EXP_LGBModel_Alpha158_csi300_sliding_step40_s_20260121_01,741bdd0f113c4c1eaf23c429f63dfa1d,2026-04-01,SH601138,-0.022955552123828955,,,
EXP_LGBModel_Alpha158_csi300_sliding_step40_s_20260121_01,741bdd0f113c4c1eaf23c429f63dfa1d,2026-04-01,SH601166,0.023983617987021043,,,
EXP_LGBModel_Alpha158_csi300_sliding_step40_s_20260121_01,741bdd0f113c4c1eaf23c429f63dfa1d,2026-04-01,SH601169,0.05905802053452562,,,
EXP_LGBModel_Alpha158_csi300_sliding_step40_s_20260121_01,741bdd0f113c4c1eaf23c429f63dfa1d,2026-04-01,SH601111,-0.06596103696746336,,,
EXP_LGBModel_Alpha158_csi300_sliding_step40_s_20260121_01,741bdd0f113c4c1eaf23c429f63dfa1d,2026-04-01,SH601186,0.0005266730512644943,,,
EXP_LGBModel_Alpha158_csi300_sliding_step40_s_20260121_01,741bdd0f113c4c1eaf23c429f63dfa1d,2026-04-01,SH601225,0.0652457217514871,,,
EXP_LGBModel_Alpha158_csi300_sliding_step40_s_20260121_01,741bdd0f113c4c1eaf23c429f63dfa1d,2026-04-01,SH601229,0.09135924026300665,,,
EXP_LGBModel_Alpha158_csi300_sliding_step40_s_20260121_01,741bdd0f113c4c1eaf23c429f63dfa1d,2026-04-01,SH601236,-0.05675292232344924,,,
EXP_LGBModel_Alpha158_csi300_sliding_step40_s_20260121_01,741bdd0f113c4c1eaf23c429f63dfa1d,2026-04-01,SH601238,-0.0011819247441816005,,,
EXP_LGBModel_Alpha158_csi300_sliding_step40_s_20260121_01,741bdd0f113c4c1eaf23c429f63dfa1d,2026-04-01,SH601288,0.16727664021396368,,,
EXP_LGBModel_Alpha158_csi300_sliding_step40_s_20260121_01,741bdd0f113c4c1eaf23c429f63dfa1d,2026-04-01,SH601298,0.07637124265872208,,,
EXP_LGBModel_Alpha158_csi300_sliding_step40_s_20260121_01,741bdd0f113c4c1eaf23c429f63dfa1d,2026-04-01,SH601211,-0.1458857491011535,,,
EXP_LGBModel_Alpha158_csi300_sliding_step40_s_20260121_01,741bdd0f113c4c1eaf23c429f63dfa1d,2026-04-01,SH601100,-0.04975551062767582,,,
EXP_LGBModel_Alpha158_csi300_sliding_step40_s_20260121_01,741bdd0f113c4c1eaf23c429f63dfa1d,2026-04-01,SH601088,0.044673457193851,,,
EXP_LGBModel_Alpha158_csi300_sliding_step40_s_20260121_01,741bdd0f113c4c1eaf23c429f63dfa1d,2026-04-01,SH601077,0.07005326427827462,,,
EXP_LGBModel_Alpha158_csi300_sliding_step40_s_20260121_01,741bdd0f113c4c1eaf23c429f63dfa1d,2026-04-01,SH600926,0.07048738551407861,,,
EXP_LGBModel_Alpha158_csi300_sliding_step40_s_20260121_01,741bdd0f113c4c1eaf23c429f63dfa1d,2026-04-01,SH600930,-0.10084249496012193,,,
EXP_LGBModel_Alpha158_csi300_sliding_step40_s_20260121_01,741bdd0f113c4c1eaf23c429f63dfa1d,2026-04-01,SH600938,0.1061975594644983,,,
EXP_LGBModel_Alpha158_csi300_sliding_step40_s_20260121_01,741bdd0f113c4c1eaf23c429f63dfa1d,2026-04-01,SH600941,0.01491157457690735,,,
EXP_LGBModel_Alpha158_csi300_sliding_step40_s_20260121_01,741bdd0f113c4c1eaf23c429f63dfa1d,2026-04-01,SH600958,-0.053908124335302406,,,
EXP_LGBModel_Alpha158_csi300_sliding_step40_s_20260121_01,741bdd0f113c4c1eaf23c429f63dfa1d,2026-04-01,SH600989,0.06597189142331152,,,
EXP_LGBModel_Alpha158_csi300_sliding_step40_s_20260121_01,741bdd0f113c4c1eaf23c429f63dfa1d,2026-04-01,SH600999,-0.01505590276197142,,,
EXP_LGBModel_Alpha158_csi300_sliding_step40_s_20260121_01,741bdd0f113c4c1eaf23c429f63dfa1d,2026-04-01,SH601006,0.05593037892719608,,,
EXP_LGBModel_Alpha158_csi300_sliding_step40_s_20260121_01,741bdd0f113c4c1eaf23c429f63dfa1d,2026-04-01,SH601009,0.11176182162969886,,,
EXP_LGBModel_Alpha158_csi300_sliding_step40_s_20260121_01,741bdd0f113c4c1eaf23c429f63dfa1d,2026-04-01,SH601012,-0.062051930280000465,,,
EXP_LGBModel_Alpha158_csi300_sliding_step40_s_20260121_01,741bdd0f113c4c1eaf23c429f63dfa1d,2026-04-01,SH601018,0.16077105667183625,,,
EXP_LGBModel_Alpha158_csi300_sliding_step40_s_20260121_01,741bdd0f113c4c1eaf23c429f63dfa1d,2026-04-01,SH601021,-0.14281723652378342,,,
EXP_LGBModel_Alpha158_csi300_sliding_step40_s_20260121_01,741bdd0f113c4c1eaf23c429f63dfa1d,2026-04-01,SH601058,-0.17823779358831998,,,
EXP_LGBModel_Alpha158_csi300_sliding_step40_s_20260121_01,741bdd0f113c4c1eaf23c429f63dfa1d,2026-04-01,SH601059,-0.04601788560308679,,,
EXP_LGBModel_Alpha158_csi300_sliding_step40_s_20260121_01,741bdd0f113c4c1eaf23c429f63dfa1d,2026-04-01,SH601066,-0.02029524435116882,,,
EXP_LGBModel_Alpha158_csi300_sliding_step40_s_20260121_01,741bdd0f113c4c1eaf23c429f63dfa1d,2026-04-01,SH601318,-0.04258108372000998,,,
EXP_LGBModel_Alpha158_csi300_sliding_step40_s_20260121_01,741bdd0f113c4c1eaf23c429f63dfa1d,2026-04-01,SH601319,-0.006128184144709218,,,
EXP_LGBModel_Alpha158_csi300_sliding_step40_s_20260121_01,741bdd0f113c4c1eaf23c429f63dfa1d,2026-04-01,SH601328,0.03140246900053239,,,
EXP_LGBModel_Alpha158_csi300_sliding_step40_s_20260121_01,741bdd0f113c4c1eaf23c429f63dfa1d,2026-04-01,SH601336,0.004935154321591568,,,
EXP_LGBModel_Alpha158_csi300_sliding_step40_s_20260121_01,741bdd0f113c4c1eaf23c429f63dfa1d,2026-04-01,SH601788,-0.0612238260076826,,,
EXP_LGBModel_Alpha158_csi300_sliding_step40_s_20260121_01,741bdd0f113c4c1eaf23c429f63dfa1d,2026-04-01,SH601800,-0.03447459852616607,,,
EXP_LGBModel_Alpha158_csi300_sliding_step40_s_20260121_01,741bdd0f113c4c1eaf23c429f63dfa1d,2026-04-01,SH601808,-0.015877251453632585,,,
EXP_LGBModel_Alpha158_csi300_sliding_step40_s_20260121_01,741bdd0f113c4c1eaf23c429f63dfa1d,2026-04-01,SH601816,0.009464289303603615,,,
EXP_LGBModel_Alpha158_csi300_sliding_step40_s_20260121_01,741bdd0f113c4c1eaf23c429f63dfa1d,2026-04-01,SH601818,0.030924509709884817,,,
EXP_LGBModel_Alpha158_csi300_sliding_step40_s_20260121_01,741bdd0f113c4c1eaf23c429f63dfa1d,2026-04-01,SH601825,-0.025607188491929955,,,
EXP_LGBModel_Alpha158_csi300_sliding_step40_s_20260121_01,741bdd0f113c4c1eaf23c429f63dfa1d,2026-04-01,SH601838,0.06874844927635117,,,
EXP_LGBModel_Alpha158_csi300_sliding_step40_s_20260121_01,741bdd0f113c4c1eaf23c429f63dfa1d,2026-04-01,SH601857,-0.025891815914144974,,,
EXP_LGBModel_Alpha158_csi300_sliding_step40_s_20260121_01,741bdd0f113c4c1eaf23c429f63dfa1d,2026-04-01,SH601868,0.015246384873373547,,,
EXP_LGBModel_Alpha158_csi300_sliding_step40_s_20260121_01,741bdd0f113c4c1eaf23c429f63dfa1d,2026-04-01,SH601872,0.09289178343238533,,,
EXP_LGBModel_Alpha158_csi300_sliding_step40_s_20260121_01,741bdd0f113c4c1eaf23c429f63dfa1d,2026-04-01,SH601877,0.011787242203577377,,,
EXP_LGBModel_Alpha158_csi300_sliding_step40_s_20260121_01,741bdd0f113c4c1eaf23c429f63dfa1d,2026-04-01,SH601878,-0.10039348654956459,,,
EXP_LGBModel_Alpha158_csi300_sliding_step40_s_20260121_01,741bdd0f113c4c1eaf23c429f63dfa1d,2026-04-01,SH601881,-0.039844410265788964,,,
EXP_LGBModel_Alpha158_csi300_sliding_step40_s_20260121_01,741bdd0f113c4c1eaf23c429f63dfa1d,2026-04-01,SH601888,-0.10573831219778995,,,
EXP_LGBModel_Alpha158_csi300_sliding_step40_s_20260121_01,741bdd0f113c4c1eaf23c429f63dfa1d,2026-04-01,SH601898,0.06873211606765205,,,
EXP_LGBModel_Alpha158_csi300_sliding_step40_s_20260121_01,741bdd0f113c4c1eaf23c429f63dfa1d,2026-04-01,SH601766,0.12157259816872741,,,
EXP_LGBModel_Alpha158_csi300_sliding_step40_s_20260121_01,741bdd0f113c4c1eaf23c429f63dfa1d,2026-04-01,SH600919,0.04020944328011827,,,
EXP_LGBModel_Alpha158_csi300_sliding_step40_s_20260121_01,741bdd0f113c4c1eaf23c429f63dfa1d,2026-04-01,SH601728,-0.016949795673673995,,,
EXP_LGBModel_Alpha158_csi300_sliding_step40_s_20260121_01,741bdd0f113c4c1eaf23c429f63dfa1d,2026-04-01,SH601689,-0.035427784584892735,,,
EXP_LGBModel_Alpha158_csi300_sliding_step40_s_20260121_01,741bdd0f113c4c1eaf23c429f63dfa1d,2026-04-01,SH601360,0.0016825280018195226,,,
EXP_LGBModel_Alpha158_csi300_sliding_step40_s_20260121_01,741bdd0f113c4c1eaf23c429f63dfa1d,2026-04-01,SH601377,-0.05660802286854499,,,
EXP_LGBModel_Alpha158_csi300_sliding_step40_s_20260121_01,741bdd0f113c4c1eaf23c429f63dfa1d,2026-04-01,SH601390,-0.0024767442247827453,,,
EXP_LGBModel_Alpha158_csi300_sliding_step40_s_20260121_01,741bdd0f113c4c1eaf23c429f63dfa1d,2026-04-01,SH601398,0.04585465567747981,,,
EXP_LGBModel_Alpha158_csi300_sliding_step40_s_20260121_01,741bdd0f113c4c1eaf23c429f63dfa1d,2026-04-01,SH601456,-0.03700201419776655,,,
EXP_LGBModel_Alpha158_csi300_sliding_step40_s_20260121_01,741bdd0f113c4c1eaf23c429f63dfa1d,2026-04-01,SH601600,-0.03697602043864363,,,
EXP_LGBModel_Alpha158_csi300_sliding_step40_s_20260121_01,741bdd0f113c4c1eaf23c429f63dfa1d,2026-04-01,SH601601,0.015070597354733211,,,
EXP_LGBModel_Alpha158_csi300_sliding_step40_s_20260121_01,741bdd0f113c4c1eaf23c429f63dfa1d,2026-04-01,SH601607,-0.03372973752863078,,,
EXP_LGBModel_Alpha158_csi300_sliding_step40_s_20260121_01,741bdd0f113c4c1eaf23c429f63dfa1d,2026-04-01,SH601618,0.01925521403876409,,,
EXP_LGBModel_Alpha158_csi300_sliding_step40_s_20260121_01,741bdd0f113c4c1eaf23c429f63dfa1d,2026-04-01,SH601628,-0.05464282889611519,,,
EXP_LGBModel_Alpha158_csi300_sliding_step40_s_20260121_01,741bdd0f113c4c1eaf23c429f63dfa1d,2026-04-01,SH601633,0.0379336767669148,,,
EXP_LGBModel_Alpha158_csi300_sliding_step40_s_20260121_01,741bdd0f113c4c1eaf23c429f63dfa1d,2026-04-01,SH601658,0.1376231236500917,,,
EXP_LGBModel_Alpha158_csi300_sliding_step40_s_20260121_01,741bdd0f113c4c1eaf23c429f63dfa1d,2026-04-01,SH601668,0.009401264172891298,,,
EXP_LGBModel_Alpha158_csi300_sliding_step40_s_20260121_01,741bdd0f113c4c1eaf23c429f63dfa1d,2026-04-01,SH601669,-0.048795151663753866,,,
EXP_LGBModel_Alpha158_csi300_sliding_step40_s_20260121_01,741bdd0f113c4c1eaf23c429f63dfa1d,2026-04-01,SH601688,-0.04167591089785032,,,
EXP_LGBModel_Alpha158_csi300_sliding_step40_s_20260121_01,741bdd0f113c4c1eaf23c429f63dfa1d,2026-04-01,SH601698,0.02431543341748034,,,
EXP_LGBModel_Alpha158_csi300_sliding_step40_s_20260121_01,741bdd0f113c4c1eaf23c429f63dfa1d,2026-04-01,SH601899,-0.06514308344904648,,,
EXP_LGBModel_Alpha158_csi300_sliding_step40_s_20260121_01,741bdd0f113c4c1eaf23c429f63dfa1d,2026-04-01,SH600918,-0.013676408187439305,,,
EXP_LGBModel_Alpha158_csi300_sliding_step40_s_20260121_01,741bdd0f113c4c1eaf23c429f63dfa1d,2026-04-01,SH600900,0.01744058962411898,,,
EXP_LGBModel_Alpha158_csi300_sliding_step40_s_20260121_01,741bdd0f113c4c1eaf23c429f63dfa1d,2026-04-01,SH600061,-0.040255153007638295,,,
EXP_LGBModel_Alpha158_csi300_sliding_step40_s_20260121_01,741bdd0f113c4c1eaf23c429f63dfa1d,2026-04-01,SH600066,-0.20885687372261338,,,
EXP_LGBModel_Alpha158_csi300_sliding_step40_s_20260121_01,741bdd0f113c4c1eaf23c429f63dfa1d,2026-04-01,SH600085,-0.027745760460099984,,,
EXP_LGBModel_Alpha158_csi300_sliding_step40_s_20260121_01,741bdd0f113c4c1eaf23c429f63dfa1d,2026-04-01,SH600089,0.04131791946393588,,,
EXP_LGBModel_Alpha158_csi300_sliding_step40_s_20260121_01,741bdd0f113c4c1eaf23c429f63dfa1d,2026-04-01,SH600104,0.022863392073967724,,,
EXP_LGBModel_Alpha158_csi300_sliding_step40_s_20260121_01,741bdd0f113c4c1eaf23c429f63dfa1d,2026-04-01,SH600111,-0.07667721809604715,,,
EXP_LGBModel_Alpha158_csi300_sliding_step40_s_20260121_01,741bdd0f113c4c1eaf23c429f63dfa1d,2026-04-01,SH600050,0.01724343629623408,,,
EXP_LGBModel_Alpha158_csi300_sliding_step40_s_20260121_01,741bdd0f113c4c1eaf23c429f63dfa1d,2026-04-01,SH600115,-0.12733143672529562,,,
EXP_LGBModel_Alpha158_csi300_sliding_step40_s_20260121_01,741bdd0f113c4c1eaf23c429f63dfa1d,2026-04-01,SH600160,-0.050319209026509756,,,
EXP_LGBModel_Alpha158_csi300_sliding_step40_s_20260121_01,741bdd0f113c4c1eaf23c429f63dfa1d,2026-04-01,SH600161,-0.10190238653458589,,,
EXP_LGBModel_Alpha158_csi300_sliding_step40_s_20260121_01,741bdd0f113c4c1eaf23c429f63dfa1d,2026-04-01,SH600176,0.05498474842622299,,,
EXP_LGBModel_Alpha158_csi300_sliding_step40_s_20260121_01,741bdd0f113c4c1eaf23c429f63dfa1d,2026-04-01,SH600183,0.00022089039064409352,,,
EXP_LGBModel_Alpha158_csi300_sliding_step40_s_20260121_01,741bdd0f113c4c1eaf23c429f63dfa1d,2026-04-01,SH600188,0.15673507727902072,,,
EXP_LGBModel_Alpha158_csi300_sliding_step40_s_20260121_01,741bdd0f113c4c1eaf23c429f63dfa1d,2026-04-01,SH600196,-0.07466429848365347,,,
EXP_LGBModel_Alpha158_csi300_sliding_step40_s_20260121_01,741bdd0f113c4c1eaf23c429f63dfa1d,2026-04-01,SH600150,0.09402347125089949,,,
EXP_LGBModel_Alpha158_csi300_sliding_step40_s_20260121_01,741bdd0f113c4c1eaf23c429f63dfa1d,2026-04-01,SH600048,-0.05433599507459342,,,
EXP_LGBModel_Alpha158_csi300_sliding_step40_s_20260121_01,741bdd0f113c4c1eaf23c429f63dfa1d,2026-04-01,SH600039,0.15394478205601525,,,
EXP_LGBModel_Alpha158_csi300_sliding_step40_s_20260121_01,741bdd0f113c4c1eaf23c429f63dfa1d,2026-04-01,SH600036,0.039168208689972,,,
EXP_LGBModel_Alpha158_csi300_sliding_step40_s_20260121_01,741bdd0f113c4c1eaf23c429f63dfa1d,2026-04-01,SH600009,-0.06892692322992579,,,
EXP_LGBModel_Alpha158_csi300_sliding_step40_s_20260121_01,741bdd0f113c4c1eaf23c429f63dfa1d,2026-04-01,SH600010,-0.12546532348078654,,,
EXP_LGBModel_Alpha158_csi300_sliding_step40_s_20260121_01,741bdd0f113c4c1eaf23c429f63dfa1d,2026-04-01,SH600011,-0.07333462904882115,,,
EXP_LGBModel_Alpha158_csi300_sliding_step40_s_20260121_01,741bdd0f113c4c1eaf23c429f63dfa1d,2026-04-01,SH600015,0.08187165478757265,,,
EXP_LGBModel_Alpha158_csi300_sliding_step40_s_20260121_01,741bdd0f113c4c1eaf23c429f63dfa1d,2026-04-01,SH600016,0.02120453727968393,,,
EXP_LGBModel_Alpha158_csi300_sliding_step40_s_20260121_01,741bdd0f113c4c1eaf23c429f63dfa1d,2026-04-01,SH600018,0.02583477331790089,,,
EXP_LGBModel_Alpha158_csi300_sliding_step40_s_20260121_01,741bdd0f113c4c1eaf23c429f63dfa1d,2026-04-01,SH600019,-0.06756735485928099,,,
EXP_LGBModel_Alpha158_csi300_sliding_step40_s_20260121_01,741bdd0f113c4c1eaf23c429f63dfa1d,2026-04-01,SH600023,0.08591345414855513,,,
EXP_LGBModel_Alpha158_csi300_sliding_step40_s_20260121_01,741bdd0f113c4c1eaf23c429f63dfa1d,2026-04-01,SH600025,0.03466897704998663,,,
EXP_LGBModel_Alpha158_csi300_sliding_step40_s_20260121_01,741bdd0f113c4c1eaf23c429f63dfa1d,2026-04-01,SH600026,-0.05146937156382969,,,
EXP_LGBModel_Alpha158_csi300_sliding_step40_s_20260121_01,741bdd0f113c4c1eaf23c429f63dfa1d,2026-04-01,SH600027,-0.04485896372769461,,,
EXP_LGBModel_Alpha158_csi300_sliding_step40_s_20260121_01,741bdd0f113c4c1eaf23c429f63dfa1d,2026-04-01,SH600028,-0.08854173572220989,,,
EXP_LGBModel_Alpha158_csi300_sliding_step40_s_20260121_01,741bdd0f113c4c1eaf23c429f63dfa1d,2026-04-01,SH600029,-0.04501015207890686,,,
EXP_LGBModel_Alpha158_csi300_sliding_step40_s_20260121_01,741bdd0f113c4c1eaf23c429f63dfa1d,2026-04-01,SH600030,-0.11306662927401277,,,
EXP_LGBModel_Alpha158_csi300_sliding_step40_s_20260121_01,741bdd0f113c4c1eaf23c429f63dfa1d,2026-04-01,SH600031,-0.007714687881054718,,,
EXP_LGBModel_Alpha158_csi300_sliding_step40_s_20260121_01,741bdd0f113c4c1eaf23c429f63dfa1d,2026-04-01,SH600219,-0.04601873906715718,,,
EXP_LGBModel_Alpha158_csi300_sliding_step40_s_20260121_01,741bdd0f113c4c1eaf23c429f63dfa1d,2026-04-01,SH600233,-0.040968110566667895,,,
EXP_LGBModel_Alpha158_csi300_sliding_step40_s_20260121_01,741bdd0f113c4c1eaf23c429f63dfa1d,2026-04-01,SH600276,-0.026216926459982956,,,
EXP_LGBModel_Alpha158_csi300_sliding_step40_s_20260121_01,741bdd0f113c4c1eaf23c429f63dfa1d,2026-04-01,SH600309,0.0411591793851827,,,
EXP_LGBModel_Alpha158_csi300_sliding_step40_s_20260121_01,741bdd0f113c4c1eaf23c429f63dfa1d,2026-04-01,SH600588,0.014741261348299858,,,
EXP_LGBModel_Alpha158_csi300_sliding_step40_s_20260121_01,741bdd0f113c4c1eaf23c429f63dfa1d,2026-04-01,SH600600,0.13657778517718575,,,
EXP_LGBModel_Alpha158_csi300_sliding_step40_s_20260121_01,741bdd0f113c4c1eaf23c429f63dfa1d,2026-04-01,SH600660,-0.05527568818881332,,,
EXP_LGBModel_Alpha158_csi300_sliding_step40_s_20260121_01,741bdd0f113c4c1eaf23c429f63dfa1d,2026-04-01,SH600674,0.009101905624386359,,,
EXP_LGBModel_Alpha158_csi300_sliding_step40_s_20260121_01,741bdd0f113c4c1eaf23c429f63dfa1d,2026-04-01,SH600690,-0.05081720782536289,,,
EXP_LGBModel_Alpha158_csi300_sliding_step40_s_20260121_01,741bdd0f113c4c1eaf23c429f63dfa1d,2026-04-01,SH600741,0.024027490397981313,,,
EXP_LGBModel_Alpha158_csi300_sliding_step40_s_20260121_01,741bdd0f113c4c1eaf23c429f63dfa1d,2026-04-01,SH600760,-0.10110543764778515,,,
EXP_LGBModel_Alpha158_csi300_sliding_step40_s_20260121_01,741bdd0f113c4c1eaf23c429f63dfa1d,2026-04-01,SH600795,-0.022807173191364345,,,
EXP_LGBModel_Alpha158_csi300_sliding_step40_s_20260121_01,741bdd0f113c4c1eaf23c429f63dfa1d,2026-04-01,SH600803,0.002600236415241903,,,
EXP_LGBModel_Alpha158_csi300_sliding_step40_s_20260121_01,741bdd0f113c4c1eaf23c429f63dfa1d,2026-04-01,SH600809,-0.05358160020237067,,,
EXP_LGBModel_Alpha158_csi300_sliding_step40_s_20260121_01,741bdd0f113c4c1eaf23c429f63dfa1d,2026-04-01,SH600845,-0.06814780472077724,,,
EXP_LGBModel_Alpha158_csi300_sliding_step40_s_20260121_01,741bdd0f113c4c1eaf23c429f63dfa1d,2026-04-01,SH600875,-0.0196125876788121,,,
EXP_LGBModel_Alpha158_csi300_sliding_step40_s_20260121_01,741bdd0f113c4c1eaf23c429f63dfa1d,2026-04-01,SH600886,0.057161372849743715,,,
EXP_LGBModel_Alpha158_csi300_sliding_step40_s_20260121_01,741bdd0f113c4c1eaf23c429f63dfa1d,2026-04-01,SH600887,0.067846702003423,,,
EXP_LGBModel_Alpha158_csi300_sliding_step40_s_20260121_01,741bdd0f113c4c1eaf23c429f63dfa1d,2026-04-01,SH600893,-0.013156843067873285,,,
EXP_LGBModel_Alpha158_csi300_sliding_step40_s_20260121_01,741bdd0f113c4c1eaf23c429f63dfa1d,2026-04-01,SH600585,0.01119281290756561,,,
EXP_LGBModel_Alpha158_csi300_sliding_step40_s_20260121_01,741bdd0f113c4c1eaf23c429f63dfa1d,2026-04-01,SH600905,-0.0195011398041848,,,
EXP_LGBModel_Alpha158_csi300_sliding_step40_s_20260121_01,741bdd0f113c4c1eaf23c429f63dfa1d,2026-04-01,SH600584,0.04393906132162302,,,
EXP_LGBModel_Alpha158_csi300_sliding_step40_s_20260121_01,741bdd0f113c4c1eaf23c429f63dfa1d,2026-04-01,SH600547,-0.06517328017783315,,,
EXP_LGBModel_Alpha158_csi300_sliding_step40_s_20260121_01,741bdd0f113c4c1eaf23c429f63dfa1d,2026-04-01,SH600346,-0.20150748359619522,,,
EXP_LGBModel_Alpha158_csi300_sliding_step40_s_20260121_01,741bdd0f113c4c1eaf23c429f63dfa1d,2026-04-01,SH600362,-0.014136723581266875,,,
EXP_LGBModel_Alpha158_csi300_sliding_step40_s_20260121_01,741bdd0f113c4c1eaf23c429f63dfa1d,2026-04-01,SH600372,-0.0663772647302782,,,
EXP_LGBModel_Alpha158_csi300_sliding_step40_s_20260121_01,741bdd0f113c4c1eaf23c429f63dfa1d,2026-04-01,SH600377,0.08057994874816107,,,
EXP_LGBModel_Alpha158_csi300_sliding_step40_s_20260121_01,741bdd0f113c4c1eaf23c429f63dfa1d,2026-04-01,SH600406,0.00878935420088621,,,
EXP_LGBModel_Alpha158_csi300_sliding_step40_s_20260121_01,741bdd0f113c4c1eaf23c429f63dfa1d,2026-04-01,SH600415,-0.06280478721282853,,,
EXP_LGBModel_Alpha158_csi300_sliding_step40_s_20260121_01,741bdd0f113c4c1eaf23c429f63dfa1d,2026-04-01,SH600426,-0.10611813336129626,,,
EXP_LGBModel_Alpha158_csi300_sliding_step40_s_20260121_01,741bdd0f113c4c1eaf23c429f63dfa1d,2026-04-01,SH600436,-0.005412063736017691,,,
EXP_LGBModel_Alpha158_csi300_sliding_step40_s_20260121_01,741bdd0f113c4c1eaf23c429f63dfa1d,2026-04-01,SH600438,-0.12753321250547814,,,
EXP_LGBModel_Alpha158_csi300_sliding_step40_s_20260121_01,741bdd0f113c4c1eaf23c429f63dfa1d,2026-04-01,SH600460,-0.03927498963374585,,,
EXP_LGBModel_Alpha158_csi300_sliding_step40_s_20260121_01,741bdd0f113c4c1eaf23c429f63dfa1d,2026-04-01,SH600482,0.05916581955379975,,,
EXP_LGBModel_Alpha158_csi300_sliding_step40_s_20260121_01,741bdd0f113c4c1eaf23c429f63dfa1d,2026-04-01,SH600489,-0.0803147092138646,,,
EXP_LGBModel_Alpha158_csi300_sliding_step40_s_20260121_01,741bdd0f113c4c1eaf23c429f63dfa1d,2026-04-01,SH600515,-0.02878391959908914,,,
EXP_LGBModel_Alpha158_csi300_sliding_step40_s_20260121_01,741bdd0f113c4c1eaf23c429f63dfa1d,2026-04-01,SH600519,0.11520149342290072,,,
EXP_LGBModel_Alpha158_csi300_sliding_step40_s_20260121_01,741bdd0f113c4c1eaf23c429f63dfa1d,2026-04-01,SH600522,0.065921948711384,,,
EXP_LGBModel_Alpha158_csi300_sliding_step40_s_20260121_01,741bdd0f113c4c1eaf23c429f63dfa1d,2026-04-01,SH600570,-0.09153226315769024,,,
EXP_LGBModel_Alpha158_csi300_sliding_step40_s_20260121_01,741bdd0f113c4c1eaf23c429f63dfa1d,2026-04-01,SH600000,0.05347468159639638,,,
EXP_LGBModel_Alpha158_csi300_sliding_step40_s_20260121_01,741bdd0f113c4c1eaf23c429f63dfa1d,2026-04-01,SH601901,-0.08785532809116402,,,
EXP_LGBModel_Alpha158_csi300_sliding_step40_s_20260121_01,741bdd0f113c4c1eaf23c429f63dfa1d,2026-04-01,SH601919,-0.07621336424479187,,,
EXP_LGBModel_Alpha158_csi300_sliding_step40_s_20260121_01,741bdd0f113c4c1eaf23c429f63dfa1d,2026-04-01,SZ002415,0.08277055970915174,,,
EXP_LGBModel_Alpha158_csi300_sliding_step40_s_20260121_01,741bdd0f113c4c1eaf23c429f63dfa1d,2026-04-01,SZ002422,-0.03069702962573421,,,
EXP_LGBModel_Alpha158_csi300_sliding_step40_s_20260121_01,741bdd0f113c4c1eaf23c429f63dfa1d,2026-04-01,SZ002459,-0.037179026711264246,,,
EXP_LGBModel_Alpha158_csi300_sliding_step40_s_20260121_01,741bdd0f113c4c1eaf23c429f63dfa1d,2026-04-01,SZ002460,0.019589571706640403,,,
EXP_LGBModel_Alpha158_csi300_sliding_step40_s_20260121_01,741bdd0f113c4c1eaf23c429f63dfa1d,2026-04-01,SZ002463,-0.011939818851357089,,,
EXP_LGBModel_Alpha158_csi300_sliding_step40_s_20260121_01,741bdd0f113c4c1eaf23c429f63dfa1d,2026-04-01,SZ002466,0.0332008928833416,,,
EXP_LGBModel_Alpha158_csi300_sliding_step40_s_20260121_01,741bdd0f113c4c1eaf23c429f63dfa1d,2026-04-01,SZ002384,-0.16066202266920637,,,
EXP_LGBModel_Alpha158_csi300_sliding_step40_s_20260121_01,741bdd0f113c4c1eaf23c429f63dfa1d,2026-04-01,SZ002475,0.033384435578425145,,,
EXP_LGBModel_Alpha158_csi300_sliding_step40_s_20260121_01,741bdd0f113c4c1eaf23c429f63dfa1d,2026-04-01,SZ002594,0.10369594583168505,,,
EXP_LGBModel_Alpha158_csi300_sliding_step40_s_20260121_01,741bdd0f113c4c1eaf23c429f63dfa1d,2026-04-01,SZ002600,0.07095074059899178,,,
EXP_LGBModel_Alpha158_csi300_sliding_step40_s_20260121_01,741bdd0f113c4c1eaf23c429f63dfa1d,2026-04-01,SZ002601,-0.05828231118192823,,,
EXP_LGBModel_Alpha158_csi300_sliding_step40_s_20260121_01,741bdd0f113c4c1eaf23c429f63dfa1d,2026-04-01,SZ002625,-0.05849687839319695,,,
EXP_LGBModel_Alpha158_csi300_sliding_step40_s_20260121_01,741bdd0f113c4c1eaf23c429f63dfa1d,2026-04-01,SZ002648,-0.004048028481423774,,,
EXP_LGBModel_Alpha158_csi300_sliding_step40_s_20260121_01,741bdd0f113c4c1eaf23c429f63dfa1d,2026-04-01,SZ002709,-0.02995474934494413,,,
EXP_LGBModel_Alpha158_csi300_sliding_step40_s_20260121_01,741bdd0f113c4c1eaf23c429f63dfa1d,2026-04-01,SZ002493,0.01073102660995549,,,
EXP_LGBModel_Alpha158_csi300_sliding_step40_s_20260121_01,741bdd0f113c4c1eaf23c429f63dfa1d,2026-04-01,SZ002371,0.17855559829450898,,,
EXP_LGBModel_Alpha158_csi300_sliding_step40_s_20260121_01,741bdd0f113c4c1eaf23c429f63dfa1d,2026-04-01,SZ002352,0.09156127711715252,,,
EXP_LGBModel_Alpha158_csi300_sliding_step40_s_20260121_01,741bdd0f113c4c1eaf23c429f63dfa1d,2026-04-01,SZ002311,-0.06215699780677829,,,
EXP_LGBModel_Alpha158_csi300_sliding_step40_s_20260121_01,741bdd0f113c4c1eaf23c429f63dfa1d,2026-04-01,SZ001965,0.06221658056722674,,,
EXP_LGBModel_Alpha158_csi300_sliding_step40_s_20260121_01,741bdd0f113c4c1eaf23c429f63dfa1d,2026-04-01,SZ001979,0.006835696766532241,,,
EXP_LGBModel_Alpha158_csi300_sliding_step40_s_20260121_01,741bdd0f113c4c1eaf23c429f63dfa1d,2026-04-01,SZ002001,0.034529827597154464,,,
EXP_LGBModel_Alpha158_csi300_sliding_step40_s_20260121_01,741bdd0f113c4c1eaf23c429f63dfa1d,2026-04-01,SZ002027,0.005078510961234987,,,
EXP_LGBModel_Alpha158_csi300_sliding_step40_s_20260121_01,741bdd0f113c4c1eaf23c429f63dfa1d,2026-04-01,SZ002028,0.11966724005997048,,,
EXP_LGBModel_Alpha158_csi300_sliding_step40_s_20260121_01,741bdd0f113c4c1eaf23c429f63dfa1d,2026-04-01,SZ002049,-0.01429916511070253,,,
EXP_LGBModel_Alpha158_csi300_sliding_step40_s_20260121_01,741bdd0f113c4c1eaf23c429f63dfa1d,2026-04-01,SZ002050,-0.0267183748579116,,,
EXP_LGBModel_Alpha158_csi300_sliding_step40_s_20260121_01,741bdd0f113c4c1eaf23c429f63dfa1d,2026-04-01,SZ002074,-0.04179545062933267,,,
EXP_LGBModel_Alpha158_csi300_sliding_step40_s_20260121_01,741bdd0f113c4c1eaf23c429f63dfa1d,2026-04-01,SZ002142,0.015874182562684105,,,
EXP_LGBModel_Alpha158_csi300_sliding_step40_s_20260121_01,741bdd0f113c4c1eaf23c429f63dfa1d,2026-04-01,SZ002179,-0.09493771342632637,,,
EXP_LGBModel_Alpha158_csi300_sliding_step40_s_20260121_01,741bdd0f113c4c1eaf23c429f63dfa1d,2026-04-01,SZ002230,0.0017117864991130565,,,
EXP_LGBModel_Alpha158_csi300_sliding_step40_s_20260121_01,741bdd0f113c4c1eaf23c429f63dfa1d,2026-04-01,SZ002236,-0.029856235429791794,,,
EXP_LGBModel_Alpha158_csi300_sliding_step40_s_20260121_01,741bdd0f113c4c1eaf23c429f63dfa1d,2026-04-01,SZ002241,-0.002371626784026674,,,
EXP_LGBModel_Alpha158_csi300_sliding_step40_s_20260121_01,741bdd0f113c4c1eaf23c429f63dfa1d,2026-04-01,SZ002252,-0.09132348786813367,,,
EXP_LGBModel_Alpha158_csi300_sliding_step40_s_20260121_01,741bdd0f113c4c1eaf23c429f63dfa1d,2026-04-01,SZ002304,-0.04660741929445271,,,
EXP_LGBModel_Alpha158_csi300_sliding_step40_s_20260121_01,741bdd0f113c4c1eaf23c429f63dfa1d,2026-04-01,SZ002714,-0.04148077734567795,,,
EXP_LGBModel_Alpha158_csi300_sliding_step40_s_20260121_01,741bdd0f113c4c1eaf23c429f63dfa1d,2026-04-01,SZ002736,-0.1380871017905275,,,
EXP_LGBModel_Alpha158_csi300_sliding_step40_s_20260121_01,741bdd0f113c4c1eaf23c429f63dfa1d,2026-04-01,SZ002916,0.0391967001076732,,,
EXP_LGBModel_Alpha158_csi300_sliding_step40_s_20260121_01,741bdd0f113c4c1eaf23c429f63dfa1d,2026-04-01,SZ002920,0.019221412100133596,,,
EXP_LGBModel_Alpha158_csi300_sliding_step40_s_20260121_01,741bdd0f113c4c1eaf23c429f63dfa1d,2026-04-01,SZ300476,-0.007850648752076238,,,
EXP_LGBModel_Alpha158_csi300_sliding_step40_s_20260121_01,741bdd0f113c4c1eaf23c429f63dfa1d,2026-04-01,SZ300498,0.01941901940436588,,,
EXP_LGBModel_Alpha158_csi300_sliding_step40_s_20260121_01,741bdd0f113c4c1eaf23c429f63dfa1d,2026-04-01,SZ300502,0.01328332984132482,,,
EXP_LGBModel_Alpha158_csi300_sliding_step40_s_20260121_01,741bdd0f113c4c1eaf23c429f63dfa1d,2026-04-01,SZ300628,-0.06192995408886421,,,
EXP_LGBModel_Alpha158_csi300_sliding_step40_s_20260121_01,741bdd0f113c4c1eaf23c429f63dfa1d,2026-04-01,SZ300661,0.19187483007189618,,,
EXP_LGBModel_Alpha158_csi300_sliding_step40_s_20260121_01,741bdd0f113c4c1eaf23c429f63dfa1d,2026-04-01,SZ300750,-0.02069527931428355,,,
EXP_LGBModel_Alpha158_csi300_sliding_step40_s_20260121_01,741bdd0f113c4c1eaf23c429f63dfa1d,2026-04-01,SZ300759,-0.27263708773883893,,,
EXP_LGBModel_Alpha158_csi300_sliding_step40_s_20260121_01,741bdd0f113c4c1eaf23c429f63dfa1d,2026-04-01,SZ300760,0.057379320600730574,,,
EXP_LGBModel_Alpha158_csi300_sliding_step40_s_20260121_01,741bdd0f113c4c1eaf23c429f63dfa1d,2026-04-01,SZ300782,-0.05491160538187047,,,
EXP_LGBModel_Alpha158_csi300_sliding_step40_s_20260121_01,741bdd0f113c4c1eaf23c429f63dfa1d,2026-04-01,SZ300803,0.004606625187400346,,,
EXP_LGBModel_Alpha158_csi300_sliding_step40_s_20260121_01,741bdd0f113c4c1eaf23c429f63dfa1d,2026-04-01,SZ300832,-0.039427645127250124,,,
EXP_LGBModel_Alpha158_csi300_sliding_step40_s_20260121_01,741bdd0f113c4c1eaf23c429f63dfa1d,2026-04-01,SZ300866,-0.05887896268239935,,,
EXP_LGBModel_Alpha158_csi300_sliding_step40_s_20260121_01,741bdd0f113c4c1eaf23c429f63dfa1d,2026-04-01,SZ300896,-0.04619142501950803,,,
EXP_LGBModel_Alpha158_csi300_sliding_step40_s_20260121_01,741bdd0f113c4c1eaf23c429f63dfa1d,2026-04-01,SZ300979,-0.03027050228390094,,,
EXP_LGBModel_Alpha158_csi300_sliding_step40_s_20260121_01,741bdd0f113c4c1eaf23c429f63dfa1d,2026-04-01,SZ300999,-0.04192483956267671,,,
EXP_LGBModel_Alpha158_csi300_sliding_step40_s_20260121_01,741bdd0f113c4c1eaf23c429f63dfa1d,2026-04-01,SZ300442,-0.019903340174493158,,,
EXP_LGBModel_Alpha158_csi300_sliding_step40_s_20260121_01,741bdd0f113c4c1eaf23c429f63dfa1d,2026-04-01,SZ001391,-0.0757158958018744,,,
EXP_LGBModel_Alpha158_csi300_sliding_step40_s_20260121_01,741bdd0f113c4c1eaf23c429f63dfa1d,2026-04-01,SZ300433,0.06763419436098217,,,
EXP_LGBModel_Alpha158_csi300_sliding_step40_s_20260121_01,741bdd0f113c4c1eaf23c429f63dfa1d,2026-04-01,SZ300413,-0.12195843992711967,,,
EXP_LGBModel_Alpha158_csi300_sliding_step40_s_20260121_01,741bdd0f113c4c1eaf23c429f63dfa1d,2026-04-01,SZ002938,0.0814007775135849,,,
EXP_LGBModel_Alpha158_csi300_sliding_step40_s_20260121_01,741bdd0f113c4c1eaf23c429f63dfa1d,2026-04-01,SZ003816,0.15751293075882158,,,
EXP_LGBModel_Alpha158_csi300_sliding_step40_s_20260121_01,741bdd0f113c4c1eaf23c429f63dfa1d,2026-04-01,SZ300014,0.07143885016400617,,,
EXP_LGBModel_Alpha158_csi300_sliding_step40_s_20260121_01,741bdd0f113c4c1eaf23c429f63dfa1d,2026-04-01,SZ300015,0.003347402648202517,,,
EXP_LGBModel_Alpha158_csi300_sliding_step40_s_20260121_01,741bdd0f113c4c1eaf23c429f63dfa1d,2026-04-01,SZ300033,0.014101046897792324,,,
EXP_LGBModel_Alpha158_csi300_sliding_step40_s_20260121_01,741bdd0f113c4c1eaf23c429f63dfa1d,2026-04-01,SZ300059,-0.06618805665016739,,,
EXP_LGBModel_Alpha158_csi300_sliding_step40_s_20260121_01,741bdd0f113c4c1eaf23c429f63dfa1d,2026-04-01,SZ300122,-0.09851510708624772,,,
EXP_LGBModel_Alpha158_csi300_sliding_step40_s_20260121_01,741bdd0f113c4c1eaf23c429f63dfa1d,2026-04-01,SZ300124,-0.09832677403952586,,,
EXP_LGBModel_Alpha158_csi300_sliding_step40_s_20260121_01,741bdd0f113c4c1eaf23c429f63dfa1d,2026-04-01,SZ300251,0.09164909704330629,,,
EXP_LGBModel_Alpha158_csi300_sliding_step40_s_20260121_01,741bdd0f113c4c1eaf23c429f63dfa1d,2026-04-01,SZ300274,0.022815629409560195,,,
EXP_LGBModel_Alpha158_csi300_sliding_step40_s_20260121_01,741bdd0f113c4c1eaf23c429f63dfa1d,2026-04-01,SZ300308,0.09928442261247297,,,
EXP_LGBModel_Alpha158_csi300_sliding_step40_s_20260121_01,741bdd0f113c4c1eaf23c429f63dfa1d,2026-04-01,SZ300316,0.06607808965814337,,,
EXP_LGBModel_Alpha158_csi300_sliding_step40_s_20260121_01,741bdd0f113c4c1eaf23c429f63dfa1d,2026-04-01,SZ300347,-0.3456330709958856,,,
EXP_LGBModel_Alpha158_csi300_sliding_step40_s_20260121_01,741bdd0f113c4c1eaf23c429f63dfa1d,2026-04-01,SZ300394,-0.07715569931753027,,,
EXP_LGBModel_Alpha158_csi300_sliding_step40_s_20260121_01,741bdd0f113c4c1eaf23c429f63dfa1d,2026-04-01,SZ300408,0.20297973339624642,,,
EXP_LGBModel_Alpha158_csi300_sliding_step40_s_20260121_01,741bdd0f113c4c1eaf23c429f63dfa1d,2026-04-01,SZ300418,0.03352812088332471,,,
EXP_LGBModel_Alpha158_csi300_sliding_step40_s_20260121_01,741bdd0f113c4c1eaf23c429f63dfa1d,2026-04-01,SH601916,0.06818295845384467,,,
EXP_LGBModel_Alpha158_csi300_sliding_step40_s_20260121_01,741bdd0f113c4c1eaf23c429f63dfa1d,2026-04-01,SZ000999,-0.02562740529030023,,,
EXP_LGBModel_Alpha158_csi300_sliding_step40_s_20260121_01,741bdd0f113c4c1eaf23c429f63dfa1d,2026-04-01,SZ000977,0.19873866087462808,,,
EXP_LGBModel_Alpha158_csi300_sliding_step40_s_20260121_01,741bdd0f113c4c1eaf23c429f63dfa1d,2026-04-01,SH605499,-0.12743038274036617,,,
EXP_LGBModel_Alpha158_csi300_sliding_step40_s_20260121_01,741bdd0f113c4c1eaf23c429f63dfa1d,2026-04-01,SH688008,0.05225457731084878,,,
EXP_LGBModel_Alpha158_csi300_sliding_step40_s_20260121_01,741bdd0f113c4c1eaf23c429f63dfa1d,2026-04-01,SH688009,0.06672945678176816,,,
EXP_LGBModel_Alpha158_csi300_sliding_step40_s_20260121_01,741bdd0f113c4c1eaf23c429f63dfa1d,2026-04-01,SH688012,0.05959740693013056,,,
EXP_LGBModel_Alpha158_csi300_sliding_step40_s_20260121_01,741bdd0f113c4c1eaf23c429f63dfa1d,2026-04-01,SH688036,0.14307179916627794,,,
EXP_LGBModel_Alpha158_csi300_sliding_step40_s_20260121_01,741bdd0f113c4c1eaf23c429f63dfa1d,2026-04-01,SH688041,-0.0013424554094157656,,,
EXP_LGBModel_Alpha158_csi300_sliding_step40_s_20260121_01,741bdd0f113c4c1eaf23c429f63dfa1d,2026-04-01,SH605117,0.07345225036678926,,,
EXP_LGBModel_Alpha158_csi300_sliding_step40_s_20260121_01,741bdd0f113c4c1eaf23c429f63dfa1d,2026-04-01,SH688047,-0.06979101528056862,,,
EXP_LGBModel_Alpha158_csi300_sliding_step40_s_20260121_01,741bdd0f113c4c1eaf23c429f63dfa1d,2026-04-01,SH688111,-0.04452283547591316,,,
EXP_LGBModel_Alpha158_csi300_sliding_step40_s_20260121_01,741bdd0f113c4c1eaf23c429f63dfa1d,2026-04-01,SH688126,-0.07126512275372344,,,
EXP_LGBModel_Alpha158_csi300_sliding_step40_s_20260121_01,741bdd0f113c4c1eaf23c429f63dfa1d,2026-04-01,SH688169,0.02247089176620066,,,
EXP_LGBModel_Alpha158_csi300_sliding_step40_s_20260121_01,741bdd0f113c4c1eaf23c429f63dfa1d,2026-04-01,SH688187,0.018696503049520655,,,
EXP_LGBModel_Alpha158_csi300_sliding_step40_s_20260121_01,741bdd0f113c4c1eaf23c429f63dfa1d,2026-04-01,SH688223,-0.03527843219662938,,,
EXP_LGBModel_Alpha158_csi300_sliding_step40_s_20260121_01,741bdd0f113c4c1eaf23c429f63dfa1d,2026-04-01,SH688256,-0.029610754523568716,,,
EXP_LGBModel_Alpha158_csi300_sliding_step40_s_20260121_01,741bdd0f113c4c1eaf23c429f63dfa1d,2026-04-01,SH688082,0.0016386240292508426,,,
EXP_LGBModel_Alpha158_csi300_sliding_step40_s_20260121_01,741bdd0f113c4c1eaf23c429f63dfa1d,2026-04-01,SH603993,-0.049558034302119705,,,
EXP_LGBModel_Alpha158_csi300_sliding_step40_s_20260121_01,741bdd0f113c4c1eaf23c429f63dfa1d,2026-04-01,SH603986,0.09234782113303894,,,
EXP_LGBModel_Alpha158_csi300_sliding_step40_s_20260121_01,741bdd0f113c4c1eaf23c429f63dfa1d,2026-04-01,SH603893,0.025521593635458188,,,
EXP_LGBModel_Alpha158_csi300_sliding_step40_s_20260121_01,741bdd0f113c4c1eaf23c429f63dfa1d,2026-04-01,SH601939,0.11168446402800528,,,
EXP_LGBModel_Alpha158_csi300_sliding_step40_s_20260121_01,741bdd0f113c4c1eaf23c429f63dfa1d,2026-04-01,SH601985,0.01676223224821448,,,
EXP_LGBModel_Alpha158_csi300_sliding_step40_s_20260121_01,741bdd0f113c4c1eaf23c429f63dfa1d,2026-04-01,SH601988,0.10752289684645949,,,
EXP_LGBModel_Alpha158_csi300_sliding_step40_s_20260121_01,741bdd0f113c4c1eaf23c429f63dfa1d,2026-04-01,SH601995,-0.08125904915220025,,,
EXP_LGBModel_Alpha158_csi300_sliding_step40_s_20260121_01,741bdd0f113c4c1eaf23c429f63dfa1d,2026-04-01,SH601998,0.08720052470140491,,,
EXP_LGBModel_Alpha158_csi300_sliding_step40_s_20260121_01,741bdd0f113c4c1eaf23c429f63dfa1d,2026-04-01,SH603019,-0.048069188466643306,,,
EXP_LGBModel_Alpha158_csi300_sliding_step40_s_20260121_01,741bdd0f113c4c1eaf23c429f63dfa1d,2026-04-01,SH603195,-0.00523050861839966,,,
EXP_LGBModel_Alpha158_csi300_sliding_step40_s_20260121_01,741bdd0f113c4c1eaf23c429f63dfa1d,2026-04-01,SH603259,-0.15263510230664834,,,
EXP_LGBModel_Alpha158_csi300_sliding_step40_s_20260121_01,741bdd0f113c4c1eaf23c429f63dfa1d,2026-04-01,SH603260,-0.0682096741974423,,,
EXP_LGBModel_Alpha158_csi300_sliding_step40_s_20260121_01,741bdd0f113c4c1eaf23c429f63dfa1d,2026-04-01,SH603288,-0.009233030596885617,,,
EXP_LGBModel_Alpha158_csi300_sliding_step40_s_20260121_01,741bdd0f113c4c1eaf23c429f63dfa1d,2026-04-01,SH603296,0.04224619296854684,,,
EXP_LGBModel_Alpha158_csi300_sliding_step40_s_20260121_01,741bdd0f113c4c1eaf23c429f63dfa1d,2026-04-01,SH603369,-0.08353988779123546,,,
EXP_LGBModel_Alpha158_csi300_sliding_step40_s_20260121_01,741bdd0f113c4c1eaf23c429f63dfa1d,2026-04-01,SH603392,0.10259322138090388,,,
EXP_LGBModel_Alpha158_csi300_sliding_step40_s_20260121_01,741bdd0f113c4c1eaf23c429f63dfa1d,2026-04-01,SH603501,-0.01948605402752134,,,
EXP_LGBModel_Alpha158_csi300_sliding_step40_s_20260121_01,741bdd0f113c4c1eaf23c429f63dfa1d,2026-04-01,SH603799,-0.19113133885249015,,,
EXP_LGBModel_Alpha158_csi300_sliding_step40_s_20260121_01,741bdd0f113c4c1eaf23c429f63dfa1d,2026-04-01,SH688271,-0.06978385722894825,,,
EXP_LGBModel_Alpha158_csi300_sliding_step40_s_20260121_01,741bdd0f113c4c1eaf23c429f63dfa1d,2026-04-01,SH688303,-0.09685814499984217,,,
EXP_LGBModel_Alpha158_csi300_sliding_step40_s_20260121_01,741bdd0f113c4c1eaf23c429f63dfa1d,2026-04-01,SH688396,-0.0010094896232339013,,,
EXP_LGBModel_Alpha158_csi300_sliding_step40_s_20260121_01,741bdd0f113c4c1eaf23c429f63dfa1d,2026-04-01,SH688472,0.00883968243616084,,,
EXP_LGBModel_Alpha158_csi300_sliding_step40_s_20260121_01,741bdd0f113c4c1eaf23c429f63dfa1d,2026-04-01,SZ000651,0.028219855069104474,,,
EXP_LGBModel_Alpha158_csi300_sliding_step40_s_20260121_01,741bdd0f113c4c1eaf23c429f63dfa1d,2026-04-01,SZ000661,-0.04420516248090735,,,
EXP_LGBModel_Alpha158_csi300_sliding_step40_s_20260121_01,741bdd0f113c4c1eaf23c429f63dfa1d,2026-04-01,SZ000708,-0.010083465186993507,,,
EXP_LGBModel_Alpha158_csi300_sliding_step40_s_20260121_01,741bdd0f113c4c1eaf23c429f63dfa1d,2026-04-01,SZ000725,-0.03802026290307923,,,
EXP_LGBModel_Alpha158_csi300_sliding_step40_s_20260121_01,741bdd0f113c4c1eaf23c429f63dfa1d,2026-04-01,SZ000768,0.018805261467163683,,,
EXP_LGBModel_Alpha158_csi300_sliding_step40_s_20260121_01,741bdd0f113c4c1eaf23c429f63dfa1d,2026-04-01,SZ000776,-0.0729558667746485,,,
EXP_LGBModel_Alpha158_csi300_sliding_step40_s_20260121_01,741bdd0f113c4c1eaf23c429f63dfa1d,2026-04-01,SZ000786,-0.024380646874595818,,,
EXP_LGBModel_Alpha158_csi300_sliding_step40_s_20260121_01,741bdd0f113c4c1eaf23c429f63dfa1d,2026-04-01,SZ000792,0.10913658486865964,,,
EXP_LGBModel_Alpha158_csi300_sliding_step40_s_20260121_01,741bdd0f113c4c1eaf23c429f63dfa1d,2026-04-01,SZ000807,-0.022492742765306377,,,
EXP_LGBModel_Alpha158_csi300_sliding_step40_s_20260121_01,741bdd0f113c4c1eaf23c429f63dfa1d,2026-04-01,SZ000858,0.01117482628121922,,,
EXP_LGBModel_Alpha158_csi300_sliding_step40_s_20260121_01,741bdd0f113c4c1eaf23c429f63dfa1d,2026-04-01,SZ000876,-0.09649577495924361,,,
EXP_LGBModel_Alpha158_csi300_sliding_step40_s_20260121_01,741bdd0f113c4c1eaf23c429f63dfa1d,2026-04-01,SZ000895,0.07819165015405996,,,
EXP_LGBModel_Alpha158_csi300_sliding_step40_s_20260121_01,741bdd0f113c4c1eaf23c429f63dfa1d,2026-04-01,SZ000938,0.17198419038200485,,,
EXP_LGBModel_Alpha158_csi300_sliding_step40_s_20260121_01,741bdd0f113c4c1eaf23c429f63dfa1d,2026-04-01,SZ000963,-0.004443349365279417,,,
EXP_LGBModel_Alpha158_csi300_sliding_step40_s_20260121_01,741bdd0f113c4c1eaf23c429f63dfa1d,2026-04-01,SZ000975,-0.01710705649834917,,,
EXP_LGBModel_Alpha158_csi300_sliding_step40_s_20260121_01,741bdd0f113c4c1eaf23c429f63dfa1d,2026-04-01,SZ000630,-0.09898006522818228,,,
EXP_LGBModel_Alpha158_csi300_sliding_step40_s_20260121_01,741bdd0f113c4c1eaf23c429f63dfa1d,2026-04-01,SZ000983,-0.09925678712309875,,,
EXP_LGBModel_Alpha158_csi300_sliding_step40_s_20260121_01,741bdd0f113c4c1eaf23c429f63dfa1d,2026-04-01,SZ000625,-0.019902040893773325,,,
EXP_LGBModel_Alpha158_csi300_sliding_step40_s_20260121_01,741bdd0f113c4c1eaf23c429f63dfa1d,2026-04-01,SZ000596,-0.042145866133146484,,,
EXP_LGBModel_Alpha158_csi300_sliding_step40_s_20260121_01,741bdd0f113c4c1eaf23c429f63dfa1d,2026-04-01,SH688506,-0.026964222513151302,,,
EXP_LGBModel_Alpha158_csi300_sliding_step40_s_20260121_01,741bdd0f113c4c1eaf23c429f63dfa1d,2026-04-01,SH688981,-0.0640105087104223,,,
EXP_LGBModel_Alpha158_csi300_sliding_step40_s_20260121_01,741bdd0f113c4c1eaf23c429f63dfa1d,2026-04-01,SZ000001,-0.013823061675672382,,,
EXP_LGBModel_Alpha158_csi300_sliding_step40_s_20260121_01,741bdd0f113c4c1eaf23c429f63dfa1d,2026-04-01,SZ000002,-0.07036448066870046,,,
EXP_LGBModel_Alpha158_csi300_sliding_step40_s_20260121_01,741bdd0f113c4c1eaf23c429f63dfa1d,2026-04-01,SZ000063,-0.027503201863342697,,,
EXP_LGBModel_Alpha158_csi300_sliding_step40_s_20260121_01,741bdd0f113c4c1eaf23c429f63dfa1d,2026-04-01,SZ000100,-0.12613855728585735,,,
EXP_LGBModel_Alpha158_csi300_sliding_step40_s_20260121_01,741bdd0f113c4c1eaf23c429f63dfa1d,2026-04-01,SZ000157,-0.10410516895779649,,,
EXP_LGBModel_Alpha158_csi300_sliding_step40_s_20260121_01,741bdd0f113c4c1eaf23c429f63dfa1d,2026-04-01,SZ000166,-0.03423301823581264,,,
EXP_LGBModel_Alpha158_csi300_sliding_step40_s_20260121_01,741bdd0f113c4c1eaf23c429f63dfa1d,2026-04-01,SZ000301,-0.1664055060933908,,,
EXP_LGBModel_Alpha158_csi300_sliding_step40_s_20260121_01,741bdd0f113c4c1eaf23c429f63dfa1d,2026-04-01,SZ000333,0.04447689234491704,,,
EXP_LGBModel_Alpha158_csi300_sliding_step40_s_20260121_01,741bdd0f113c4c1eaf23c429f63dfa1d,2026-04-01,SZ000338,-0.05098830867766455,,,
EXP_LGBModel_Alpha158_csi300_sliding_step40_s_20260121_01,741bdd0f113c4c1eaf23c429f63dfa1d,2026-04-01,SZ000408,-0.0634808166976964,,,
EXP_LGBModel_Alpha158_csi300_sliding_step40_s_20260121_01,741bdd0f113c4c1eaf23c429f63dfa1d,2026-04-01,SZ000425,0.061893602945821434,,,
EXP_LGBModel_Alpha158_csi300_sliding_step40_s_20260121_01,741bdd0f113c4c1eaf23c429f63dfa1d,2026-04-01,SZ000538,0.017027680408028857,,,
EXP_LGBModel_Alpha158_csi300_sliding_step40_s_20260121_01,741bdd0f113c4c1eaf23c429f63dfa1d,2026-04-01,SZ000568,-0.020478774894790483,,,
EXP_LGBModel_Alpha158_csi300_sliding_step40_s_20260121_01,741bdd0f113c4c1eaf23c429f63dfa1d,2026-04-01,SZ000617,0.007912911345647825,,,
EXP_LGBModel_Alpha158_csi300_sliding_step40_s_20260121_01,741bdd0f113c4c1eaf23c429f63dfa1d,2026-04-01,SZ301236,-3.9244580091704184e-05,,,
EXP_LGBModel_Alpha158_csi300_expanding_step40_s_20260121_01,0d5b2c317ad04013b1cb76da95b478fc,2026-04-01,SZ302132,-0.02175863909028764,,,
EXP_LGBModel_Alpha158_csi300_expanding_step40_s_20260121_01,0d5b2c317ad04013b1cb76da95b478fc,2026-04-01,SZ301236,-0.011577030745823657,,,
EXP_LGBModel_Alpha158_csi300_expanding_step40_s_20260121_01,0d5b2c317ad04013b1cb76da95b478fc,2026-04-01,SH601117,0.06278992968166805,,,
EXP_LGBModel_Alpha158_csi300_expanding_step40_s_20260121_01,0d5b2c317ad04013b1cb76da95b478fc,2026-04-01,SH601127,0.03154392686736329,,,
EXP_LGBModel_Alpha158_csi300_expanding_step40_s_20260121_01,0d5b2c317ad04013b1cb76da95b478fc,2026-04-01,SH601136,0.04161864225335847,,,
EXP_LGBModel_Alpha158_csi300_expanding_step40_s_20260121_01,0d5b2c317ad04013b1cb76da95b478fc,2026-04-01,SH601138,-0.0492056671424577,,,
EXP_LGBModel_Alpha158_csi300_expanding_step40_s_20260121_01,0d5b2c317ad04013b1cb76da95b478fc,2026-04-01,SH601166,0.02424971144764735,,,
EXP_LGBModel_Alpha158_csi300_expanding_step40_s_20260121_01,0d5b2c317ad04013b1cb76da95b478fc,2026-04-01,SH601169,0.036326187068970006,,,
EXP_LGBModel_Alpha158_csi300_expanding_step40_s_20260121_01,0d5b2c317ad04013b1cb76da95b478fc,2026-04-01,SH601111,0.007422468136444896,,,
EXP_LGBModel_Alpha158_csi300_expanding_step40_s_20260121_01,0d5b2c317ad04013b1cb76da95b478fc,2026-04-01,SH601186,0.01945584380693823,,,
EXP_LGBModel_Alpha158_csi300_expanding_step40_s_20260121_01,0d5b2c317ad04013b1cb76da95b478fc,2026-04-01,SH601225,0.11004236404657988,,,
EXP_LGBModel_Alpha158_csi300_expanding_step40_s_20260121_01,0d5b2c317ad04013b1cb76da95b478fc,2026-04-01,SH601229,0.10180744578059776,,,
EXP_LGBModel_Alpha158_csi300_expanding_step40_s_20260121_01,0d5b2c317ad04013b1cb76da95b478fc,2026-04-01,SH601236,-0.0886200271643985,,,
EXP_LGBModel_Alpha158_csi300_expanding_step40_s_20260121_01,0d5b2c317ad04013b1cb76da95b478fc,2026-04-01,SH601238,0.05100363436001085,,,
EXP_LGBModel_Alpha158_csi300_expanding_step40_s_20260121_01,0d5b2c317ad04013b1cb76da95b478fc,2026-04-01,SH601288,0.1094785142449648,,,
EXP_LGBModel_Alpha158_csi300_expanding_step40_s_20260121_01,0d5b2c317ad04013b1cb76da95b478fc,2026-04-01,SH601298,0.10866057591896566,,,
EXP_LGBModel_Alpha158_csi300_expanding_step40_s_20260121_01,0d5b2c317ad04013b1cb76da95b478fc,2026-04-01,SH601211,-0.06126956011219099,,,
EXP_LGBModel_Alpha158_csi300_expanding_step40_s_20260121_01,0d5b2c317ad04013b1cb76da95b478fc,2026-04-01,SH601100,0.028568426062596537,,,
EXP_LGBModel_Alpha158_csi300_expanding_step40_s_20260121_01,0d5b2c317ad04013b1cb76da95b478fc,2026-04-01,SH601088,0.05274031941496106,,,
EXP_LGBModel_Alpha158_csi300_expanding_step40_s_20260121_01,0d5b2c317ad04013b1cb76da95b478fc,2026-04-01,SH601077,0.09694848178855586,,,
EXP_LGBModel_Alpha158_csi300_expanding_step40_s_20260121_01,0d5b2c317ad04013b1cb76da95b478fc,2026-04-01,SH600926,0.07555745120692675,,,
EXP_LGBModel_Alpha158_csi300_expanding_step40_s_20260121_01,0d5b2c317ad04013b1cb76da95b478fc,2026-04-01,SH600930,-0.09540318553422719,,,
EXP_LGBModel_Alpha158_csi300_expanding_step40_s_20260121_01,0d5b2c317ad04013b1cb76da95b478fc,2026-04-01,SH600938,0.16381283213948705,,,
EXP_LGBModel_Alpha158_csi300_expanding_step40_s_20260121_01,0d5b2c317ad04013b1cb76da95b478fc,2026-04-01,SH600941,0.03018748703401473,,,
EXP_LGBModel_Alpha158_csi300_expanding_step40_s_20260121_01,0d5b2c317ad04013b1cb76da95b478fc,2026-04-01,SH600958,-0.03350671604711572,,,
EXP_LGBModel_Alpha158_csi300_expanding_step40_s_20260121_01,0d5b2c317ad04013b1cb76da95b478fc,2026-04-01,SH600989,0.1519366851167147,,,
EXP_LGBModel_Alpha158_csi300_expanding_step40_s_20260121_01,0d5b2c317ad04013b1cb76da95b478fc,2026-04-01,SH600999,0.012397849041948697,,,
EXP_LGBModel_Alpha158_csi300_expanding_step40_s_20260121_01,0d5b2c317ad04013b1cb76da95b478fc,2026-04-01,SH601006,0.10094968553732425,,,
EXP_LGBModel_Alpha158_csi300_expanding_step40_s_20260121_01,0d5b2c317ad04013b1cb76da95b478fc,2026-04-01,SH601009,0.06146710838504133,,,
EXP_LGBModel_Alpha158_csi300_expanding_step40_s_20260121_01,0d5b2c317ad04013b1cb76da95b478fc,2026-04-01,SH601012,-0.09091116388561318,,,
EXP_LGBModel_Alpha158_csi300_expanding_step40_s_20260121_01,0d5b2c317ad04013b1cb76da95b478fc,2026-04-01,SH601018,0.18377614974070325,,,
EXP_LGBModel_Alpha158_csi300_expanding_step40_s_20260121_01,0d5b2c317ad04013b1cb76da95b478fc,2026-04-01,SH601021,-0.06586600115260716,,,
EXP_LGBModel_Alpha158_csi300_expanding_step40_s_20260121_01,0d5b2c317ad04013b1cb76da95b478fc,2026-04-01,SH601058,-0.18433581814505726,,,
EXP_LGBModel_Alpha158_csi300_expanding_step40_s_20260121_01,0d5b2c317ad04013b1cb76da95b478fc,2026-04-01,SH601059,0.004029169767434486,,,
EXP_LGBModel_Alpha158_csi300_expanding_step40_s_20260121_01,0d5b2c317ad04013b1cb76da95b478fc,2026-04-01,SH601066,0.044388031742222694,,,
EXP_LGBModel_Alpha158_csi300_expanding_step40_s_20260121_01,0d5b2c317ad04013b1cb76da95b478fc,2026-04-01,SH601318,-0.016628229010032494,,,
EXP_LGBModel_Alpha158_csi300_expanding_step40_s_20260121_01,0d5b2c317ad04013b1cb76da95b478fc,2026-04-01,SH601319,-0.05743298272025524,,,
EXP_LGBModel_Alpha158_csi300_expanding_step40_s_20260121_01,0d5b2c317ad04013b1cb76da95b478fc,2026-04-01,SH601328,-0.01494582927926828,,,
EXP_LGBModel_Alpha158_csi300_expanding_step40_s_20260121_01,0d5b2c317ad04013b1cb76da95b478fc,2026-04-01,SH601336,0.039694866162782935,,,
EXP_LGBModel_Alpha158_csi300_expanding_step40_s_20260121_01,0d5b2c317ad04013b1cb76da95b478fc,2026-04-01,SH601788,-0.05891963372257011,,,
EXP_LGBModel_Alpha158_csi300_expanding_step40_s_20260121_01,0d5b2c317ad04013b1cb76da95b478fc,2026-04-01,SH601800,-0.0500549978947023,,,
EXP_LGBModel_Alpha158_csi300_expanding_step40_s_20260121_01,0d5b2c317ad04013b1cb76da95b478fc,2026-04-01,SH601808,-0.008782040789729521,,,
EXP_LGBModel_Alpha158_csi300_expanding_step40_s_20260121_01,0d5b2c317ad04013b1cb76da95b478fc,2026-04-01,SH601816,0.010329074614694891,,,
EXP_LGBModel_Alpha158_csi300_expanding_step40_s_20260121_01,0d5b2c317ad04013b1cb76da95b478fc,2026-04-01,SH601818,-0.0033336604286971104,,,
EXP_LGBModel_Alpha158_csi300_expanding_step40_s_20260121_01,0d5b2c317ad04013b1cb76da95b478fc,2026-04-01,SH601825,-0.029658138700169923,,,
EXP_LGBModel_Alpha158_csi300_expanding_step40_s_20260121_01,0d5b2c317ad04013b1cb76da95b478fc,2026-04-01,SH601838,0.02119651252440898,,,
EXP_LGBModel_Alpha158_csi300_expanding_step40_s_20260121_01,0d5b2c317ad04013b1cb76da95b478fc,2026-04-01,SH601857,0.051599037121723715,,,
EXP_LGBModel_Alpha158_csi300_expanding_step40_s_20260121_01,0d5b2c317ad04013b1cb76da95b478fc,2026-04-01,SH601868,0.08207362376734818,,,
EXP_LGBModel_Alpha158_csi300_expanding_step40_s_20260121_01,0d5b2c317ad04013b1cb76da95b478fc,2026-04-01,SH601872,0.125243880119468,,,
EXP_LGBModel_Alpha158_csi300_expanding_step40_s_20260121_01,0d5b2c317ad04013b1cb76da95b478fc,2026-04-01,SH601877,-0.030880774181729735,,,
EXP_LGBModel_Alpha158_csi300_expanding_step40_s_20260121_01,0d5b2c317ad04013b1cb76da95b478fc,2026-04-01,SH601878,-0.06802839099801904,,,
EXP_LGBModel_Alpha158_csi300_expanding_step40_s_20260121_01,0d5b2c317ad04013b1cb76da95b478fc,2026-04-01,SH601881,0.02086315797811519,,,
EXP_LGBModel_Alpha158_csi300_expanding_step40_s_20260121_01,0d5b2c317ad04013b1cb76da95b478fc,2026-04-01,SH601888,-0.08191172077284764,,,
EXP_LGBModel_Alpha158_csi300_expanding_step40_s_20260121_01,0d5b2c317ad04013b1cb76da95b478fc,2026-04-01,SH601898,0.07852999234706448,,,
EXP_LGBModel_Alpha158_csi300_expanding_step40_s_20260121_01,0d5b2c317ad04013b1cb76da95b478fc,2026-04-01,SH601766,0.08970580875705186,,,
EXP_LGBModel_Alpha158_csi300_expanding_step40_s_20260121_01,0d5b2c317ad04013b1cb76da95b478fc,2026-04-01,SH600919,0.06559603490442203,,,
EXP_LGBModel_Alpha158_csi300_expanding_step40_s_20260121_01,0d5b2c317ad04013b1cb76da95b478fc,2026-04-01,SH601728,-0.017725364956057654,,,
EXP_LGBModel_Alpha158_csi300_expanding_step40_s_20260121_01,0d5b2c317ad04013b1cb76da95b478fc,2026-04-01,SH601689,-0.07444731947330238,,,
EXP_LGBModel_Alpha158_csi300_expanding_step40_s_20260121_01,0d5b2c317ad04013b1cb76da95b478fc,2026-04-01,SH601360,-0.005186078408673792,,,
EXP_LGBModel_Alpha158_csi300_expanding_step40_s_20260121_01,0d5b2c317ad04013b1cb76da95b478fc,2026-04-01,SH601377,-0.034725318975356675,,,
EXP_LGBModel_Alpha158_csi300_expanding_step40_s_20260121_01,0d5b2c317ad04013b1cb76da95b478fc,2026-04-01,SH601390,-0.02263418191499473,,,
EXP_LGBModel_Alpha158_csi300_expanding_step40_s_20260121_01,0d5b2c317ad04013b1cb76da95b478fc,2026-04-01,SH601398,0.0035679995621652433,,,
EXP_LGBModel_Alpha158_csi300_expanding_step40_s_20260121_01,0d5b2c317ad04013b1cb76da95b478fc,2026-04-01,SH601456,0.017467159578091355,,,
EXP_LGBModel_Alpha158_csi300_expanding_step40_s_20260121_01,0d5b2c317ad04013b1cb76da95b478fc,2026-04-01,SH601600,-0.05210083294716698,,,
EXP_LGBModel_Alpha158_csi300_expanding_step40_s_20260121_01,0d5b2c317ad04013b1cb76da95b478fc,2026-04-01,SH601601,0.04934582890479259,,,
EXP_LGBModel_Alpha158_csi300_expanding_step40_s_20260121_01,0d5b2c317ad04013b1cb76da95b478fc,2026-04-01,SH601607,-0.0864940651616041,,,
EXP_LGBModel_Alpha158_csi300_expanding_step40_s_20260121_01,0d5b2c317ad04013b1cb76da95b478fc,2026-04-01,SH601618,0.06969533550587756,,,
EXP_LGBModel_Alpha158_csi300_expanding_step40_s_20260121_01,0d5b2c317ad04013b1cb76da95b478fc,2026-04-01,SH601628,-0.02445317447040492,,,
EXP_LGBModel_Alpha158_csi300_expanding_step40_s_20260121_01,0d5b2c317ad04013b1cb76da95b478fc,2026-04-01,SH601633,0.11426477871404828,,,
EXP_LGBModel_Alpha158_csi300_expanding_step40_s_20260121_01,0d5b2c317ad04013b1cb76da95b478fc,2026-04-01,SH601658,0.05823204409109377,,,
EXP_LGBModel_Alpha158_csi300_expanding_step40_s_20260121_01,0d5b2c317ad04013b1cb76da95b478fc,2026-04-01,SH601668,0.007172511163447446,,,
EXP_LGBModel_Alpha158_csi300_expanding_step40_s_20260121_01,0d5b2c317ad04013b1cb76da95b478fc,2026-04-01,SH601669,-0.08529801144434457,,,
EXP_LGBModel_Alpha158_csi300_expanding_step40_s_20260121_01,0d5b2c317ad04013b1cb76da95b478fc,2026-04-01,SH601688,-0.004411345079290087,,,
EXP_LGBModel_Alpha158_csi300_expanding_step40_s_20260121_01,0d5b2c317ad04013b1cb76da95b478fc,2026-04-01,SH601698,0.1282371581417858,,,
EXP_LGBModel_Alpha158_csi300_expanding_step40_s_20260121_01,0d5b2c317ad04013b1cb76da95b478fc,2026-04-01,SH601899,-0.08971803863305494,,,
EXP_LGBModel_Alpha158_csi300_expanding_step40_s_20260121_01,0d5b2c317ad04013b1cb76da95b478fc,2026-04-01,SH600918,0.06059669343223185,,,
EXP_LGBModel_Alpha158_csi300_expanding_step40_s_20260121_01,0d5b2c317ad04013b1cb76da95b478fc,2026-04-01,SH600900,-0.014445447284453903,,,
EXP_LGBModel_Alpha158_csi300_expanding_step40_s_20260121_01,0d5b2c317ad04013b1cb76da95b478fc,2026-04-01,SH600061,-0.00038794325179211057,,,
EXP_LGBModel_Alpha158_csi300_expanding_step40_s_20260121_01,0d5b2c317ad04013b1cb76da95b478fc,2026-04-01,SH600066,-0.17874152517844136,,,
EXP_LGBModel_Alpha158_csi300_expanding_step40_s_20260121_01,0d5b2c317ad04013b1cb76da95b478fc,2026-04-01,SH600085,0.02042730160452901,,,
EXP_LGBModel_Alpha158_csi300_expanding_step40_s_20260121_01,0d5b2c317ad04013b1cb76da95b478fc,2026-04-01,SH600089,0.012924744475262028,,,
EXP_LGBModel_Alpha158_csi300_expanding_step40_s_20260121_01,0d5b2c317ad04013b1cb76da95b478fc,2026-04-01,SH600104,0.020996026414099624,,,
EXP_LGBModel_Alpha158_csi300_expanding_step40_s_20260121_01,0d5b2c317ad04013b1cb76da95b478fc,2026-04-01,SH600111,-0.10890444162671561,,,
EXP_LGBModel_Alpha158_csi300_expanding_step40_s_20260121_01,0d5b2c317ad04013b1cb76da95b478fc,2026-04-01,SH600050,0.022275385922955943,,,
EXP_LGBModel_Alpha158_csi300_expanding_step40_s_20260121_01,0d5b2c317ad04013b1cb76da95b478fc,2026-04-01,SH600115,-0.17649000709683013,,,
EXP_LGBModel_Alpha158_csi300_expanding_step40_s_20260121_01,0d5b2c317ad04013b1cb76da95b478fc,2026-04-01,SH600160,0.03900222522740105,,,
EXP_LGBModel_Alpha158_csi300_expanding_step40_s_20260121_01,0d5b2c317ad04013b1cb76da95b478fc,2026-04-01,SH600161,-0.08957968525352566,,,
EXP_LGBModel_Alpha158_csi300_expanding_step40_s_20260121_01,0d5b2c317ad04013b1cb76da95b478fc,2026-04-01,SH600176,0.06695379568928743,,,
EXP_LGBModel_Alpha158_csi300_expanding_step40_s_20260121_01,0d5b2c317ad04013b1cb76da95b478fc,2026-04-01,SH600183,0.1049272667656255,,,
EXP_LGBModel_Alpha158_csi300_expanding_step40_s_20260121_01,0d5b2c317ad04013b1cb76da95b478fc,2026-04-01,SH600188,0.19168408272580179,,,
EXP_LGBModel_Alpha158_csi300_expanding_step40_s_20260121_01,0d5b2c317ad04013b1cb76da95b478fc,2026-04-01,SH600196,-0.05655526176269361,,,
EXP_LGBModel_Alpha158_csi300_expanding_step40_s_20260121_01,0d5b2c317ad04013b1cb76da95b478fc,2026-04-01,SH600150,0.12504443840427895,,,
EXP_LGBModel_Alpha158_csi300_expanding_step40_s_20260121_01,0d5b2c317ad04013b1cb76da95b478fc,2026-04-01,SH600048,-0.02842631432994818,,,
EXP_LGBModel_Alpha158_csi300_expanding_step40_s_20260121_01,0d5b2c317ad04013b1cb76da95b478fc,2026-04-01,SH600039,0.0888791846207183,,,
EXP_LGBModel_Alpha158_csi300_expanding_step40_s_20260121_01,0d5b2c317ad04013b1cb76da95b478fc,2026-04-01,SH600036,0.028009386602776454,,,
EXP_LGBModel_Alpha158_csi300_expanding_step40_s_20260121_01,0d5b2c317ad04013b1cb76da95b478fc,2026-04-01,SH600009,-0.05416206321316201,,,
EXP_LGBModel_Alpha158_csi300_expanding_step40_s_20260121_01,0d5b2c317ad04013b1cb76da95b478fc,2026-04-01,SH600010,-0.05670880949430649,,,
EXP_LGBModel_Alpha158_csi300_expanding_step40_s_20260121_01,0d5b2c317ad04013b1cb76da95b478fc,2026-04-01,SH600011,-0.0867468743769317,,,
EXP_LGBModel_Alpha158_csi300_expanding_step40_s_20260121_01,0d5b2c317ad04013b1cb76da95b478fc,2026-04-01,SH600015,0.07777059492454143,,,
EXP_LGBModel_Alpha158_csi300_expanding_step40_s_20260121_01,0d5b2c317ad04013b1cb76da95b478fc,2026-04-01,SH600016,0.037227692448552833,,,
EXP_LGBModel_Alpha158_csi300_expanding_step40_s_20260121_01,0d5b2c317ad04013b1cb76da95b478fc,2026-04-01,SH600018,0.011408834822839695,,,
EXP_LGBModel_Alpha158_csi300_expanding_step40_s_20260121_01,0d5b2c317ad04013b1cb76da95b478fc,2026-04-01,SH600019,-0.034046557987552725,,,
EXP_LGBModel_Alpha158_csi300_expanding_step40_s_20260121_01,0d5b2c317ad04013b1cb76da95b478fc,2026-04-01,SH600023,0.09027626980271654,,,
EXP_LGBModel_Alpha158_csi300_expanding_step40_s_20260121_01,0d5b2c317ad04013b1cb76da95b478fc,2026-04-01,SH600025,0.015136766585178546,,,
EXP_LGBModel_Alpha158_csi300_expanding_step40_s_20260121_01,0d5b2c317ad04013b1cb76da95b478fc,2026-04-01,SH600026,-0.10098180252738265,,,
EXP_LGBModel_Alpha158_csi300_expanding_step40_s_20260121_01,0d5b2c317ad04013b1cb76da95b478fc,2026-04-01,SH600027,-0.13039499213290684,,,
EXP_LGBModel_Alpha158_csi300_expanding_step40_s_20260121_01,0d5b2c317ad04013b1cb76da95b478fc,2026-04-01,SH600028,-0.14906231126407296,,,
EXP_LGBModel_Alpha158_csi300_expanding_step40_s_20260121_01,0d5b2c317ad04013b1cb76da95b478fc,2026-04-01,SH600029,-0.01285532446979836,,,
EXP_LGBModel_Alpha158_csi300_expanding_step40_s_20260121_01,0d5b2c317ad04013b1cb76da95b478fc,2026-04-01,SH600030,-0.10518638650326992,,,
EXP_LGBModel_Alpha158_csi300_expanding_step40_s_20260121_01,0d5b2c317ad04013b1cb76da95b478fc,2026-04-01,SH600031,-0.02411682447204118,,,
EXP_LGBModel_Alpha158_csi300_expanding_step40_s_20260121_01,0d5b2c317ad04013b1cb76da95b478fc,2026-04-01,SH600219,-0.14826574751691554,,,
EXP_LGBModel_Alpha158_csi300_expanding_step40_s_20260121_01,0d5b2c317ad04013b1cb76da95b478fc,2026-04-01,SH600233,-0.00989332060147211,,,
EXP_LGBModel_Alpha158_csi300_expanding_step40_s_20260121_01,0d5b2c317ad04013b1cb76da95b478fc,2026-04-01,SH600276,-0.08956564242778543,,,
EXP_LGBModel_Alpha158_csi300_expanding_step40_s_20260121_01,0d5b2c317ad04013b1cb76da95b478fc,2026-04-01,SH600309,0.09991343631364732,,,
EXP_LGBModel_Alpha158_csi300_expanding_step40_s_20260121_01,0d5b2c317ad04013b1cb76da95b478fc,2026-04-01,SH600588,0.018880875476053008,,,
EXP_LGBModel_Alpha158_csi300_expanding_step40_s_20260121_01,0d5b2c317ad04013b1cb76da95b478fc,2026-04-01,SH600600,0.12175183454911294,,,
EXP_LGBModel_Alpha158_csi300_expanding_step40_s_20260121_01,0d5b2c317ad04013b1cb76da95b478fc,2026-04-01,SH600660,-0.01846231612798712,,,
EXP_LGBModel_Alpha158_csi300_expanding_step40_s_20260121_01,0d5b2c317ad04013b1cb76da95b478fc,2026-04-01,SH600674,0.031015997078448813,,,
EXP_LGBModel_Alpha158_csi300_expanding_step40_s_20260121_01,0d5b2c317ad04013b1cb76da95b478fc,2026-04-01,SH600690,-0.024361892159684474,,,
EXP_LGBModel_Alpha158_csi300_expanding_step40_s_20260121_01,0d5b2c317ad04013b1cb76da95b478fc,2026-04-01,SH600741,0.14225370969408846,,,
EXP_LGBModel_Alpha158_csi300_expanding_step40_s_20260121_01,0d5b2c317ad04013b1cb76da95b478fc,2026-04-01,SH600760,-0.06855018428340422,,,
EXP_LGBModel_Alpha158_csi300_expanding_step40_s_20260121_01,0d5b2c317ad04013b1cb76da95b478fc,2026-04-01,SH600795,-0.05439375260929323,,,
EXP_LGBModel_Alpha158_csi300_expanding_step40_s_20260121_01,0d5b2c317ad04013b1cb76da95b478fc,2026-04-01,SH600803,0.01669242051235794,,,
EXP_LGBModel_Alpha158_csi300_expanding_step40_s_20260121_01,0d5b2c317ad04013b1cb76da95b478fc,2026-04-01,SH600809,-0.04654520600969097,,,
EXP_LGBModel_Alpha158_csi300_expanding_step40_s_20260121_01,0d5b2c317ad04013b1cb76da95b478fc,2026-04-01,SH600845,-0.05940449043021087,,,
EXP_LGBModel_Alpha158_csi300_expanding_step40_s_20260121_01,0d5b2c317ad04013b1cb76da95b478fc,2026-04-01,SH600875,0.03389315136936166,,,
EXP_LGBModel_Alpha158_csi300_expanding_step40_s_20260121_01,0d5b2c317ad04013b1cb76da95b478fc,2026-04-01,SH600886,0.06661599504940725,,,
EXP_LGBModel_Alpha158_csi300_expanding_step40_s_20260121_01,0d5b2c317ad04013b1cb76da95b478fc,2026-04-01,SH600887,0.08210441335427926,,,
EXP_LGBModel_Alpha158_csi300_expanding_step40_s_20260121_01,0d5b2c317ad04013b1cb76da95b478fc,2026-04-01,SH600893,-0.0004062919053293528,,,
EXP_LGBModel_Alpha158_csi300_expanding_step40_s_20260121_01,0d5b2c317ad04013b1cb76da95b478fc,2026-04-01,SH600585,0.04860128711191802,,,
EXP_LGBModel_Alpha158_csi300_expanding_step40_s_20260121_01,0d5b2c317ad04013b1cb76da95b478fc,2026-04-01,SH600905,-0.03396303906642229,,,
EXP_LGBModel_Alpha158_csi300_expanding_step40_s_20260121_01,0d5b2c317ad04013b1cb76da95b478fc,2026-04-01,SH600584,0.0188707665366417,,,
EXP_LGBModel_Alpha158_csi300_expanding_step40_s_20260121_01,0d5b2c317ad04013b1cb76da95b478fc,2026-04-01,SH600547,-0.11553879071511254,,,
EXP_LGBModel_Alpha158_csi300_expanding_step40_s_20260121_01,0d5b2c317ad04013b1cb76da95b478fc,2026-04-01,SH600346,-0.1992459347036283,,,
EXP_LGBModel_Alpha158_csi300_expanding_step40_s_20260121_01,0d5b2c317ad04013b1cb76da95b478fc,2026-04-01,SH600362,-0.031413253886187584,,,
EXP_LGBModel_Alpha158_csi300_expanding_step40_s_20260121_01,0d5b2c317ad04013b1cb76da95b478fc,2026-04-01,SH600372,-0.08480140987904872,,,
EXP_LGBModel_Alpha158_csi300_expanding_step40_s_20260121_01,0d5b2c317ad04013b1cb76da95b478fc,2026-04-01,SH600377,0.04178517597547362,,,
EXP_LGBModel_Alpha158_csi300_expanding_step40_s_20260121_01,0d5b2c317ad04013b1cb76da95b478fc,2026-04-01,SH600406,-0.057080542209264666,,,
EXP_LGBModel_Alpha158_csi300_expanding_step40_s_20260121_01,0d5b2c317ad04013b1cb76da95b478fc,2026-04-01,SH600415,-0.11439650904288103,,,
EXP_LGBModel_Alpha158_csi300_expanding_step40_s_20260121_01,0d5b2c317ad04013b1cb76da95b478fc,2026-04-01,SH600426,-0.14126030960194574,,,
EXP_LGBModel_Alpha158_csi300_expanding_step40_s_20260121_01,0d5b2c317ad04013b1cb76da95b478fc,2026-04-01,SH600436,-0.004937194586983657,,,
EXP_LGBModel_Alpha158_csi300_expanding_step40_s_20260121_01,0d5b2c317ad04013b1cb76da95b478fc,2026-04-01,SH600438,-0.16887651455970928,,,
EXP_LGBModel_Alpha158_csi300_expanding_step40_s_20260121_01,0d5b2c317ad04013b1cb76da95b478fc,2026-04-01,SH600460,-0.021434940535344064,,,
EXP_LGBModel_Alpha158_csi300_expanding_step40_s_20260121_01,0d5b2c317ad04013b1cb76da95b478fc,2026-04-01,SH600482,0.03691618872702671,,,
EXP_LGBModel_Alpha158_csi300_expanding_step40_s_20260121_01,0d5b2c317ad04013b1cb76da95b478fc,2026-04-01,SH600489,-0.10813235478023037,,,
EXP_LGBModel_Alpha158_csi300_expanding_step40_s_20260121_01,0d5b2c317ad04013b1cb76da95b478fc,2026-04-01,SH600515,6.619744940095703e-05,,,
EXP_LGBModel_Alpha158_csi300_expanding_step40_s_20260121_01,0d5b2c317ad04013b1cb76da95b478fc,2026-04-01,SH600519,0.12106101339743382,,,
EXP_LGBModel_Alpha158_csi300_expanding_step40_s_20260121_01,0d5b2c317ad04013b1cb76da95b478fc,2026-04-01,SH600522,-0.02579242677663869,,,
EXP_LGBModel_Alpha158_csi300_expanding_step40_s_20260121_01,0d5b2c317ad04013b1cb76da95b478fc,2026-04-01,SH600570,-0.04447325794575001,,,
EXP_LGBModel_Alpha158_csi300_expanding_step40_s_20260121_01,0d5b2c317ad04013b1cb76da95b478fc,2026-04-01,SZ301269,-0.07777552304159885,,,
EXP_LGBModel_Alpha158_csi300_expanding_step40_s_20260121_01,0d5b2c317ad04013b1cb76da95b478fc,2026-04-01,SH601901,-0.033228454482536494,,,
EXP_LGBModel_Alpha158_csi300_expanding_step40_s_20260121_01,0d5b2c317ad04013b1cb76da95b478fc,2026-04-01,SH601919,-0.05708689146749779,,,
EXP_LGBModel_Alpha158_csi300_expanding_step40_s_20260121_01,0d5b2c317ad04013b1cb76da95b478fc,2026-04-01,SZ002415,0.062309181878932716,,,
EXP_LGBModel_Alpha158_csi300_expanding_step40_s_20260121_01,0d5b2c317ad04013b1cb76da95b478fc,2026-04-01,SZ002422,-0.08792659646066327,,,
EXP_LGBModel_Alpha158_csi300_expanding_step40_s_20260121_01,0d5b2c317ad04013b1cb76da95b478fc,2026-04-01,SZ002459,-0.004538114111676855,,,
EXP_LGBModel_Alpha158_csi300_expanding_step40_s_20260121_01,0d5b2c317ad04013b1cb76da95b478fc,2026-04-01,SZ002460,0.09388353938430792,,,
EXP_LGBModel_Alpha158_csi300_expanding_step40_s_20260121_01,0d5b2c317ad04013b1cb76da95b478fc,2026-04-01,SZ002463,-0.031286631856078426,,,
EXP_LGBModel_Alpha158_csi300_expanding_step40_s_20260121_01,0d5b2c317ad04013b1cb76da95b478fc,2026-04-01,SZ002466,0.0012284784501143818,,,
EXP_LGBModel_Alpha158_csi300_expanding_step40_s_20260121_01,0d5b2c317ad04013b1cb76da95b478fc,2026-04-01,SZ002384,-0.23534262855024746,,,
EXP_LGBModel_Alpha158_csi300_expanding_step40_s_20260121_01,0d5b2c317ad04013b1cb76da95b478fc,2026-04-01,SZ002475,0.12224244636694359,,,
EXP_LGBModel_Alpha158_csi300_expanding_step40_s_20260121_01,0d5b2c317ad04013b1cb76da95b478fc,2026-04-01,SZ002594,0.08347155458018611,,,
EXP_LGBModel_Alpha158_csi300_expanding_step40_s_20260121_01,0d5b2c317ad04013b1cb76da95b478fc,2026-04-01,SZ002600,0.1313484727585477,,,
EXP_LGBModel_Alpha158_csi300_expanding_step40_s_20260121_01,0d5b2c317ad04013b1cb76da95b478fc,2026-04-01,SZ002601,-0.16496532698243602,,,
EXP_LGBModel_Alpha158_csi300_expanding_step40_s_20260121_01,0d5b2c317ad04013b1cb76da95b478fc,2026-04-01,SZ002625,-0.023555306734927763,,,
EXP_LGBModel_Alpha158_csi300_expanding_step40_s_20260121_01,0d5b2c317ad04013b1cb76da95b478fc,2026-04-01,SZ002648,-0.014988734321926205,,,
EXP_LGBModel_Alpha158_csi300_expanding_step40_s_20260121_01,0d5b2c317ad04013b1cb76da95b478fc,2026-04-01,SZ002709,0.04330027995582874,,,
EXP_LGBModel_Alpha158_csi300_expanding_step40_s_20260121_01,0d5b2c317ad04013b1cb76da95b478fc,2026-04-01,SZ002493,0.07693648803848398,,,
EXP_LGBModel_Alpha158_csi300_expanding_step40_s_20260121_01,0d5b2c317ad04013b1cb76da95b478fc,2026-04-01,SZ002371,0.31869161713564736,,,
EXP_LGBModel_Alpha158_csi300_expanding_step40_s_20260121_01,0d5b2c317ad04013b1cb76da95b478fc,2026-04-01,SZ002352,0.09939264655805362,,,
EXP_LGBModel_Alpha158_csi300_expanding_step40_s_20260121_01,0d5b2c317ad04013b1cb76da95b478fc,2026-04-01,SZ002311,-0.03449358747153384,,,
EXP_LGBModel_Alpha158_csi300_expanding_step40_s_20260121_01,0d5b2c317ad04013b1cb76da95b478fc,2026-04-01,SZ001965,0.0557313916854676,,,
EXP_LGBModel_Alpha158_csi300_expanding_step40_s_20260121_01,0d5b2c317ad04013b1cb76da95b478fc,2026-04-01,SZ001979,-0.007501734916986191,,,
EXP_LGBModel_Alpha158_csi300_expanding_step40_s_20260121_01,0d5b2c317ad04013b1cb76da95b478fc,2026-04-01,SZ002001,-0.03870051029937732,,,
EXP_LGBModel_Alpha158_csi300_expanding_step40_s_20260121_01,0d5b2c317ad04013b1cb76da95b478fc,2026-04-01,SZ002027,0.04665083254764001,,,
EXP_LGBModel_Alpha158_csi300_expanding_step40_s_20260121_01,0d5b2c317ad04013b1cb76da95b478fc,2026-04-01,SZ002028,0.018620476421515476,,,
EXP_LGBModel_Alpha158_csi300_expanding_step40_s_20260121_01,0d5b2c317ad04013b1cb76da95b478fc,2026-04-01,SZ002049,0.03823372988474076,,,
EXP_LGBModel_Alpha158_csi300_expanding_step40_s_20260121_01,0d5b2c317ad04013b1cb76da95b478fc,2026-04-01,SZ002050,-0.043957843337661284,,,
EXP_LGBModel_Alpha158_csi300_expanding_step40_s_20260121_01,0d5b2c317ad04013b1cb76da95b478fc,2026-04-01,SZ002074,-0.040191381931940884,,,
EXP_LGBModel_Alpha158_csi300_expanding_step40_s_20260121_01,0d5b2c317ad04013b1cb76da95b478fc,2026-04-01,SZ002142,0.017011132436823274,,,
EXP_LGBModel_Alpha158_csi300_expanding_step40_s_20260121_01,0d5b2c317ad04013b1cb76da95b478fc,2026-04-01,SZ002179,-0.05168043645568154,,,
EXP_LGBModel_Alpha158_csi300_expanding_step40_s_20260121_01,0d5b2c317ad04013b1cb76da95b478fc,2026-04-01,SZ002230,-0.02983756601547146,,,
EXP_LGBModel_Alpha158_csi300_expanding_step40_s_20260121_01,0d5b2c317ad04013b1cb76da95b478fc,2026-04-01,SZ002236,-0.013390831012441625,,,
EXP_LGBModel_Alpha158_csi300_expanding_step40_s_20260121_01,0d5b2c317ad04013b1cb76da95b478fc,2026-04-01,SZ002241,0.013829898141736397,,,
EXP_LGBModel_Alpha158_csi300_expanding_step40_s_20260121_01,0d5b2c317ad04013b1cb76da95b478fc,2026-04-01,SZ002252,-0.091095135185416,,,
EXP_LGBModel_Alpha158_csi300_expanding_step40_s_20260121_01,0d5b2c317ad04013b1cb76da95b478fc,2026-04-01,SZ002304,-0.008717091528892556,,,
EXP_LGBModel_Alpha158_csi300_expanding_step40_s_20260121_01,0d5b2c317ad04013b1cb76da95b478fc,2026-04-01,SZ002714,-0.019807637489612454,,,
EXP_LGBModel_Alpha158_csi300_expanding_step40_s_20260121_01,0d5b2c317ad04013b1cb76da95b478fc,2026-04-01,SZ002736,-0.14967858351428473,,,
EXP_LGBModel_Alpha158_csi300_expanding_step40_s_20260121_01,0d5b2c317ad04013b1cb76da95b478fc,2026-04-01,SZ002916,0.14938210823866105,,,
EXP_LGBModel_Alpha158_csi300_expanding_step40_s_20260121_01,0d5b2c317ad04013b1cb76da95b478fc,2026-04-01,SZ002920,0.07573527159239121,,,
EXP_LGBModel_Alpha158_csi300_expanding_step40_s_20260121_01,0d5b2c317ad04013b1cb76da95b478fc,2026-04-01,SZ300476,0.029310771360302995,,,
EXP_LGBModel_Alpha158_csi300_expanding_step40_s_20260121_01,0d5b2c317ad04013b1cb76da95b478fc,2026-04-01,SZ300498,-0.024923205952389376,,,
EXP_LGBModel_Alpha158_csi300_expanding_step40_s_20260121_01,0d5b2c317ad04013b1cb76da95b478fc,2026-04-01,SZ300502,0.009350281382341327,,,
EXP_LGBModel_Alpha158_csi300_expanding_step40_s_20260121_01,0d5b2c317ad04013b1cb76da95b478fc,2026-04-01,SZ300628,0.04175605986611784,,,
EXP_LGBModel_Alpha158_csi300_expanding_step40_s_20260121_01,0d5b2c317ad04013b1cb76da95b478fc,2026-04-01,SZ300661,0.17302884682156278,,,
EXP_LGBModel_Alpha158_csi300_expanding_step40_s_20260121_01,0d5b2c317ad04013b1cb76da95b478fc,2026-04-01,SZ300750,0.0007561712524992595,,,
EXP_LGBModel_Alpha158_csi300_expanding_step40_s_20260121_01,0d5b2c317ad04013b1cb76da95b478fc,2026-04-01,SZ300759,-0.23540817009290588,,,
EXP_LGBModel_Alpha158_csi300_expanding_step40_s_20260121_01,0d5b2c317ad04013b1cb76da95b478fc,2026-04-01,SZ300760,0.04370339678600464,,,
EXP_LGBModel_Alpha158_csi300_expanding_step40_s_20260121_01,0d5b2c317ad04013b1cb76da95b478fc,2026-04-01,SZ300782,-0.05605845918479059,,,
EXP_LGBModel_Alpha158_csi300_expanding_step40_s_20260121_01,0d5b2c317ad04013b1cb76da95b478fc,2026-04-01,SZ300803,0.0804918263261469,,,
EXP_LGBModel_Alpha158_csi300_expanding_step40_s_20260121_01,0d5b2c317ad04013b1cb76da95b478fc,2026-04-01,SZ300832,-0.017432796366074754,,,
EXP_LGBModel_Alpha158_csi300_expanding_step40_s_20260121_01,0d5b2c317ad04013b1cb76da95b478fc,2026-04-01,SZ300866,-0.02681399029648288,,,
EXP_LGBModel_Alpha158_csi300_expanding_step40_s_20260121_01,0d5b2c317ad04013b1cb76da95b478fc,2026-04-01,SZ300896,-0.018527602040112248,,,
EXP_LGBModel_Alpha158_csi300_expanding_step40_s_20260121_01,0d5b2c317ad04013b1cb76da95b478fc,2026-04-01,SZ300979,0.0061602027882304705,,,
EXP_LGBModel_Alpha158_csi300_expanding_step40_s_20260121_01,0d5b2c317ad04013b1cb76da95b478fc,2026-04-01,SZ300999,-0.10800015356067151,,,
EXP_LGBModel_Alpha158_csi300_expanding_step40_s_20260121_01,0d5b2c317ad04013b1cb76da95b478fc,2026-04-01,SZ300442,-0.024820583406782275,,,
EXP_LGBModel_Alpha158_csi300_expanding_step40_s_20260121_01,0d5b2c317ad04013b1cb76da95b478fc,2026-04-01,SZ001391,-0.03793978805296276,,,
EXP_LGBModel_Alpha158_csi300_expanding_step40_s_20260121_01,0d5b2c317ad04013b1cb76da95b478fc,2026-04-01,SZ300433,0.0772761084441903,,,
EXP_LGBModel_Alpha158_csi300_expanding_step40_s_20260121_01,0d5b2c317ad04013b1cb76da95b478fc,2026-04-01,SZ300413,-0.07527490169700393,,,
EXP_LGBModel_Alpha158_csi300_expanding_step40_s_20260121_01,0d5b2c317ad04013b1cb76da95b478fc,2026-04-01,SZ002938,0.11574455452563036,,,
EXP_LGBModel_Alpha158_csi300_expanding_step40_s_20260121_01,0d5b2c317ad04013b1cb76da95b478fc,2026-04-01,SZ003816,0.16573272708824574,,,
EXP_LGBModel_Alpha158_csi300_expanding_step40_s_20260121_01,0d5b2c317ad04013b1cb76da95b478fc,2026-04-01,SZ300014,0.00428818336966386,,,
EXP_LGBModel_Alpha158_csi300_expanding_step40_s_20260121_01,0d5b2c317ad04013b1cb76da95b478fc,2026-04-01,SZ300015,0.000681569644394578,,,
EXP_LGBModel_Alpha158_csi300_expanding_step40_s_20260121_01,0d5b2c317ad04013b1cb76da95b478fc,2026-04-01,SZ300033,0.1267727628197124,,,
EXP_LGBModel_Alpha158_csi300_expanding_step40_s_20260121_01,0d5b2c317ad04013b1cb76da95b478fc,2026-04-01,SZ300059,-0.034131125734442734,,,
EXP_LGBModel_Alpha158_csi300_expanding_step40_s_20260121_01,0d5b2c317ad04013b1cb76da95b478fc,2026-04-01,SZ300122,-0.05030831874929288,,,
EXP_LGBModel_Alpha158_csi300_expanding_step40_s_20260121_01,0d5b2c317ad04013b1cb76da95b478fc,2026-04-01,SZ300124,-0.05226146922130738,,,
EXP_LGBModel_Alpha158_csi300_expanding_step40_s_20260121_01,0d5b2c317ad04013b1cb76da95b478fc,2026-04-01,SZ300251,0.13426515894859392,,,
EXP_LGBModel_Alpha158_csi300_expanding_step40_s_20260121_01,0d5b2c317ad04013b1cb76da95b478fc,2026-04-01,SZ300274,0.05162464597701042,,,
EXP_LGBModel_Alpha158_csi300_expanding_step40_s_20260121_01,0d5b2c317ad04013b1cb76da95b478fc,2026-04-01,SZ300308,0.11667262194609802,,,
EXP_LGBModel_Alpha158_csi300_expanding_step40_s_20260121_01,0d5b2c317ad04013b1cb76da95b478fc,2026-04-01,SZ300316,0.09913320335276236,,,
EXP_LGBModel_Alpha158_csi300_expanding_step40_s_20260121_01,0d5b2c317ad04013b1cb76da95b478fc,2026-04-01,SZ300347,-0.27379528608370385,,,
EXP_LGBModel_Alpha158_csi300_expanding_step40_s_20260121_01,0d5b2c317ad04013b1cb76da95b478fc,2026-04-01,SZ300394,-0.04953794922657335,,,
EXP_LGBModel_Alpha158_csi300_expanding_step40_s_20260121_01,0d5b2c317ad04013b1cb76da95b478fc,2026-04-01,SZ300408,0.11702998288519219,,,
EXP_LGBModel_Alpha158_csi300_expanding_step40_s_20260121_01,0d5b2c317ad04013b1cb76da95b478fc,2026-04-01,SZ300418,-0.03691275816398168,,,
EXP_LGBModel_Alpha158_csi300_expanding_step40_s_20260121_01,0d5b2c317ad04013b1cb76da95b478fc,2026-04-01,SH601916,0.011174419746111575,,,
EXP_LGBModel_Alpha158_csi300_expanding_step40_s_20260121_01,0d5b2c317ad04013b1cb76da95b478fc,2026-04-01,SZ000999,-0.103604232693085,,,
EXP_LGBModel_Alpha158_csi300_expanding_step40_s_20260121_01,0d5b2c317ad04013b1cb76da95b478fc,2026-04-01,SZ000977,0.13645335506107248,,,
EXP_LGBModel_Alpha158_csi300_expanding_step40_s_20260121_01,0d5b2c317ad04013b1cb76da95b478fc,2026-04-01,SH605499,-0.07483986404116784,,,
EXP_LGBModel_Alpha158_csi300_expanding_step40_s_20260121_01,0d5b2c317ad04013b1cb76da95b478fc,2026-04-01,SH688008,0.10906149401071012,,,
EXP_LGBModel_Alpha158_csi300_expanding_step40_s_20260121_01,0d5b2c317ad04013b1cb76da95b478fc,2026-04-01,SH688009,0.013695154486317869,,,
EXP_LGBModel_Alpha158_csi300_expanding_step40_s_20260121_01,0d5b2c317ad04013b1cb76da95b478fc,2026-04-01,SH688012,0.004305236113134552,,,
EXP_LGBModel_Alpha158_csi300_expanding_step40_s_20260121_01,0d5b2c317ad04013b1cb76da95b478fc,2026-04-01,SH688036,0.15199385893907028,,,
EXP_LGBModel_Alpha158_csi300_expanding_step40_s_20260121_01,0d5b2c317ad04013b1cb76da95b478fc,2026-04-01,SH688041,-0.022111982942307255,,,
EXP_LGBModel_Alpha158_csi300_expanding_step40_s_20260121_01,0d5b2c317ad04013b1cb76da95b478fc,2026-04-01,SH605117,0.08378157477216623,,,
EXP_LGBModel_Alpha158_csi300_expanding_step40_s_20260121_01,0d5b2c317ad04013b1cb76da95b478fc,2026-04-01,SH688047,-0.08404981416769478,,,
EXP_LGBModel_Alpha158_csi300_expanding_step40_s_20260121_01,0d5b2c317ad04013b1cb76da95b478fc,2026-04-01,SH688111,-0.04925764334303624,,,
EXP_LGBModel_Alpha158_csi300_expanding_step40_s_20260121_01,0d5b2c317ad04013b1cb76da95b478fc,2026-04-01,SH688126,-0.06295277879657467,,,
EXP_LGBModel_Alpha158_csi300_expanding_step40_s_20260121_01,0d5b2c317ad04013b1cb76da95b478fc,2026-04-01,SH688169,-0.029876000547834236,,,
EXP_LGBModel_Alpha158_csi300_expanding_step40_s_20260121_01,0d5b2c317ad04013b1cb76da95b478fc,2026-04-01,SH688187,0.07582040788521437,,,
EXP_LGBModel_Alpha158_csi300_expanding_step40_s_20260121_01,0d5b2c317ad04013b1cb76da95b478fc,2026-04-01,SH688223,-0.07379472204702185,,,
EXP_LGBModel_Alpha158_csi300_expanding_step40_s_20260121_01,0d5b2c317ad04013b1cb76da95b478fc,2026-04-01,SH688256,-0.05109570259390351,,,
EXP_LGBModel_Alpha158_csi300_expanding_step40_s_20260121_01,0d5b2c317ad04013b1cb76da95b478fc,2026-04-01,SH688082,0.03365941605668268,,,
EXP_LGBModel_Alpha158_csi300_expanding_step40_s_20260121_01,0d5b2c317ad04013b1cb76da95b478fc,2026-04-01,SH603993,-0.048229615177432225,,,
EXP_LGBModel_Alpha158_csi300_expanding_step40_s_20260121_01,0d5b2c317ad04013b1cb76da95b478fc,2026-04-01,SH603986,0.13850698060611255,,,
EXP_LGBModel_Alpha158_csi300_expanding_step40_s_20260121_01,0d5b2c317ad04013b1cb76da95b478fc,2026-04-01,SH603893,0.04263467171123222,,,
EXP_LGBModel_Alpha158_csi300_expanding_step40_s_20260121_01,0d5b2c317ad04013b1cb76da95b478fc,2026-04-01,SH601939,0.14203340780098558,,,
EXP_LGBModel_Alpha158_csi300_expanding_step40_s_20260121_01,0d5b2c317ad04013b1cb76da95b478fc,2026-04-01,SH601985,-0.05564249479848678,,,
EXP_LGBModel_Alpha158_csi300_expanding_step40_s_20260121_01,0d5b2c317ad04013b1cb76da95b478fc,2026-04-01,SH601988,0.035845602120027395,,,
EXP_LGBModel_Alpha158_csi300_expanding_step40_s_20260121_01,0d5b2c317ad04013b1cb76da95b478fc,2026-04-01,SH601995,-0.045576323663348656,,,
EXP_LGBModel_Alpha158_csi300_expanding_step40_s_20260121_01,0d5b2c317ad04013b1cb76da95b478fc,2026-04-01,SH601998,0.07860208828385822,,,
EXP_LGBModel_Alpha158_csi300_expanding_step40_s_20260121_01,0d5b2c317ad04013b1cb76da95b478fc,2026-04-01,SH603019,-0.015057650669596117,,,
EXP_LGBModel_Alpha158_csi300_expanding_step40_s_20260121_01,0d5b2c317ad04013b1cb76da95b478fc,2026-04-01,SH603195,0.010011785578044462,,,
EXP_LGBModel_Alpha158_csi300_expanding_step40_s_20260121_01,0d5b2c317ad04013b1cb76da95b478fc,2026-04-01,SH603259,-0.08377388696027786,,,
EXP_LGBModel_Alpha158_csi300_expanding_step40_s_20260121_01,0d5b2c317ad04013b1cb76da95b478fc,2026-04-01,SH603260,-0.02579451481233218,,,
EXP_LGBModel_Alpha158_csi300_expanding_step40_s_20260121_01,0d5b2c317ad04013b1cb76da95b478fc,2026-04-01,SH603288,-0.07024898988991155,,,
EXP_LGBModel_Alpha158_csi300_expanding_step40_s_20260121_01,0d5b2c317ad04013b1cb76da95b478fc,2026-04-01,SH603296,0.12605359546075373,,,
EXP_LGBModel_Alpha158_csi300_expanding_step40_s_20260121_01,0d5b2c317ad04013b1cb76da95b478fc,2026-04-01,SH603369,-0.03367337198833295,,,
EXP_LGBModel_Alpha158_csi300_expanding_step40_s_20260121_01,0d5b2c317ad04013b1cb76da95b478fc,2026-04-01,SH603392,0.03769305881386223,,,
EXP_LGBModel_Alpha158_csi300_expanding_step40_s_20260121_01,0d5b2c317ad04013b1cb76da95b478fc,2026-04-01,SH603501,0.028677647605124257,,,
EXP_LGBModel_Alpha158_csi300_expanding_step40_s_20260121_01,0d5b2c317ad04013b1cb76da95b478fc,2026-04-01,SH603799,-0.18364104596470787,,,
EXP_LGBModel_Alpha158_csi300_expanding_step40_s_20260121_01,0d5b2c317ad04013b1cb76da95b478fc,2026-04-01,SH688271,-0.05621948596064526,,,
EXP_LGBModel_Alpha158_csi300_expanding_step40_s_20260121_01,0d5b2c317ad04013b1cb76da95b478fc,2026-04-01,SH688303,-0.06483015953288818,,,
EXP_LGBModel_Alpha158_csi300_expanding_step40_s_20260121_01,0d5b2c317ad04013b1cb76da95b478fc,2026-04-01,SH688396,0.02111545937253594,,,
EXP_LGBModel_Alpha158_csi300_expanding_step40_s_20260121_01,0d5b2c317ad04013b1cb76da95b478fc,2026-04-01,SH688472,0.011656716388408208,,,
EXP_LGBModel_Alpha158_csi300_expanding_step40_s_20260121_01,0d5b2c317ad04013b1cb76da95b478fc,2026-04-01,SZ000651,0.02791986970077566,,,
EXP_LGBModel_Alpha158_csi300_expanding_step40_s_20260121_01,0d5b2c317ad04013b1cb76da95b478fc,2026-04-01,SZ000661,-0.02913906255218036,,,
EXP_LGBModel_Alpha158_csi300_expanding_step40_s_20260121_01,0d5b2c317ad04013b1cb76da95b478fc,2026-04-01,SZ000708,-0.03487742646278632,,,
EXP_LGBModel_Alpha158_csi300_expanding_step40_s_20260121_01,0d5b2c317ad04013b1cb76da95b478fc,2026-04-01,SZ000725,-0.03574731198638672,,,
EXP_LGBModel_Alpha158_csi300_expanding_step40_s_20260121_01,0d5b2c317ad04013b1cb76da95b478fc,2026-04-01,SZ000768,0.016193507259168967,,,
EXP_LGBModel_Alpha158_csi300_expanding_step40_s_20260121_01,0d5b2c317ad04013b1cb76da95b478fc,2026-04-01,SZ000776,-0.06562160335609339,,,
EXP_LGBModel_Alpha158_csi300_expanding_step40_s_20260121_01,0d5b2c317ad04013b1cb76da95b478fc,2026-04-01,SZ000786,-0.027814211585880086,,,
EXP_LGBModel_Alpha158_csi300_expanding_step40_s_20260121_01,0d5b2c317ad04013b1cb76da95b478fc,2026-04-01,SZ000792,0.17397859140615643,,,
EXP_LGBModel_Alpha158_csi300_expanding_step40_s_20260121_01,0d5b2c317ad04013b1cb76da95b478fc,2026-04-01,SZ000807,-0.07424493537358139,,,
EXP_LGBModel_Alpha158_csi300_expanding_step40_s_20260121_01,0d5b2c317ad04013b1cb76da95b478fc,2026-04-01,SZ000858,0.007928055614938156,,,
EXP_LGBModel_Alpha158_csi300_expanding_step40_s_20260121_01,0d5b2c317ad04013b1cb76da95b478fc,2026-04-01,SZ000876,-0.06027643030596688,,,
EXP_LGBModel_Alpha158_csi300_expanding_step40_s_20260121_01,0d5b2c317ad04013b1cb76da95b478fc,2026-04-01,SZ000895,0.06345400163765676,,,
EXP_LGBModel_Alpha158_csi300_expanding_step40_s_20260121_01,0d5b2c317ad04013b1cb76da95b478fc,2026-04-01,SZ000938,0.10605573846311207,,,
EXP_LGBModel_Alpha158_csi300_expanding_step40_s_20260121_01,0d5b2c317ad04013b1cb76da95b478fc,2026-04-01,SZ000963,-0.005596733847118589,,,
EXP_LGBModel_Alpha158_csi300_expanding_step40_s_20260121_01,0d5b2c317ad04013b1cb76da95b478fc,2026-04-01,SZ000975,-0.055463518449416015,,,
EXP_LGBModel_Alpha158_csi300_expanding_step40_s_20260121_01,0d5b2c317ad04013b1cb76da95b478fc,2026-04-01,SZ000630,-0.009426380821237526,,,
EXP_LGBModel_Alpha158_csi300_expanding_step40_s_20260121_01,0d5b2c317ad04013b1cb76da95b478fc,2026-04-01,SZ000983,-0.11911263272813484,,,
EXP_LGBModel_Alpha158_csi300_expanding_step40_s_20260121_01,0d5b2c317ad04013b1cb76da95b478fc,2026-04-01,SZ000625,0.033740178859905365,,,
EXP_LGBModel_Alpha158_csi300_expanding_step40_s_20260121_01,0d5b2c317ad04013b1cb76da95b478fc,2026-04-01,SZ000596,-0.04598345152469534,,,
EXP_LGBModel_Alpha158_csi300_expanding_step40_s_20260121_01,0d5b2c317ad04013b1cb76da95b478fc,2026-04-01,SH688506,-0.04801813828365443,,,
EXP_LGBModel_Alpha158_csi300_expanding_step40_s_20260121_01,0d5b2c317ad04013b1cb76da95b478fc,2026-04-01,SH688981,-0.05051244706508545,,,
EXP_LGBModel_Alpha158_csi300_expanding_step40_s_20260121_01,0d5b2c317ad04013b1cb76da95b478fc,2026-04-01,SZ000001,-0.041781025797998556,,,
EXP_LGBModel_Alpha158_csi300_expanding_step40_s_20260121_01,0d5b2c317ad04013b1cb76da95b478fc,2026-04-01,SZ000002,0.0037300447346450306,,,
EXP_LGBModel_Alpha158_csi300_expanding_step40_s_20260121_01,0d5b2c317ad04013b1cb76da95b478fc,2026-04-01,SZ000063,0.012186713998769808,,,
EXP_LGBModel_Alpha158_csi300_expanding_step40_s_20260121_01,0d5b2c317ad04013b1cb76da95b478fc,2026-04-01,SZ000100,-0.14667021727946622,,,
EXP_LGBModel_Alpha158_csi300_expanding_step40_s_20260121_01,0d5b2c317ad04013b1cb76da95b478fc,2026-04-01,SZ000157,-0.009565496480104354,,,
EXP_LGBModel_Alpha158_csi300_expanding_step40_s_20260121_01,0d5b2c317ad04013b1cb76da95b478fc,2026-04-01,SZ000166,0.015974563341846854,,,
EXP_LGBModel_Alpha158_csi300_expanding_step40_s_20260121_01,0d5b2c317ad04013b1cb76da95b478fc,2026-04-01,SZ000301,-0.2093173971736662,,,
EXP_LGBModel_Alpha158_csi300_expanding_step40_s_20260121_01,0d5b2c317ad04013b1cb76da95b478fc,2026-04-01,SZ000333,0.08738486642636714,,,
EXP_LGBModel_Alpha158_csi300_expanding_step40_s_20260121_01,0d5b2c317ad04013b1cb76da95b478fc,2026-04-01,SZ000338,-0.08701898622015072,,,
EXP_LGBModel_Alpha158_csi300_expanding_step40_s_20260121_01,0d5b2c317ad04013b1cb76da95b478fc,2026-04-01,SZ000408,-0.008460194966760882,,,
EXP_LGBModel_Alpha158_csi300_expanding_step40_s_20260121_01,0d5b2c317ad04013b1cb76da95b478fc,2026-04-01,SZ000425,0.03211574156215056,,,
EXP_LGBModel_Alpha158_csi300_expanding_step40_s_20260121_01,0d5b2c317ad04013b1cb76da95b478fc,2026-04-01,SZ000538,0.03193493999746548,,,
EXP_LGBModel_Alpha158_csi300_expanding_step40_s_20260121_01,0d5b2c317ad04013b1cb76da95b478fc,2026-04-01,SZ000568,0.05009742208417335,,,
EXP_LGBModel_Alpha158_csi300_expanding_step40_s_20260121_01,0d5b2c317ad04013b1cb76da95b478fc,2026-04-01,SZ000617,0.02579740022838283,,,
EXP_LGBModel_Alpha158_csi300_sliding_step40_s_20260121_01,741bdd0f113c4c1eaf23c429f63dfa1d,2026-04-01,SZ301269,-0.07524245436364595,,,
EXP_LGBModel_Alpha158_csi300_sliding_step40_s_20260121_01,741bdd0f113c4c1eaf23c429f63dfa1d,2026-04-01,SZ302132,-0.06306214864725745,,,
EXP_DEnsembleModel_Alpha158_csi300_expanding_step40_s_20260112_22,5dfe27da14f64e55b157c5d6f03705b8,2026-04-01,SH600000,0.07237041946773802,,,
EXP_DEnsembleModel_Alpha158_csi300_sliding_step40_s_20260111_23,12f4cb9e2e654b22a3588e4374ed56b1,2026-04-01,SH601127,-0.06088678300820805,,,
EXP_DEnsembleModel_Alpha158_csi300_sliding_step40_s_20260111_23,12f4cb9e2e654b22a3588e4374ed56b1,2026-04-01,SH601136,0.026987716162768075,,,
EXP_DEnsembleModel_Alpha158_csi300_sliding_step40_s_20260111_23,12f4cb9e2e654b22a3588e4374ed56b1,2026-04-01,SH601138,0.005987562695186102,,,
EXP_DEnsembleModel_Alpha158_csi300_sliding_step40_s_20260111_23,12f4cb9e2e654b22a3588e4374ed56b1,2026-04-01,SH601166,0.08041933236072103,,,
EXP_DEnsembleModel_Alpha158_csi300_sliding_step40_s_20260111_23,12f4cb9e2e654b22a3588e4374ed56b1,2026-04-01,SH601169,0.09574488669161291,,,
EXP_DEnsembleModel_Alpha158_csi300_sliding_step40_s_20260111_23,12f4cb9e2e654b22a3588e4374ed56b1,2026-04-01,SH601186,0.02773596709419408,,,
EXP_DEnsembleModel_Alpha158_csi300_sliding_step40_s_20260111_23,12f4cb9e2e654b22a3588e4374ed56b1,2026-04-01,SH601117,0.02035371405514019,,,
EXP_DEnsembleModel_Alpha158_csi300_sliding_step40_s_20260111_23,12f4cb9e2e654b22a3588e4374ed56b1,2026-04-01,SH601211,-0.09251302980603875,,,
EXP_DEnsembleModel_Alpha158_csi300_sliding_step40_s_20260111_23,12f4cb9e2e654b22a3588e4374ed56b1,2026-04-01,SH601229,0.09567407725327554,,,
EXP_DEnsembleModel_Alpha158_csi300_sliding_step40_s_20260111_23,12f4cb9e2e654b22a3588e4374ed56b1,2026-04-01,SH601236,-0.06261837347278458,,,
EXP_DEnsembleModel_Alpha158_csi300_sliding_step40_s_20260111_23,12f4cb9e2e654b22a3588e4374ed56b1,2026-04-01,SH601238,-0.019002417493786734,,,
EXP_DEnsembleModel_Alpha158_csi300_sliding_step40_s_20260111_23,12f4cb9e2e654b22a3588e4374ed56b1,2026-04-01,SH601288,0.14003884101987688,,,
EXP_DEnsembleModel_Alpha158_csi300_sliding_step40_s_20260111_23,12f4cb9e2e654b22a3588e4374ed56b1,2026-04-01,SH601298,0.06888545443843698,,,
EXP_DEnsembleModel_Alpha158_csi300_sliding_step40_s_20260111_23,12f4cb9e2e654b22a3588e4374ed56b1,2026-04-01,SH601318,0.004398373195070708,,,
EXP_DEnsembleModel_Alpha158_csi300_sliding_step40_s_20260111_23,12f4cb9e2e654b22a3588e4374ed56b1,2026-04-01,SH601225,0.10841655556744077,,,
EXP_DEnsembleModel_Alpha158_csi300_sliding_step40_s_20260111_23,12f4cb9e2e654b22a3588e4374ed56b1,2026-04-01,SH601111,-0.044895274518960936,,,
EXP_DEnsembleModel_Alpha158_csi300_sliding_step40_s_20260111_23,12f4cb9e2e654b22a3588e4374ed56b1,2026-04-01,SH601100,-0.031204017192454126,,,
EXP_DEnsembleModel_Alpha158_csi300_sliding_step40_s_20260111_23,12f4cb9e2e654b22a3588e4374ed56b1,2026-04-01,SH601088,0.037140189775417484,,,
EXP_DEnsembleModel_Alpha158_csi300_sliding_step40_s_20260111_23,12f4cb9e2e654b22a3588e4374ed56b1,2026-04-01,SH600930,-0.04774435813220396,,,
EXP_DEnsembleModel_Alpha158_csi300_sliding_step40_s_20260111_23,12f4cb9e2e654b22a3588e4374ed56b1,2026-04-01,SH600938,0.14621361207821126,,,
EXP_DEnsembleModel_Alpha158_csi300_sliding_step40_s_20260111_23,12f4cb9e2e654b22a3588e4374ed56b1,2026-04-01,SH600941,-0.006347594741044629,,,
EXP_DEnsembleModel_Alpha158_csi300_sliding_step40_s_20260111_23,12f4cb9e2e654b22a3588e4374ed56b1,2026-04-01,SH600958,-0.06575863269213605,,,
EXP_DEnsembleModel_Alpha158_csi300_sliding_step40_s_20260111_23,12f4cb9e2e654b22a3588e4374ed56b1,2026-04-01,SH600989,0.05823565048583383,,,
EXP_DEnsembleModel_Alpha158_csi300_sliding_step40_s_20260111_23,12f4cb9e2e654b22a3588e4374ed56b1,2026-04-01,SH600999,0.009531989956143442,,,
EXP_DEnsembleModel_Alpha158_csi300_sliding_step40_s_20260111_23,12f4cb9e2e654b22a3588e4374ed56b1,2026-04-01,SH601006,0.10542343540294796,,,
EXP_DEnsembleModel_Alpha158_csi300_sliding_step40_s_20260111_23,12f4cb9e2e654b22a3588e4374ed56b1,2026-04-01,SH601009,0.12810721469593042,,,
EXP_DEnsembleModel_Alpha158_csi300_sliding_step40_s_20260111_23,12f4cb9e2e654b22a3588e4374ed56b1,2026-04-01,SH601012,-0.030340216720156153,,,
EXP_DEnsembleModel_Alpha158_csi300_sliding_step40_s_20260111_23,12f4cb9e2e654b22a3588e4374ed56b1,2026-04-01,SH601018,0.13324767884743347,,,
EXP_DEnsembleModel_Alpha158_csi300_sliding_step40_s_20260111_23,12f4cb9e2e654b22a3588e4374ed56b1,2026-04-01,SH601021,-0.1226635930447098,,,
EXP_DEnsembleModel_Alpha158_csi300_sliding_step40_s_20260111_23,12f4cb9e2e654b22a3588e4374ed56b1,2026-04-01,SH601058,-0.07738840186520256,,,
EXP_DEnsembleModel_Alpha158_csi300_sliding_step40_s_20260111_23,12f4cb9e2e654b22a3588e4374ed56b1,2026-04-01,SH601059,-0.08202221386474111,,,
EXP_DEnsembleModel_Alpha158_csi300_sliding_step40_s_20260111_23,12f4cb9e2e654b22a3588e4374ed56b1,2026-04-01,SH601066,-0.01968115218946686,,,
EXP_DEnsembleModel_Alpha158_csi300_sliding_step40_s_20260111_23,12f4cb9e2e654b22a3588e4374ed56b1,2026-04-01,SH601077,0.0294531409909225,,,
EXP_DEnsembleModel_Alpha158_csi300_sliding_step40_s_20260111_23,12f4cb9e2e654b22a3588e4374ed56b1,2026-04-01,SH601319,-0.0017027544313313518,,,
EXP_DEnsembleModel_Alpha158_csi300_sliding_step40_s_20260111_23,12f4cb9e2e654b22a3588e4374ed56b1,2026-04-01,SH601328,0.10322434550937366,,,
EXP_DEnsembleModel_Alpha158_csi300_sliding_step40_s_20260111_23,12f4cb9e2e654b22a3588e4374ed56b1,2026-04-01,SH601336,0.016041582681269182,,,
EXP_DEnsembleModel_Alpha158_csi300_sliding_step40_s_20260111_23,12f4cb9e2e654b22a3588e4374ed56b1,2026-04-01,SH601360,-0.01850480271405096,,,
EXP_DEnsembleModel_Alpha158_csi300_sliding_step40_s_20260111_23,12f4cb9e2e654b22a3588e4374ed56b1,2026-04-01,SH601800,-0.05064123937588228,,,
EXP_DEnsembleModel_Alpha158_csi300_sliding_step40_s_20260111_23,12f4cb9e2e654b22a3588e4374ed56b1,2026-04-01,SH601808,0.00874482540204795,,,
EXP_DEnsembleModel_Alpha158_csi300_sliding_step40_s_20260111_23,12f4cb9e2e654b22a3588e4374ed56b1,2026-04-01,SH601816,0.026548217339716133,,,
EXP_DEnsembleModel_Alpha158_csi300_sliding_step40_s_20260111_23,12f4cb9e2e654b22a3588e4374ed56b1,2026-04-01,SH601818,-0.009318678964262677,,,
EXP_DEnsembleModel_Alpha158_csi300_sliding_step40_s_20260111_23,12f4cb9e2e654b22a3588e4374ed56b1,2026-04-01,SH601825,0.10039744433774662,,,
EXP_DEnsembleModel_Alpha158_csi300_sliding_step40_s_20260111_23,12f4cb9e2e654b22a3588e4374ed56b1,2026-04-01,SH601838,0.08442376923580712,,,
EXP_DEnsembleModel_Alpha158_csi300_sliding_step40_s_20260111_23,12f4cb9e2e654b22a3588e4374ed56b1,2026-04-01,SH601857,0.0024183639866758033,,,
EXP_DEnsembleModel_Alpha158_csi300_sliding_step40_s_20260111_23,12f4cb9e2e654b22a3588e4374ed56b1,2026-04-01,SH601868,0.03105330497581256,,,
EXP_DEnsembleModel_Alpha158_csi300_sliding_step40_s_20260111_23,12f4cb9e2e654b22a3588e4374ed56b1,2026-04-01,SH601872,0.015174405584848692,,,
EXP_DEnsembleModel_Alpha158_csi300_sliding_step40_s_20260111_23,12f4cb9e2e654b22a3588e4374ed56b1,2026-04-01,SH601877,-0.041171649829202156,,,
EXP_DEnsembleModel_Alpha158_csi300_sliding_step40_s_20260111_23,12f4cb9e2e654b22a3588e4374ed56b1,2026-04-01,SH601878,-0.05959845436488884,,,
EXP_DEnsembleModel_Alpha158_csi300_sliding_step40_s_20260111_23,12f4cb9e2e654b22a3588e4374ed56b1,2026-04-01,SH601881,-0.03357277792200838,,,
EXP_DEnsembleModel_Alpha158_csi300_sliding_step40_s_20260111_23,12f4cb9e2e654b22a3588e4374ed56b1,2026-04-01,SH601888,-0.06691582967459626,,,
EXP_DEnsembleModel_Alpha158_csi300_sliding_step40_s_20260111_23,12f4cb9e2e654b22a3588e4374ed56b1,2026-04-01,SH601898,0.037480465453876725,,,
EXP_DEnsembleModel_Alpha158_csi300_sliding_step40_s_20260111_23,12f4cb9e2e654b22a3588e4374ed56b1,2026-04-01,SH601899,-0.09902107179666325,,,
EXP_DEnsembleModel_Alpha158_csi300_sliding_step40_s_20260111_23,12f4cb9e2e654b22a3588e4374ed56b1,2026-04-01,SH601788,-0.05876211289207771,,,
EXP_DEnsembleModel_Alpha158_csi300_sliding_step40_s_20260111_23,12f4cb9e2e654b22a3588e4374ed56b1,2026-04-01,SH600926,0.12238349194662104,,,
EXP_DEnsembleModel_Alpha158_csi300_sliding_step40_s_20260111_23,12f4cb9e2e654b22a3588e4374ed56b1,2026-04-01,SH601766,0.08875709636310054,,,
EXP_DEnsembleModel_Alpha158_csi300_sliding_step40_s_20260111_23,12f4cb9e2e654b22a3588e4374ed56b1,2026-04-01,SH601698,0.05958531813010853,,,
EXP_DEnsembleModel_Alpha158_csi300_sliding_step40_s_20260111_23,12f4cb9e2e654b22a3588e4374ed56b1,2026-04-01,SH601377,-0.0301901164719144,,,
EXP_DEnsembleModel_Alpha158_csi300_sliding_step40_s_20260111_23,12f4cb9e2e654b22a3588e4374ed56b1,2026-04-01,SH601390,0.019198378164078062,,,
EXP_DEnsembleModel_Alpha158_csi300_sliding_step40_s_20260111_23,12f4cb9e2e654b22a3588e4374ed56b1,2026-04-01,SH601398,0.12619933844614808,,,
EXP_DEnsembleModel_Alpha158_csi300_sliding_step40_s_20260111_23,12f4cb9e2e654b22a3588e4374ed56b1,2026-04-01,SH601456,-0.03618985598076018,,,
EXP_DEnsembleModel_Alpha158_csi300_sliding_step40_s_20260111_23,12f4cb9e2e654b22a3588e4374ed56b1,2026-04-01,SH601600,-0.008531969781677232,,,
EXP_DEnsembleModel_Alpha158_csi300_sliding_step40_s_20260111_23,12f4cb9e2e654b22a3588e4374ed56b1,2026-04-01,SH601601,0.014919806440407204,,,
EXP_DEnsembleModel_Alpha158_csi300_sliding_step40_s_20260111_23,12f4cb9e2e654b22a3588e4374ed56b1,2026-04-01,SH601607,0.003034771278276878,,,
EXP_DEnsembleModel_Alpha158_csi300_sliding_step40_s_20260111_23,12f4cb9e2e654b22a3588e4374ed56b1,2026-04-01,SH601618,0.010645913118499899,,,
EXP_DEnsembleModel_Alpha158_csi300_sliding_step40_s_20260111_23,12f4cb9e2e654b22a3588e4374ed56b1,2026-04-01,SH601628,-0.05437337355890228,,,
EXP_DEnsembleModel_Alpha158_csi300_sliding_step40_s_20260111_23,12f4cb9e2e654b22a3588e4374ed56b1,2026-04-01,SH601633,0.049955054170197286,,,
EXP_DEnsembleModel_Alpha158_csi300_sliding_step40_s_20260111_23,12f4cb9e2e654b22a3588e4374ed56b1,2026-04-01,SH601658,0.1259140124960311,,,
EXP_DEnsembleModel_Alpha158_csi300_sliding_step40_s_20260111_23,12f4cb9e2e654b22a3588e4374ed56b1,2026-04-01,SH601668,0.03577901477679246,,,
EXP_DEnsembleModel_Alpha158_csi300_sliding_step40_s_20260111_23,12f4cb9e2e654b22a3588e4374ed56b1,2026-04-01,SH601669,-0.04265256795714096,,,
EXP_DEnsembleModel_Alpha158_csi300_sliding_step40_s_20260111_23,12f4cb9e2e654b22a3588e4374ed56b1,2026-04-01,SH601688,-0.06970677543042807,,,
EXP_DEnsembleModel_Alpha158_csi300_sliding_step40_s_20260111_23,12f4cb9e2e654b22a3588e4374ed56b1,2026-04-01,SH601689,-0.03804613658674465,,,
EXP_DEnsembleModel_Alpha158_csi300_sliding_step40_s_20260111_23,12f4cb9e2e654b22a3588e4374ed56b1,2026-04-01,SH601728,-0.02231189414381415,,,
EXP_DEnsembleModel_Alpha158_csi300_sliding_step40_s_20260111_23,12f4cb9e2e654b22a3588e4374ed56b1,2026-04-01,SH601901,-0.057659337789067046,,,
EXP_DEnsembleModel_Alpha158_csi300_sliding_step40_s_20260111_23,12f4cb9e2e654b22a3588e4374ed56b1,2026-04-01,SH600919,0.11498785212105668,,,
EXP_DEnsembleModel_Alpha158_csi300_sliding_step40_s_20260111_23,12f4cb9e2e654b22a3588e4374ed56b1,2026-04-01,SH600905,0.02279306359271714,,,
EXP_DEnsembleModel_Alpha158_csi300_sliding_step40_s_20260111_23,12f4cb9e2e654b22a3588e4374ed56b1,2026-04-01,SH600066,-0.2549088800974368,,,
EXP_DEnsembleModel_Alpha158_csi300_sliding_step40_s_20260111_23,12f4cb9e2e654b22a3588e4374ed56b1,2026-04-01,SH600085,-0.016212118426209735,,,
EXP_DEnsembleModel_Alpha158_csi300_sliding_step40_s_20260111_23,12f4cb9e2e654b22a3588e4374ed56b1,2026-04-01,SH600089,-0.01077864183223862,,,
EXP_DEnsembleModel_Alpha158_csi300_sliding_step40_s_20260111_23,12f4cb9e2e654b22a3588e4374ed56b1,2026-04-01,SH600104,0.0676859374378618,,,
EXP_DEnsembleModel_Alpha158_csi300_sliding_step40_s_20260111_23,12f4cb9e2e654b22a3588e4374ed56b1,2026-04-01,SH600111,-0.1286358447715582,,,
EXP_DEnsembleModel_Alpha158_csi300_sliding_step40_s_20260111_23,12f4cb9e2e654b22a3588e4374ed56b1,2026-04-01,SH600115,-0.05454611038346295,,,
EXP_DEnsembleModel_Alpha158_csi300_sliding_step40_s_20260111_23,12f4cb9e2e654b22a3588e4374ed56b1,2026-04-01,SH600061,-0.034916269577138594,,,
EXP_DEnsembleModel_Alpha158_csi300_sliding_step40_s_20260111_23,12f4cb9e2e654b22a3588e4374ed56b1,2026-04-01,SH600150,0.10025960400582719,,,
EXP_DEnsembleModel_Alpha158_csi300_sliding_step40_s_20260111_23,12f4cb9e2e654b22a3588e4374ed56b1,2026-04-01,SH600161,-0.027507419998347566,,,
EXP_DEnsembleModel_Alpha158_csi300_sliding_step40_s_20260111_23,12f4cb9e2e654b22a3588e4374ed56b1,2026-04-01,SH600176,0.06566475390645159,,,
EXP_DEnsembleModel_Alpha158_csi300_sliding_step40_s_20260111_23,12f4cb9e2e654b22a3588e4374ed56b1,2026-04-01,SH600183,0.03853114124941222,,,
EXP_DEnsembleModel_Alpha158_csi300_sliding_step40_s_20260111_23,12f4cb9e2e654b22a3588e4374ed56b1,2026-04-01,SH600188,0.11983388974166757,,,
EXP_DEnsembleModel_Alpha158_csi300_sliding_step40_s_20260111_23,12f4cb9e2e654b22a3588e4374ed56b1,2026-04-01,SH600196,-0.02169656515086184,,,
EXP_DEnsembleModel_Alpha158_csi300_sliding_step40_s_20260111_23,12f4cb9e2e654b22a3588e4374ed56b1,2026-04-01,SH600219,-0.11688381337094136,,,
EXP_DEnsembleModel_Alpha158_csi300_sliding_step40_s_20260111_23,12f4cb9e2e654b22a3588e4374ed56b1,2026-04-01,SH600160,-0.019311320678316164,,,
EXP_DEnsembleModel_Alpha158_csi300_sliding_step40_s_20260111_23,12f4cb9e2e654b22a3588e4374ed56b1,2026-04-01,SH600050,-0.003405660430840685,,,
EXP_DEnsembleModel_Alpha158_csi300_sliding_step40_s_20260111_23,12f4cb9e2e654b22a3588e4374ed56b1,2026-04-01,SH600048,-0.0478750485492616,,,
EXP_DEnsembleModel_Alpha158_csi300_sliding_step40_s_20260111_23,12f4cb9e2e654b22a3588e4374ed56b1,2026-04-01,SH600039,0.12138874599171674,,,
EXP_DEnsembleModel_Alpha158_csi300_sliding_step40_s_20260111_23,12f4cb9e2e654b22a3588e4374ed56b1,2026-04-01,SH600010,-0.10483888894479942,,,
EXP_DEnsembleModel_Alpha158_csi300_sliding_step40_s_20260111_23,12f4cb9e2e654b22a3588e4374ed56b1,2026-04-01,SH600011,0.009118908401406148,,,
EXP_DEnsembleModel_Alpha158_csi300_sliding_step40_s_20260111_23,12f4cb9e2e654b22a3588e4374ed56b1,2026-04-01,SH600015,0.08936262608195461,,,
EXP_DEnsembleModel_Alpha158_csi300_sliding_step40_s_20260111_23,12f4cb9e2e654b22a3588e4374ed56b1,2026-04-01,SH600016,0.04119027046897152,,,
EXP_DEnsembleModel_Alpha158_csi300_sliding_step40_s_20260111_23,12f4cb9e2e654b22a3588e4374ed56b1,2026-04-01,SH600018,0.03792050023622746,,,
EXP_DEnsembleModel_Alpha158_csi300_sliding_step40_s_20260111_23,12f4cb9e2e654b22a3588e4374ed56b1,2026-04-01,SH600019,-0.022279084169348738,,,
EXP_DEnsembleModel_Alpha158_csi300_sliding_step40_s_20260111_23,12f4cb9e2e654b22a3588e4374ed56b1,2026-04-01,SH600023,0.12376518684581111,,,
EXP_DEnsembleModel_Alpha158_csi300_sliding_step40_s_20260111_23,12f4cb9e2e654b22a3588e4374ed56b1,2026-04-01,SH600025,0.03386475538453399,,,
EXP_DEnsembleModel_Alpha158_csi300_sliding_step40_s_20260111_23,12f4cb9e2e654b22a3588e4374ed56b1,2026-04-01,SH600026,-0.14107968274894447,,,
EXP_DEnsembleModel_Alpha158_csi300_sliding_step40_s_20260111_23,12f4cb9e2e654b22a3588e4374ed56b1,2026-04-01,SH600027,-0.015402695481955811,,,
EXP_DEnsembleModel_Alpha158_csi300_sliding_step40_s_20260111_23,12f4cb9e2e654b22a3588e4374ed56b1,2026-04-01,SH600028,-0.12879781238936358,,,
EXP_DEnsembleModel_Alpha158_csi300_sliding_step40_s_20260111_23,12f4cb9e2e654b22a3588e4374ed56b1,2026-04-01,SH600029,-0.03468304189281676,,,
EXP_DEnsembleModel_Alpha158_csi300_sliding_step40_s_20260111_23,12f4cb9e2e654b22a3588e4374ed56b1,2026-04-01,SH600030,-0.09302484479380557,,,
EXP_DEnsembleModel_Alpha158_csi300_sliding_step40_s_20260111_23,12f4cb9e2e654b22a3588e4374ed56b1,2026-04-01,SH600031,-0.051150867117953594,,,
EXP_DEnsembleModel_Alpha158_csi300_sliding_step40_s_20260111_23,12f4cb9e2e654b22a3588e4374ed56b1,2026-04-01,SH600036,0.06032156238289575,,,
EXP_DEnsembleModel_Alpha158_csi300_sliding_step40_s_20260111_23,12f4cb9e2e654b22a3588e4374ed56b1,2026-04-01,SH600233,-0.02355898426677197,,,
EXP_DEnsembleModel_Alpha158_csi300_sliding_step40_s_20260111_23,12f4cb9e2e654b22a3588e4374ed56b1,2026-04-01,SH600276,-0.0371834031806319,,,
EXP_DEnsembleModel_Alpha158_csi300_sliding_step40_s_20260111_23,12f4cb9e2e654b22a3588e4374ed56b1,2026-04-01,SH600309,0.07128899397653025,,,
EXP_DEnsembleModel_Alpha158_csi300_sliding_step40_s_20260111_23,12f4cb9e2e654b22a3588e4374ed56b1,2026-04-01,SH600346,-0.15575473020830524,,,
EXP_DEnsembleModel_Alpha158_csi300_sliding_step40_s_20260111_23,12f4cb9e2e654b22a3588e4374ed56b1,2026-04-01,SH600600,0.14245724886520536,,,
EXP_DEnsembleModel_Alpha158_csi300_sliding_step40_s_20260111_23,12f4cb9e2e654b22a3588e4374ed56b1,2026-04-01,SH600660,0.011720194372293078,,,
EXP_DEnsembleModel_Alpha158_csi300_sliding_step40_s_20260111_23,12f4cb9e2e654b22a3588e4374ed56b1,2026-04-01,SH600674,0.06250998318369544,,,
EXP_DEnsembleModel_Alpha158_csi300_sliding_step40_s_20260111_23,12f4cb9e2e654b22a3588e4374ed56b1,2026-04-01,SH600690,-0.05694386884114398,,,
EXP_DEnsembleModel_Alpha158_csi300_sliding_step40_s_20260111_23,12f4cb9e2e654b22a3588e4374ed56b1,2026-04-01,SH600741,0.07292788354184278,,,
EXP_DEnsembleModel_Alpha158_csi300_sliding_step40_s_20260111_23,12f4cb9e2e654b22a3588e4374ed56b1,2026-04-01,SH600760,-0.1178826260058297,,,
EXP_DEnsembleModel_Alpha158_csi300_sliding_step40_s_20260111_23,12f4cb9e2e654b22a3588e4374ed56b1,2026-04-01,SH600795,0.06513552527300183,,,
EXP_DEnsembleModel_Alpha158_csi300_sliding_step40_s_20260111_23,12f4cb9e2e654b22a3588e4374ed56b1,2026-04-01,SH600803,0.009327253137168855,,,
EXP_DEnsembleModel_Alpha158_csi300_sliding_step40_s_20260111_23,12f4cb9e2e654b22a3588e4374ed56b1,2026-04-01,SH600809,-0.050730431149519264,,,
EXP_DEnsembleModel_Alpha158_csi300_sliding_step40_s_20260111_23,12f4cb9e2e654b22a3588e4374ed56b1,2026-04-01,SH600845,-0.09290943891635806,,,
EXP_DEnsembleModel_Alpha158_csi300_sliding_step40_s_20260111_23,12f4cb9e2e654b22a3588e4374ed56b1,2026-04-01,SH600875,0.09184597862919358,,,
EXP_DEnsembleModel_Alpha158_csi300_sliding_step40_s_20260111_23,12f4cb9e2e654b22a3588e4374ed56b1,2026-04-01,SH600886,0.049024969487412064,,,
EXP_DEnsembleModel_Alpha158_csi300_sliding_step40_s_20260111_23,12f4cb9e2e654b22a3588e4374ed56b1,2026-04-01,SH600887,0.04963882376269061,,,
EXP_DEnsembleModel_Alpha158_csi300_sliding_step40_s_20260111_23,12f4cb9e2e654b22a3588e4374ed56b1,2026-04-01,SH600893,-0.0423746902903826,,,
EXP_DEnsembleModel_Alpha158_csi300_sliding_step40_s_20260111_23,12f4cb9e2e654b22a3588e4374ed56b1,2026-04-01,SH600900,0.017081536455849262,,,
EXP_DEnsembleModel_Alpha158_csi300_sliding_step40_s_20260111_23,12f4cb9e2e654b22a3588e4374ed56b1,2026-04-01,SH600588,0.01208334634162892,,,
EXP_DEnsembleModel_Alpha158_csi300_sliding_step40_s_20260111_23,12f4cb9e2e654b22a3588e4374ed56b1,2026-04-01,SH600918,-0.050210282435039784,,,
EXP_DEnsembleModel_Alpha158_csi300_sliding_step40_s_20260111_23,12f4cb9e2e654b22a3588e4374ed56b1,2026-04-01,SH600585,0.0037015362869376105,,,
EXP_DEnsembleModel_Alpha158_csi300_sliding_step40_s_20260111_23,12f4cb9e2e654b22a3588e4374ed56b1,2026-04-01,SH600570,-0.08315852891701585,,,
EXP_DEnsembleModel_Alpha158_csi300_sliding_step40_s_20260111_23,12f4cb9e2e654b22a3588e4374ed56b1,2026-04-01,SH600362,-0.01658790133892988,,,
EXP_DEnsembleModel_Alpha158_csi300_sliding_step40_s_20260111_23,12f4cb9e2e654b22a3588e4374ed56b1,2026-04-01,SH600372,-0.08335107067856487,,,
EXP_DEnsembleModel_Alpha158_csi300_sliding_step40_s_20260111_23,12f4cb9e2e654b22a3588e4374ed56b1,2026-04-01,SH600377,0.05858915161872438,,,
EXP_DEnsembleModel_Alpha158_csi300_sliding_step40_s_20260111_23,12f4cb9e2e654b22a3588e4374ed56b1,2026-04-01,SH600406,-0.051429996227003026,,,
EXP_DEnsembleModel_Alpha158_csi300_sliding_step40_s_20260111_23,12f4cb9e2e654b22a3588e4374ed56b1,2026-04-01,SH600415,-0.03423806766379762,,,
EXP_DEnsembleModel_Alpha158_csi300_sliding_step40_s_20260111_23,12f4cb9e2e654b22a3588e4374ed56b1,2026-04-01,SH600426,-0.0783323359814425,,,
EXP_DEnsembleModel_Alpha158_csi300_sliding_step40_s_20260111_23,12f4cb9e2e654b22a3588e4374ed56b1,2026-04-01,SH600436,-0.010991044423979994,,,
EXP_DEnsembleModel_Alpha158_csi300_sliding_step40_s_20260111_23,12f4cb9e2e654b22a3588e4374ed56b1,2026-04-01,SH600438,-0.10374997506975518,,,
EXP_DEnsembleModel_Alpha158_csi300_sliding_step40_s_20260111_23,12f4cb9e2e654b22a3588e4374ed56b1,2026-04-01,SH600460,-0.05192422402869652,,,
EXP_DEnsembleModel_Alpha158_csi300_sliding_step40_s_20260111_23,12f4cb9e2e654b22a3588e4374ed56b1,2026-04-01,SH600482,0.028118839655071073,,,
EXP_DEnsembleModel_Alpha158_csi300_sliding_step40_s_20260111_23,12f4cb9e2e654b22a3588e4374ed56b1,2026-04-01,SH600489,-0.05065159927049966,,,
EXP_DEnsembleModel_Alpha158_csi300_sliding_step40_s_20260111_23,12f4cb9e2e654b22a3588e4374ed56b1,2026-04-01,SH600515,0.001780034595732829,,,
EXP_DEnsembleModel_Alpha158_csi300_sliding_step40_s_20260111_23,12f4cb9e2e654b22a3588e4374ed56b1,2026-04-01,SH600519,0.09521901107361122,,,
EXP_DEnsembleModel_Alpha158_csi300_sliding_step40_s_20260111_23,12f4cb9e2e654b22a3588e4374ed56b1,2026-04-01,SH600522,-0.01324375852780467,,,
EXP_DEnsembleModel_Alpha158_csi300_sliding_step40_s_20260111_23,12f4cb9e2e654b22a3588e4374ed56b1,2026-04-01,SH600547,-0.046765104422355076,,,
EXP_DEnsembleModel_Alpha158_csi300_sliding_step40_s_20260111_23,12f4cb9e2e654b22a3588e4374ed56b1,2026-04-01,SH600584,0.052125055710813786,,,
EXP_DEnsembleModel_Alpha158_csi300_sliding_step40_s_20260111_23,12f4cb9e2e654b22a3588e4374ed56b1,2026-04-01,SH600009,-0.08037667465149137,,,
EXP_DEnsembleModel_Alpha158_csi300_sliding_step40_s_20260111_23,12f4cb9e2e654b22a3588e4374ed56b1,2026-04-01,SH601916,0.05330649496181547,,,
EXP_DEnsembleModel_Alpha158_csi300_sliding_step40_s_20260111_23,12f4cb9e2e654b22a3588e4374ed56b1,2026-04-01,SH601939,0.2222883978560738,,,
EXP_DEnsembleModel_Alpha158_csi300_sliding_step40_s_20260111_23,12f4cb9e2e654b22a3588e4374ed56b1,2026-04-01,SZ002422,-0.06536295628569992,,,
EXP_DEnsembleModel_Alpha158_csi300_sliding_step40_s_20260111_23,12f4cb9e2e654b22a3588e4374ed56b1,2026-04-01,SZ002459,0.02999795919889369,,,
EXP_DEnsembleModel_Alpha158_csi300_sliding_step40_s_20260111_23,12f4cb9e2e654b22a3588e4374ed56b1,2026-04-01,SZ002460,0.09537472136393395,,,
EXP_DEnsembleModel_Alpha158_csi300_sliding_step40_s_20260111_23,12f4cb9e2e654b22a3588e4374ed56b1,2026-04-01,SZ002463,-0.036043635380140146,,,
EXP_DEnsembleModel_Alpha158_csi300_sliding_step40_s_20260111_23,12f4cb9e2e654b22a3588e4374ed56b1,2026-04-01,SZ002466,0.07748123038475592,,,
EXP_DEnsembleModel_Alpha158_csi300_sliding_step40_s_20260111_23,12f4cb9e2e654b22a3588e4374ed56b1,2026-04-01,SZ002475,0.031039027537389904,,,
EXP_DEnsembleModel_Alpha158_csi300_sliding_step40_s_20260111_23,12f4cb9e2e654b22a3588e4374ed56b1,2026-04-01,SZ002415,0.034571816568064864,,,
EXP_DEnsembleModel_Alpha158_csi300_sliding_step40_s_20260111_23,12f4cb9e2e654b22a3588e4374ed56b1,2026-04-01,SZ002493,0.004746144514592957,,,
EXP_DEnsembleModel_Alpha158_csi300_sliding_step40_s_20260111_23,12f4cb9e2e654b22a3588e4374ed56b1,2026-04-01,SZ002600,0.11861410628875778,,,
EXP_DEnsembleModel_Alpha158_csi300_sliding_step40_s_20260111_23,12f4cb9e2e654b22a3588e4374ed56b1,2026-04-01,SZ002601,-0.04219247069363283,,,
EXP_DEnsembleModel_Alpha158_csi300_sliding_step40_s_20260111_23,12f4cb9e2e654b22a3588e4374ed56b1,2026-04-01,SZ002625,-0.036294299156526454,,,
EXP_DEnsembleModel_Alpha158_csi300_sliding_step40_s_20260111_23,12f4cb9e2e654b22a3588e4374ed56b1,2026-04-01,SZ002648,-0.014847698660674561,,,
EXP_DEnsembleModel_Alpha158_csi300_sliding_step40_s_20260111_23,12f4cb9e2e654b22a3588e4374ed56b1,2026-04-01,SZ002709,0.03841361192025293,,,
EXP_DEnsembleModel_Alpha158_csi300_sliding_step40_s_20260111_23,12f4cb9e2e654b22a3588e4374ed56b1,2026-04-01,SZ002714,-0.05100374710275129,,,
EXP_DEnsembleModel_Alpha158_csi300_sliding_step40_s_20260111_23,12f4cb9e2e654b22a3588e4374ed56b1,2026-04-01,SZ002594,0.1308559338514611,,,
EXP_DEnsembleModel_Alpha158_csi300_sliding_step40_s_20260111_23,12f4cb9e2e654b22a3588e4374ed56b1,2026-04-01,SZ002384,-0.10558232091095683,,,
EXP_DEnsembleModel_Alpha158_csi300_sliding_step40_s_20260111_23,12f4cb9e2e654b22a3588e4374ed56b1,2026-04-01,SZ002371,0.1922275549711757,,,
EXP_DEnsembleModel_Alpha158_csi300_sliding_step40_s_20260111_23,12f4cb9e2e654b22a3588e4374ed56b1,2026-04-01,SZ002352,0.09481154482903272,,,
EXP_DEnsembleModel_Alpha158_csi300_sliding_step40_s_20260111_23,12f4cb9e2e654b22a3588e4374ed56b1,2026-04-01,SZ001979,0.03335499812175247,,,
EXP_DEnsembleModel_Alpha158_csi300_sliding_step40_s_20260111_23,12f4cb9e2e654b22a3588e4374ed56b1,2026-04-01,SZ002001,-0.04482979848153279,,,
EXP_DEnsembleModel_Alpha158_csi300_sliding_step40_s_20260111_23,12f4cb9e2e654b22a3588e4374ed56b1,2026-04-01,SZ002027,-0.010799761557828318,,,
EXP_DEnsembleModel_Alpha158_csi300_sliding_step40_s_20260111_23,12f4cb9e2e654b22a3588e4374ed56b1,2026-04-01,SZ002028,0.06848712410524069,,,
EXP_DEnsembleModel_Alpha158_csi300_sliding_step40_s_20260111_23,12f4cb9e2e654b22a3588e4374ed56b1,2026-04-01,SZ002049,-0.002998651640157067,,,
EXP_DEnsembleModel_Alpha158_csi300_sliding_step40_s_20260111_23,12f4cb9e2e654b22a3588e4374ed56b1,2026-04-01,SZ002050,-0.030855460096899618,,,
EXP_DEnsembleModel_Alpha158_csi300_sliding_step40_s_20260111_23,12f4cb9e2e654b22a3588e4374ed56b1,2026-04-01,SZ002074,-0.04021300368766298,,,
EXP_DEnsembleModel_Alpha158_csi300_sliding_step40_s_20260111_23,12f4cb9e2e654b22a3588e4374ed56b1,2026-04-01,SZ002142,0.05415078333754875,,,
EXP_DEnsembleModel_Alpha158_csi300_sliding_step40_s_20260111_23,12f4cb9e2e654b22a3588e4374ed56b1,2026-04-01,SZ002179,-0.10394269554541814,,,
EXP_DEnsembleModel_Alpha158_csi300_sliding_step40_s_20260111_23,12f4cb9e2e654b22a3588e4374ed56b1,2026-04-01,SZ002230,-0.034954866396976994,,,
EXP_DEnsembleModel_Alpha158_csi300_sliding_step40_s_20260111_23,12f4cb9e2e654b22a3588e4374ed56b1,2026-04-01,SZ002236,-0.07885539136642508,,,
EXP_DEnsembleModel_Alpha158_csi300_sliding_step40_s_20260111_23,12f4cb9e2e654b22a3588e4374ed56b1,2026-04-01,SZ002241,-0.0009469383695856413,,,
EXP_DEnsembleModel_Alpha158_csi300_sliding_step40_s_20260111_23,12f4cb9e2e654b22a3588e4374ed56b1,2026-04-01,SZ002252,-0.04935161015169412,,,
EXP_DEnsembleModel_Alpha158_csi300_sliding_step40_s_20260111_23,12f4cb9e2e654b22a3588e4374ed56b1,2026-04-01,SZ002304,0.006746045607417583,,,
EXP_DEnsembleModel_Alpha158_csi300_sliding_step40_s_20260111_23,12f4cb9e2e654b22a3588e4374ed56b1,2026-04-01,SZ002311,-0.03346017511768634,,,
EXP_DEnsembleModel_Alpha158_csi300_sliding_step40_s_20260111_23,12f4cb9e2e654b22a3588e4374ed56b1,2026-04-01,SZ002736,-0.14231577652712188,,,
EXP_DEnsembleModel_Alpha158_csi300_sliding_step40_s_20260111_23,12f4cb9e2e654b22a3588e4374ed56b1,2026-04-01,SZ002916,0.03355123999448942,,,
EXP_DEnsembleModel_Alpha158_csi300_sliding_step40_s_20260111_23,12f4cb9e2e654b22a3588e4374ed56b1,2026-04-01,SZ002920,0.07417707725329035,,,
EXP_DEnsembleModel_Alpha158_csi300_sliding_step40_s_20260111_23,12f4cb9e2e654b22a3588e4374ed56b1,2026-04-01,SZ002938,0.05957349184985158,,,
EXP_DEnsembleModel_Alpha158_csi300_sliding_step40_s_20260111_23,12f4cb9e2e654b22a3588e4374ed56b1,2026-04-01,SZ300498,0.019452373829253,,,
EXP_DEnsembleModel_Alpha158_csi300_sliding_step40_s_20260111_23,12f4cb9e2e654b22a3588e4374ed56b1,2026-04-01,SZ300502,-0.04724953331338928,,,
EXP_DEnsembleModel_Alpha158_csi300_sliding_step40_s_20260111_23,12f4cb9e2e654b22a3588e4374ed56b1,2026-04-01,SZ300628,-0.05248607220687258,,,
EXP_DEnsembleModel_Alpha158_csi300_sliding_step40_s_20260111_23,12f4cb9e2e654b22a3588e4374ed56b1,2026-04-01,SZ300661,0.13494483866337548,,,
EXP_DEnsembleModel_Alpha158_csi300_sliding_step40_s_20260111_23,12f4cb9e2e654b22a3588e4374ed56b1,2026-04-01,SZ300750,0.04614642688522307,,,
EXP_DEnsembleModel_Alpha158_csi300_sliding_step40_s_20260111_23,12f4cb9e2e654b22a3588e4374ed56b1,2026-04-01,SZ300759,-0.237180484710877,,,
EXP_DEnsembleModel_Alpha158_csi300_sliding_step40_s_20260111_23,12f4cb9e2e654b22a3588e4374ed56b1,2026-04-01,SZ300760,0.09275520389626507,,,
EXP_DEnsembleModel_Alpha158_csi300_sliding_step40_s_20260111_23,12f4cb9e2e654b22a3588e4374ed56b1,2026-04-01,SZ300782,-0.04679865940777,,,
EXP_DEnsembleModel_Alpha158_csi300_sliding_step40_s_20260111_23,12f4cb9e2e654b22a3588e4374ed56b1,2026-04-01,SZ300803,0.11445501147114105,,,
EXP_DEnsembleModel_Alpha158_csi300_sliding_step40_s_20260111_23,12f4cb9e2e654b22a3588e4374ed56b1,2026-04-01,SZ300832,-0.008087156583435482,,,
EXP_DEnsembleModel_Alpha158_csi300_sliding_step40_s_20260111_23,12f4cb9e2e654b22a3588e4374ed56b1,2026-04-01,SZ300866,-0.03013584206631017,,,
EXP_DEnsembleModel_Alpha158_csi300_sliding_step40_s_20260111_23,12f4cb9e2e654b22a3588e4374ed56b1,2026-04-01,SZ300896,-0.06074364172304716,,,
EXP_DEnsembleModel_Alpha158_csi300_sliding_step40_s_20260111_23,12f4cb9e2e654b22a3588e4374ed56b1,2026-04-01,SZ300979,-0.02030340134924372,,,
EXP_DEnsembleModel_Alpha158_csi300_sliding_step40_s_20260111_23,12f4cb9e2e654b22a3588e4374ed56b1,2026-04-01,SZ300999,-0.09757757631666178,,,
EXP_DEnsembleModel_Alpha158_csi300_sliding_step40_s_20260111_23,12f4cb9e2e654b22a3588e4374ed56b1,2026-04-01,SZ301236,-0.009040753987552785,,,
EXP_DEnsembleModel_Alpha158_csi300_sliding_step40_s_20260111_23,12f4cb9e2e654b22a3588e4374ed56b1,2026-04-01,SZ300476,-0.01294275150536944,,,
EXP_DEnsembleModel_Alpha158_csi300_sliding_step40_s_20260111_23,12f4cb9e2e654b22a3588e4374ed56b1,2026-04-01,SZ001965,0.09265922264773485,,,
EXP_DEnsembleModel_Alpha158_csi300_sliding_step40_s_20260111_23,12f4cb9e2e654b22a3588e4374ed56b1,2026-04-01,SZ300442,-0.03878000194168393,,,
EXP_DEnsembleModel_Alpha158_csi300_sliding_step40_s_20260111_23,12f4cb9e2e654b22a3588e4374ed56b1,2026-04-01,SZ300418,-0.04138102133609042,,,
EXP_DEnsembleModel_Alpha158_csi300_sliding_step40_s_20260111_23,12f4cb9e2e654b22a3588e4374ed56b1,2026-04-01,SZ003816,0.15648718097001643,,,
EXP_DEnsembleModel_Alpha158_csi300_sliding_step40_s_20260111_23,12f4cb9e2e654b22a3588e4374ed56b1,2026-04-01,SZ300014,0.048872182592164484,,,
EXP_DEnsembleModel_Alpha158_csi300_sliding_step40_s_20260111_23,12f4cb9e2e654b22a3588e4374ed56b1,2026-04-01,SZ300015,0.00974773778122426,,,
EXP_DEnsembleModel_Alpha158_csi300_sliding_step40_s_20260111_23,12f4cb9e2e654b22a3588e4374ed56b1,2026-04-01,SZ300033,0.0009048277105529898,,,
EXP_DEnsembleModel_Alpha158_csi300_sliding_step40_s_20260111_23,12f4cb9e2e654b22a3588e4374ed56b1,2026-04-01,SZ300059,-0.047348743853726095,,,
EXP_DEnsembleModel_Alpha158_csi300_sliding_step40_s_20260111_23,12f4cb9e2e654b22a3588e4374ed56b1,2026-04-01,SZ300122,-0.09938840938643548,,,
EXP_DEnsembleModel_Alpha158_csi300_sliding_step40_s_20260111_23,12f4cb9e2e654b22a3588e4374ed56b1,2026-04-01,SZ300124,-0.057331218134739376,,,
EXP_DEnsembleModel_Alpha158_csi300_sliding_step40_s_20260111_23,12f4cb9e2e654b22a3588e4374ed56b1,2026-04-01,SZ300251,0.0784141199831804,,,
EXP_DEnsembleModel_Alpha158_csi300_sliding_step40_s_20260111_23,12f4cb9e2e654b22a3588e4374ed56b1,2026-04-01,SZ300274,0.04551367187070623,,,
EXP_DEnsembleModel_Alpha158_csi300_sliding_step40_s_20260111_23,12f4cb9e2e654b22a3588e4374ed56b1,2026-04-01,SZ300308,0.10330831416423512,,,
EXP_DEnsembleModel_Alpha158_csi300_sliding_step40_s_20260111_23,12f4cb9e2e654b22a3588e4374ed56b1,2026-04-01,SZ300316,0.09195217261338988,,,
EXP_DEnsembleModel_Alpha158_csi300_sliding_step40_s_20260111_23,12f4cb9e2e654b22a3588e4374ed56b1,2026-04-01,SZ300347,-0.266199521522048,,,
EXP_DEnsembleModel_Alpha158_csi300_sliding_step40_s_20260111_23,12f4cb9e2e654b22a3588e4374ed56b1,2026-04-01,SZ300394,0.035617981985044005,,,
EXP_DEnsembleModel_Alpha158_csi300_sliding_step40_s_20260111_23,12f4cb9e2e654b22a3588e4374ed56b1,2026-04-01,SZ300408,0.07469277702089268,,,
EXP_DEnsembleModel_Alpha158_csi300_sliding_step40_s_20260111_23,12f4cb9e2e654b22a3588e4374ed56b1,2026-04-01,SZ300413,-0.14750840733304307,,,
EXP_DEnsembleModel_Alpha158_csi300_sliding_step40_s_20260111_23,12f4cb9e2e654b22a3588e4374ed56b1,2026-04-01,SZ300433,0.09336992585489885,,,
EXP_DEnsembleModel_Alpha158_csi300_sliding_step40_s_20260111_23,12f4cb9e2e654b22a3588e4374ed56b1,2026-04-01,SH601919,-0.056528714070356735,,,
EXP_DEnsembleModel_Alpha158_csi300_sliding_step40_s_20260111_23,12f4cb9e2e654b22a3588e4374ed56b1,2026-04-01,SZ001391,-0.09020541620325512,,,
EXP_DEnsembleModel_Alpha158_csi300_sliding_step40_s_20260111_23,12f4cb9e2e654b22a3588e4374ed56b1,2026-04-01,SZ000983,-0.0738935435806141,,,
EXP_DEnsembleModel_Alpha158_csi300_sliding_step40_s_20260111_23,12f4cb9e2e654b22a3588e4374ed56b1,2026-04-01,SH688008,0.008452544695994275,,,
EXP_DEnsembleModel_Alpha158_csi300_sliding_step40_s_20260111_23,12f4cb9e2e654b22a3588e4374ed56b1,2026-04-01,SH688009,0.04376152996531096,,,
EXP_DEnsembleModel_Alpha158_csi300_sliding_step40_s_20260111_23,12f4cb9e2e654b22a3588e4374ed56b1,2026-04-01,SH688012,0.13219173968597905,,,
EXP_DEnsembleModel_Alpha158_csi300_sliding_step40_s_20260111_23,12f4cb9e2e654b22a3588e4374ed56b1,2026-04-01,SH688036,0.13635380830146754,,,
EXP_DEnsembleModel_Alpha158_csi300_sliding_step40_s_20260111_23,12f4cb9e2e654b22a3588e4374ed56b1,2026-04-01,SH688041,-0.012582626867776253,,,
EXP_DEnsembleModel_Alpha158_csi300_sliding_step40_s_20260111_23,12f4cb9e2e654b22a3588e4374ed56b1,2026-04-01,SH688047,-0.07867914379921441,,,
EXP_DEnsembleModel_Alpha158_csi300_sliding_step40_s_20260111_23,12f4cb9e2e654b22a3588e4374ed56b1,2026-04-01,SH605499,-0.10157847456779587,,,
EXP_DEnsembleModel_Alpha158_csi300_sliding_step40_s_20260111_23,12f4cb9e2e654b22a3588e4374ed56b1,2026-04-01,SH688082,0.005784701338852191,,,
EXP_DEnsembleModel_Alpha158_csi300_sliding_step40_s_20260111_23,12f4cb9e2e654b22a3588e4374ed56b1,2026-04-01,SH688126,-0.048120763493269825,,,
EXP_DEnsembleModel_Alpha158_csi300_sliding_step40_s_20260111_23,12f4cb9e2e654b22a3588e4374ed56b1,2026-04-01,SH688169,0.03633842970005443,,,
EXP_DEnsembleModel_Alpha158_csi300_sliding_step40_s_20260111_23,12f4cb9e2e654b22a3588e4374ed56b1,2026-04-01,SH688187,0.05570806086462135,,,
EXP_DEnsembleModel_Alpha158_csi300_sliding_step40_s_20260111_23,12f4cb9e2e654b22a3588e4374ed56b1,2026-04-01,SH688223,-0.005153066007239688,,,
EXP_DEnsembleModel_Alpha158_csi300_sliding_step40_s_20260111_23,12f4cb9e2e654b22a3588e4374ed56b1,2026-04-01,SH688256,0.017205198649620786,,,
EXP_DEnsembleModel_Alpha158_csi300_sliding_step40_s_20260111_23,12f4cb9e2e654b22a3588e4374ed56b1,2026-04-01,SH688271,-0.005202955113315736,,,
EXP_DEnsembleModel_Alpha158_csi300_sliding_step40_s_20260111_23,12f4cb9e2e654b22a3588e4374ed56b1,2026-04-01,SH688111,-0.0008762758154066569,,,
EXP_DEnsembleModel_Alpha158_csi300_sliding_step40_s_20260111_23,12f4cb9e2e654b22a3588e4374ed56b1,2026-04-01,SH605117,0.0959845834521723,,,
EXP_DEnsembleModel_Alpha158_csi300_sliding_step40_s_20260111_23,12f4cb9e2e654b22a3588e4374ed56b1,2026-04-01,SH603993,-0.016511045193431707,,,
EXP_DEnsembleModel_Alpha158_csi300_sliding_step40_s_20260111_23,12f4cb9e2e654b22a3588e4374ed56b1,2026-04-01,SH603986,-0.011611300067444645,,,
EXP_DEnsembleModel_Alpha158_csi300_sliding_step40_s_20260111_23,12f4cb9e2e654b22a3588e4374ed56b1,2026-04-01,SH601985,0.06365959675484541,,,
EXP_DEnsembleModel_Alpha158_csi300_sliding_step40_s_20260111_23,12f4cb9e2e654b22a3588e4374ed56b1,2026-04-01,SH601988,0.1273473406472217,,,
EXP_DEnsembleModel_Alpha158_csi300_sliding_step40_s_20260111_23,12f4cb9e2e654b22a3588e4374ed56b1,2026-04-01,SH601995,-0.07918303713213486,,,
EXP_DEnsembleModel_Alpha158_csi300_sliding_step40_s_20260111_23,12f4cb9e2e654b22a3588e4374ed56b1,2026-04-01,SH601998,0.16545676879747004,,,
EXP_DEnsembleModel_Alpha158_csi300_sliding_step40_s_20260111_23,12f4cb9e2e654b22a3588e4374ed56b1,2026-04-01,SH603019,-0.04562459153786146,,,
EXP_DEnsembleModel_Alpha158_csi300_sliding_step40_s_20260111_23,12f4cb9e2e654b22a3588e4374ed56b1,2026-04-01,SH603195,0.03467993885741912,,,
EXP_DEnsembleModel_Alpha158_csi300_sliding_step40_s_20260111_23,12f4cb9e2e654b22a3588e4374ed56b1,2026-04-01,SH603259,-0.13063111687296294,,,
EXP_DEnsembleModel_Alpha158_csi300_sliding_step40_s_20260111_23,12f4cb9e2e654b22a3588e4374ed56b1,2026-04-01,SH603260,-0.033793631397933344,,,
EXP_DEnsembleModel_Alpha158_csi300_sliding_step40_s_20260111_23,12f4cb9e2e654b22a3588e4374ed56b1,2026-04-01,SH603288,-0.04435767856022877,,,
EXP_DEnsembleModel_Alpha158_csi300_sliding_step40_s_20260111_23,12f4cb9e2e654b22a3588e4374ed56b1,2026-04-01,SH603296,0.17339416244886122,,,
EXP_DEnsembleModel_Alpha158_csi300_sliding_step40_s_20260111_23,12f4cb9e2e654b22a3588e4374ed56b1,2026-04-01,SH603369,-0.08634365648855491,,,
EXP_DEnsembleModel_Alpha158_csi300_sliding_step40_s_20260111_23,12f4cb9e2e654b22a3588e4374ed56b1,2026-04-01,SH603392,0.04460199794439928,,,
EXP_DEnsembleModel_Alpha158_csi300_sliding_step40_s_20260111_23,12f4cb9e2e654b22a3588e4374ed56b1,2026-04-01,SH603501,-0.03033638218226807,,,
EXP_DEnsembleModel_Alpha158_csi300_sliding_step40_s_20260111_23,12f4cb9e2e654b22a3588e4374ed56b1,2026-04-01,SH603799,-0.1446238608122403,,,
EXP_DEnsembleModel_Alpha158_csi300_sliding_step40_s_20260111_23,12f4cb9e2e654b22a3588e4374ed56b1,2026-04-01,SH603893,0.045609714894439435,,,
EXP_DEnsembleModel_Alpha158_csi300_sliding_step40_s_20260111_23,12f4cb9e2e654b22a3588e4374ed56b1,2026-04-01,SH688303,-0.11045372787178116,,,
EXP_DEnsembleModel_Alpha158_csi300_sliding_step40_s_20260111_23,12f4cb9e2e654b22a3588e4374ed56b1,2026-04-01,SH688396,-0.011934299761728986,,,
EXP_DEnsembleModel_Alpha158_csi300_sliding_step40_s_20260111_23,12f4cb9e2e654b22a3588e4374ed56b1,2026-04-01,SH688472,0.01187239007649395,,,
EXP_DEnsembleModel_Alpha158_csi300_sliding_step40_s_20260111_23,12f4cb9e2e654b22a3588e4374ed56b1,2026-04-01,SH688506,-0.1662265238070184,,,
EXP_DEnsembleModel_Alpha158_csi300_sliding_step40_s_20260111_23,12f4cb9e2e654b22a3588e4374ed56b1,2026-04-01,SZ000661,-0.012851776429493623,,,
EXP_DEnsembleModel_Alpha158_csi300_sliding_step40_s_20260111_23,12f4cb9e2e654b22a3588e4374ed56b1,2026-04-01,SZ000708,0.0723266003719046,,,
EXP_DEnsembleModel_Alpha158_csi300_sliding_step40_s_20260111_23,12f4cb9e2e654b22a3588e4374ed56b1,2026-04-01,SZ000725,0.02493237871187303,,,
EXP_DEnsembleModel_Alpha158_csi300_sliding_step40_s_20260111_23,12f4cb9e2e654b22a3588e4374ed56b1,2026-04-01,SZ000768,0.035692629291932135,,,
EXP_DEnsembleModel_Alpha158_csi300_sliding_step40_s_20260111_23,12f4cb9e2e654b22a3588e4374ed56b1,2026-04-01,SZ000776,-0.06692674468766546,,,
EXP_DEnsembleModel_Alpha158_csi300_sliding_step40_s_20260111_23,12f4cb9e2e654b22a3588e4374ed56b1,2026-04-01,SZ000786,-0.0008527614952849439,,,
EXP_DEnsembleModel_Alpha158_csi300_sliding_step40_s_20260111_23,12f4cb9e2e654b22a3588e4374ed56b1,2026-04-01,SZ000792,0.12181404115281816,,,
EXP_DEnsembleModel_Alpha158_csi300_sliding_step40_s_20260111_23,12f4cb9e2e654b22a3588e4374ed56b1,2026-04-01,SZ000807,-0.06621673233577133,,,
EXP_DEnsembleModel_Alpha158_csi300_sliding_step40_s_20260111_23,12f4cb9e2e654b22a3588e4374ed56b1,2026-04-01,SZ000858,0.08460100432219153,,,
EXP_DEnsembleModel_Alpha158_csi300_sliding_step40_s_20260111_23,12f4cb9e2e654b22a3588e4374ed56b1,2026-04-01,SZ000876,-0.08642834187578281,,,
EXP_DEnsembleModel_Alpha158_csi300_sliding_step40_s_20260111_23,12f4cb9e2e654b22a3588e4374ed56b1,2026-04-01,SZ000895,0.12664645987474232,,,
EXP_DEnsembleModel_Alpha158_csi300_sliding_step40_s_20260111_23,12f4cb9e2e654b22a3588e4374ed56b1,2026-04-01,SZ000938,0.0904109500643212,,,
EXP_DEnsembleModel_Alpha158_csi300_sliding_step40_s_20260111_23,12f4cb9e2e654b22a3588e4374ed56b1,2026-04-01,SZ000963,-0.001157726581525457,,,
EXP_DEnsembleModel_Alpha158_csi300_sliding_step40_s_20260111_23,12f4cb9e2e654b22a3588e4374ed56b1,2026-04-01,SZ000975,0.00097747829809027,,,
EXP_DEnsembleModel_Alpha158_csi300_sliding_step40_s_20260111_23,12f4cb9e2e654b22a3588e4374ed56b1,2026-04-01,SZ000977,0.1572558456749818,,,
EXP_DEnsembleModel_Alpha158_csi300_sliding_step40_s_20260111_23,12f4cb9e2e654b22a3588e4374ed56b1,2026-04-01,SZ000651,0.007583510490721171,,,
EXP_DEnsembleModel_Alpha158_csi300_sliding_step40_s_20260111_23,12f4cb9e2e654b22a3588e4374ed56b1,2026-04-01,SZ000999,-0.00633420535606469,,,
EXP_DEnsembleModel_Alpha158_csi300_sliding_step40_s_20260111_23,12f4cb9e2e654b22a3588e4374ed56b1,2026-04-01,SZ000630,-0.09731577839823742,,,
EXP_DEnsembleModel_Alpha158_csi300_sliding_step40_s_20260111_23,12f4cb9e2e654b22a3588e4374ed56b1,2026-04-01,SZ000617,0.019064216287232934,,,
EXP_DEnsembleModel_Alpha158_csi300_sliding_step40_s_20260111_23,12f4cb9e2e654b22a3588e4374ed56b1,2026-04-01,SH688981,-0.09835431611593316,,,
EXP_DEnsembleModel_Alpha158_csi300_sliding_step40_s_20260111_23,12f4cb9e2e654b22a3588e4374ed56b1,2026-04-01,SZ000001,0.044652173070908574,,,
EXP_DEnsembleModel_Alpha158_csi300_sliding_step40_s_20260111_23,12f4cb9e2e654b22a3588e4374ed56b1,2026-04-01,SZ000002,-0.06551394038817906,,,
EXP_DEnsembleModel_Alpha158_csi300_sliding_step40_s_20260111_23,12f4cb9e2e654b22a3588e4374ed56b1,2026-04-01,SZ000063,-0.019985248268444788,,,
EXP_DEnsembleModel_Alpha158_csi300_sliding_step40_s_20260111_23,12f4cb9e2e654b22a3588e4374ed56b1,2026-04-01,SZ000100,-0.09971723135568464,,,
EXP_DEnsembleModel_Alpha158_csi300_sliding_step40_s_20260111_23,12f4cb9e2e654b22a3588e4374ed56b1,2026-04-01,SZ000157,-0.04220317414126191,,,
EXP_DEnsembleModel_Alpha158_csi300_sliding_step40_s_20260111_23,12f4cb9e2e654b22a3588e4374ed56b1,2026-04-01,SZ000166,-0.03358191703263622,,,
EXP_DEnsembleModel_Alpha158_csi300_sliding_step40_s_20260111_23,12f4cb9e2e654b22a3588e4374ed56b1,2026-04-01,SZ000301,-0.18188087201162706,,,
EXP_DEnsembleModel_Alpha158_csi300_sliding_step40_s_20260111_23,12f4cb9e2e654b22a3588e4374ed56b1,2026-04-01,SZ000333,0.052474642902966134,,,
EXP_DEnsembleModel_Alpha158_csi300_sliding_step40_s_20260111_23,12f4cb9e2e654b22a3588e4374ed56b1,2026-04-01,SZ000338,-0.011472485260069918,,,
EXP_DEnsembleModel_Alpha158_csi300_sliding_step40_s_20260111_23,12f4cb9e2e654b22a3588e4374ed56b1,2026-04-01,SZ000408,-0.04097793792840274,,,
EXP_DEnsembleModel_Alpha158_csi300_sliding_step40_s_20260111_23,12f4cb9e2e654b22a3588e4374ed56b1,2026-04-01,SZ000425,0.08065610922484533,,,
EXP_DEnsembleModel_Alpha158_csi300_sliding_step40_s_20260111_23,12f4cb9e2e654b22a3588e4374ed56b1,2026-04-01,SZ000538,0.036062560022238066,,,
EXP_DEnsembleModel_Alpha158_csi300_sliding_step40_s_20260111_23,12f4cb9e2e654b22a3588e4374ed56b1,2026-04-01,SZ000568,0.043189255138662674,,,
EXP_DEnsembleModel_Alpha158_csi300_sliding_step40_s_20260111_23,12f4cb9e2e654b22a3588e4374ed56b1,2026-04-01,SZ000596,-0.022498251837330906,,,
EXP_DEnsembleModel_Alpha158_csi300_sliding_step40_s_20260111_23,12f4cb9e2e654b22a3588e4374ed56b1,2026-04-01,SZ000625,-0.025996604001434036,,,
EXP_DEnsembleModel_Alpha158_csi300_sliding_step40_s_20260111_23,12f4cb9e2e654b22a3588e4374ed56b1,2026-04-01,SH600000,0.026440926508031638,,,
EXP_DEnsembleModel_Alpha158_csi300_expanding_step40_s_20260112_22,5dfe27da14f64e55b157c5d6f03705b8,2026-04-01,SZ302132,-0.006429508886704956,,,
EXP_DEnsembleModel_Alpha158_csi300_expanding_step40_s_20260112_22,5dfe27da14f64e55b157c5d6f03705b8,2026-04-01,SZ301269,-0.010219071162548962,,,
EXP_DEnsembleModel_Alpha158_csi300_expanding_step40_s_20260112_22,5dfe27da14f64e55b157c5d6f03705b8,2026-04-01,SH601117,0.01719851882574108,,,
EXP_DEnsembleModel_Alpha158_csi300_expanding_step40_s_20260112_22,5dfe27da14f64e55b157c5d6f03705b8,2026-04-01,SH601127,-0.017927702631474442,,,
EXP_DEnsembleModel_Alpha158_csi300_expanding_step40_s_20260112_22,5dfe27da14f64e55b157c5d6f03705b8,2026-04-01,SH601136,0.02293432572138114,,,
EXP_DEnsembleModel_Alpha158_csi300_expanding_step40_s_20260112_22,5dfe27da14f64e55b157c5d6f03705b8,2026-04-01,SH601138,0.002909600138741831,,,
EXP_DEnsembleModel_Alpha158_csi300_expanding_step40_s_20260112_22,5dfe27da14f64e55b157c5d6f03705b8,2026-04-01,SH601166,0.06907486307454537,,,
EXP_DEnsembleModel_Alpha158_csi300_expanding_step40_s_20260112_22,5dfe27da14f64e55b157c5d6f03705b8,2026-04-01,SH601169,0.10802774320824896,,,
EXP_DEnsembleModel_Alpha158_csi300_expanding_step40_s_20260112_22,5dfe27da14f64e55b157c5d6f03705b8,2026-04-01,SH601111,-0.031948749678333034,,,
EXP_DEnsembleModel_Alpha158_csi300_expanding_step40_s_20260112_22,5dfe27da14f64e55b157c5d6f03705b8,2026-04-01,SH601186,0.0026628836721212033,,,
EXP_DEnsembleModel_Alpha158_csi300_expanding_step40_s_20260112_22,5dfe27da14f64e55b157c5d6f03705b8,2026-04-01,SH601225,0.12431795929482424,,,
EXP_DEnsembleModel_Alpha158_csi300_expanding_step40_s_20260112_22,5dfe27da14f64e55b157c5d6f03705b8,2026-04-01,SH601229,0.13812053613002698,,,
EXP_DEnsembleModel_Alpha158_csi300_expanding_step40_s_20260112_22,5dfe27da14f64e55b157c5d6f03705b8,2026-04-01,SH601236,-0.06463290871255761,,,
EXP_DEnsembleModel_Alpha158_csi300_expanding_step40_s_20260112_22,5dfe27da14f64e55b157c5d6f03705b8,2026-04-01,SH601238,0.02811108660703829,,,
EXP_DEnsembleModel_Alpha158_csi300_expanding_step40_s_20260112_22,5dfe27da14f64e55b157c5d6f03705b8,2026-04-01,SH601288,0.08435431976529388,,,
EXP_DEnsembleModel_Alpha158_csi300_expanding_step40_s_20260112_22,5dfe27da14f64e55b157c5d6f03705b8,2026-04-01,SH601298,0.0860124630538773,,,
EXP_DEnsembleModel_Alpha158_csi300_expanding_step40_s_20260112_22,5dfe27da14f64e55b157c5d6f03705b8,2026-04-01,SH601211,-0.034646451541080474,,,
EXP_DEnsembleModel_Alpha158_csi300_expanding_step40_s_20260112_22,5dfe27da14f64e55b157c5d6f03705b8,2026-04-01,SH601100,0.1252163105375642,,,
EXP_DEnsembleModel_Alpha158_csi300_expanding_step40_s_20260112_22,5dfe27da14f64e55b157c5d6f03705b8,2026-04-01,SH601088,0.04474573046593237,,,
EXP_DEnsembleModel_Alpha158_csi300_expanding_step40_s_20260112_22,5dfe27da14f64e55b157c5d6f03705b8,2026-04-01,SH601077,0.15126520965842555,,,
EXP_DEnsembleModel_Alpha158_csi300_expanding_step40_s_20260112_22,5dfe27da14f64e55b157c5d6f03705b8,2026-04-01,SH600926,0.12858257021243857,,,
EXP_DEnsembleModel_Alpha158_csi300_expanding_step40_s_20260112_22,5dfe27da14f64e55b157c5d6f03705b8,2026-04-01,SH600930,-0.0732293081180947,,,
EXP_DEnsembleModel_Alpha158_csi300_expanding_step40_s_20260112_22,5dfe27da14f64e55b157c5d6f03705b8,2026-04-01,SH600938,0.11279915281371355,,,
EXP_DEnsembleModel_Alpha158_csi300_expanding_step40_s_20260112_22,5dfe27da14f64e55b157c5d6f03705b8,2026-04-01,SH600941,-0.0005602487560769578,,,
EXP_DEnsembleModel_Alpha158_csi300_expanding_step40_s_20260112_22,5dfe27da14f64e55b157c5d6f03705b8,2026-04-01,SH600958,-0.06966895450367137,,,
EXP_DEnsembleModel_Alpha158_csi300_expanding_step40_s_20260112_22,5dfe27da14f64e55b157c5d6f03705b8,2026-04-01,SH600989,0.11147768267881197,,,
EXP_DEnsembleModel_Alpha158_csi300_expanding_step40_s_20260112_22,5dfe27da14f64e55b157c5d6f03705b8,2026-04-01,SH600999,-0.012848516095129646,,,
EXP_DEnsembleModel_Alpha158_csi300_expanding_step40_s_20260112_22,5dfe27da14f64e55b157c5d6f03705b8,2026-04-01,SH601006,0.05855979668280193,,,
EXP_DEnsembleModel_Alpha158_csi300_expanding_step40_s_20260112_22,5dfe27da14f64e55b157c5d6f03705b8,2026-04-01,SH601009,0.10617395751945437,,,
EXP_DEnsembleModel_Alpha158_csi300_expanding_step40_s_20260112_22,5dfe27da14f64e55b157c5d6f03705b8,2026-04-01,SH601012,-0.060748746423722,,,
EXP_DEnsembleModel_Alpha158_csi300_expanding_step40_s_20260112_22,5dfe27da14f64e55b157c5d6f03705b8,2026-04-01,SH601018,0.16801692330843324,,,
EXP_DEnsembleModel_Alpha158_csi300_expanding_step40_s_20260112_22,5dfe27da14f64e55b157c5d6f03705b8,2026-04-01,SH601021,-0.07253979118754095,,,
EXP_DEnsembleModel_Alpha158_csi300_expanding_step40_s_20260112_22,5dfe27da14f64e55b157c5d6f03705b8,2026-04-01,SH601058,-0.06082512805794819,,,
EXP_DEnsembleModel_Alpha158_csi300_expanding_step40_s_20260112_22,5dfe27da14f64e55b157c5d6f03705b8,2026-04-01,SH601059,-0.024594954019291244,,,
EXP_DEnsembleModel_Alpha158_csi300_expanding_step40_s_20260112_22,5dfe27da14f64e55b157c5d6f03705b8,2026-04-01,SH601066,0.034028455115266434,,,
EXP_DEnsembleModel_Alpha158_csi300_expanding_step40_s_20260112_22,5dfe27da14f64e55b157c5d6f03705b8,2026-04-01,SH601318,0.06821171078005193,,,
EXP_DEnsembleModel_Alpha158_csi300_expanding_step40_s_20260112_22,5dfe27da14f64e55b157c5d6f03705b8,2026-04-01,SH601319,0.028148523955033363,,,
EXP_DEnsembleModel_Alpha158_csi300_expanding_step40_s_20260112_22,5dfe27da14f64e55b157c5d6f03705b8,2026-04-01,SH601328,0.0633873863651884,,,
EXP_DEnsembleModel_Alpha158_csi300_expanding_step40_s_20260112_22,5dfe27da14f64e55b157c5d6f03705b8,2026-04-01,SH601336,0.04999056805990016,,,
EXP_DEnsembleModel_Alpha158_csi300_expanding_step40_s_20260112_22,5dfe27da14f64e55b157c5d6f03705b8,2026-04-01,SH601788,-0.06387867464935436,,,
EXP_DEnsembleModel_Alpha158_csi300_expanding_step40_s_20260112_22,5dfe27da14f64e55b157c5d6f03705b8,2026-04-01,SH601800,-0.057360957435739164,,,
EXP_DEnsembleModel_Alpha158_csi300_expanding_step40_s_20260112_22,5dfe27da14f64e55b157c5d6f03705b8,2026-04-01,SH601808,-0.023704387376298285,,,
EXP_DEnsembleModel_Alpha158_csi300_expanding_step40_s_20260112_22,5dfe27da14f64e55b157c5d6f03705b8,2026-04-01,SH601816,0.03330870665223738,,,
EXP_DEnsembleModel_Alpha158_csi300_expanding_step40_s_20260112_22,5dfe27da14f64e55b157c5d6f03705b8,2026-04-01,SH601818,0.023298472508284828,,,
EXP_DEnsembleModel_Alpha158_csi300_expanding_step40_s_20260112_22,5dfe27da14f64e55b157c5d6f03705b8,2026-04-01,SH601825,0.03671636126830721,,,
EXP_DEnsembleModel_Alpha158_csi300_expanding_step40_s_20260112_22,5dfe27da14f64e55b157c5d6f03705b8,2026-04-01,SH601838,0.09692524298186349,,,
EXP_DEnsembleModel_Alpha158_csi300_expanding_step40_s_20260112_22,5dfe27da14f64e55b157c5d6f03705b8,2026-04-01,SH601857,-0.021950432059261695,,,
EXP_DEnsembleModel_Alpha158_csi300_expanding_step40_s_20260112_22,5dfe27da14f64e55b157c5d6f03705b8,2026-04-01,SH601868,0.04474084635035783,,,
EXP_DEnsembleModel_Alpha158_csi300_expanding_step40_s_20260112_22,5dfe27da14f64e55b157c5d6f03705b8,2026-04-01,SH601872,0.08306142195283124,,,
EXP_DEnsembleModel_Alpha158_csi300_expanding_step40_s_20260112_22,5dfe27da14f64e55b157c5d6f03705b8,2026-04-01,SH601877,-0.024415612016108496,,,
EXP_DEnsembleModel_Alpha158_csi300_expanding_step40_s_20260112_22,5dfe27da14f64e55b157c5d6f03705b8,2026-04-01,SH601878,-0.04734445910959872,,,
EXP_DEnsembleModel_Alpha158_csi300_expanding_step40_s_20260112_22,5dfe27da14f64e55b157c5d6f03705b8,2026-04-01,SH601881,0.025351417378989324,,,
EXP_DEnsembleModel_Alpha158_csi300_expanding_step40_s_20260112_22,5dfe27da14f64e55b157c5d6f03705b8,2026-04-01,SH601888,-0.04643413079064759,,,
EXP_DEnsembleModel_Alpha158_csi300_expanding_step40_s_20260112_22,5dfe27da14f64e55b157c5d6f03705b8,2026-04-01,SH601898,0.07819918650322967,,,
EXP_DEnsembleModel_Alpha158_csi300_expanding_step40_s_20260112_22,5dfe27da14f64e55b157c5d6f03705b8,2026-04-01,SH601766,0.09801866252745384,,,
EXP_DEnsembleModel_Alpha158_csi300_expanding_step40_s_20260112_22,5dfe27da14f64e55b157c5d6f03705b8,2026-04-01,SH600919,0.16229399311805873,,,
EXP_DEnsembleModel_Alpha158_csi300_expanding_step40_s_20260112_22,5dfe27da14f64e55b157c5d6f03705b8,2026-04-01,SH601728,-0.03204099796702748,,,
EXP_DEnsembleModel_Alpha158_csi300_expanding_step40_s_20260112_22,5dfe27da14f64e55b157c5d6f03705b8,2026-04-01,SH601689,0.008883204811635442,,,
EXP_DEnsembleModel_Alpha158_csi300_expanding_step40_s_20260112_22,5dfe27da14f64e55b157c5d6f03705b8,2026-04-01,SH601360,-0.00017557297285655004,,,
EXP_DEnsembleModel_Alpha158_csi300_expanding_step40_s_20260112_22,5dfe27da14f64e55b157c5d6f03705b8,2026-04-01,SH601377,-0.009599384780305632,,,
EXP_DEnsembleModel_Alpha158_csi300_expanding_step40_s_20260112_22,5dfe27da14f64e55b157c5d6f03705b8,2026-04-01,SH601390,0.02487724953170892,,,
EXP_DEnsembleModel_Alpha158_csi300_expanding_step40_s_20260112_22,5dfe27da14f64e55b157c5d6f03705b8,2026-04-01,SH601398,0.07411309693723114,,,
EXP_DEnsembleModel_Alpha158_csi300_expanding_step40_s_20260112_22,5dfe27da14f64e55b157c5d6f03705b8,2026-04-01,SH601456,-0.027506203898975023,,,
EXP_DEnsembleModel_Alpha158_csi300_expanding_step40_s_20260112_22,5dfe27da14f64e55b157c5d6f03705b8,2026-04-01,SH601600,-0.006921420899074449,,,
EXP_DEnsembleModel_Alpha158_csi300_expanding_step40_s_20260112_22,5dfe27da14f64e55b157c5d6f03705b8,2026-04-01,SH601601,0.03833343925289046,,,
EXP_DEnsembleModel_Alpha158_csi300_expanding_step40_s_20260112_22,5dfe27da14f64e55b157c5d6f03705b8,2026-04-01,SH601607,-0.013114660253960119,,,
EXP_DEnsembleModel_Alpha158_csi300_expanding_step40_s_20260112_22,5dfe27da14f64e55b157c5d6f03705b8,2026-04-01,SH601618,0.03062040853383449,,,
EXP_DEnsembleModel_Alpha158_csi300_expanding_step40_s_20260112_22,5dfe27da14f64e55b157c5d6f03705b8,2026-04-01,SH601628,-0.005809202364938581,,,
EXP_DEnsembleModel_Alpha158_csi300_expanding_step40_s_20260112_22,5dfe27da14f64e55b157c5d6f03705b8,2026-04-01,SH601633,0.062132024703581444,,,
EXP_DEnsembleModel_Alpha158_csi300_expanding_step40_s_20260112_22,5dfe27da14f64e55b157c5d6f03705b8,2026-04-01,SH601658,0.13701183868638128,,,
EXP_DEnsembleModel_Alpha158_csi300_expanding_step40_s_20260112_22,5dfe27da14f64e55b157c5d6f03705b8,2026-04-01,SH601668,0.03081877695560275,,,
EXP_DEnsembleModel_Alpha158_csi300_expanding_step40_s_20260112_22,5dfe27da14f64e55b157c5d6f03705b8,2026-04-01,SH601669,-0.06790884452354004,,,
EXP_DEnsembleModel_Alpha158_csi300_expanding_step40_s_20260112_22,5dfe27da14f64e55b157c5d6f03705b8,2026-04-01,SH601688,0.039151456621351756,,,
EXP_DEnsembleModel_Alpha158_csi300_expanding_step40_s_20260112_22,5dfe27da14f64e55b157c5d6f03705b8,2026-04-01,SH601698,0.07686505844040491,,,
EXP_DEnsembleModel_Alpha158_csi300_expanding_step40_s_20260112_22,5dfe27da14f64e55b157c5d6f03705b8,2026-04-01,SH601899,-0.07294921192987942,,,
EXP_DEnsembleModel_Alpha158_csi300_expanding_step40_s_20260112_22,5dfe27da14f64e55b157c5d6f03705b8,2026-04-01,SH600918,0.038728725446224986,,,
EXP_DEnsembleModel_Alpha158_csi300_expanding_step40_s_20260112_22,5dfe27da14f64e55b157c5d6f03705b8,2026-04-01,SH600900,0.04437030405399342,,,
EXP_DEnsembleModel_Alpha158_csi300_expanding_step40_s_20260112_22,5dfe27da14f64e55b157c5d6f03705b8,2026-04-01,SH600061,-0.06418899306582874,,,
EXP_DEnsembleModel_Alpha158_csi300_expanding_step40_s_20260112_22,5dfe27da14f64e55b157c5d6f03705b8,2026-04-01,SH600066,-0.18249705398208732,,,
EXP_DEnsembleModel_Alpha158_csi300_expanding_step40_s_20260112_22,5dfe27da14f64e55b157c5d6f03705b8,2026-04-01,SH600085,0.06449057421823762,,,
EXP_DEnsembleModel_Alpha158_csi300_expanding_step40_s_20260112_22,5dfe27da14f64e55b157c5d6f03705b8,2026-04-01,SH600089,0.01115917145125935,,,
EXP_DEnsembleModel_Alpha158_csi300_expanding_step40_s_20260112_22,5dfe27da14f64e55b157c5d6f03705b8,2026-04-01,SH600104,0.03667005392553267,,,
EXP_DEnsembleModel_Alpha158_csi300_expanding_step40_s_20260112_22,5dfe27da14f64e55b157c5d6f03705b8,2026-04-01,SH600111,-0.13842353181022501,,,
EXP_DEnsembleModel_Alpha158_csi300_expanding_step40_s_20260112_22,5dfe27da14f64e55b157c5d6f03705b8,2026-04-01,SH600050,0.03692606689026129,,,
EXP_DEnsembleModel_Alpha158_csi300_expanding_step40_s_20260112_22,5dfe27da14f64e55b157c5d6f03705b8,2026-04-01,SH600115,-0.0628556061628293,,,
EXP_DEnsembleModel_Alpha158_csi300_expanding_step40_s_20260112_22,5dfe27da14f64e55b157c5d6f03705b8,2026-04-01,SH600160,0.003316040109577005,,,
EXP_DEnsembleModel_Alpha158_csi300_expanding_step40_s_20260112_22,5dfe27da14f64e55b157c5d6f03705b8,2026-04-01,SH600161,-0.07177974877149274,,,
EXP_DEnsembleModel_Alpha158_csi300_expanding_step40_s_20260112_22,5dfe27da14f64e55b157c5d6f03705b8,2026-04-01,SH600176,0.0823411527318711,,,
EXP_DEnsembleModel_Alpha158_csi300_expanding_step40_s_20260112_22,5dfe27da14f64e55b157c5d6f03705b8,2026-04-01,SH600183,0.12466961292701102,,,
EXP_DEnsembleModel_Alpha158_csi300_expanding_step40_s_20260112_22,5dfe27da14f64e55b157c5d6f03705b8,2026-04-01,SH600188,0.14226419597151574,,,
EXP_DEnsembleModel_Alpha158_csi300_expanding_step40_s_20260112_22,5dfe27da14f64e55b157c5d6f03705b8,2026-04-01,SH600196,-0.050941489400350676,,,
EXP_DEnsembleModel_Alpha158_csi300_expanding_step40_s_20260112_22,5dfe27da14f64e55b157c5d6f03705b8,2026-04-01,SH600150,0.10412799446171704,,,
EXP_DEnsembleModel_Alpha158_csi300_expanding_step40_s_20260112_22,5dfe27da14f64e55b157c5d6f03705b8,2026-04-01,SH600048,-0.03092498400363957,,,
EXP_DEnsembleModel_Alpha158_csi300_expanding_step40_s_20260112_22,5dfe27da14f64e55b157c5d6f03705b8,2026-04-01,SH600039,0.0897525578860457,,,
EXP_DEnsembleModel_Alpha158_csi300_expanding_step40_s_20260112_22,5dfe27da14f64e55b157c5d6f03705b8,2026-04-01,SH600036,0.09495173879128349,,,
EXP_DEnsembleModel_Alpha158_csi300_expanding_step40_s_20260112_22,5dfe27da14f64e55b157c5d6f03705b8,2026-04-01,SH600009,-0.058548524801124456,,,
EXP_DEnsembleModel_Alpha158_csi300_expanding_step40_s_20260112_22,5dfe27da14f64e55b157c5d6f03705b8,2026-04-01,SH600010,-0.06510248393582878,,,
EXP_DEnsembleModel_Alpha158_csi300_expanding_step40_s_20260112_22,5dfe27da14f64e55b157c5d6f03705b8,2026-04-01,SH600011,-0.06496974453053228,,,
EXP_DEnsembleModel_Alpha158_csi300_expanding_step40_s_20260112_22,5dfe27da14f64e55b157c5d6f03705b8,2026-04-01,SH600015,0.12351716055279341,,,
EXP_DEnsembleModel_Alpha158_csi300_expanding_step40_s_20260112_22,5dfe27da14f64e55b157c5d6f03705b8,2026-04-01,SH600016,0.043722146744810945,,,
EXP_DEnsembleModel_Alpha158_csi300_expanding_step40_s_20260112_22,5dfe27da14f64e55b157c5d6f03705b8,2026-04-01,SH600018,0.07867854147733926,,,
EXP_DEnsembleModel_Alpha158_csi300_expanding_step40_s_20260112_22,5dfe27da14f64e55b157c5d6f03705b8,2026-04-01,SH600019,-0.03320044764560008,,,
EXP_DEnsembleModel_Alpha158_csi300_expanding_step40_s_20260112_22,5dfe27da14f64e55b157c5d6f03705b8,2026-04-01,SH600023,0.10667070181143422,,,
EXP_DEnsembleModel_Alpha158_csi300_expanding_step40_s_20260112_22,5dfe27da14f64e55b157c5d6f03705b8,2026-04-01,SH600025,0.02195148428208491,,,
EXP_DEnsembleModel_Alpha158_csi300_expanding_step40_s_20260112_22,5dfe27da14f64e55b157c5d6f03705b8,2026-04-01,SH600026,-0.14982566863938396,,,
EXP_DEnsembleModel_Alpha158_csi300_expanding_step40_s_20260112_22,5dfe27da14f64e55b157c5d6f03705b8,2026-04-01,SH600027,-0.11063893288357439,,,
EXP_DEnsembleModel_Alpha158_csi300_expanding_step40_s_20260112_22,5dfe27da14f64e55b157c5d6f03705b8,2026-04-01,SH600028,-0.17796012478588719,,,
EXP_DEnsembleModel_Alpha158_csi300_expanding_step40_s_20260112_22,5dfe27da14f64e55b157c5d6f03705b8,2026-04-01,SH600029,0.054463209652580884,,,
EXP_DEnsembleModel_Alpha158_csi300_expanding_step40_s_20260112_22,5dfe27da14f64e55b157c5d6f03705b8,2026-04-01,SH600030,-0.04666231761963846,,,
EXP_DEnsembleModel_Alpha158_csi300_expanding_step40_s_20260112_22,5dfe27da14f64e55b157c5d6f03705b8,2026-04-01,SH600031,-0.0119790933075086,,,
EXP_DEnsembleModel_Alpha158_csi300_expanding_step40_s_20260112_22,5dfe27da14f64e55b157c5d6f03705b8,2026-04-01,SH600219,-0.1154693400339449,,,
EXP_DEnsembleModel_Alpha158_csi300_expanding_step40_s_20260112_22,5dfe27da14f64e55b157c5d6f03705b8,2026-04-01,SH600233,0.04904333789352853,,,
EXP_DEnsembleModel_Alpha158_csi300_expanding_step40_s_20260112_22,5dfe27da14f64e55b157c5d6f03705b8,2026-04-01,SH600276,-0.07768276308696247,,,
EXP_DEnsembleModel_Alpha158_csi300_expanding_step40_s_20260112_22,5dfe27da14f64e55b157c5d6f03705b8,2026-04-01,SH600309,0.06968471706624292,,,
EXP_DEnsembleModel_Alpha158_csi300_expanding_step40_s_20260112_22,5dfe27da14f64e55b157c5d6f03705b8,2026-04-01,SH600588,0.018324831446288607,,,
EXP_DEnsembleModel_Alpha158_csi300_expanding_step40_s_20260112_22,5dfe27da14f64e55b157c5d6f03705b8,2026-04-01,SH600600,0.19374103050611263,,,
EXP_DEnsembleModel_Alpha158_csi300_expanding_step40_s_20260112_22,5dfe27da14f64e55b157c5d6f03705b8,2026-04-01,SH600660,-0.05493883520626531,,,
EXP_DEnsembleModel_Alpha158_csi300_expanding_step40_s_20260112_22,5dfe27da14f64e55b157c5d6f03705b8,2026-04-01,SH600674,0.026971498508191076,,,
EXP_DEnsembleModel_Alpha158_csi300_expanding_step40_s_20260112_22,5dfe27da14f64e55b157c5d6f03705b8,2026-04-01,SH600690,-0.01352688386011565,,,
EXP_DEnsembleModel_Alpha158_csi300_expanding_step40_s_20260112_22,5dfe27da14f64e55b157c5d6f03705b8,2026-04-01,SH600741,0.1159125387907198,,,
EXP_DEnsembleModel_Alpha158_csi300_expanding_step40_s_20260112_22,5dfe27da14f64e55b157c5d6f03705b8,2026-04-01,SH600760,-0.06604998202025464,,,
EXP_DEnsembleModel_Alpha158_csi300_expanding_step40_s_20260112_22,5dfe27da14f64e55b157c5d6f03705b8,2026-04-01,SH600795,0.0021024977999485736,,,
EXP_DEnsembleModel_Alpha158_csi300_expanding_step40_s_20260112_22,5dfe27da14f64e55b157c5d6f03705b8,2026-04-01,SH600803,0.019926753557101988,,,
EXP_DEnsembleModel_Alpha158_csi300_expanding_step40_s_20260112_22,5dfe27da14f64e55b157c5d6f03705b8,2026-04-01,SH600809,-0.03896159025281728,,,
EXP_DEnsembleModel_Alpha158_csi300_expanding_step40_s_20260112_22,5dfe27da14f64e55b157c5d6f03705b8,2026-04-01,SH600845,-0.0960306830236677,,,
EXP_DEnsembleModel_Alpha158_csi300_expanding_step40_s_20260112_22,5dfe27da14f64e55b157c5d6f03705b8,2026-04-01,SH600875,0.02965855822764986,,,
EXP_DEnsembleModel_Alpha158_csi300_expanding_step40_s_20260112_22,5dfe27da14f64e55b157c5d6f03705b8,2026-04-01,SH600886,0.013889854023243756,,,
EXP_DEnsembleModel_Alpha158_csi300_expanding_step40_s_20260112_22,5dfe27da14f64e55b157c5d6f03705b8,2026-04-01,SH600887,0.08039607215918365,,,
EXP_DEnsembleModel_Alpha158_csi300_expanding_step40_s_20260112_22,5dfe27da14f64e55b157c5d6f03705b8,2026-04-01,SH600893,-0.019965649381969545,,,
EXP_DEnsembleModel_Alpha158_csi300_expanding_step40_s_20260112_22,5dfe27da14f64e55b157c5d6f03705b8,2026-04-01,SH600585,0.003367696078213132,,,
EXP_DEnsembleModel_Alpha158_csi300_expanding_step40_s_20260112_22,5dfe27da14f64e55b157c5d6f03705b8,2026-04-01,SH600905,-0.03171129647816154,,,
EXP_DEnsembleModel_Alpha158_csi300_expanding_step40_s_20260112_22,5dfe27da14f64e55b157c5d6f03705b8,2026-04-01,SH600584,0.05090091712252606,,,
EXP_DEnsembleModel_Alpha158_csi300_expanding_step40_s_20260112_22,5dfe27da14f64e55b157c5d6f03705b8,2026-04-01,SH600547,-0.02159824566412613,,,
EXP_DEnsembleModel_Alpha158_csi300_expanding_step40_s_20260112_22,5dfe27da14f64e55b157c5d6f03705b8,2026-04-01,SH600346,-0.14941702883654642,,,
EXP_DEnsembleModel_Alpha158_csi300_expanding_step40_s_20260112_22,5dfe27da14f64e55b157c5d6f03705b8,2026-04-01,SH600362,-0.02079053030306392,,,
EXP_DEnsembleModel_Alpha158_csi300_expanding_step40_s_20260112_22,5dfe27da14f64e55b157c5d6f03705b8,2026-04-01,SH600372,-0.07191488532329424,,,
EXP_DEnsembleModel_Alpha158_csi300_expanding_step40_s_20260112_22,5dfe27da14f64e55b157c5d6f03705b8,2026-04-01,SH600377,0.04077688855840813,,,
EXP_DEnsembleModel_Alpha158_csi300_expanding_step40_s_20260112_22,5dfe27da14f64e55b157c5d6f03705b8,2026-04-01,SH600406,-0.02591234834937195,,,
EXP_DEnsembleModel_Alpha158_csi300_expanding_step40_s_20260112_22,5dfe27da14f64e55b157c5d6f03705b8,2026-04-01,SH600415,-0.02978344845769799,,,
EXP_DEnsembleModel_Alpha158_csi300_expanding_step40_s_20260112_22,5dfe27da14f64e55b157c5d6f03705b8,2026-04-01,SH600426,-0.14325365797676448,,,
EXP_DEnsembleModel_Alpha158_csi300_expanding_step40_s_20260112_22,5dfe27da14f64e55b157c5d6f03705b8,2026-04-01,SH600436,-0.043057977313113185,,,
EXP_DEnsembleModel_Alpha158_csi300_expanding_step40_s_20260112_22,5dfe27da14f64e55b157c5d6f03705b8,2026-04-01,SH600438,-0.1437585954688784,,,
EXP_DEnsembleModel_Alpha158_csi300_expanding_step40_s_20260112_22,5dfe27da14f64e55b157c5d6f03705b8,2026-04-01,SH600460,-0.03162257596538914,,,
EXP_DEnsembleModel_Alpha158_csi300_expanding_step40_s_20260112_22,5dfe27da14f64e55b157c5d6f03705b8,2026-04-01,SH600482,0.09060871655178974,,,
EXP_DEnsembleModel_Alpha158_csi300_expanding_step40_s_20260112_22,5dfe27da14f64e55b157c5d6f03705b8,2026-04-01,SH600489,-0.06217587074871099,,,
EXP_DEnsembleModel_Alpha158_csi300_expanding_step40_s_20260112_22,5dfe27da14f64e55b157c5d6f03705b8,2026-04-01,SH600515,-0.00039545535999743585,,,
EXP_DEnsembleModel_Alpha158_csi300_expanding_step40_s_20260112_22,5dfe27da14f64e55b157c5d6f03705b8,2026-04-01,SH600519,0.11160131507787438,,,
EXP_DEnsembleModel_Alpha158_csi300_expanding_step40_s_20260112_22,5dfe27da14f64e55b157c5d6f03705b8,2026-04-01,SH600522,-0.002442735382714612,,,
EXP_DEnsembleModel_Alpha158_csi300_expanding_step40_s_20260112_22,5dfe27da14f64e55b157c5d6f03705b8,2026-04-01,SH600570,-0.05245096743094885,,,
EXP_DEnsembleModel_Alpha158_csi300_expanding_step40_s_20260112_22,5dfe27da14f64e55b157c5d6f03705b8,2026-04-01,SH601901,0.00218101474254968,,,
EXP_DEnsembleModel_Alpha158_csi300_expanding_step40_s_20260112_22,5dfe27da14f64e55b157c5d6f03705b8,2026-04-01,SH601916,0.060434454910168627,,,
EXP_DEnsembleModel_Alpha158_csi300_expanding_step40_s_20260112_22,5dfe27da14f64e55b157c5d6f03705b8,2026-04-01,SH601919,-0.09091708809403488,,,
EXP_DEnsembleModel_Alpha158_csi300_expanding_step40_s_20260112_22,5dfe27da14f64e55b157c5d6f03705b8,2026-04-01,SZ002422,-0.08716577210594705,,,
EXP_DEnsembleModel_Alpha158_csi300_expanding_step40_s_20260112_22,5dfe27da14f64e55b157c5d6f03705b8,2026-04-01,SZ002459,-0.016050946107463673,,,
EXP_DEnsembleModel_Alpha158_csi300_expanding_step40_s_20260112_22,5dfe27da14f64e55b157c5d6f03705b8,2026-04-01,SZ002460,0.13551084970706415,,,
EXP_DEnsembleModel_Alpha158_csi300_expanding_step40_s_20260112_22,5dfe27da14f64e55b157c5d6f03705b8,2026-04-01,SZ002463,-0.006401571216381585,,,
EXP_DEnsembleModel_Alpha158_csi300_expanding_step40_s_20260112_22,5dfe27da14f64e55b157c5d6f03705b8,2026-04-01,SZ002466,0.007955655369093389,,,
EXP_DEnsembleModel_Alpha158_csi300_expanding_step40_s_20260112_22,5dfe27da14f64e55b157c5d6f03705b8,2026-04-01,SZ002475,0.08531100609648053,,,
EXP_DEnsembleModel_Alpha158_csi300_expanding_step40_s_20260112_22,5dfe27da14f64e55b157c5d6f03705b8,2026-04-01,SZ002415,0.0277223806015418,,,
EXP_DEnsembleModel_Alpha158_csi300_expanding_step40_s_20260112_22,5dfe27da14f64e55b157c5d6f03705b8,2026-04-01,SZ002493,0.018449035645783308,,,
EXP_DEnsembleModel_Alpha158_csi300_expanding_step40_s_20260112_22,5dfe27da14f64e55b157c5d6f03705b8,2026-04-01,SZ002600,0.13602473924659217,,,
EXP_DEnsembleModel_Alpha158_csi300_expanding_step40_s_20260112_22,5dfe27da14f64e55b157c5d6f03705b8,2026-04-01,SZ002601,-0.08952800686819558,,,
EXP_DEnsembleModel_Alpha158_csi300_expanding_step40_s_20260112_22,5dfe27da14f64e55b157c5d6f03705b8,2026-04-01,SZ002625,0.03095210582581858,,,
EXP_DEnsembleModel_Alpha158_csi300_expanding_step40_s_20260112_22,5dfe27da14f64e55b157c5d6f03705b8,2026-04-01,SZ002648,-0.050000818314149716,,,
EXP_DEnsembleModel_Alpha158_csi300_expanding_step40_s_20260112_22,5dfe27da14f64e55b157c5d6f03705b8,2026-04-01,SZ002709,0.0008995065408707558,,,
EXP_DEnsembleModel_Alpha158_csi300_expanding_step40_s_20260112_22,5dfe27da14f64e55b157c5d6f03705b8,2026-04-01,SZ002714,-0.03278209588223642,,,
EXP_DEnsembleModel_Alpha158_csi300_expanding_step40_s_20260112_22,5dfe27da14f64e55b157c5d6f03705b8,2026-04-01,SZ002594,0.09929738268222589,,,
EXP_DEnsembleModel_Alpha158_csi300_expanding_step40_s_20260112_22,5dfe27da14f64e55b157c5d6f03705b8,2026-04-01,SZ002384,-0.1971512062907114,,,
EXP_DEnsembleModel_Alpha158_csi300_expanding_step40_s_20260112_22,5dfe27da14f64e55b157c5d6f03705b8,2026-04-01,SZ002371,0.21494230909649384,,,
EXP_DEnsembleModel_Alpha158_csi300_expanding_step40_s_20260112_22,5dfe27da14f64e55b157c5d6f03705b8,2026-04-01,SZ002352,0.10305410789310238,,,
EXP_DEnsembleModel_Alpha158_csi300_expanding_step40_s_20260112_22,5dfe27da14f64e55b157c5d6f03705b8,2026-04-01,SZ001979,0.02091148003956802,,,
EXP_DEnsembleModel_Alpha158_csi300_expanding_step40_s_20260112_22,5dfe27da14f64e55b157c5d6f03705b8,2026-04-01,SZ002001,-0.03992493505055995,,,
EXP_DEnsembleModel_Alpha158_csi300_expanding_step40_s_20260112_22,5dfe27da14f64e55b157c5d6f03705b8,2026-04-01,SZ002027,0.02558673671137306,,,
EXP_DEnsembleModel_Alpha158_csi300_expanding_step40_s_20260112_22,5dfe27da14f64e55b157c5d6f03705b8,2026-04-01,SZ002028,0.05790191531178468,,,
EXP_DEnsembleModel_Alpha158_csi300_expanding_step40_s_20260112_22,5dfe27da14f64e55b157c5d6f03705b8,2026-04-01,SZ002049,0.032587199355155735,,,
EXP_DEnsembleModel_Alpha158_csi300_expanding_step40_s_20260112_22,5dfe27da14f64e55b157c5d6f03705b8,2026-04-01,SZ002050,-0.016639799437471733,,,
EXP_DEnsembleModel_Alpha158_csi300_expanding_step40_s_20260112_22,5dfe27da14f64e55b157c5d6f03705b8,2026-04-01,SZ002074,-0.037143483331935095,,,
EXP_DEnsembleModel_Alpha158_csi300_expanding_step40_s_20260112_22,5dfe27da14f64e55b157c5d6f03705b8,2026-04-01,SZ002142,0.026422262628841436,,,
EXP_DEnsembleModel_Alpha158_csi300_expanding_step40_s_20260112_22,5dfe27da14f64e55b157c5d6f03705b8,2026-04-01,SZ002179,-0.12465852466968985,,,
EXP_DEnsembleModel_Alpha158_csi300_expanding_step40_s_20260112_22,5dfe27da14f64e55b157c5d6f03705b8,2026-04-01,SZ002230,0.002442946376366955,,,
EXP_DEnsembleModel_Alpha158_csi300_expanding_step40_s_20260112_22,5dfe27da14f64e55b157c5d6f03705b8,2026-04-01,SZ002236,-0.029043309671640517,,,
EXP_DEnsembleModel_Alpha158_csi300_expanding_step40_s_20260112_22,5dfe27da14f64e55b157c5d6f03705b8,2026-04-01,SZ002241,0.04135113951125021,,,
EXP_DEnsembleModel_Alpha158_csi300_expanding_step40_s_20260112_22,5dfe27da14f64e55b157c5d6f03705b8,2026-04-01,SZ002252,-0.06414994388645744,,,
EXP_DEnsembleModel_Alpha158_csi300_expanding_step40_s_20260112_22,5dfe27da14f64e55b157c5d6f03705b8,2026-04-01,SZ002304,-0.0029031499164439254,,,
EXP_DEnsembleModel_Alpha158_csi300_expanding_step40_s_20260112_22,5dfe27da14f64e55b157c5d6f03705b8,2026-04-01,SZ002311,-0.030233093543528884,,,
EXP_DEnsembleModel_Alpha158_csi300_expanding_step40_s_20260112_22,5dfe27da14f64e55b157c5d6f03705b8,2026-04-01,SZ002736,-0.13478221238639948,,,
EXP_DEnsembleModel_Alpha158_csi300_expanding_step40_s_20260112_22,5dfe27da14f64e55b157c5d6f03705b8,2026-04-01,SZ002916,0.05228257715060793,,,
EXP_DEnsembleModel_Alpha158_csi300_expanding_step40_s_20260112_22,5dfe27da14f64e55b157c5d6f03705b8,2026-04-01,SZ002920,0.06701460493414742,,,
EXP_DEnsembleModel_Alpha158_csi300_expanding_step40_s_20260112_22,5dfe27da14f64e55b157c5d6f03705b8,2026-04-01,SZ002938,0.1286413951254526,,,
EXP_DEnsembleModel_Alpha158_csi300_expanding_step40_s_20260112_22,5dfe27da14f64e55b157c5d6f03705b8,2026-04-01,SZ300498,0.0001492755318559915,,,
EXP_DEnsembleModel_Alpha158_csi300_expanding_step40_s_20260112_22,5dfe27da14f64e55b157c5d6f03705b8,2026-04-01,SZ300502,0.057682547700149835,,,
EXP_DEnsembleModel_Alpha158_csi300_expanding_step40_s_20260112_22,5dfe27da14f64e55b157c5d6f03705b8,2026-04-01,SZ300628,-0.023397923849815896,,,
EXP_DEnsembleModel_Alpha158_csi300_expanding_step40_s_20260112_22,5dfe27da14f64e55b157c5d6f03705b8,2026-04-01,SZ300661,0.10042658089780991,,,
EXP_DEnsembleModel_Alpha158_csi300_expanding_step40_s_20260112_22,5dfe27da14f64e55b157c5d6f03705b8,2026-04-01,SZ300750,0.10708355497747636,,,
EXP_DEnsembleModel_Alpha158_csi300_expanding_step40_s_20260112_22,5dfe27da14f64e55b157c5d6f03705b8,2026-04-01,SZ300759,-0.2510103589892196,,,
EXP_DEnsembleModel_Alpha158_csi300_expanding_step40_s_20260112_22,5dfe27da14f64e55b157c5d6f03705b8,2026-04-01,SZ300760,0.10109131964928156,,,
EXP_DEnsembleModel_Alpha158_csi300_expanding_step40_s_20260112_22,5dfe27da14f64e55b157c5d6f03705b8,2026-04-01,SZ300782,-0.09290909475048904,,,
EXP_DEnsembleModel_Alpha158_csi300_expanding_step40_s_20260112_22,5dfe27da14f64e55b157c5d6f03705b8,2026-04-01,SZ300803,0.08795930152869125,,,
EXP_DEnsembleModel_Alpha158_csi300_expanding_step40_s_20260112_22,5dfe27da14f64e55b157c5d6f03705b8,2026-04-01,SZ300832,-0.016461841729803032,,,
EXP_DEnsembleModel_Alpha158_csi300_expanding_step40_s_20260112_22,5dfe27da14f64e55b157c5d6f03705b8,2026-04-01,SZ300866,0.006182818630936625,,,
EXP_DEnsembleModel_Alpha158_csi300_expanding_step40_s_20260112_22,5dfe27da14f64e55b157c5d6f03705b8,2026-04-01,SZ300896,-0.03514540298568391,,,
EXP_DEnsembleModel_Alpha158_csi300_expanding_step40_s_20260112_22,5dfe27da14f64e55b157c5d6f03705b8,2026-04-01,SZ300979,-0.06870046507831004,,,
EXP_DEnsembleModel_Alpha158_csi300_expanding_step40_s_20260112_22,5dfe27da14f64e55b157c5d6f03705b8,2026-04-01,SZ300999,-0.12578806170979018,,,
EXP_DEnsembleModel_Alpha158_csi300_expanding_step40_s_20260112_22,5dfe27da14f64e55b157c5d6f03705b8,2026-04-01,SZ301236,0.008951034441599849,,,
EXP_DEnsembleModel_Alpha158_csi300_expanding_step40_s_20260112_22,5dfe27da14f64e55b157c5d6f03705b8,2026-04-01,SZ300476,-0.007518883261581844,,,
EXP_DEnsembleModel_Alpha158_csi300_expanding_step40_s_20260112_22,5dfe27da14f64e55b157c5d6f03705b8,2026-04-01,SZ001965,0.042811474428462594,,,
EXP_DEnsembleModel_Alpha158_csi300_expanding_step40_s_20260112_22,5dfe27da14f64e55b157c5d6f03705b8,2026-04-01,SZ300442,-0.06217439135147888,,,
EXP_DEnsembleModel_Alpha158_csi300_expanding_step40_s_20260112_22,5dfe27da14f64e55b157c5d6f03705b8,2026-04-01,SZ300418,-0.06387485810880283,,,
EXP_DEnsembleModel_Alpha158_csi300_expanding_step40_s_20260112_22,5dfe27da14f64e55b157c5d6f03705b8,2026-04-01,SZ003816,0.21900218068952623,,,
EXP_DEnsembleModel_Alpha158_csi300_expanding_step40_s_20260112_22,5dfe27da14f64e55b157c5d6f03705b8,2026-04-01,SZ300014,0.04474014736104903,,,
EXP_DEnsembleModel_Alpha158_csi300_expanding_step40_s_20260112_22,5dfe27da14f64e55b157c5d6f03705b8,2026-04-01,SZ300015,-0.017426131205342154,,,
EXP_DEnsembleModel_Alpha158_csi300_expanding_step40_s_20260112_22,5dfe27da14f64e55b157c5d6f03705b8,2026-04-01,SZ300033,0.06325135548009908,,,
EXP_DEnsembleModel_Alpha158_csi300_expanding_step40_s_20260112_22,5dfe27da14f64e55b157c5d6f03705b8,2026-04-01,SZ300059,0.010800431069852926,,,
EXP_DEnsembleModel_Alpha158_csi300_expanding_step40_s_20260112_22,5dfe27da14f64e55b157c5d6f03705b8,2026-04-01,SZ300122,-0.020945715966004128,,,
EXP_DEnsembleModel_Alpha158_csi300_expanding_step40_s_20260112_22,5dfe27da14f64e55b157c5d6f03705b8,2026-04-01,SZ300124,-0.06878383343402711,,,
EXP_DEnsembleModel_Alpha158_csi300_expanding_step40_s_20260112_22,5dfe27da14f64e55b157c5d6f03705b8,2026-04-01,SZ300251,0.0676659121180853,,,
EXP_DEnsembleModel_Alpha158_csi300_expanding_step40_s_20260112_22,5dfe27da14f64e55b157c5d6f03705b8,2026-04-01,SZ300274,0.040916139438272284,,,
EXP_DEnsembleModel_Alpha158_csi300_expanding_step40_s_20260112_22,5dfe27da14f64e55b157c5d6f03705b8,2026-04-01,SZ300308,0.08619080196527698,,,
EXP_DEnsembleModel_Alpha158_csi300_expanding_step40_s_20260112_22,5dfe27da14f64e55b157c5d6f03705b8,2026-04-01,SZ300316,0.09052535683141746,,,
EXP_DEnsembleModel_Alpha158_csi300_expanding_step40_s_20260112_22,5dfe27da14f64e55b157c5d6f03705b8,2026-04-01,SZ300347,-0.2204747915065141,,,
EXP_DEnsembleModel_Alpha158_csi300_expanding_step40_s_20260112_22,5dfe27da14f64e55b157c5d6f03705b8,2026-04-01,SZ300394,-0.0130466763610454,,,
EXP_DEnsembleModel_Alpha158_csi300_expanding_step40_s_20260112_22,5dfe27da14f64e55b157c5d6f03705b8,2026-04-01,SZ300408,0.10189131366353309,,,
EXP_DEnsembleModel_Alpha158_csi300_expanding_step40_s_20260112_22,5dfe27da14f64e55b157c5d6f03705b8,2026-04-01,SZ300413,-0.11622530067003732,,,
EXP_DEnsembleModel_Alpha158_csi300_expanding_step40_s_20260112_22,5dfe27da14f64e55b157c5d6f03705b8,2026-04-01,SZ300433,0.11343630304516074,,,
EXP_DEnsembleModel_Alpha158_csi300_expanding_step40_s_20260112_22,5dfe27da14f64e55b157c5d6f03705b8,2026-04-01,SZ001391,-0.05269238534563673,,,
EXP_DEnsembleModel_Alpha158_csi300_expanding_step40_s_20260112_22,5dfe27da14f64e55b157c5d6f03705b8,2026-04-01,SZ000999,-0.06989801845224462,,,
EXP_DEnsembleModel_Alpha158_csi300_expanding_step40_s_20260112_22,5dfe27da14f64e55b157c5d6f03705b8,2026-04-01,SZ000983,-0.12359634261450315,,,
EXP_DEnsembleModel_Alpha158_csi300_expanding_step40_s_20260112_22,5dfe27da14f64e55b157c5d6f03705b8,2026-04-01,SH605499,-0.032174147603447334,,,
EXP_DEnsembleModel_Alpha158_csi300_expanding_step40_s_20260112_22,5dfe27da14f64e55b157c5d6f03705b8,2026-04-01,SH688008,0.030485181187240497,,,
EXP_DEnsembleModel_Alpha158_csi300_expanding_step40_s_20260112_22,5dfe27da14f64e55b157c5d6f03705b8,2026-04-01,SH688009,0.04403867505071776,,,
EXP_DEnsembleModel_Alpha158_csi300_expanding_step40_s_20260112_22,5dfe27da14f64e55b157c5d6f03705b8,2026-04-01,SH688012,0.03709366214083578,,,
EXP_DEnsembleModel_Alpha158_csi300_expanding_step40_s_20260112_22,5dfe27da14f64e55b157c5d6f03705b8,2026-04-01,SH688036,0.16504478878965015,,,
EXP_DEnsembleModel_Alpha158_csi300_expanding_step40_s_20260112_22,5dfe27da14f64e55b157c5d6f03705b8,2026-04-01,SH688041,-0.01109188137695161,,,
EXP_DEnsembleModel_Alpha158_csi300_expanding_step40_s_20260112_22,5dfe27da14f64e55b157c5d6f03705b8,2026-04-01,SH688047,-0.07409879878006674,,,
EXP_DEnsembleModel_Alpha158_csi300_expanding_step40_s_20260112_22,5dfe27da14f64e55b157c5d6f03705b8,2026-04-01,SH688082,0.06790464652715521,,,
EXP_DEnsembleModel_Alpha158_csi300_expanding_step40_s_20260112_22,5dfe27da14f64e55b157c5d6f03705b8,2026-04-01,SH688111,-0.03395754215347271,,,
EXP_DEnsembleModel_Alpha158_csi300_expanding_step40_s_20260112_22,5dfe27da14f64e55b157c5d6f03705b8,2026-04-01,SH688126,-0.0272663487880653,,,
EXP_DEnsembleModel_Alpha158_csi300_expanding_step40_s_20260112_22,5dfe27da14f64e55b157c5d6f03705b8,2026-04-01,SH688169,0.009120831442338008,,,
EXP_DEnsembleModel_Alpha158_csi300_expanding_step40_s_20260112_22,5dfe27da14f64e55b157c5d6f03705b8,2026-04-01,SH688187,0.05941831467994523,,,
EXP_DEnsembleModel_Alpha158_csi300_expanding_step40_s_20260112_22,5dfe27da14f64e55b157c5d6f03705b8,2026-04-01,SH688223,-0.02058380837312205,,,
EXP_DEnsembleModel_Alpha158_csi300_expanding_step40_s_20260112_22,5dfe27da14f64e55b157c5d6f03705b8,2026-04-01,SH688256,0.02092458802633238,,,
EXP_DEnsembleModel_Alpha158_csi300_expanding_step40_s_20260112_22,5dfe27da14f64e55b157c5d6f03705b8,2026-04-01,SH688271,-0.04718193855693777,,,
EXP_DEnsembleModel_Alpha158_csi300_expanding_step40_s_20260112_22,5dfe27da14f64e55b157c5d6f03705b8,2026-04-01,SH605117,0.0855848130204996,,,
EXP_DEnsembleModel_Alpha158_csi300_expanding_step40_s_20260112_22,5dfe27da14f64e55b157c5d6f03705b8,2026-04-01,SH688303,-0.04366063731473176,,,
EXP_DEnsembleModel_Alpha158_csi300_expanding_step40_s_20260112_22,5dfe27da14f64e55b157c5d6f03705b8,2026-04-01,SH603993,-0.0022274564298425535,,,
EXP_DEnsembleModel_Alpha158_csi300_expanding_step40_s_20260112_22,5dfe27da14f64e55b157c5d6f03705b8,2026-04-01,SH603893,0.08518046942102904,,,
EXP_DEnsembleModel_Alpha158_csi300_expanding_step40_s_20260112_22,5dfe27da14f64e55b157c5d6f03705b8,2026-04-01,SH601939,0.2320491512627208,,,
EXP_DEnsembleModel_Alpha158_csi300_expanding_step40_s_20260112_22,5dfe27da14f64e55b157c5d6f03705b8,2026-04-01,SH601985,0.005270657399465756,,,
EXP_DEnsembleModel_Alpha158_csi300_expanding_step40_s_20260112_22,5dfe27da14f64e55b157c5d6f03705b8,2026-04-01,SH601988,0.07985309758080676,,,
EXP_DEnsembleModel_Alpha158_csi300_expanding_step40_s_20260112_22,5dfe27da14f64e55b157c5d6f03705b8,2026-04-01,SH601995,-0.06204255605449813,,,
EXP_DEnsembleModel_Alpha158_csi300_expanding_step40_s_20260112_22,5dfe27da14f64e55b157c5d6f03705b8,2026-04-01,SH601998,0.18278384294276603,,,
EXP_DEnsembleModel_Alpha158_csi300_expanding_step40_s_20260112_22,5dfe27da14f64e55b157c5d6f03705b8,2026-04-01,SH603019,-0.044732709814698526,,,
EXP_DEnsembleModel_Alpha158_csi300_expanding_step40_s_20260112_22,5dfe27da14f64e55b157c5d6f03705b8,2026-04-01,SH603195,0.001421720582105429,,,
EXP_DEnsembleModel_Alpha158_csi300_expanding_step40_s_20260112_22,5dfe27da14f64e55b157c5d6f03705b8,2026-04-01,SH603259,-0.07958750985408901,,,
EXP_DEnsembleModel_Alpha158_csi300_expanding_step40_s_20260112_22,5dfe27da14f64e55b157c5d6f03705b8,2026-04-01,SH603260,-0.03359093749793101,,,
EXP_DEnsembleModel_Alpha158_csi300_expanding_step40_s_20260112_22,5dfe27da14f64e55b157c5d6f03705b8,2026-04-01,SH603288,-0.061565654376697095,,,
EXP_DEnsembleModel_Alpha158_csi300_expanding_step40_s_20260112_22,5dfe27da14f64e55b157c5d6f03705b8,2026-04-01,SH603296,0.13584344918175273,,,
EXP_DEnsembleModel_Alpha158_csi300_expanding_step40_s_20260112_22,5dfe27da14f64e55b157c5d6f03705b8,2026-04-01,SH603369,0.00376301440639097,,,
EXP_DEnsembleModel_Alpha158_csi300_expanding_step40_s_20260112_22,5dfe27da14f64e55b157c5d6f03705b8,2026-04-01,SH603392,0.022066170461158503,,,
EXP_DEnsembleModel_Alpha158_csi300_expanding_step40_s_20260112_22,5dfe27da14f64e55b157c5d6f03705b8,2026-04-01,SH603501,0.03946112878214547,,,
EXP_DEnsembleModel_Alpha158_csi300_expanding_step40_s_20260112_22,5dfe27da14f64e55b157c5d6f03705b8,2026-04-01,SH603799,-0.1312249161765425,,,
EXP_DEnsembleModel_Alpha158_csi300_expanding_step40_s_20260112_22,5dfe27da14f64e55b157c5d6f03705b8,2026-04-01,SH603986,0.03132287842054023,,,
EXP_XGBModel_Alpha158_csi300_expanding_step40_s_20260111_00,2f2d4eb181db4668bdbd3b6e264ca822,2026-04-01,SZ301269,-0.04001631587743759,,,
EXP_DEnsembleModel_Alpha158_csi300_expanding_step40_s_20260112_22,5dfe27da14f64e55b157c5d6f03705b8,2026-04-01,SH688396,0.031553599475322526,,,
EXP_DEnsembleModel_Alpha158_csi300_expanding_step40_s_20260112_22,5dfe27da14f64e55b157c5d6f03705b8,2026-04-01,SH688506,-0.0929195093799046,,,
EXP_DEnsembleModel_Alpha158_csi300_expanding_step40_s_20260112_22,5dfe27da14f64e55b157c5d6f03705b8,2026-04-01,SZ000661,-0.06941109459979268,,,
EXP_DEnsembleModel_Alpha158_csi300_expanding_step40_s_20260112_22,5dfe27da14f64e55b157c5d6f03705b8,2026-04-01,SZ000708,0.003789809855771808,,,
EXP_DEnsembleModel_Alpha158_csi300_expanding_step40_s_20260112_22,5dfe27da14f64e55b157c5d6f03705b8,2026-04-01,SZ000725,-0.010884153630551768,,,
EXP_DEnsembleModel_Alpha158_csi300_expanding_step40_s_20260112_22,5dfe27da14f64e55b157c5d6f03705b8,2026-04-01,SZ000768,0.045483907005665035,,,
EXP_DEnsembleModel_Alpha158_csi300_expanding_step40_s_20260112_22,5dfe27da14f64e55b157c5d6f03705b8,2026-04-01,SZ000776,-0.012804452361921796,,,
EXP_DEnsembleModel_Alpha158_csi300_expanding_step40_s_20260112_22,5dfe27da14f64e55b157c5d6f03705b8,2026-04-01,SZ000786,0.03818666371998563,,,
EXP_DEnsembleModel_Alpha158_csi300_expanding_step40_s_20260112_22,5dfe27da14f64e55b157c5d6f03705b8,2026-04-01,SZ000792,0.14184374391346932,,,
EXP_DEnsembleModel_Alpha158_csi300_expanding_step40_s_20260112_22,5dfe27da14f64e55b157c5d6f03705b8,2026-04-01,SZ000807,-0.07862314995341325,,,
EXP_DEnsembleModel_Alpha158_csi300_expanding_step40_s_20260112_22,5dfe27da14f64e55b157c5d6f03705b8,2026-04-01,SZ000858,0.03403114093013434,,,
EXP_DEnsembleModel_Alpha158_csi300_expanding_step40_s_20260112_22,5dfe27da14f64e55b157c5d6f03705b8,2026-04-01,SZ000876,-0.07143281743817712,,,
EXP_DEnsembleModel_Alpha158_csi300_expanding_step40_s_20260112_22,5dfe27da14f64e55b157c5d6f03705b8,2026-04-01,SZ000895,0.13063763600158443,,,
EXP_DEnsembleModel_Alpha158_csi300_expanding_step40_s_20260112_22,5dfe27da14f64e55b157c5d6f03705b8,2026-04-01,SZ000938,0.06950282285679855,,,
EXP_DEnsembleModel_Alpha158_csi300_expanding_step40_s_20260112_22,5dfe27da14f64e55b157c5d6f03705b8,2026-04-01,SZ000963,-0.03324835939161456,,,
EXP_DEnsembleModel_Alpha158_csi300_expanding_step40_s_20260112_22,5dfe27da14f64e55b157c5d6f03705b8,2026-04-01,SZ000975,-0.022438400721540193,,,
EXP_DEnsembleModel_Alpha158_csi300_expanding_step40_s_20260112_22,5dfe27da14f64e55b157c5d6f03705b8,2026-04-01,SZ000977,0.09460441645880374,,,
EXP_DEnsembleModel_Alpha158_csi300_expanding_step40_s_20260112_22,5dfe27da14f64e55b157c5d6f03705b8,2026-04-01,SZ000651,0.04095350069028745,,,
EXP_DEnsembleModel_Alpha158_csi300_expanding_step40_s_20260112_22,5dfe27da14f64e55b157c5d6f03705b8,2026-04-01,SH688472,0.0284324920440129,,,
EXP_DEnsembleModel_Alpha158_csi300_expanding_step40_s_20260112_22,5dfe27da14f64e55b157c5d6f03705b8,2026-04-01,SZ000630,-0.02910407041104034,,,
EXP_DEnsembleModel_Alpha158_csi300_expanding_step40_s_20260112_22,5dfe27da14f64e55b157c5d6f03705b8,2026-04-01,SZ000617,0.06046951958887376,,,
EXP_DEnsembleModel_Alpha158_csi300_expanding_step40_s_20260112_22,5dfe27da14f64e55b157c5d6f03705b8,2026-04-01,SH688981,-0.021323568389493334,,,
EXP_DEnsembleModel_Alpha158_csi300_expanding_step40_s_20260112_22,5dfe27da14f64e55b157c5d6f03705b8,2026-04-01,SZ000001,0.043402716792139556,,,
EXP_DEnsembleModel_Alpha158_csi300_expanding_step40_s_20260112_22,5dfe27da14f64e55b157c5d6f03705b8,2026-04-01,SZ000002,-0.022160395721295436,,,
EXP_DEnsembleModel_Alpha158_csi300_expanding_step40_s_20260112_22,5dfe27da14f64e55b157c5d6f03705b8,2026-04-01,SZ000063,0.037935702724138244,,,
EXP_DEnsembleModel_Alpha158_csi300_expanding_step40_s_20260112_22,5dfe27da14f64e55b157c5d6f03705b8,2026-04-01,SZ000100,-0.10035328955147373,,,
EXP_DEnsembleModel_Alpha158_csi300_expanding_step40_s_20260112_22,5dfe27da14f64e55b157c5d6f03705b8,2026-04-01,SZ000157,-0.04929885951062653,,,
EXP_DEnsembleModel_Alpha158_csi300_expanding_step40_s_20260112_22,5dfe27da14f64e55b157c5d6f03705b8,2026-04-01,SZ000166,0.014427296370659346,,,
EXP_DEnsembleModel_Alpha158_csi300_expanding_step40_s_20260112_22,5dfe27da14f64e55b157c5d6f03705b8,2026-04-01,SZ000301,-0.17186630041262796,,,
EXP_DEnsembleModel_Alpha158_csi300_expanding_step40_s_20260112_22,5dfe27da14f64e55b157c5d6f03705b8,2026-04-01,SZ000333,0.10779037974883755,,,
EXP_DEnsembleModel_Alpha158_csi300_expanding_step40_s_20260112_22,5dfe27da14f64e55b157c5d6f03705b8,2026-04-01,SZ000338,-0.048255039818188544,,,
EXP_DEnsembleModel_Alpha158_csi300_expanding_step40_s_20260112_22,5dfe27da14f64e55b157c5d6f03705b8,2026-04-01,SZ000408,-0.039125832804125356,,,
EXP_DEnsembleModel_Alpha158_csi300_expanding_step40_s_20260112_22,5dfe27da14f64e55b157c5d6f03705b8,2026-04-01,SZ000425,0.05351247281984937,,,
EXP_DEnsembleModel_Alpha158_csi300_expanding_step40_s_20260112_22,5dfe27da14f64e55b157c5d6f03705b8,2026-04-01,SZ000538,0.06527499333481551,,,
EXP_DEnsembleModel_Alpha158_csi300_expanding_step40_s_20260112_22,5dfe27da14f64e55b157c5d6f03705b8,2026-04-01,SZ000568,0.008436461032082308,,,
EXP_DEnsembleModel_Alpha158_csi300_expanding_step40_s_20260112_22,5dfe27da14f64e55b157c5d6f03705b8,2026-04-01,SZ000596,0.01198408323367551,,,
EXP_DEnsembleModel_Alpha158_csi300_expanding_step40_s_20260112_22,5dfe27da14f64e55b157c5d6f03705b8,2026-04-01,SZ000625,0.0217332629191766,,,
EXP_XGBModel_Alpha158_csi300_expanding_step40_s_20260111_00,2f2d4eb181db4668bdbd3b6e264ca822,2026-04-01,SZ302132,-0.01318262331187725,,,
