instrument,avg_score,pos_ratio,real_label,datetime,KMID,KLEN,KMID2,KUP,KUP2,KLOW,KLOW2,KSFT,KSFT2,OPEN0,HIGH0,LOW0,VWAP0,ROC5,ROC10,ROC20,ROC30,ROC60,MA5,MA10,MA20,MA30,MA60,STD5,STD10,STD20,STD30,STD60,BETA5,BETA10,BETA20,BETA30,BETA60,RSQR5,RSQR10,RSQR20,RSQR30,RSQR60,RESI5,RESI10,RESI20,RESI30,RESI60,MAX5,MAX10,MAX20,MAX30,MAX60,MIN5,MIN10,MIN20,MIN30,MIN60,QTLU5,QTLU10,QTLU20,QTLU30,QTLU60,QTLD5,QTLD10,QTLD20,QTLD30,QTLD60,RANK5,RANK10,RANK20,RANK30,RANK60,RSV5,RSV10,RSV20,RSV30,RSV60,IMAX5,IMAX10,IMAX20,IMAX30,IMAX60,IMIN5,IMIN10,IMIN20,IMIN30,IMIN60,IMXD5,IMXD10,IMXD20,IMXD30,IMXD60,CORR5,CORR10,CORR20,CORR30,CORR60,CORD5,CORD10,CORD20,CORD30,CORD60,CNTP5,CNTP10,CNTP20,CNTP30,CNTP60,CNTN5,CNTN10,CNTN20,CNTN30,CNTN60,CNTD5,CNTD10,CNTD20,CNTD30,CNTD60,SUMP5,SUMP10,SUMP20,SUMP30,SUMP60,SUMN5,SUMN10,SUMN20,SUMN30,SUMN60,SUMD5,SUMD10,SUMD20,SUMD30,SUMD60,VMA5,VMA10,VMA20,VMA30,VMA60,VSTD5,VSTD10,VSTD20,VSTD30,VSTD60,WVMA5,WVMA10,WVMA20,WVMA30,WVMA60,VSUMP5,VSUMP10,VSUMP20,VSUMP30,VSUMP60,VSUMN5,VSUMN10,VSUMN20,VSUMN30,VSUMN60,VSUMD5,VSUMD10,VSUMD20,VSUMD30,VSUMD60
SZ000708,0.12000972640085733,1.0,,2026-04-17,-0.0041641127,0.013682368,-0.30434152,0.0023795874,0.17391634,0.007138668,0.5217421,0.0005949676,0.04348426,1.0041815,1.006571,0.99283147,0.99931943,1.0149313,0.97719556,0.9592778,1.0513098,0.9378308,1.0024976,0.99865615,0.9843966,0.9957694,0.97959363,0.009002754,0.015804341,0.022003723,0.03125592,0.045222558,-0.0024976104,0.0020064933,0.002984759,-0.0010050831,0.001114505,0.19241486,0.14775221,0.64401245,0.08013848,0.18524802,0.00249762,-0.007685357,-0.012751814,0.018804315,-0.01247155,1.0250895,1.0250895,1.0250895,1.0662428,1.0954816,0.9880515,0.95400965,0.928921,0.928921,0.8823103,1.0078729,1.0110221,1.0011945,1.0200081,1.0194108,0.9982082,0.99190986,0.97019136,0.97342193,0.94206595,0.5,0.55,0.775,0.65,0.725,0.32260162,0.6470234,0.73910874,0.51760906,0.55208975,0.4,0.7,0.85,0.033333335,0.43333334,0.8,0.2,0.15,0.43333334,0.23333333,-0.4,0.5,0.7,-0.4,0.2,-0.13985124,-0.40834826,-0.5743845,-0.25901332,0.007945479,-0.92110294,-0.23238412,-0.11801931,-0.46797118,-0.09060143,0.4,0.6,0.6,0.53333336,0.53333336,0.6,0.4,0.4,0.46666667,0.46666667,-0.2,0.2,0.2,0.06666667,0.06666667,0.33727884,0.5783583,0.5765308,0.43980902,0.5310299,0.66272116,0.4216417,0.42346922,0.560191,0.46897015,-0.32544228,0.1567166,0.15306157,-0.120381966,0.062059704,1.2513076,1.5768448,1.6757323,1.8774934,2.254898,0.20624918,0.39537388,0.44043005,0.6189716,0.9930061,0.7385611,0.9545767,0.8060321,1.3496567,1.7646194,0.1669473,0.43919384,0.3845143,0.4592085,0.47999245,0.8330527,0.56080616,0.6154857,0.5407915,0.52000755,-0.6661054,-0.121612296,-0.23097141,-0.08158302,-0.04001509
SH600926,0.10580277296288865,1.0,,2026-04-17,-0.0035190317,0.00645165,-0.54544675,0.0023460947,0.36364257,0.0005865237,0.09091064,-0.0052786027,-0.8181787,1.0035315,1.0058858,0.9994114,1.0019298,1.009417,0.9910314,0.9887892,0.9751121,0.9192825,1.0095067,1.005,0.99159193,0.99189085,0.9671973,0.008055528,0.009056647,0.017204706,0.01770885,0.033973422,-0.0037219713,0.0015069994,0.0025037949,0.0008710729,0.0016845488,0.53370106,0.25380647,0.7412608,0.18751238,0.7498742,-0.002062785,-0.011781497,-0.015377971,-0.0045214295,-0.016891487,1.0217489,1.0217489,1.0217489,1.0257549,1.0257549,0.9994114,0.9817264,0.9447025,0.9447025,0.8839142,1.0170404,1.0123767,1.0083408,1.0095067,1.0000896,1.0017937,0.99869955,0.9805829,0.9776233,0.9421973,0.2,0.3,0.65,0.6,0.8,0.026350109,0.4565831,0.7177169,0.68224317,0.81842345,0.6,0.8,0.9,0.26666668,0.6333333,1.0,0.1,0.1,0.4,0.06666667,-0.4,0.7,0.8,-0.13333334,0.56666666,0.41029346,0.16708949,-0.16880356,0.08916159,-0.64812887,0.22299694,0.46416548,-0.09798713,0.029572776,0.08969907,0.4,0.6,0.65,0.6,0.5833333,0.4,0.3,0.3,0.36666667,0.4,0.0,0.3,0.35,0.23333333,0.18333334,0.3090897,0.59345794,0.5394322,0.55230916,0.58028543,0.69091034,0.4065421,0.46056777,0.4476908,0.41971454,-0.38182062,0.18691583,0.07886445,0.10461835,0.1605709,1.4321204,1.6758897,1.6578304,1.8242141,2.5906236,0.3530848,0.65602314,0.55010587,0.614465,1.3508635,1.3687133,1.111998,1.4645427,1.1597561,1.174008,0.38331145,0.48998722,0.44354886,0.48406476,0.4562224,0.61668855,0.51001275,0.55645114,0.51593524,0.54377764,-0.2333771,-0.020025548,-0.11290228,-0.031870488,-0.08755524
SH603259,0.10473986341394326,1.0,,2026-04-17,-0.053428564,0.055238165,-0.96724004,0.00066668337,0.012069253,0.0011429176,0.020690722,-0.05295233,-0.9586186,1.0564443,1.0571486,0.9987926,1.0140513,1.0698134,1.0382273,0.92141044,0.930147,1.0403225,1.0547043,1.0480708,1.0068884,0.98075974,0.98380834,0.031011151,0.029007621,0.058061466,0.060517512,0.04894522,-0.013606882,0.0025036915,0.008431807,0.00595205,0.00043370546,0.48130623,0.0682887,0.7381308,0.7496745,0.023947991,-0.027490495,-0.05933741,-0.086990565,-0.067064494,0.003397346,1.0941513,1.0941513,1.0941513,1.0941513,1.0941513,0.9987926,0.99023587,0.8762194,0.8762194,0.8762194,1.0725886,1.0702561,1.0645319,1.0481973,1.0317757,1.0504743,1.0165718,0.951684,0.924067,0.9385199,0.2,0.1,0.45,0.6333333,0.65,0.012661963,0.0939623,0.5679784,0.5679784,0.5679784,0.6,0.8,0.9,0.93333334,0.96666664,1.0,0.2,0.1,0.4,0.7,-0.4,0.6,0.8,0.53333336,0.26666668,-0.8964732,-0.63263595,-0.08153648,0.30565727,0.30333883,-0.7857682,-0.49977496,0.043457896,0.014934318,0.15264304,0.4,0.6,0.6,0.56666666,0.48333332,0.6,0.4,0.4,0.43333334,0.48333332,-0.2,0.2,0.2,0.13333334,0.0,0.122004084,0.39853117,0.59779614,0.5644655,0.4790158,0.8779959,0.60146886,0.40220383,0.43553445,0.5209842,-0.7559918,-0.20293766,0.19559231,0.12893109,-0.041968398,0.52814114,0.52886856,0.57143044,0.50184625,0.48773536,0.2700553,0.1910591,0.20650989,0.19902278,0.15803425,1.7959269,1.4263365,1.3627491,1.4591042,1.3796107,0.8531266,0.64185953,0.5934266,0.5737809,0.51261944,0.14687338,0.35814047,0.40657344,0.4262191,0.48738056,0.70625323,0.2837191,0.18685313,0.14756176,0.025238894
SZ002311,0.08841380930934657,1.0,,2026-04-17,-0.02216348,0.029890222,-0.741496,0.001016639,0.03401243,0.0067101014,0.22449152,-0.016470019,-0.5510169,1.0226659,1.0237055,0.99313784,1.0014896,1.0126806,1.1025304,1.1424288,1.1008453,1.1025304,1.0116868,1.0292797,1.0545768,1.0889034,1.0946678,0.014355882,0.02637813,0.037490226,0.059142407,0.045980453,0.0019335164,-0.006750546,-0.005282077,-0.0060715843,-0.0008161412,0.045349855,0.60034543,0.6947705,0.81678504,0.096091285,-0.015553776,0.0010977543,-0.004396996,-0.00086550193,-0.07059166,1.0355499,1.0996157,1.166578,1.2216648,1.2216648,0.98233265,0.98233265,0.98233265,0.98233265,0.98233265,1.0249157,1.0478265,1.0818815,1.1464272,1.132427,0.99996,1.0036557,1.02134,1.0347176,1.0555663,0.4,0.2,0.1,0.06666667,0.033333335,0.3319857,0.15063852,0.09589026,0.073819324,0.073819324,0.6,0.1,0.05,0.23333333,0.6166667,0.2,0.6,0.8,0.8666667,0.93333334,0.4,-0.5,-0.75,-0.6333333,-0.31666666,-0.23734835,-0.6241057,-0.27543867,0.034123812,-0.1006459,-0.006586999,-0.32705733,-0.13831145,0.077609204,0.12477773,0.4,0.3,0.4,0.43333334,0.43333334,0.6,0.7,0.6,0.56666666,0.56666666,-0.2,-0.4,-0.2,-0.13333334,-0.13333334,0.41454956,0.23168899,0.3233689,0.41738033,0.4506054,0.5854505,0.768311,0.6766311,0.58261967,0.5493946,-0.17090088,-0.536622,-0.3532622,-0.1652393,-0.0987892,1.2322559,1.2436466,1.1450257,1.1650783,1.2039576,0.31847662,0.49567497,0.4636946,0.41221756,0.41198742,0.6980406,0.7249013,1.0919664,1.017294,1.0404443,0.118384175,0.43449786,0.5010153,0.4967463,0.49697888,0.8816158,0.56550217,0.4989847,0.5032537,0.5030211,-0.76323164,-0.1310043,0.0020305945,-0.006507405,-0.006042221
SH600276,0.08754544493911019,1.0,,2026-04-17,-0.015209842,0.020804169,-0.73109585,0.0,0.0,0.005594328,0.26890418,-0.0096155135,-0.46219164,1.0154448,1.0154448,0.99431926,1.001235,1.0129583,1.0184629,0.99449545,0.9536659,1.1292374,1.0044733,1.0063548,0.99008477,0.9903007,1.0088462,0.018280255,0.013887817,0.030146103,0.025190769,0.03836038,0.0063021826,0.0006671701,0.0034790759,0.0010620187,-0.0012571405,0.2971375,0.021155173,0.46615833,0.13774732,0.3275682,-0.017077748,-0.009357044,-0.023135973,-0.005699995,0.028239435,1.037634,1.037634,1.037634,1.037634,1.1331437,0.9728392,0.9728392,0.9073324,0.9073324,0.9073324,1.0211607,1.0199527,1.0187466,1.0115384,1.0324857,0.993858,0.9971242,0.9751822,0.97876805,0.9798684,0.6,0.4,0.6,0.6666667,0.4,0.41918212,0.41918212,0.7111777,0.7111777,0.41037628,0.6,0.8,0.9,0.93333334,0.016666668,0.4,0.7,0.3,0.53333336,0.76666665,0.2,0.1,0.6,0.4,-0.75,0.19154146,0.2606065,0.37453967,0.28372002,0.08499512,0.07407907,0.4018621,0.17949177,0.26353025,0.18313044,0.4,0.4,0.45,0.46666667,0.38333333,0.6,0.6,0.55,0.53333336,0.6166667,-0.2,-0.2,-0.1,-0.06666667,-0.23333333,0.4369635,0.4419627,0.50658894,0.54120624,0.43103442,0.5630365,0.5580373,0.4934111,0.45879376,0.56896555,-0.12607302,-0.1160746,0.013177815,0.08241249,-0.13793117,1.1412139,0.99104935,1.0011559,0.87350994,0.8769929,0.30707934,0.2938113,0.33172622,0.34189558,0.31587848,0.68583775,0.8839907,1.106413,1.1920621,1.190443,0.51604974,0.4729391,0.53415966,0.5140027,0.50018024,0.48395026,0.5270609,0.46584034,0.48599732,0.4998198,0.0320995,-0.054121822,0.06831933,0.02800536,0.0003604573
SH601939,0.08686010229477964,1.0,,2026-04-17,-0.006335838,0.013727563,-0.46154135,0.003167919,0.23077068,0.004223806,0.30768797,-0.0052799513,-0.38462406,1.0063763,1.0095644,0.99574924,1.0011458,0.9816866,1.0178876,0.99233395,0.94974446,0.96379894,0.99880755,0.99263203,0.9972743,0.98813176,0.9613075,0.0063983453,0.009326664,0.012758446,0.018362323,0.031441066,0.0029386622,0.0018920051,1.9222944e-06,0.0013761276,0.0014719806,0.5273561,0.37722751,7.9453366e-07,0.43527514,0.66851234,-0.004684856,-0.0011460829,0.00270743,-0.008085623,-0.004730951,1.0180742,1.0180742,1.0283147,1.0283147,1.0283147,0.9732052,0.9678885,0.9678566,0.94466764,0.9052803,1.0044293,1.0008518,1.0044293,1.0032369,0.9948893,0.99361163,0.9844123,0.98747873,0.9729983,0.9263203,0.6,0.8,0.6,0.73333335,0.8666667,0.5971787,0.6398542,0.53166395,0.6614977,0.76986337,0.8,0.9,0.4,0.6,0.8,0.2,0.3,0.1,0.13333334,0.45,0.6,0.6,0.3,0.46666667,0.35,0.7421398,0.509072,0.21529315,0.041367352,-0.27443048,0.8400162,0.4564125,-0.131146,0.108078584,0.08703498,0.6,0.4,0.55,0.6333333,0.53333336,0.4,0.6,0.45,0.36666667,0.45,0.2,-0.2,0.1,0.26666668,0.083333336,0.82089394,0.39285684,0.51898724,0.5910493,0.5367965,0.17910607,0.60714316,0.4810128,0.4089507,0.46320346,0.6417879,-0.21428631,0.03797442,0.1820986,0.07359305,1.2212039,1.1782976,1.4173322,1.4451357,1.588607,0.35588768,0.31634673,0.4015256,0.39196825,0.4492949,0.8582189,0.89089036,0.89692014,0.85039544,0.93807673,0.5553772,0.44151515,0.433913,0.47691026,0.48514152,0.44462284,0.55848485,0.566087,0.5230897,0.5148585,0.110754326,-0.11696968,-0.13217399,-0.046179447,-0.029716985
SZ000895,0.08433452808295205,1.0,,2026-04-17,-0.007340119,0.017476344,-0.42000312,0.0059419344,0.3399987,0.0041942913,0.23999819,-0.009087763,-0.5200036,1.0073944,1.0133803,0.9957747,1.0033666,0.98380303,1.008807,1.0010628,0.9345158,0.9035265,1.005636,0.99172807,0.98792493,0.9859537,0.95284384,0.0060294312,0.015711652,0.01678825,0.017485807,0.03716868,0.00028217243,0.004355175,0.0015598647,0.0009443897,0.0019492389,0.0054754075,0.7043344,0.3021559,0.22606474,0.83883333,-0.006200327,-0.011326362,-0.0027436716,0.00035268144,-0.010346411,1.021132,1.021132,1.021132,1.021132,1.021132,0.9848581,0.9598599,0.9334553,0.93275464,0.8876797,1.0113429,1.0052817,1.0013412,1.0015563,0.9971857,1.0002834,0.97739506,0.9720474,0.9689521,0.9119083,0.2,0.6,0.675,0.65,0.825,0.41743225,0.65511215,0.7589782,0.76088893,0.8416513,0.6,0.8,0.9,0.93333334,0.96666664,0.2,0.3,0.2,0.033333335,0.13333334,0.4,0.5,0.7,0.9,0.8333333,0.2990018,0.35995594,-0.38111326,-0.14581008,0.04129433,0.91146153,0.6234062,-0.28299156,-0.092295095,0.09056903,0.4,0.4,0.45,0.53333336,0.5,0.6,0.6,0.55,0.46666667,0.5,-0.2,-0.2,-0.1,0.06666667,0.0,0.6642715,0.4592608,0.4978474,0.5995544,0.59660465,0.33572856,0.54073924,0.5021526,0.40044555,0.40339538,0.3285429,-0.081478424,-0.00430521,0.1991089,0.19320926,1.4351832,1.3490673,1.577856,1.5267388,1.4591581,0.34962508,0.26679417,0.4748563,0.42776445,0.44316393,0.9333828,0.82085705,1.0557175,1.1030477,1.1661067,0.46240816,0.4330891,0.47295853,0.4926866,0.4866339,0.5375919,0.56691086,0.5270415,0.5073134,0.5133661,-0.0751837,-0.13382177,-0.054082952,-0.014626794,-0.026732184
SH600999,0.08218835180321912,1.0,,2026-04-17,-0.008832893,0.010094703,-0.87500286,0.0,0.0,0.0012618091,0.124997154,-0.0075710844,-0.75000566,1.0089116,1.0089116,0.99872696,1.0019463,1.0109954,0.99623847,1.0115741,1.0167825,1.1006945,1.0077547,1.0032407,0.9917101,1.0010996,1.0356578,0.004937679,0.009594583,0.01698319,0.019541407,0.04003991,-0.0019097315,0.0016659622,0.0022023362,-0.0006359946,-0.0019610322,0.37397188,0.27636915,0.5885681,0.08209125,0.73161596,-0.0039351867,-0.010737593,-0.012632292,0.0081223585,0.02219263,1.017882,1.0307314,1.0307314,1.0382524,1.1043974,0.99872696,0.983507,0.9504052,0.9504052,0.9504052,1.0098958,1.0111111,1.0089699,1.017882,1.074537,1.005787,0.9910301,0.9741899,0.98217595,0.9996528,0.2,0.4,0.65,0.43333334,0.21666667,0.06646048,0.34924695,0.6174171,0.56455797,0.32206073,0.6,0.5,0.75,0.26666668,0.2,1.0,0.2,0.1,0.4,0.7,-0.4,0.3,0.65,-0.13333334,-0.5,-0.18341129,0.5051753,0.108680576,0.24034055,0.6371505,0.30834982,0.76637566,0.13560574,0.11107911,0.14643031,0.2,0.3,0.4,0.43333334,0.38333333,0.6,0.5,0.5,0.5,0.56666666,-0.4,-0.2,-0.1,-0.06666667,-0.18333334,0.26829246,0.52050453,0.47455463,0.4715685,0.4123866,0.7317076,0.47949544,0.52544534,0.52843153,0.5876134,-0.46341512,0.041009113,-0.050890733,-0.056863032,-0.17522682,0.9507499,1.0895663,1.0898749,1.1538715,1.5928345,0.17776911,0.5044583,0.4718384,0.45670852,0.75089777,0.76815087,1.2554404,1.3225976,1.2954881,1.0471995,0.20535636,0.51988536,0.49566075,0.49085274,0.45351574,0.79464364,0.48011467,0.5043393,0.5091473,0.5464843,-0.5892873,0.03977067,-0.008678513,-0.018294519,-0.09296855
SH601825,0.07902896990879622,1.0,,2026-04-17,-0.0032714608,0.01417668,-0.23076354,0.0054526096,0.38461822,0.0054526096,0.38461822,-0.0032714608,-0.23076354,1.0032822,1.0087527,0.9945295,0.9998921,1.0066006,1.0123762,0.96534646,0.92739266,0.9744224,1.0066006,1.0013201,0.990594,0.97761273,0.9538641,0.00682877,0.008922103,0.018624142,0.026775857,0.03235444,-0.0012376205,0.0016101704,0.0025621003,0.00271589,0.00142309,0.082116425,0.29855248,0.6623809,0.7973321,0.5900609,-0.0041254014,-0.008565855,-0.0149339605,-0.016993111,0.0041547664,1.0240884,1.0240884,1.0240884,1.0240884,1.0240884,0.99126506,0.97617596,0.93951946,0.91536283,0.8974374,1.0107261,1.0070957,1.0039604,1.00132,0.9879537,1.0026402,0.9945544,0.97343224,0.95874584,0.9227722,0.2,0.4,0.6,0.73333335,0.8666667,0.26611903,0.49724114,0.71516234,0.7784475,0.80980474,0.8,0.9,0.95,0.96666664,0.98333335,0.2,0.3,0.1,0.1,0.23333333,0.6,0.6,0.85,0.8666667,0.75,0.05427104,-0.03836116,-0.29027176,-0.14923568,-0.33022287,0.26631948,0.60121274,0.14678107,0.14177167,0.15611926,0.4,0.4,0.5,0.56666666,0.48333332,0.6,0.6,0.5,0.43333334,0.48333332,-0.2,-0.2,0.0,0.13333334,0.0,0.40476263,0.43243253,0.58536613,0.6222225,0.52282774,0.5952374,0.56756747,0.41463387,0.37777755,0.47717226,-0.19047475,-0.13513495,0.17073224,0.24444494,0.045655493,1.0483987,1.1994241,1.3959328,1.3986688,1.697663,0.2050786,0.30851212,0.42419407,0.41003647,0.7330861,0.79839474,0.7149935,0.8456481,0.81736016,1.0353,0.29308724,0.4496094,0.50000346,0.48923823,0.4781005,0.70691276,0.5503906,0.49999657,0.51076174,0.5218995,-0.4138255,-0.10078122,6.8696436e-06,-0.021523511,-0.04379901
SZ300498,0.06480771570809646,1.0,,2026-04-17,-0.014636969,0.019906318,-0.7352927,0.0011709861,0.05882485,0.0040983623,0.20588249,-0.011709593,-0.588235,1.0148544,1.0160428,0.9958408,1.003337,0.98023605,0.99862754,1.0183915,0.95525664,1.0035685,1.0126818,0.9976668,0.99770796,1.0063866,0.9717541,0.012281168,0.019448463,0.015786935,0.019859403,0.03981694,-8.2359504e-05,0.00490937,0.00029410637,-0.00095558696,0.0016117571,0.00011243152,0.58410704,0.012147344,0.17943607,0.49976215,-0.012517142,-0.019758934,-0.00050194864,0.0074693235,-0.019300891,1.0337063,1.0337063,1.0385048,1.0621884,1.0621884,0.97427076,0.94628227,0.94628227,0.94628227,0.89958537,1.0216305,1.0202581,1.0077409,1.0231677,1.0075213,0.9997255,0.979742,0.984628,0.9902278,0.932034,0.4,0.6,0.625,0.45,0.725,0.43289337,0.6144504,0.5824795,0.4634592,0.61754483,0.4,0.7,0.05,0.26666668,0.6333333,0.2,0.2,0.6,0.73333335,0.16666667,0.2,0.5,-0.55,-0.46666667,0.46666667,0.71454835,0.7768545,0.53704053,0.3786684,0.11875002,0.8800183,0.7904528,0.41616014,0.56821436,0.2860175,0.4,0.4,0.45,0.46666667,0.45,0.6,0.6,0.55,0.53333336,0.55,-0.2,-0.2,-0.1,-0.06666667,-0.1,0.6475411,0.5046209,0.46455017,0.5564796,0.4975029,0.3524589,0.4953791,0.5354498,0.44352043,0.50249714,0.29508218,0.009241824,-0.07089965,0.11295913,-0.0049942406,1.4955682,1.2116644,1.2554607,1.4229773,1.4365063,0.44105572,0.43982816,0.422989,0.62475735,0.5823046,0.99976957,0.86905897,0.9505235,1.2047669,1.2592802,0.533173,0.43292084,0.48598197,0.48967832,0.4948214,0.46682698,0.5670792,0.51401806,0.5103217,0.5051786,0.06634602,-0.13415831,-0.028036071,-0.020643342,-0.010357178
SZ002415,0.06387294313452657,0.875,,2026-04-17,-0.010749466,0.029859629,-0.36,0.0077635525,0.26000163,0.011346609,0.37999836,-0.007166409,-0.24000329,1.0108663,1.0187142,0.9885301,1.0029513,0.95713943,0.91759926,0.94326234,0.92847276,0.9486864,1.0021164,0.9653529,0.94322747,0.9466178,0.9531478,0.01068794,0.041246954,0.037072822,0.031037921,0.027098717,0.003078307,0.012771997,0.0048389984,0.001050044,-0.00024185175,0.20738429,0.8789118,0.59630394,0.08870159,0.024294103,-0.00827305,-0.022826888,0.010802025,0.038156595,0.05398681,1.0226431,1.0226431,1.0226431,1.0226431,1.0226431,0.94808626,0.9031152,0.89224213,0.89224213,0.89224213,1.0109318,1.0038071,0.98841166,0.96547335,0.97748744,0.9971029,0.9255148,0.91566783,0.91741925,0.92822945,0.4,0.7,0.85,0.9,0.95,0.69629717,0.8105619,0.8263576,0.8263576,0.8263576,0.4,0.7,0.85,0.9,0.95,0.2,0.2,0.15,0.43333334,0.71666664,0.2,0.5,0.7,0.46666667,0.23333333,0.1349239,0.8485966,0.78356594,0.7505335,0.5724048,0.2720099,0.51428723,0.22440965,0.23655091,0.37287763,0.6,0.5,0.5,0.56666666,0.51666665,0.4,0.5,0.5,0.43333334,0.48333332,0.2,0.0,0.0,0.13333334,0.033333335,0.75352335,0.7873936,0.6146243,0.60608214,0.5408701,0.24647662,0.21260637,0.38537565,0.39391783,0.45912993,0.50704676,0.57478726,0.22924869,0.21216433,0.08174016,0.9361613,0.67904437,0.5304937,0.5072897,0.64672846,0.3759237,0.39517546,0.3215483,0.26635164,0.3466231,0.8129093,1.0291799,1.2301468,1.2644532,1.7372772,0.5516556,0.61646694,0.55588895,0.55338997,0.48671722,0.4483444,0.38353306,0.44411102,0.44661006,0.5132828,0.103311166,0.23293388,0.11177795,0.10677989,-0.026565576
SH600023,0.061025867417429366,1.0,,2026-04-17,-0.0036165868,0.014466538,-0.24999669,0.005424976,0.37500167,0.005424976,0.37500167,-0.0036165868,-0.24999669,1.0036297,1.0090743,0.99455535,1.0004243,0.99274045,1.0,0.9909256,0.9963702,0.90018153,1.0014518,0.99491835,0.99509984,0.99630976,0.95689654,0.0045190365,0.008373853,0.01749813,0.015688293,0.046696503,0.0014519143,0.0024858413,0.0006331621,-6.056722e-06,0.002297523,0.25806573,0.80780697,0.04582628,1.1551163e-05,0.7383305,-0.0043557333,-0.0061046095,-0.0011148544,0.0037780828,-0.024673471,1.0108893,1.0108893,1.0399275,1.0399275,1.0399275,0.98185116,0.9709619,0.9473684,0.9473684,0.88747734,1.0054446,1.0025408,1.0025408,1.0039927,0.99818516,0.9989111,0.98802173,0.985118,0.9869328,0.9019964,0.4,0.7,0.7,0.7,0.85,0.6249996,0.72727185,0.5686275,0.5686275,0.7380951,0.6,0.8,0.3,0.53333336,0.76666665,0.2,0.2,0.1,0.4,0.05,0.4,0.6,0.2,0.13333334,0.71666664,-0.16298613,-0.25614458,0.28277534,0.3707109,0.13628657,0.2462283,0.5632063,0.20655811,0.34793317,0.19507182,0.6,0.6,0.6,0.53333336,0.55,0.2,0.3,0.35,0.4,0.4,0.4,0.3,0.25,0.13333334,0.15,0.69999945,0.5,0.51851845,0.5054349,0.5895765,0.30000052,0.5,0.48148155,0.49456516,0.41042352,0.39999893,0.0,0.037036892,0.010869693,0.17915298,1.3487047,1.4084876,2.1473343,2.1894903,2.3307369,0.28839636,0.23747285,1.0735998,0.9321136,0.9818474,0.7903684,1.018076,1.2626165,1.242691,1.1895069,0.351754,0.31142846,0.47749922,0.44153455,0.46526122,0.648246,0.6885716,0.52250075,0.5584654,0.5347388,-0.29649198,-0.3771431,-0.045001555,-0.11693089,-0.06947757
SZ000938,0.060105004817155534,0.875,,2026-04-17,-0.008234831,0.025778772,-0.31944227,0.01611176,0.6250011,0.0014321824,0.055556655,-0.022914408,-0.8888867,1.0083032,1.0245488,0.9985559,1.0076902,0.9779552,0.8736475,0.9664273,0.87000704,0.97760135,1.0062594,0.9771969,0.9459323,0.9359945,0.9282519,0.010927444,0.037746996,0.044203125,0.04303161,0.04002909,-0.003064009,0.010549218,0.0052664666,0.0031694977,0.00040675455,0.19655442,0.71595746,0.49682194,0.42044324,0.031492945,-0.00013145304,-0.024668353,0.004036239,0.018047765,0.05974883,1.0353551,1.0353551,1.0353551,1.0353551,1.0353551,0.967482,0.8761318,0.8609788,0.83858865,0.83858865,1.015138,1.0074223,0.9936091,0.97593284,0.9610577,0.99840224,0.94913536,0.90750325,0.8994843,0.898018,0.4,0.7,0.85,0.9,0.93333334,0.47909993,0.77795255,0.79724807,0.8203193,0.8203193,0.8,0.9,0.95,0.96666664,0.98333335,0.2,0.1,0.35,0.06666667,0.53333336,0.6,0.8,0.6,0.9,0.45,0.7245834,0.6034413,0.80578864,0.78824705,0.71136236,0.8987345,0.9439328,0.75942516,0.7087922,0.61803263,0.4,0.6,0.5,0.56666666,0.45,0.6,0.4,0.5,0.43333334,0.55,-0.2,0.2,0.0,0.13333334,-0.1,0.6049088,0.7582146,0.5382136,0.5948639,0.5102475,0.39509118,0.24178538,0.46178636,0.4051361,0.48975247,0.20981763,0.51642925,0.07642728,0.18972777,0.020495044,1.4506408,1.3529602,1.1230091,1.0664423,0.8326556,0.40350604,0.35765693,0.34995624,0.4359207,0.42488825,0.91448945,0.8264243,0.87087727,0.9824488,1.212763,0.42583853,0.5196082,0.43383175,0.5240435,0.49011114,0.57416147,0.4803918,0.56616825,0.47595647,0.5098888,-0.14832295,0.03921643,-0.13233651,0.048087034,-0.0197777
SH600886,0.05689265700205304,1.0,,2026-04-17,-0.007518769,0.013533906,-0.5555505,0.004511302,0.33333334,0.0015038354,0.11111614,-0.010526235,-0.7777677,1.0075758,1.0121212,0.9984848,1.0017415,1.0159154,1.0719718,1.1030282,1.0401549,1.0068169,1.0063661,1.0161407,1.0536407,1.0687163,1.0318227,0.0056838803,0.014206893,0.042360045,0.04309752,0.049760185,-0.0005295784,-0.0038251649,-0.0065015755,-0.0037474737,0.0014233153,0.021702545,0.6645284,0.8245035,0.5859686,0.24953881,-0.0053069834,0.0010725012,0.008124227,-0.014377959,-0.073810466,1.024253,1.0712233,1.1333421,1.1477327,1.1477327,0.99243003,0.99243003,0.99243003,0.99243003,0.96213144,1.0106139,1.0209154,1.0968196,1.1092505,1.0913662,1.0012168,1.0057577,1.0128789,1.0183378,0.9875829,0.2,0.1,0.05,0.033333335,0.36666667,0.23787728,0.09607383,0.053721182,0.048743274,0.20403169,0.8,0.1,0.25,0.16666667,0.5833333,0.4,0.7,0.85,0.9,0.18333334,0.4,-0.6,-0.6,-0.73333335,0.4,-0.014297802,-0.212196,0.5338983,0.5801324,0.40454784,-0.47516724,-0.4940324,-0.22573912,0.0454192,0.09663846,0.2,0.2,0.3,0.4,0.45,0.8,0.8,0.7,0.6,0.51666665,-0.6,-0.6,-0.4,-0.2,-0.06666667,0.30175737,0.17235358,0.31215668,0.4524215,0.49496233,0.69824266,0.82764643,0.6878433,0.5475785,0.50503767,-0.39648527,-0.6552928,-0.37568668,-0.095157005,-0.010075352,1.1143223,1.0847054,1.2289058,1.6385086,1.5797685,0.10097227,0.19259994,0.3203298,0.84145397,0.7564312,0.41002187,0.96819484,0.7661319,0.9640682,0.9989862,0.53561354,0.46339726,0.4599614,0.46126497,0.49260703,0.46438646,0.53660274,0.5400386,0.53873503,0.507393,0.07122709,-0.07320545,-0.08007718,-0.07747008,-0.014785968
SH601229,0.05652688378425075,1.0,,2026-04-17,-0.006122411,0.012244905,-0.49999663,0.0040816627,0.33333558,0.0020408314,0.16666779,-0.008163243,-0.6666644,1.0061601,1.0102669,0.9979466,1.0025597,0.9847036,1.0196668,1.023764,1.0021851,1.0226713,1.001912,0.9982245,1.0046571,1.0056996,0.99861604,0.011470647,0.010812525,0.011637604,0.013508735,0.023012893,0.0033870612,0.0008823625,-0.00066028186,-0.00015179682,0.0005115989,0.2179768,0.06104517,0.11266774,0.00978583,0.15073587,-0.008686154,-0.0021951287,0.0016155071,-0.0034986376,-0.013708189,1.0237384,1.0237384,1.0319993,1.035039,1.0412558,0.97745067,0.97745067,0.97745067,0.97738504,0.9352826,1.0079213,1.0068834,1.0155694,1.0177001,1.0155694,0.9967222,0.98710734,0.991587,0.991587,0.9844851,0.4,0.6,0.35,0.36666667,0.41666666,0.48715663,0.48715663,0.41338015,0.39225358,0.61069596,0.8,0.9,0.45,0.26666668,0.33333334,0.2,0.6,0.8,0.1,0.18333334,0.6,0.3,-0.35,0.16666667,0.15,0.4778743,0.18879268,0.055197187,0.118453115,-0.3963146,0.6804,0.19414774,-0.1283031,0.009059939,0.11229932,0.4,0.3,0.3,0.36666667,0.4,0.6,0.7,0.65,0.6,0.55,-0.2,-0.4,-0.35,-0.23333333,-0.15,0.6647065,0.39772716,0.43419066,0.49576283,0.48079598,0.33529347,0.60227287,0.5658093,0.5042372,0.519204,0.32941306,-0.20454569,-0.13161865,-0.008474369,-0.03840806,1.5741531,1.5860907,1.673498,1.7420876,2.1705425,0.5685963,0.45764118,0.3986841,0.38748267,0.7924403,1.1731071,0.9446875,1.0544145,0.9725591,1.2794131,0.41011956,0.48491803,0.4709002,0.4605793,0.48056805,0.58988047,0.515082,0.5290998,0.5394207,0.51943195,-0.1797609,-0.03016396,-0.058199596,-0.07884142,-0.038863905
SH600196,0.05351753237078066,1.0,,2026-04-17,-0.016917305,0.019924782,-0.84905845,0.0,0.0,0.0030074774,0.15094155,-0.013909827,-0.6981169,1.0172085,1.0172085,0.9969408,1.0031005,1.01262,1.0348147,0.96598536,0.964824,1.0734231,1.0130898,1.0159957,0.99972516,0.99460703,1.0097898,0.010054052,0.008032789,0.035361115,0.030021045,0.032585587,-0.0006168003,-0.0012150009,0.003993356,0.0017869148,-0.00086316874,0.009409074,0.2097161,0.44636714,0.27457294,0.21401301,-0.011856116,-0.010528178,-0.03766205,-0.020517318,0.015673708,1.0359688,1.0359688,1.0459048,1.0459048,1.0879782,0.9946629,0.9946629,0.9028715,0.9028715,0.9028715,1.0218024,1.0218024,1.0218024,1.0204346,1.0352793,1.0061319,1.0110302,0.9692681,0.9756065,0.983483,0.2,0.1,0.35,0.53333336,0.33333334,0.12920955,0.12920955,0.6790623,0.6790623,0.52471626,0.6,0.8,0.5,0.6666667,0.15,0.4,0.7,0.1,0.4,0.7,0.2,0.1,0.4,0.26666668,-0.55,0.42859536,0.44235387,0.42428768,0.47086883,0.38398537,0.38240692,0.49819398,0.20605925,0.22720547,0.24482735,0.4,0.3,0.4,0.43333334,0.41666666,0.6,0.7,0.6,0.56666666,0.5833333,-0.2,-0.4,-0.2,-0.13333334,-0.16666667,0.36588055,0.27805224,0.56360996,0.54769397,0.44420475,0.63411945,0.7219477,0.43639004,0.45230603,0.55579525,-0.2682389,-0.4438955,0.12721993,0.095387936,-0.11159052,0.9480107,0.92327774,1.0292894,0.88566005,0.89491224,0.35054833,0.24743095,0.32908514,0.34162933,0.3374848,0.93918264,0.9413283,1.0551956,1.1333185,1.1215471,0.5603714,0.41218552,0.5390553,0.52898353,0.47221676,0.4396286,0.58781445,0.4609447,0.4710165,0.5277832,0.1207428,-0.17562896,0.07811058,0.05796703,-0.055566486
SH600061,0.04133004889896145,1.0,,2026-04-17,-0.008633098,0.011510824,-0.7499983,0.0,0.0,0.0028777255,0.2500017,-0.0057553723,-0.4999966,1.0087082,1.0087082,0.9970972,1.0006175,1.0044047,1.0086625,1.0537366,1.0463955,1.1349287,1.0098664,0.9995595,1.0021069,1.0203689,1.0602677,0.005938901,0.015451866,0.015320781,0.02925046,0.047657646,-0.0029070617,0.0035450698,3.2787448e-05,-0.0023946078,-0.0024936576,0.5990131,0.48250207,0.00016029557,0.5194037,0.83504194,-0.0040522492,-0.015512326,-0.0024183379,0.01435283,0.013295221,1.0203578,1.024725,1.0580865,1.0783812,1.1595956,0.99563384,0.97244793,0.97244793,0.97244793,0.97244793,1.0124798,1.011599,1.011599,1.0569372,1.1074731,1.0081044,0.981383,0.98898834,0.99853176,1.00693,0.2,0.4,0.45,0.3,0.15,0.17659584,0.52704,0.32172495,0.26008913,0.147221,0.4,0.5,0.05,0.26666668,0.16666667,0.2,0.2,0.6,0.73333335,0.8666667,0.2,0.3,-0.55,-0.46666667,-0.7,-0.45879337,-0.004682384,-0.1516044,-0.02713514,0.48184836,-0.49114752,0.15763985,-0.1512555,-0.08122458,0.05407272,0.4,0.5,0.5,0.5,0.45,0.6,0.5,0.45,0.43333334,0.48333332,-0.2,0.0,0.05,0.06666667,-0.033333335,0.42021224,0.46891475,0.40213913,0.43118474,0.3951153,0.57978773,0.53108525,0.5978609,0.5688153,0.6048847,-0.1595755,-0.06217048,-0.19572176,-0.13763055,-0.20976943,0.8879762,1.0550345,1.0083663,1.0013026,1.3187544,0.16536005,0.36841732,0.35019293,0.308258,0.70000374,0.7105867,1.0313864,1.3681448,1.4755982,1.217881,0.22245198,0.54077137,0.50784117,0.5075349,0.47352666,0.777548,0.45922866,0.49215883,0.49246505,0.52647334,-0.55509603,0.08154267,0.01568237,0.015069893,-0.052946705
SH601018,0.03878249375131927,0.875,,2026-04-17,-0.012853478,0.01799487,-0.71428573,0.0025706957,0.14285715,0.0025706957,0.14285715,-0.012853478,-0.71428573,1.0130209,1.015625,0.9973958,1.0026373,1.0148699,1.0613382,1.0855019,1.1059479,0.9498141,1.0096654,1.0187732,1.0417286,1.0614622,1.0476456,0.007364897,0.013009665,0.02751322,0.037068594,0.049225096,-0.0020446135,-0.0036611452,-0.0038222873,-0.003901071,0.00096846395,0.19267663,0.7259608,0.6755101,0.8583356,0.118057504,-0.005576184,-0.0022980592,-0.0054168697,-0.0048966515,-0.07621526,1.0245296,1.0650744,1.0963043,1.1319702,1.1319702,0.9966542,0.9966542,0.9966542,0.9966542,0.9416367,1.0152416,1.0286245,1.0724907,1.0966542,1.0869888,1.002974,1.0111524,1.0148699,1.0197026,1.0081784,0.2,0.1,0.05,0.033333335,0.18333334,0.12002577,0.048900276,0.03357513,0.024725568,0.30663708,0.6,0.1,0.4,0.06666667,0.53333336,0.2,0.6,0.8,0.8666667,0.033333335,0.4,-0.5,-0.4,-0.8,0.5,0.4134183,0.56272686,0.34497178,0.5224675,0.06394329,0.4137709,0.5536916,-0.4130816,-0.42608944,0.14118482,0.2,0.2,0.3,0.36666667,0.48333332,0.6,0.7,0.6,0.5,0.38333333,-0.4,-0.5,-0.3,-0.13333334,0.1,0.31818146,0.2295079,0.33802807,0.35233164,0.538682,0.68181854,0.7704921,0.6619719,0.64766836,0.46131802,-0.36363706,-0.5409842,-0.32394385,-0.29533672,0.07736396,1.0177768,1.0501459,1.2022837,1.2882587,1.752735,0.108068794,0.12353294,0.28139177,0.28844285,0.8066618,0.7456388,0.6067154,1.1283127,1.1189132,1.2710649,0.57244813,0.40709752,0.45797828,0.4372987,0.48890048,0.42755187,0.5929025,0.54202175,0.5627013,0.5110995,0.14489625,-0.18580498,-0.084043466,-0.12540263,-0.022199038
SH600741,0.036515674233060305,0.625,,2026-04-17,-0.005839348,0.01703165,-0.34285274,0.005352872,0.3142897,0.00583943,0.34285757,-0.00535279,-0.3142849,1.0058737,1.011258,0.99412626,0.9996139,1.0019552,0.9755313,0.91727537,0.9040634,0.9789506,1.0047972,0.9965256,0.9514947,0.94139445,0.9472845,0.0035878813,0.013596043,0.05478206,0.046936747,0.040546075,-0.0011265208,0.003455622,0.008427644,0.0038611689,-0.00013762855,0.24645767,0.5921597,0.82833064,0.5244611,0.003514142,-0.0025441865,-0.012075901,-0.031557288,0.0026185962,0.05677553,1.0161529,1.0161529,1.0161529,1.0161529,1.0220267,0.9843354,0.9667178,0.8492428,0.8492428,0.8492428,1.0076393,1.006561,1.0030334,1.000391,0.9949098,1.0019568,0.98257816,0.8842921,0.89691997,0.9168843,0.2,0.4,0.7,0.8,0.8333333,0.49232712,0.6732512,0.9032242,0.9032242,0.87251896,0.8,0.9,0.95,0.96666664,0.1,0.6,0.1,0.35,0.56666666,0.78333336,0.2,0.8,0.6,0.4,-0.68333334,0.8950088,-0.31020543,0.42477798,0.4802519,0.3142977,0.8883376,0.622506,0.40303874,0.27996132,0.14789906,0.4,0.5,0.55,0.5,0.5,0.6,0.5,0.45,0.5,0.5,-0.2,0.0,0.1,0.0,0.0,0.46161535,0.6784794,0.6615537,0.6360973,0.51550174,0.5383847,0.32152063,0.3384463,0.36390266,0.48449826,-0.07676931,0.35695872,0.32310742,0.27219465,0.0310035,1.3592516,1.5606526,1.6829263,1.4195445,1.3528943,0.30620697,0.35551783,1.0493317,0.934309,0.76896125,0.5436216,1.0834154,2.2435083,2.4329379,2.2091513,0.41454363,0.31496775,0.5125243,0.49448267,0.49307117,0.5854564,0.68503225,0.48747572,0.5055173,0.50692886,-0.17091273,-0.37006453,0.025048563,-0.011034658,-0.013857678
SH600674,0.03607017064694856,0.875,,2026-04-17,-0.008196676,0.0116120195,-0.7058786,0.0,0.0,0.0034153434,0.29412138,-0.004781333,-0.4117572,1.0082644,1.0082644,0.9965564,1.000383,1.0089602,1.0461379,1.0654253,1.0454698,0.9593597,1.0008322,1.0107493,1.0320657,1.0482388,1.0114479,0.007963678,0.014172204,0.028267773,0.0342529,0.04816771,0.0029614593,-0.0035055128,-0.004247871,-0.0034767136,0.0016405621,0.34571975,0.5608411,0.7903647,0.7984447,0.35381252,-0.0067551415,0.005025516,0.008289069,0.002173554,-0.05984448,1.0193009,1.0420084,1.0854043,1.1267246,1.1267246,0.9814174,0.9814174,0.9814174,0.9814174,0.93112427,1.0085411,1.022999,1.0614341,1.077417,1.0626795,0.99353033,0.99876076,1.0088205,1.0096588,0.964748,0.6,0.3,0.15,0.1,0.48333332,0.49051893,0.30668864,0.17870106,0.12788467,0.35212472,0.8,0.1,0.25,0.2,0.6,0.4,0.7,0.85,0.9,0.18333334,0.4,-0.6,-0.6,-0.7,0.41666666,-0.27719435,0.31007713,0.65386146,0.7305753,0.58044213,0.23842514,0.38276643,0.29784366,0.42847356,0.42940822,0.4,0.3,0.35,0.36666667,0.41666666,0.6,0.7,0.65,0.6,0.55,-0.2,-0.4,-0.3,-0.23333333,-0.13333334,0.39678103,0.22331497,0.36621138,0.43954453,0.53109026,0.603219,0.776685,0.63378865,0.56045544,0.46890977,-0.20643796,-0.55337006,-0.26757723,-0.12091093,0.062180478,0.9297672,0.9927912,1.2355405,1.4687359,1.3701493,0.09766768,0.16238727,0.36593664,0.64040184,0.6802858,0.83342946,0.77366894,0.9643291,1.2714626,1.2569866,0.34424832,0.29140505,0.4767418,0.47405887,0.5001986,0.6557517,0.7085949,0.5232582,0.52594113,0.49980143,-0.31150338,-0.41718987,-0.04651642,-0.05188226,0.00039715227
SH601607,0.034031581770168025,1.0,,2026-04-17,-0.008751543,0.010501787,-0.83333856,0.0,0.0,0.0017502431,0.16666147,-0.0070013003,-0.66667706,1.0088288,1.0088288,0.99823433,1.000776,1.0100175,1.020035,1.0053003,1.0023851,1.0347167,1.0062543,1.0100758,0.99871475,1.003424,1.0106058,0.0060979566,0.0068548466,0.018717859,0.016759442,0.014916246,-0.00035512308,-0.0015512111,0.0021386354,1.4432504e-05,-0.000443337,0.008478697,0.46941584,0.4569085,5.747328e-05,0.26943174,-0.0055441083,-0.0030953903,-0.019031765,-0.0036332845,0.002472573,1.0170918,1.0224005,1.0224005,1.0235778,1.0406332,0.99473894,0.99473894,0.95527995,0.95527995,0.95527995,1.0101448,1.0171834,1.0156676,1.0166005,1.018869,1.0014417,1.0046006,0.9810569,0.9930567,1.0049505,0.2,0.1,0.4,0.26666668,0.13333334,0.23536402,0.1901933,0.66626436,0.65478003,0.52394104,0.8,0.1,0.55,0.26666668,0.15,0.4,0.7,0.1,0.4,0.7,0.4,-0.6,0.45,-0.13333334,-0.55,0.5868354,0.8351144,0.44332477,0.2229546,0.35942128,0.56957567,0.61986405,0.08155641,0.11597019,0.09739495,0.2,0.3,0.5,0.53333336,0.46666667,0.8,0.7,0.5,0.43333334,0.51666665,-0.6,-0.4,0.0,0.1,-0.05,0.36480632,0.32270116,0.48524195,0.4943736,0.4506107,0.63519365,0.67729884,0.51475805,0.50562644,0.5493893,-0.27038735,-0.3545977,-0.02951609,-0.01125284,-0.09877859,1.0725166,1.2531158,1.3161604,1.2043598,1.333391,0.28699455,0.33611605,0.4664301,0.42139962,0.57076496,0.832956,0.9260323,1.200694,1.3940922,1.2662753,0.46174353,0.32622388,0.5014825,0.5161312,0.39521053,0.53825647,0.6737761,0.4985175,0.4838688,0.6047895,-0.076512955,-0.34755224,0.002964977,0.0322624,-0.20957895
SZ000963,0.03320043330952684,0.75,,2026-04-17,-0.019356681,0.023057258,-0.83950484,0.0022772662,0.0987657,0.0014233121,0.06172946,-0.020210635,-0.8765411,1.0197388,1.022061,0.99854857,1.0043545,1.0464525,1.0705398,1.0345488,0.98142326,1.134988,1.0179396,1.0328591,1.0239043,1.02453,1.0424455,0.013120608,0.018276665,0.028059267,0.02427524,0.03735196,-0.0019437622,-0.0049215695,0.0018296872,0.00059501623,-0.0013344401,0.0548679,0.66469854,0.14882267,0.04656207,0.3892882,-0.014052027,-0.01071199,-0.041286375,-0.033157755,-0.0030795578,1.0449865,1.0629832,1.0786676,1.0786676,1.1442686,0.99768466,0.99768466,0.9608135,0.9608135,0.9608135,1.026593,1.0476106,1.0476106,1.0464525,1.066648,1.0111417,1.0155631,0.9983167,1.0111417,1.014857,0.2,0.1,0.25,0.2,0.16666667,0.048948597,0.035458088,0.3324998,0.3324998,0.2136025,0.2,0.3,0.5,0.6666667,0.06666667,0.4,0.7,0.3,0.53333336,0.76666665,-0.2,-0.4,0.2,0.13333334,-0.7,0.6236547,0.15103368,0.5880381,0.48841363,0.060729697,0.4134314,0.46705544,0.4508839,0.50640666,0.17277905,0.4,0.4,0.5,0.5,0.43333334,0.6,0.6,0.5,0.5,0.56666666,-0.2,-0.2,0.0,0.0,-0.13333334,0.2402507,0.24314184,0.45020172,0.51900125,0.41423455,0.7597493,0.75685817,0.5497983,0.48099872,0.5857654,-0.5194986,-0.5137163,-0.099596575,0.038002536,-0.17153089,1.0636611,1.0397013,1.057367,0.9932637,0.9332841,0.20364341,0.16769911,0.34346843,0.32485098,0.33496457,0.6664596,0.7408492,1.1529853,1.1284122,1.3185886,0.5117768,0.3655515,0.51444536,0.5200807,0.481883,0.4882232,0.63444847,0.4855546,0.4799193,0.518117,0.02355362,-0.26889697,0.028890776,0.040161375,-0.036234014
SH601009,0.030285594472209514,0.875,,2026-04-17,-0.0017969523,0.008086228,-0.22222379,0.0017969523,0.22222379,0.0044923234,0.5555524,0.00089841895,0.11110482,1.0018002,1.0036004,0.9954996,0.99978757,0.9819866,1.0162374,1.032475,1.0153495,0.9621971,0.9953317,0.9959533,1.0035203,1.0069728,0.9935177,0.010449758,0.009467223,0.013814867,0.015390792,0.030784115,0.0049473583,-0.0002206479,-0.0008873193,-0.0005534506,0.001058048,0.56036925,0.0049792714,0.14438914,0.1002161,0.36029413,-0.005226443,0.0050396076,0.004909304,0.0010522233,-0.024730116,1.0144016,1.0170527,1.0351702,1.0432768,1.0432768,0.9729978,0.9729978,0.9729978,0.9729978,0.9262657,1.0014461,1.0037549,1.016415,1.0199671,1.0190791,0.98688316,0.9870608,0.9911708,0.99660033,0.9546112,0.7,0.55,0.325,0.31666666,0.425,0.6521691,0.6129221,0.4343123,0.38421473,0.630148,0.8,0.1,0.05,0.33333334,0.6666667,0.2,0.6,0.8,0.8666667,0.1,0.6,-0.5,-0.75,-0.53333336,0.56666666,0.3899403,0.21923877,0.14157094,0.2486953,-0.46189797,0.9273494,0.5719444,-0.16435926,-0.053665392,0.10251813,0.4,0.3,0.4,0.43333334,0.43333334,0.4,0.6,0.55,0.53333336,0.55,0.0,-0.3,-0.15,-0.1,-0.11666667,0.7629624,0.39297673,0.4165579,0.4711216,0.5362002,0.23703761,0.6070233,0.5834421,0.5288784,0.46379977,0.5259248,-0.21404655,-0.16688421,-0.057756763,0.07240047,1.4674809,1.5931358,1.8272539,1.8503904,2.3290734,0.39962676,0.45803764,0.5393064,0.50415164,0.8377241,1.2871702,0.900151,1.4068942,1.3398948,1.3293141,0.33466572,0.4543042,0.47104666,0.4902314,0.46771666,0.6653343,0.5456958,0.5289533,0.5097686,0.53228337,-0.33066854,-0.09139161,-0.057906665,-0.019537192,-0.06456668
SZ002352,0.029962293378366013,0.875,,2026-04-17,-0.017665936,0.019004362,-0.9295727,0.0,0.0,0.001338426,0.070427306,-0.01632751,-0.8591454,1.0179837,1.0179837,0.9986375,1.0025564,1.0177126,1.0392567,0.99645746,1.000506,1.0503904,1.014011,1.0198959,1.0126554,1.013958,1.0276556,0.010928002,0.010455582,0.021071061,0.018238842,0.025597813,-0.00044100228,-0.0020943894,0.001747775,0.0003315177,-0.00089884974,0.004071366,0.36781532,0.24080543,0.02560475,0.37606966,-0.013128974,-0.01047111,-0.029259257,-0.018764935,-0.0011395596,1.0417026,1.0425087,1.0534146,1.0534146,1.092071,0.9986375,0.9986375,0.9566893,0.9566893,0.9566893,1.0239733,1.0268797,1.0305811,1.0277472,1.0517061,1.0058993,1.0119433,0.9998843,1.0012723,1.0086466,0.2,0.1,0.25,0.2,0.11666667,0.031638008,0.031056672,0.4477698,0.4477698,0.3199151,0.6,0.1,0.45,0.6333333,0.06666667,1.0,1.0,0.1,0.4,0.7,-0.4,-0.9,0.35,0.23333333,-0.6333333,-0.2815586,-0.10706273,0.08981316,0.15664035,0.42313817,-0.3136405,0.13304783,0.25467175,0.32506892,0.31964135,0.4,0.4,0.6,0.53333336,0.45,0.6,0.6,0.4,0.43333334,0.51666665,-0.2,-0.2,0.2,0.1,-0.06666667,0.33986914,0.294162,0.5074628,0.49924,0.4615809,0.66013086,0.70583797,0.4925372,0.50075996,0.53841907,-0.32026172,-0.411676,0.014925583,-0.0015199654,-0.07683818,0.75218534,0.6926392,0.7866185,0.7670331,0.94723994,0.20592622,0.19389431,0.3420563,0.31736594,0.38248628,0.91848963,0.9240655,1.511477,1.4470216,1.1736114,0.66251487,0.51968277,0.5308069,0.514374,0.4980659,0.33748513,0.48031726,0.4691931,0.48562595,0.5019341,0.32502973,0.03936548,0.061613813,0.028748075,-0.003868207
SH600919,0.02920107766181175,1.0,,2026-04-17,-0.0064220033,0.01100925,-0.58332795,0.0027523714,0.25000536,0.001834875,0.16666667,-0.0073395,-0.6666667,1.0064635,1.0092337,0.99815327,1.0025845,0.99503314,1.004415,1.0033113,0.97737306,0.9343267,1.0027593,1.0004967,0.99820644,0.9947388,0.9666667,0.0056280578,0.00506772,0.010361664,0.0140160965,0.035524435,0.001158941,0.00077931443,0.0007273983,0.00087489956,0.0018550346,0.10600968,0.21677622,0.17248592,0.30197012,0.8316671,-0.0050772787,-0.004003625,-0.005116704,-0.007424836,-0.021390202,1.0162237,1.0162237,1.0182832,1.0182832,1.0182832,0.98948526,0.98133564,0.95841825,0.95339555,0.89070916,1.0070641,1.0047462,1.004415,1.0047462,0.99911696,0.99867547,0.9974614,0.99613684,0.9870861,0.9343267,0.6,0.7,0.65,0.6333333,0.81666666,0.39324483,0.5349789,0.69459146,0.718232,0.8566849,0.8,0.9,0.45,0.6333333,0.81666666,0.2,0.3,0.1,0.13333334,0.05,0.6,0.6,0.35,0.5,0.76666665,0.8766551,0.66891813,-0.46175465,-0.327628,-0.6594003,0.8206378,0.7802707,-0.29769683,-0.18905535,-0.06045847,0.6,0.4,0.45,0.43333334,0.45,0.4,0.6,0.45,0.46666667,0.46666667,0.2,-0.2,0.0,-0.033333335,-0.016666668,0.59183645,0.45833313,0.49038467,0.54800934,0.56769055,0.40816355,0.54166687,0.50961536,0.45199066,0.43230948,0.18367293,-0.08333371,-0.019230677,0.096018665,0.13538106,1.0776333,1.09743,1.4309796,1.5347526,1.863595,0.15441298,0.24095362,0.54818445,0.49212155,0.70393586,0.85769403,0.7755938,1.7414432,1.6067917,1.4369819,0.5099505,0.49503678,0.45355365,0.46950245,0.4655993,0.49004945,0.5049632,0.5464463,0.53049755,0.5344007,0.019901078,-0.009926415,-0.09289269,-0.060995094,-0.0688014
SH601006,0.02848303228028698,0.75,,2026-04-17,-0.00756147,0.0094517665,-0.800006,0.0018902969,0.19999403,0.0,0.0,-0.0094517665,-1.0,1.007619,1.0095237,1.0,1.003587,0.990634,1.0151297,1.0036023,0.98847264,0.9697406,0.99913543,0.9940922,1.0038184,1.0049952,0.9844981,0.0055667036,0.0070328624,0.012333645,0.012625536,0.023946298,0.002305475,0.0018077041,-0.0010736503,-0.00042442314,0.0011065956,0.42880976,0.60562235,0.26522282,0.08757903,0.6513297,-0.0037464015,-0.0022268866,0.0063812286,0.0011589333,-0.01714265,1.0110126,1.0173049,1.0323213,1.0340681,1.0340681,0.9844582,0.98296535,0.98296535,0.9808543,0.94267064,1.0014409,1.0,1.0151297,1.0155619,1.0076369,0.9955331,0.9894813,0.9917868,0.99207497,0.9596542,0.7,0.85,0.425,0.4,0.7,0.58528084,0.49606532,0.34513915,0.35978812,0.6272533,0.8,0.1,0.4,0.16666667,0.5833333,0.2,0.2,0.6,0.033333335,0.05,0.6,-0.1,-0.2,0.13333334,0.53333336,0.91523343,0.28211007,0.6021131,0.59208417,0.09181491,0.9304318,0.21251933,0.2876438,0.3516754,0.45202896,0.6,0.5,0.5,0.5,0.5,0.4,0.5,0.45,0.43333334,0.43333334,0.2,0.0,0.05,0.06666667,0.06666667,0.65116256,0.41176477,0.48908293,0.52395207,0.5347682,0.34883744,0.5882352,0.51091707,0.47604793,0.46523178,0.30232516,-0.17647046,-0.021834107,0.04790414,0.069536455,1.3414673,1.4888605,2.151835,2.3745275,2.4844594,0.58226776,0.62341464,1.1280932,1.0835452,1.0817136,0.939787,1.2200292,1.2916893,1.2706966,1.13438,0.45916024,0.4796993,0.47016206,0.4771823,0.45443398,0.5408398,0.5203007,0.52983797,0.5228177,0.545566,-0.08167954,-0.04060135,-0.059675887,-0.045635376,-0.09113202
SH600011,0.027292166284361315,0.875,,2026-04-17,-0.0071530696,0.01716735,-0.4166671,0.0057224208,0.3333316,0.0042918595,0.25000128,-0.008583631,-0.49999744,1.0072047,1.0129683,0.99567723,1.0033085,0.9855625,1.0130755,1.0779079,1.0779079,1.0577499,1.0029964,0.99346226,1.0253881,1.0498683,1.0418777,0.004880538,0.012249165,0.041837305,0.050261803,0.043035917,0.0011168608,0.003037733,-0.00557755,-0.004988502,-0.00034980493,0.13091901,0.56376445,0.6220532,0.76342416,0.020150676,-0.005230177,-0.0071320683,0.027598552,0.022464948,-0.031558525,1.0145606,1.0145606,1.131282,1.1529166,1.1529166,0.97709984,0.9597546,0.9597546,0.9597546,0.9597546,1.0076274,1.0027785,1.0801417,1.0932171,1.0801417,0.9994552,0.9852901,0.99204576,0.9994552,1.0,0.4,0.7,0.35,0.23333333,0.2,0.6113108,0.7343248,0.23462977,0.20835075,0.20835075,0.8,0.9,0.2,0.2,0.6,0.2,0.2,0.6,0.73333335,0.8666667,0.6,0.7,-0.4,-0.53333336,-0.26666668,-0.62238055,-0.42009962,0.7465264,0.6573586,0.5778362,0.42036048,-0.24518423,0.06165734,0.14947455,0.04121627,0.6,0.5,0.45,0.4,0.43333334,0.4,0.5,0.55,0.56666666,0.48333332,0.2,0.0,-0.1,-0.16666667,-0.05,0.72649574,0.4361703,0.36759263,0.41062498,0.45963448,0.2735043,0.56382966,0.63240737,0.589375,0.5403655,0.45299146,-0.12765935,-0.2648147,-0.17875002,-0.08073105,1.0554833,1.1251696,1.6024524,1.639972,1.4472057,0.19216995,0.33851075,0.7961136,0.68183273,0.6922673,0.74760866,1.0518837,1.0690708,1.0185587,1.1556627,0.60253316,0.50486356,0.47346413,0.4740053,0.49622864,0.39746684,0.49513644,0.52653587,0.5259947,0.50377136,0.20506632,0.009727148,-0.053071763,-0.051989384,-0.007542711
SH601169,0.027029861629095275,0.875,,2026-04-17,-0.0018415763,0.005524931,-0.33332112,0.0018416774,0.33333942,0.0018416774,0.33333942,-0.0018415763,-0.33332112,1.001845,1.00369,0.99815494,1.0000032,0.9947565,1.0149813,1.0074905,0.99662924,0.99288386,1.001573,1.0005243,1.0025655,1.0039824,0.9953308,0.005239445,0.0053324574,0.010228331,0.009896707,0.014323196,0.0010486986,0.00024969346,0.00011573796,-6.84067e-05,0.0005597472,0.10015459,0.02009884,0.004481363,0.0037026913,0.4658047,-0.0036704047,-0.0016479294,-0.0036650219,-0.002990587,-0.01184335,1.0112085,1.0166612,1.0223904,1.0242631,1.0242631,0.99106544,0.99106544,0.96894085,0.96894085,0.96145046,1.0033708,1.0044943,1.0097378,1.0131085,1.0093633,0.9989513,0.9947565,0.9962547,0.9962547,0.9831461,0.4,0.5,0.375,0.35,0.60833335,0.44355354,0.34906438,0.58109385,0.5614221,0.61372226,0.6,0.1,0.4,0.26666668,0.6333333,0.2,0.6,0.1,0.4,0.05,0.4,-0.5,0.3,-0.13333334,0.5833333,0.5479737,0.5212652,-0.1572462,0.050645567,-0.44399717,0.35320202,0.4228396,-0.25219387,-0.18322971,-0.00870912,0.4,0.3,0.4,0.46666667,0.48333332,0.4,0.6,0.55,0.46666667,0.45,0.0,-0.3,-0.15,0.0,0.033333335,0.6093758,0.39247334,0.47835517,0.50777197,0.50800335,0.3906242,0.60752666,0.52164483,0.492228,0.49199662,0.21875158,-0.2150533,-0.043289673,0.015543983,0.016006766,1.141218,1.191096,1.630552,1.7291964,2.0350757,0.19825763,0.2177355,0.72352415,0.63856566,0.74316114,0.7850374,0.6888112,1.4774985,1.5017806,1.1337703,0.5151092,0.35423237,0.45942974,0.47042528,0.412218,0.4848908,0.6457676,0.54057026,0.52957475,0.587782,0.030218419,-0.29153526,-0.0811405,-0.059149448,-0.175564
SH601658,0.026996221115103972,1.0,,2026-04-17,0.0019762674,0.009881435,0.19999804,0.003952632,0.4000059,0.003952535,0.39999607,0.0019761703,0.1999882,0.9980276,1.0039449,0.99408287,0.99878556,0.9869566,1.0217392,1.0072464,0.98260874,1.042029,0.99826086,0.9976812,0.9992754,0.99932367,1.001401,0.008350632,0.008146925,0.012247972,0.012383983,0.013867543,0.003188396,-0.000105403924,0.00022447454,0.00020376893,-0.0001953842,0.36445662,0.0015343965,0.011756386,0.020982485,0.0605452,-0.004637676,0.002793136,-0.0014078924,-0.0022783447,0.0043628477,1.0138067,1.0219826,1.0237117,1.0242369,1.0414639,0.9776074,0.9776074,0.96179324,0.96179324,0.96179324,1.0017391,1.0017391,1.0086957,1.0086957,1.0130435,0.9947826,0.9904348,0.9913044,0.9904348,0.9907247,0.7,0.7,0.55,0.53333336,0.49166667,0.6185918,0.5046195,0.6170501,0.61186004,0.47955912,0.8,0.1,0.5,0.26666668,0.016666668,0.2,0.6,0.1,0.4,0.7,0.6,-0.5,0.4,-0.13333334,-0.68333334,0.22332065,0.50048506,0.024989877,0.16582395,-0.08308099,0.557891,0.5140159,-0.10739194,-0.06469852,-0.012025826,0.4,0.2,0.4,0.5,0.43333334,0.4,0.7,0.55,0.46666667,0.53333336,0.0,-0.5,-0.15,0.033333335,-0.1,0.6956513,0.34042507,0.4817518,0.5333332,0.4589235,0.3043487,0.6595749,0.5182482,0.4666668,0.5410765,0.3913026,-0.31914985,-0.036496423,0.06666642,-0.082153015,1.7537146,1.7383192,1.9787892,2.0215905,2.1322582,0.5038222,0.42710575,0.56308967,0.51091814,0.5462938,0.8959376,0.7663605,1.1585801,1.1278121,1.0021588,0.42455545,0.292171,0.45921782,0.46618226,0.4674252,0.5754446,0.707829,0.54078215,0.5338177,0.53257483,-0.1508891,-0.41565797,-0.08156435,-0.06763548,-0.065149635
SH600795,0.026943044881996343,0.875,,2026-04-17,-0.002070378,0.008281583,-0.24999787,0.004140756,0.49999574,0.0020704486,0.25000638,-0.004140686,-0.49998724,1.0020747,1.006224,0.9979253,1.0016171,0.9958508,0.9979254,1.0269694,1.0518644,1.0103729,1.0020746,0.9985478,1.0119288,1.0244802,1.005947,0.0062237205,0.010398203,0.021610772,0.02696397,0.033875775,0.0010372944,0.0017979648,-0.0022102809,-0.0024461385,0.0006950751,0.06944547,0.2740673,0.36611912,0.6378171,0.12840585,-0.004149135,-0.006638612,0.009068886,0.010988818,-0.026451694,1.0228208,1.0228208,1.070536,1.0954325,1.0954325,0.9854773,0.975105,0.975105,0.975105,0.93983,1.0041491,1.0053939,1.0315335,1.0522792,1.0336081,0.9991702,0.99419117,0.9975105,1.0,0.970541,0.5,0.55,0.325,0.21666667,0.43333334,0.3888936,0.5217347,0.2608691,0.20689382,0.38669032,0.6,0.8,0.25,0.2,0.6,0.2,0.2,0.6,0.73333335,0.23333333,0.4,0.6,-0.35,-0.53333336,0.36666667,0.88389206,0.3267431,0.7552733,0.8091666,0.22076868,0.8397226,0.6361036,0.37275898,0.31167322,0.01855878,0.4,0.4,0.45,0.4,0.43333334,0.4,0.5,0.5,0.56666666,0.55,0.0,-0.1,-0.05,-0.16666667,-0.11666667,0.5714296,0.5106384,0.44628096,0.4285741,0.4924015,0.4285704,0.48936155,0.55371904,0.5714259,0.50759846,0.14285922,0.021276873,-0.10743809,-0.14285181,-0.0151969595,1.2380792,1.2823213,1.7325748,1.9753139,2.3540921,0.43241107,0.36372998,0.64124477,0.72154677,1.1394584,1.137572,0.93440723,0.8797597,0.95734596,0.91165173,0.48946005,0.44856486,0.4586389,0.40978098,0.47930792,0.51053995,0.5514352,0.5413611,0.590219,0.5206921,-0.021079909,-0.10287031,-0.0827222,-0.18043804,-0.04138418
SH600660,0.024806954665156707,0.875,,2026-04-17,-0.0044029998,0.009483485,-0.4642808,0.00016938828,0.017861398,0.0049110963,0.5178578,0.00033870808,0.035715576,1.0044224,1.0045927,0.9950672,0.99864095,0.9765276,0.9923468,0.9605373,1.0098652,1.0299376,0.99642795,0.989012,0.9786277,0.9854174,1.0107732,0.012206613,0.011989657,0.017661681,0.020034188,0.031546384,0.0058512683,0.0027523763,0.002433893,-0.0002835231,-0.0014207226,0.5744466,0.4830739,0.66467136,0.01552155,0.61861324,-0.008130463,-0.0013976924,-0.001749684,0.018693652,0.031138184,1.0151383,1.0151383,1.0151383,1.0289162,1.078926,0.9675116,0.9654713,0.9312816,0.9312816,0.9312816,1.0044904,1.0008165,0.9931291,1.0039468,1.0413003,0.99214166,0.97635734,0.9678179,0.9694169,0.9812559,0.6,0.8,0.9,0.7,0.36666667,0.68214667,0.6952038,0.81947404,0.7038324,0.46543172,0.8,0.9,0.95,0.26666668,0.15,0.2,0.2,0.1,0.4,0.7,0.6,0.7,0.85,-0.13333334,-0.55,0.21345218,0.3534705,-0.5601296,-0.29050457,0.30203474,0.8277362,0.5122431,0.2711181,-0.10939312,-0.00905936,0.6,0.4,0.55,0.5,0.5,0.4,0.6,0.45,0.5,0.5,0.2,-0.2,0.1,0.0,0.0,0.8136223,0.54879963,0.6013986,0.48457518,0.47765326,0.18637773,0.45120037,0.3986014,0.51542485,0.52234674,0.62724453,0.09759927,0.20279714,-0.030849658,-0.044693463,1.2378012,1.1667526,1.4120433,1.592893,1.8651857,0.22879516,0.19280867,0.43117663,0.7397085,0.81552446,1.2507923,0.96722543,1.1088282,1.1835622,1.3004925,0.43222088,0.4511668,0.38098773,0.49406397,0.4849827,0.5677791,0.5488332,0.61901224,0.505936,0.51501733,-0.13555828,-0.09766637,-0.2380245,-0.011872031,-0.030034622
SH600900,0.024440796347415184,0.75,,2026-04-17,-0.0064030425,0.0075330185,-0.84999686,0.0011299762,0.1500031,0.0,0.0,-0.0075330185,-1.0,1.0064443,1.0075816,1.0,1.0042776,1.0006999,1.0238953,1.0332934,1.0264947,1.0081984,1.0031594,1.0040393,1.0153869,1.0220157,1.0080601,0.003019859,0.003977814,0.012799239,0.014344836,0.020299645,0.00018995156,-0.0005610966,-0.0018076071,-0.0013901995,0.0005886434,0.009891278,0.1823886,0.6980843,0.72788846,0.2564647,-0.0035393357,-0.0015143114,0.0017852949,-0.0018577501,-0.025425075,1.0120846,1.0234694,1.0404997,1.0481398,1.0481398,0.9946765,0.9946765,0.9946765,0.9946765,0.95445985,1.0063988,1.0066388,1.0290942,1.0345731,1.0294142,1.0011998,1.0006399,1.0014998,1.0058789,0.98902225,0.2,0.1,0.05,0.033333335,0.38333333,0.30580717,0.18489018,0.11617566,0.09957369,0.48612475,0.8,0.1,0.25,0.3,0.65,0.2,0.6,0.8,0.8666667,0.18333334,0.6,-0.5,-0.55,-0.56666666,0.46666667,0.37412247,0.1237071,0.16110998,0.33283204,-0.20195086,0.18841423,0.3406072,-0.5648092,-0.29960984,-0.15920953,0.4,0.4,0.4,0.43333334,0.43333334,0.2,0.4,0.5,0.5,0.51666665,0.2,0.0,-0.1,-0.06666667,-0.083333336,0.47107244,0.22528784,0.34307247,0.4085577,0.48829234,0.52892756,0.77471215,0.6569275,0.5914423,0.51170766,-0.057855103,-0.5494243,-0.31385505,-0.18288459,-0.023415303,0.9218755,0.8850244,0.9835127,1.0784278,1.3348906,0.16106918,0.12400987,0.28765646,0.3681161,0.6461179,1.268436,0.8843244,1.2740194,1.1574357,1.2573928,0.61345524,0.5427634,0.47554764,0.46559104,0.44726953,0.38654476,0.45723662,0.5244523,0.5344089,0.55273044,0.22691044,0.08552679,-0.04890469,-0.06881789,-0.105460934
SZ002142,0.023544653161193335,0.75,,2026-04-17,-0.00542958,0.014372426,-0.37777758,0.004471423,0.3111112,0.004471423,0.3111112,-0.00542958,-0.37777758,1.0054592,1.009955,0.99550414,0.99949586,0.9713541,0.97786456,0.96979165,1.0179687,0.9279948,0.9978906,0.9847656,0.9782747,0.9851519,0.9876063,0.012428375,0.016779765,0.015298419,0.018153366,0.03138284,0.0053124977,0.0047017075,0.0017501751,-0.00057451025,0.0002675258,0.4567818,0.71969885,0.45807642,0.077621676,0.022163924,-0.008515599,-0.0059232786,0.005098618,0.023178509,0.0045016734,1.0217758,1.0217758,1.0217758,1.0240773,1.0570695,0.9620268,0.9582303,0.9409038,0.9409038,0.90742314,1.0064844,1.0010157,0.9853906,1.0012239,1.0123698,0.98999995,0.9703906,0.96653646,0.9692708,0.96653646,0.6,0.8,0.9,0.73333335,0.6333333,0.63554454,0.65731853,0.7307368,0.7105168,0.61863744,0.8,0.9,0.95,0.06666667,0.28333333,0.2,0.1,0.1,0.4,0.05,0.6,0.8,0.85,-0.33333334,0.23333333,0.47940162,0.46945393,-0.09483931,-0.10672547,-0.17828481,0.89018995,0.69187593,-0.0347924,-0.254053,0.18269587,0.6,0.6,0.65,0.5,0.48333332,0.4,0.4,0.35,0.46666667,0.5,0.2,0.2,0.3,0.033333335,-0.016666668,0.7709362,0.6059853,0.5703883,0.4691965,0.5507992,0.22906381,0.39401475,0.42961165,0.5308035,0.4492008,0.5418724,0.21197054,0.14077666,-0.061606977,0.10159839,1.2351065,1.1878409,1.2525908,1.319661,1.9101682,0.27761632,0.20543319,0.38728756,0.42172647,0.9586549,0.7963302,0.63922113,1.1457627,1.1435978,1.3621387,0.41919455,0.48729566,0.45084274,0.4843191,0.47186178,0.5808054,0.5127043,0.54915726,0.5156809,0.5281382,-0.16161089,-0.025408681,-0.09831452,-0.03136184,-0.05627644
SH600000,0.02187406963761847,0.875,,2026-04-17,-0.011033075,0.015045082,-0.7333343,0.0030089868,0.19999804,0.0010030202,0.066667646,-0.013039041,-0.8666647,1.0111562,1.0141987,0.99898577,1.0048187,1.0029945,1.0395404,1.0466295,0.9918719,1.1399498,1.0117459,1.01306,1.0188901,1.0226221,1.0283872,0.011422671,0.010269727,0.013090465,0.016421018,0.034199513,-0.00050723914,-0.0010870788,-0.00079980626,-0.0005012389,-0.0009281573,0.0049298103,0.102710724,0.13065544,0.07220896,0.2246483,-0.010731506,-0.008168065,-0.011291989,-0.015354175,-0.0010065369,1.0314194,1.0395241,1.0608517,1.0608517,1.1429864,0.9918864,0.9918864,0.9918864,0.98473984,0.95635813,1.0204607,1.0236876,1.0275621,1.0397359,1.0427916,1.0,1.0023956,1.0062702,1.0062702,1.0029945,0.3,0.15,0.1,0.1,0.16666667,0.20523651,0.17031904,0.11764776,0.20049675,0.23384388,0.8,0.1,0.05,0.36666667,0.033333335,0.2,0.6,0.8,0.033333335,0.48333332,0.6,-0.5,-0.75,0.33333334,-0.45,-0.30888957,-0.19557445,0.13736035,0.19756804,0.12446888,-0.12605312,0.2905778,0.030914128,-0.046316706,-0.17008948,0.4,0.3,0.4,0.5,0.4,0.6,0.7,0.6,0.5,0.5833333,-0.2,-0.4,-0.2,0.0,-0.18333334,0.47206438,0.324089,0.39250502,0.5139268,0.38018,0.5279356,0.675911,0.60749495,0.48607323,0.61982,-0.055871226,-0.35182202,-0.21498995,0.027853573,-0.23964001,0.82751775,0.78671616,0.89775264,1.0751036,1.3738947,0.11804727,0.101278216,0.30165076,0.3930701,0.5944497,0.6905118,0.5451467,1.3074363,1.1165837,0.92435354,0.7261137,0.65218776,0.4637296,0.43971157,0.47269285,0.27388632,0.34781224,0.53627044,0.5602884,0.52730715,0.45222735,0.3043755,-0.07254084,-0.120576836,-0.054614313
SZ000876,0.02136339589306016,0.75,,2026-04-17,-0.009008946,0.013513467,-0.6666643,0.0022522605,0.16666785,0.0022522605,0.16666785,-0.009008946,-0.6666643,1.0090909,1.0113636,0.9977273,1.0023552,0.9522977,0.9477397,0.9818306,0.99088407,1.0192932,1.0022727,0.97591156,0.956534,0.9719676,0.9835029,0.018111452,0.030797679,0.030098947,0.033481166,0.027952693,0.005450812,0.009007662,0.004007131,-0.0009590377,-0.0008185352,0.2264414,0.7841507,0.6203438,0.06358752,0.26153347,-0.0131743215,-0.016446032,0.0053982046,0.04193847,0.04064388,1.0227146,1.0227146,1.0227146,1.0272472,1.0454673,0.9534091,0.92838466,0.9170332,0.9170332,0.9170332,1.0129495,1.0124875,0.9772727,1.0079296,1.0079296,0.9943182,0.9506618,0.9347902,0.9363761,0.9520604,0.4,0.7,0.85,0.6666667,0.675,0.67225367,0.75920016,0.78506494,0.752779,0.6459878,0.8,0.9,0.95,0.23333333,0.2,0.2,0.2,0.15,0.43333334,0.71666664,0.6,0.7,0.8,-0.2,-0.51666665,0.45548168,0.8698937,0.7610872,0.7506715,0.5777539,0.862361,0.87494576,0.46395925,0.47666177,0.3321441,0.4,0.5,0.55,0.5,0.5,0.4,0.4,0.4,0.43333334,0.45,0.0,0.1,0.15,0.06666667,0.05,0.80856264,0.70893705,0.5363297,0.51421905,0.4831901,0.19143735,0.29106292,0.4636703,0.48578095,0.5168099,0.61712533,0.41787413,0.072659396,0.028438114,-0.033619814,1.6951004,1.195888,0.99686337,1.0717537,1.1429307,0.6900375,0.7037789,0.57125837,0.4961585,0.6023446,1.5360346,1.8341844,1.6989653,1.6855438,1.620217,0.54967314,0.4911259,0.5110326,0.49916372,0.4723179,0.45032686,0.50887406,0.48896742,0.5008363,0.5276821,0.099346265,-0.01774816,0.022065163,-0.0016725776,-0.05536422
SH600039,0.019965492648076778,0.875,,2026-04-17,0.01150631,0.01464441,0.7857134,0.0031381014,0.21428663,0.0,0.0,0.008368208,0.57142675,0.9886246,1.0031024,0.9886246,0.9969254,0.97311825,0.9927599,0.98860216,1.0796416,1.054767,0.98139066,0.9822079,0.99663085,1.0073644,1.0167097,0.017365912,0.01393436,0.025130248,0.029894274,0.02947337,0.010745514,0.0006299546,-0.0019390422,-0.0022772572,-0.00082754163,0.9571923,0.018735096,0.20837663,0.44972792,0.24044733,-0.0028817127,0.01495732,0.02179007,0.02565583,0.0077028014,1.0031024,1.0041423,1.0620445,1.0992925,1.0992925,0.9462482,0.9462482,0.9462482,0.9462482,0.9462482,0.99501073,0.99501073,1.0248029,1.0301936,1.041362,0.97126883,0.97311825,0.97478133,0.98074555,0.99356276,1.0,0.9,0.625,0.45,0.3,0.9454323,0.9284513,0.46419284,0.35121718,0.35121718,1.0,0.4,0.4,0.033333335,0.51666665,0.2,0.6,0.8,0.8666667,0.93333334,0.8,-0.2,-0.4,-0.8333333,-0.41666666,-0.566549,-0.03102268,-0.059633326,0.15889569,0.1920847,-0.49071735,0.37963694,-0.44951087,-0.35580152,-0.25165206,0.8,0.5,0.55,0.46666667,0.5,0.2,0.4,0.35,0.43333334,0.45,0.6,0.1,0.2,0.033333335,0.05,0.7167634,0.5299347,0.5168611,0.41959772,0.46766004,0.28323662,0.47006527,0.4831389,0.5804023,0.53234,0.43352675,0.059869446,0.03372221,-0.1608046,-0.06467992,1.3332762,1.3329448,1.5014975,1.5575566,1.6334912,0.20351097,0.20100242,0.39842272,0.42804882,0.5250635,0.5226563,0.7416556,1.3063366,1.3144236,1.1913111,0.37469554,0.36230758,0.4649293,0.4619914,0.4830552,0.62530446,0.63769245,0.53507066,0.53800863,0.5169448,-0.25060895,-0.27538487,-0.07014135,-0.07601723,-0.0338896
SH600161,0.019060953751241973,0.875,,2026-04-17,-0.009784762,0.0150032565,-0.65217584,0.0,0.0,0.005218495,0.34782416,-0.004566266,-0.3043517,1.0098815,1.0098815,0.99472994,1.0008423,0.98156023,1.0046269,1.0428333,1.0303133,1.1271732,0.98947364,0.98446566,0.99111694,1.0119598,1.0510609,0.018331867,0.0141385095,0.015042402,0.03256393,0.048867438,0.009614548,0.0028343177,-0.000526544,-0.0029675565,-0.0026142208,0.68767667,0.36838442,0.04288476,0.64361495,0.8728612,-0.008702759,0.002779898,0.013885252,0.031069815,0.026058616,1.0323019,1.0323019,1.0494078,1.0659031,1.15088,0.9552215,0.9552215,0.9552215,0.9552215,0.9552215,1.0030347,0.9926241,1.0019869,1.0536454,1.0968598,0.9732725,0.9734018,0.9753751,0.9806416,0.99540704,0.8,0.9,0.75,0.5,0.25,0.5809327,0.5809327,0.47542468,0.40457064,0.22886048,0.8,0.9,0.05,0.2,0.13333334,0.2,0.6,0.8,0.8666667,0.93333334,0.6,0.3,-0.75,-0.6666667,-0.8,0.19959979,0.41685778,-0.04746884,-0.29570827,0.15896621,0.26780397,0.24374646,-0.11386394,-0.080611266,0.11459714,0.4,0.4,0.45,0.5,0.46666667,0.6,0.6,0.55,0.5,0.53333336,-0.2,-0.2,-0.1,0.0,-0.06666667,0.6345583,0.48351127,0.42559972,0.45523068,0.40218756,0.36544165,0.51648873,0.57440025,0.5447693,0.5978124,0.26911667,-0.03297747,-0.14880055,-0.08953862,-0.19562489,1.4560206,1.1313052,0.9749136,0.90324515,1.0098486,0.49438992,0.48579806,0.4209291,0.37963647,0.52984524,0.9266964,0.9111551,1.1271739,1.3190085,1.6341273,0.5271082,0.5177952,0.51682806,0.5138618,0.48464748,0.4728918,0.4822048,0.48317197,0.48613822,0.51535255,0.05421637,0.03559041,0.033656064,0.027723543,-0.030705057
SH600845,0.018920455876858734,0.75,,2026-04-17,-0.01715269,0.028730731,-0.5970154,0.009862787,0.3432835,0.001715256,0.05970109,-0.02530022,-0.88059783,1.017452,1.0274869,0.99825484,1.0047225,0.9781886,0.99388593,0.9873454,0.98691887,1.0894356,0.9951145,0.9880023,0.97508746,0.98682404,1.0042173,0.01810388,0.019197233,0.03821243,0.040471744,0.038801897,0.0071093435,0.0034457452,0.0039240797,-0.0006825729,-0.0010601504,0.3855278,0.2953252,0.36909175,0.02204428,0.22768211,-0.009333169,-0.003508156,-0.012366221,0.023073263,0.02705715,1.0318456,1.0318456,1.0527785,1.0746144,1.1029787,0.9642357,0.9471993,0.8874451,0.8874451,0.8874451,1.0046239,1.000438,1.0024513,1.0137011,1.0412683,0.97941136,0.9788938,0.9454628,0.94981945,0.9780122,0.8,0.8,0.75,0.6333333,0.45,0.52898026,0.62378067,0.68077564,0.60135335,0.52221507,0.8,0.9,0.35,0.1,0.016666668,0.2,0.2,0.15,0.43333334,0.71666664,0.6,0.7,0.2,-0.33333334,-0.7,0.9382185,0.64217126,0.37580484,0.41063038,0.5929789,0.9942091,0.66971415,0.68629235,0.5957349,0.5811992,0.6,0.4,0.45,0.43333334,0.43333334,0.4,0.6,0.55,0.56666666,0.55,0.2,-0.2,-0.1,-0.13333334,-0.11666667,0.6126285,0.51418394,0.5115386,0.5081306,0.46595803,0.3873715,0.48581606,0.48846135,0.49186936,0.53404194,0.225257,0.02836788,0.023077292,0.016261261,-0.06808392,1.179365,1.1114107,1.2149024,1.2914484,1.4266685,0.55727345,0.40287697,0.54528457,0.5234792,0.53843135,1.2817295,1.0779521,1.2192689,1.1463424,1.1397735,0.5113664,0.52478606,0.48775333,0.50197685,0.42610154,0.48863354,0.47521394,0.51224667,0.49802315,0.5738985,0.022732897,0.049572136,-0.024493316,0.003953667,-0.14779694
SH601398,0.018632631745505016,0.75,,2026-04-17,-0.0013423148,0.00805372,-0.16667014,0.005369091,0.6666597,0.0013423148,0.16667014,-0.005369091,-0.6666597,1.0013441,1.0067204,0.99865586,1.0019574,0.98276794,1.0258482,1.0123855,0.95584273,1.0339258,1.0008616,0.99590737,0.9996769,0.9904147,0.9816012,0.006321391,0.009773158,0.0149972895,0.02158343,0.024417039,0.0018309125,0.000998678,0.0001400919,0.0015161943,0.00034799954,0.20972484,0.09571779,0.0030539965,0.38244632,0.061954256,-0.004523429,-0.00040143254,-0.0010077758,-0.0123994695,0.008132859,1.0134453,1.026895,1.0363213,1.0363213,1.0403751,0.97740114,0.9677163,0.96637654,0.94399875,0.92112637,1.0037695,1.0037695,1.0100161,1.0080775,1.0037695,0.99816906,0.98513734,0.98513734,0.9732903,0.95745826,0.4,0.6,0.55,0.6666667,0.76666665,0.6269783,0.54552895,0.4807145,0.6065826,0.6614211,0.8,0.1,0.45,0.6333333,0.016666668,0.2,0.3,0.2,0.1,0.45,0.6,-0.2,0.25,0.53333336,-0.43333334,0.017183099,-0.3754358,-0.04899028,0.14589657,-0.033973143,0.45371398,-0.18034393,-0.15569519,0.036561098,-0.056049716,0.6,0.4,0.5,0.53333336,0.45,0.4,0.6,0.5,0.4,0.51666665,0.2,-0.2,0.0,0.13333334,-0.06666667,0.75806487,0.33783802,0.46742213,0.58333343,0.4654983,0.24193516,0.662162,0.5325779,0.41666657,0.53450173,0.5161297,-0.32432398,-0.065155745,0.16666688,-0.069003426,1.3144433,1.5160756,1.8436453,1.8923514,2.0319045,0.17656568,0.4774533,0.56002927,0.57133585,0.62208927,0.56485033,0.78307754,1.1651213,1.1616833,1.0946552,0.32729495,0.40651006,0.35460204,0.4739017,0.473528,0.67270505,0.59348994,0.64539796,0.5260983,0.526472,-0.34541008,-0.18697992,-0.2907959,-0.052196592,-0.052943993
SZ000538,0.01823538663745183,0.875,,2026-04-17,-0.0019855571,0.010108334,-0.19642773,0.005054167,0.5,0.0030686099,0.30357227,-0.0039711143,-0.39285547,1.0019895,1.0070537,0.9969253,1.0021691,0.99330425,1.0269493,1.0260463,1.0108486,1.0244184,0.9994926,1.0031458,1.0018255,1.008897,1.014323,0.007034994,0.009824771,0.012895088,0.014916317,0.013620847,0.0028761406,-0.0016113586,-3.5067953e-06,-0.0008929687,-0.00039986946,0.41786188,0.2465761,2.588453e-06,0.27774802,0.26286218,-0.005244891,0.004105267,-0.0017921028,0.004051113,-0.0025268926,1.0094048,1.0345466,1.037619,1.037619,1.0526277,0.98390174,0.98390174,0.97485614,0.97485614,0.97485614,1.0048825,1.0113204,1.0113204,1.0256089,1.0260819,0.9944996,0.99518645,0.99182487,0.99359417,1.0034008,0.6,0.5,0.5,0.33333334,0.16666667,0.63123,0.3178661,0.40061703,0.40061703,0.3233041,0.6,0.1,0.05,0.36666667,0.28333333,0.2,0.6,0.3,0.53333336,0.76666665,0.4,-0.5,-0.25,-0.16666667,-0.48333332,0.021924278,0.11527873,0.2637542,0.05214842,0.1361336,0.35926265,0.39724427,-0.16400209,-0.115919575,0.00089943333,0.4,0.3,0.5,0.53333336,0.45,0.6,0.7,0.5,0.43333334,0.53333336,-0.2,-0.4,0.0,0.1,-0.083333336,0.6149768,0.28898323,0.42531508,0.4750095,0.46902224,0.3850232,0.7110168,0.5746849,0.5249905,0.5309777,0.22995359,-0.42203355,-0.14936987,-0.049981017,-0.061955497,0.95268106,1.0023223,1.1372564,1.0909418,1.2207823,0.1860533,0.1509456,0.4145115,0.36569783,0.43459296,0.8085676,0.7707628,1.4597986,1.5710266,1.361814,0.45315439,0.32705888,0.5075735,0.5040214,0.48344544,0.5468456,0.67294115,0.49242648,0.49597862,0.5165546,-0.093691215,-0.34588227,0.015147007,0.008042766,-0.033109132
SH601328,0.017864044484675462,0.75,,2026-04-17,0.007235873,0.011577398,0.625,0.0014471747,0.125,0.0028943494,0.25,0.008683048,0.75,0.9928161,1.0014368,0.98994255,0.99582106,0.97727275,1.0190275,0.98995775,0.96564484,1.0116279,0.99312896,0.99164903,0.99186045,0.9884073,0.9751674,0.0058855806,0.008111183,0.013164356,0.012999222,0.019044004,0.0034355146,8.969176e-05,0.00055794825,0.00073396025,0.0006768229,0.8518145,0.0011208518,0.06287191,0.24706545,0.38524178,0.0,0.00794733,0.0028390188,0.0009502367,0.0048663295,1.0042428,1.0200317,1.0244933,1.0244933,1.0244933,0.97121346,0.97121346,0.95680857,0.95680857,0.9309629,0.9966173,0.9966173,1.0021142,0.9978858,0.99312896,0.9900634,0.9839324,0.98276955,0.97727275,0.9556026,1.0,0.9,0.75,0.8333333,0.9166667,0.87154406,0.58966786,0.63812613,0.63812613,0.73812425,0.8,0.1,0.4,0.6,0.8,0.2,0.6,0.1,0.4,0.18333334,0.6,-0.5,0.3,0.2,0.6166667,0.43806556,0.14992878,-0.098570295,-0.10099464,-0.4455321,0.40321583,0.4595075,-0.16357794,-0.081026345,-0.008465966,0.8,0.4,0.65,0.6333333,0.51666665,0.2,0.5,0.3,0.33333334,0.43333334,0.6,-0.1,0.35,0.3,0.083333336,0.93877554,0.359375,0.53015876,0.5790754,0.48735633,0.06122449,0.640625,0.46984127,0.42092457,0.5126437,0.877551,-0.28125,0.06031746,0.15815085,-0.025287356,1.0904307,1.0925901,1.3255609,1.3495786,1.6088855,0.18801515,0.16241294,0.3410973,0.3139713,0.5647235,0.40850702,0.6104525,1.3859402,1.3476803,1.1358538,0.47883192,0.40632465,0.46208555,0.4625302,0.4862695,0.5211681,0.5936754,0.53791445,0.5374698,0.5137305,-0.04233619,-0.18735072,-0.075828925,-0.074939616,-0.027460998
SZ000001,0.01721821387044488,0.75,,2026-04-17,-0.007213692,0.010820539,-0.6666667,0.001803423,0.16666667,0.001803423,0.16666667,-0.007213692,-0.6666667,1.0072662,1.0090827,0.9981835,1.0027308,1.0072685,1.0236145,0.9881894,0.9818319,1.0317874,1.0090827,1.0091732,1.0018158,0.9976982,0.99704725,0.007266893,0.0064004874,0.016529066,0.015181515,0.013594513,-0.0018154623,-0.00023633539,0.0018030005,0.0011461505,6.0657945e-05,0.15603317,0.012498067,0.41645017,0.44172782,0.006072226,-0.0054517738,-0.008109626,-0.018944312,-0.014317362,0.0011633447,1.0199844,1.0245206,1.0281558,1.0281558,1.0326949,0.9981835,0.99636585,0.9473169,0.9473169,0.9473169,1.015258,1.015258,1.0130781,1.0085361,1.0072685,1.0043571,1.0047202,0.9936425,0.9881894,0.98637396,0.2,0.1,0.35,0.53333336,0.5833333,0.08332358,0.12907718,0.65170497,0.65170497,0.61705685,0.8,0.1,0.5,0.6666667,0.016666668,1.0,0.2,0.1,0.4,0.7,-0.2,-0.1,0.4,0.26666668,-0.68333334,-0.44714102,0.033556033,-0.47632053,-0.32996994,-0.25817448,-0.17026542,0.57604796,-0.066017166,-0.024797559,-0.041402616,0.4,0.3,0.45,0.46666667,0.41666666,0.6,0.7,0.5,0.5,0.53333336,-0.2,-0.4,-0.05,-0.033333335,-0.11666667,0.38890004,0.35871756,0.529155,0.5362354,0.46187717,0.61109996,0.64128244,0.47084498,0.4637646,0.53812283,-0.22219992,-0.28256488,0.05831005,0.072470754,-0.07624564,0.7777215,0.84034395,1.1369528,1.1098578,1.1764183,0.18558414,0.18632701,0.46222937,0.39474663,0.40479565,0.6768744,0.76310337,1.5168958,1.6193485,1.4879415,0.8085157,0.35490447,0.5103635,0.50075877,0.48036405,0.19148427,0.6450955,0.48963648,0.49924123,0.519636,0.61703146,-0.29019108,0.020727035,0.0015175148,-0.03927191
SH600519,0.016269582078818876,0.625,,2026-04-17,0.005171455,0.015092867,0.3426423,0.009828563,0.6512058,9.2850394e-05,0.0061519383,-0.0045642573,-0.30241153,0.99485517,1.009778,0.9947628,1.0004646,1.0331994,1.0374061,1.0324254,0.9941729,0.9934409,1.027229,1.0309029,1.0227277,1.0199122,1.018577,0.01687307,0.012754811,0.016616737,0.019793523,0.036130786,-0.003993604,-0.0015251396,0.0014413267,0.0010517909,0.00055921316,0.14004955,0.13106374,0.26333064,0.21883377,0.073063396,-0.019241706,-0.024039771,-0.03642037,-0.035163164,-0.035073802,1.0498631,1.0498631,1.0516546,1.0645446,1.1142378,0.9947628,0.9947628,0.99248195,0.98291683,0.9394343,1.0401719,1.0398195,1.0375617,1.0376639,1.0430058,1.0205052,1.0251639,1.0018404,0.99925524,0.9938829,0.2,0.1,0.1,0.23333333,0.33333334,0.09504885,0.09504885,0.12705295,0.20928162,0.346479,0.8,0.9,0.4,0.26666668,0.28333333,1.0,1.0,0.3,0.06666667,0.16666667,-0.2,-0.1,0.1,0.2,0.11666667,-0.8027685,-0.7114816,-0.30953032,0.008143104,-0.028129863,-0.7556569,-0.580159,-0.3647446,-0.16958101,0.13546187,0.4,0.4,0.5,0.5,0.4,0.6,0.6,0.5,0.5,0.6,-0.2,-0.2,0.0,0.0,-0.2,0.25436407,0.3259998,0.4147195,0.5098707,0.5044718,0.7456359,0.6740002,0.5852805,0.4901293,0.49552822,-0.49127185,-0.34800038,-0.17056099,0.019741395,0.008943559,0.42414173,0.34401235,0.3381762,0.34672883,0.48564926,0.3249661,0.23591146,0.18534572,0.16426517,0.2988864,1.7401125,1.9857557,1.8602873,1.672971,2.4726486,0.8492025,0.78457516,0.625667,0.5940347,0.5252467,0.1507975,0.21542484,0.374333,0.4059653,0.4747533,0.69840497,0.5691503,0.251334,0.18806939,0.050493404
SZ002371,0.014773763207751487,0.875,,2026-04-17,-0.00019146438,0.024893632,-0.0076912995,0.013829779,0.55555487,0.010872388,0.4367538,-0.003148855,-0.12649238,1.0001915,1.0140239,0.98912555,0.99898726,1.0148522,0.9320925,0.9823797,0.9922723,1.0497731,1.0097971,0.9867434,0.97482175,0.97488415,1.0037663,0.009313285,0.04416409,0.03651598,0.030100716,0.047015768,-0.002812907,0.010504931,0.0027796295,0.00080369314,-0.0018134452,0.22805783,0.51863194,0.20280375,0.05524953,0.45375523,-0.0041712667,-0.034015585,-0.0012282502,0.013462286,0.049730346,1.0470085,1.0470085,1.0470085,1.0470085,1.1363858,0.98912555,0.89857614,0.89857614,0.89857614,0.89857614,1.0136408,1.0116359,1.0065413,1.001102,1.0377293,1.0044078,0.97140545,0.9455237,0.95086616,0.9638268,0.2,0.4,0.7,0.8,0.48333332,0.18786983,0.68329996,0.68329996,0.68329996,0.42649165,0.4,0.7,0.85,0.9,0.033333335,1.0,0.2,0.6,0.73333335,0.8666667,-0.6,0.5,0.25,0.16666667,-0.8333333,-0.27059883,0.40122333,0.45979917,0.33499908,0.45971563,0.2567135,0.7925564,0.69891137,0.5210192,0.3908154,0.2,0.4,0.45,0.4,0.43333334,0.8,0.6,0.55,0.6,0.56666666,-0.6,-0.2,-0.1,-0.2,-0.13333334,0.3614174,0.6735969,0.51859534,0.5067027,0.4776383,0.6385826,0.32640305,0.4814047,0.4932973,0.5223617,-0.27716517,0.34719387,0.037190624,0.013405394,-0.04472339,0.7581148,0.82452774,0.77947026,0.742939,0.82085615,0.14281371,0.27869946,0.21693566,0.20097657,0.24177344,0.58673626,1.8352708,1.3548216,1.4795498,1.2579734,0.63840395,0.54042375,0.5505169,0.51227784,0.49885312,0.36159605,0.45957625,0.44948313,0.48772216,0.50114685,0.2768079,0.08084751,0.10103377,0.02455566,-0.0022937653
SZ000166,0.013675758729472682,0.875,,2026-04-17,-0.0021052603,0.010526302,-0.2,0.0021052603,0.2,0.0063157813,0.6,0.0021052603,0.2,1.0021096,1.0042194,0.9936709,0.9989822,0.9959947,0.9853138,1.0400534,1.0213618,1.1268358,1.0029372,0.994259,0.9957944,1.0100133,1.0392524,0.0023883171,0.012057983,0.012822609,0.023433113,0.036438774,-0.0009345769,0.0029858002,-0.00016162032,-0.0018697534,-0.0019300721,0.3828125,0.56206113,0.005560415,0.49341273,0.8556958,-0.0010680879,-0.0076951045,0.005740997,0.017098067,0.01768478,1.0111138,1.0128759,1.0468163,1.0633938,1.127141,0.98578316,0.96830404,0.96830404,0.96830404,0.96830404,1.0034713,1.0026702,1.0026702,1.0347129,1.0761015,1.0021362,0.9786382,0.9853138,0.9890521,1.0,0.2,0.55,0.65,0.43333334,0.21666667,0.56125104,0.7111195,0.40370694,0.33332676,0.19955029,0.6,0.5,0.05,0.26666668,0.016666668,0.2,0.2,0.6,0.73333335,0.8666667,0.4,0.3,-0.55,-0.46666667,-0.85,-0.16634318,0.21051778,0.059307404,0.17046724,0.502492,-0.64786345,0.662174,0.0075524845,0.06420225,0.06359953,0.4,0.4,0.4,0.46666667,0.4,0.4,0.5,0.55,0.5,0.56666666,0.0,-0.1,-0.15,-0.033333335,-0.16666667,0.61538464,0.5797099,0.4127907,0.46491224,0.38663474,0.3846154,0.4202901,0.58720934,0.53508776,0.6133653,0.23076923,0.15941975,-0.17441864,-0.070175536,-0.22673054,1.0949073,1.2690374,1.2902555,1.3077339,1.5922011,0.20304437,0.4957993,0.4184853,0.3730399,0.5893567,0.87866634,1.1970319,1.3230021,1.2971094,1.1076599,0.1353375,0.47724897,0.45595354,0.49762118,0.46548468,0.86466247,0.52275103,0.54404646,0.5023788,0.5345153,-0.729325,-0.045502037,-0.08809291,-0.0047576553,-0.06903066
SZ002714,0.012426356047505905,0.75,,2026-04-17,-0.013648171,0.019280706,-0.7078668,0.0015164154,0.07864937,0.0041161184,0.21348383,-0.011048468,-0.5730324,1.013837,1.0153744,0.9958269,1.0035425,0.94465953,0.9587076,1.071822,1.0278969,1.0630393,1.0014092,0.9784135,0.97532684,1.0127937,1.0134566,0.018989172,0.028684122,0.03815627,0.06262617,0.045938063,0.0074222456,0.0080199605,5.8310176e-05,-0.004949002,-0.0007123555,0.38194302,0.7165934,8.173817e-05,0.48397762,0.073341206,-0.016253686,-0.014503355,0.024119219,0.058966875,0.007557884,1.0250396,1.0250396,1.095986,1.1306928,1.1306928,0.9367493,0.93125445,0.9055563,0.9055563,0.9055563,1.0131388,1.0066833,1.0010995,1.0853944,1.0437945,0.9940268,0.9523848,0.94851774,0.9552011,0.97703195,0.4,0.7,0.8,0.53333336,0.4,0.71639466,0.73301095,0.49595028,0.41949517,0.41949517,0.8,0.9,0.05,0.26666668,0.6333333,0.2,0.2,0.4,0.6,0.8,0.6,0.7,-0.35,-0.33333334,-0.16666667,-0.27257225,0.36782035,0.024881009,0.096417055,0.091590956,0.39128768,0.21163894,-0.25125152,0.076409094,0.12540337,0.8,0.6,0.55,0.53333336,0.48333332,0.2,0.4,0.45,0.46666667,0.51666665,0.6,0.2,0.1,0.06666667,-0.033333335,0.7902986,0.6195938,0.42775118,0.47975603,0.46989465,0.20970142,0.3804062,0.5722488,0.520244,0.53010535,0.58059716,0.2391876,-0.14449762,-0.040487945,-0.06021068,1.2558924,1.095729,1.2739257,1.3020047,1.2410674,0.34594914,0.34199536,0.50741124,0.5054322,0.4471316,0.8923854,0.8356317,1.1905205,1.2211819,1.3295158,0.4610204,0.44235602,0.5047784,0.50594985,0.4978882,0.5389796,0.55764395,0.4952216,0.49405015,0.5021118,-0.077959195,-0.11528794,0.009556789,0.0118997,-0.0042236126
SZ002736,0.009892054996470931,0.5,,2026-04-17,-0.009016379,0.013114694,-0.6875021,0.003278689,0.2500012,0.00081962533,0.06249672,-0.011475443,-0.87500656,1.0090984,1.012407,0.9991729,1.0019214,0.9741651,0.9294266,1.0132325,0.9993699,1.0901072,0.9996219,0.9709515,0.95519847,0.9748582,1.0021844,0.009848837,0.03452899,0.030529011,0.0387353,0.040401764,0.00441084,0.010734948,0.0033874854,-0.0015056988,-0.0017151723,0.5014328,0.88602024,0.43092072,0.11710193,0.549686,-0.008443613,-0.019258756,0.012620393,0.046974402,0.048413157,1.0211072,1.0211072,1.0211072,1.0998704,1.0998704,0.96755046,0.9139878,0.9139878,0.9139878,0.9139878,1.0034027,1.000126,0.9890359,1.010586,1.031506,0.99395084,0.93585384,0.9289225,0.93421555,0.9552615,0.6,0.8,0.9,0.6333333,0.35,0.6058909,0.8029563,0.8029563,0.462723,0.462723,0.8,0.9,0.95,0.26666668,0.6333333,0.2,0.2,0.6,0.73333335,0.8666667,0.6,0.7,0.35,-0.46666667,-0.23333333,0.47019833,0.59477144,0.34990388,0.43496948,0.3810063,-0.1089618,0.8017909,0.5102505,0.5820573,0.5034553,0.8,0.6,0.5,0.5,0.45,0.2,0.4,0.5,0.5,0.55,0.6,0.2,0.0,0.0,-0.1,0.73563224,0.73529404,0.47945207,0.5006622,0.44400936,0.26436776,0.26470596,0.5205479,0.49933776,0.55599064,0.47126448,0.47058806,-0.04109584,0.0013244454,-0.11198127,1.1030124,1.109303,1.2138089,1.4034563,1.4283175,0.09970576,0.50911033,0.6169657,1.0432725,0.8102954,0.3899161,1.2393262,1.3239543,1.6531938,1.6170235,0.11953444,0.51635605,0.41786253,0.5007276,0.46706316,0.88046557,0.48364392,0.58213747,0.49927244,0.5329368,-0.76093113,0.032712147,-0.16427495,0.0014551425,-0.06587365
SZ002252,0.007839550071957767,0.625,,2026-04-17,-0.005235623,0.010471246,-0.5,0.0,0.0,0.005235623,0.5,0.0,0.0,1.0052632,1.0052632,0.99473685,0.9977812,1.0070632,1.0351038,1.0736686,1.0824975,1.1279842,0.99895465,1.0044004,1.0162417,1.0412959,1.0733484,0.0052179913,0.008609377,0.016050989,0.03853602,0.042797048,0.0021118775,-0.0015209258,-0.00197975,-0.003999829,-0.0021685166,0.40951595,0.2860777,0.5324579,0.8349315,0.7830649,-0.0031784223,0.002443826,0.002565932,0.016701676,-0.00937715,1.0158354,1.0333427,1.0807136,1.1034886,1.1472865,0.98423535,0.98423535,0.98423535,0.98423535,0.98423535,1.0014126,1.0081085,1.0266987,1.0901964,1.1056505,0.99577624,0.99788105,1.0028253,1.0063568,1.0228139,0.8,0.4,0.2,0.13333334,0.06666667,0.4988798,0.32102445,0.16340105,0.13219486,0.09668531,0.8,0.1,0.05,0.06666667,0.13333334,0.4,0.7,0.85,0.9,0.95,0.4,-0.6,-0.8,-0.8333333,-0.81666666,-0.030469887,0.12255023,0.08637643,-0.051675763,0.25023192,-0.1484568,0.30975163,-0.2312668,-0.17226006,0.17242207,0.4,0.4,0.4,0.33333334,0.38333333,0.6,0.6,0.6,0.56666666,0.53333336,-0.2,-0.2,-0.2,-0.23333333,-0.15,0.39959824,0.33874145,0.3361608,0.34647748,0.37199774,0.60040176,0.6612585,0.66383916,0.65352255,0.6280023,-0.20080352,-0.32251707,-0.32767838,-0.30704504,-0.2560045,1.246165,1.2207596,1.2603227,1.2424047,1.4467341,0.14976941,0.1618684,0.3050945,0.266419,0.71214485,0.399218,0.68780726,1.3616986,1.5256685,1.7549689,0.5256608,0.40724772,0.47872916,0.49150684,0.46998835,0.47433916,0.5927523,0.5212709,0.5084932,0.53001165,0.051321674,-0.18550454,-0.042541698,-0.016986312,-0.06002328
SH601788,0.004350996551116501,0.75,,2026-04-17,-0.0045016073,0.012218672,-0.36842036,0.0012862311,0.10526767,0.006430833,0.526312,0.0006429947,0.052623942,1.004522,1.005814,0.9935401,0.99896044,1.0109019,0.9871159,1.0327057,1.0322101,1.1446978,1.0072349,0.99990094,0.9960357,1.0116122,1.0491824,0.005180712,0.01350199,0.013245118,0.025000427,0.04485681,-0.0028741397,0.0028350886,0.0007705093,-0.0018722493,-0.0024021517,0.7694438,0.40415615,0.11844375,0.43464455,0.87466943,-0.0014866192,-0.012658808,-0.003355531,0.015535439,0.021681089,1.0183662,1.032864,1.036812,1.0614398,1.146293,0.9935401,0.9715858,0.9715858,0.9715858,0.9715858,1.0113975,1.0109019,1.0077305,1.0420219,1.0930625,1.0043608,0.9874133,0.9835481,0.9868186,1.0003964,0.2,0.4,0.575,0.38333333,0.19166666,0.26020667,0.463692,0.43562567,0.31622663,0.16263895,0.6,0.5,0.05,0.26666668,0.016666668,1.0,0.2,0.6,0.73333335,0.8666667,-0.4,0.3,-0.55,-0.46666667,-0.85,0.09167592,0.7069707,0.41250604,0.13394253,0.59366333,0.16674045,0.8721196,0.34175998,0.29445583,0.18501377,0.4,0.5,0.5,0.43333334,0.4,0.4,0.4,0.45,0.53333336,0.56666666,0.0,0.1,0.05,-0.1,-0.16666667,0.19444267,0.5663267,0.4312499,0.4464579,0.3638058,0.8055573,0.4336733,0.56875014,0.55354214,0.63619417,-0.6111146,0.1326534,-0.13750026,-0.107084244,-0.2723884,0.98637444,1.0787246,1.0197366,1.0075095,1.3536758,0.14297,0.50330204,0.4076154,0.3669924,0.6451589,0.9117435,1.3793058,1.2879536,1.3506887,1.1825804,0.18479687,0.5216424,0.4882046,0.50641423,0.42662647,0.81520313,0.4783576,0.5117954,0.49358574,0.5733735,-0.63040626,0.043284748,-0.023590807,0.012828526,-0.14674704
SH601059,-7.478102902109168e-06,0.5,,2026-04-17,-0.0029550763,0.008865229,-0.33333334,0.0035460917,0.4,0.002364061,0.26666668,-0.004137107,-0.46666667,1.0029638,1.0065204,0.9976289,1.0011101,0.99765813,0.9759953,1.0257611,1.0286885,1.0579625,1.0038642,0.9924473,0.9856558,1.0006831,1.0246488,0.0038968408,0.015186033,0.0162203,0.025353707,0.030560529,-0.0009367774,0.004155133,0.0012264263,-0.0016691723,-0.0014422757,0.14447327,0.68626624,0.20009363,0.3359086,0.6793205,-0.0019906324,-0.011145424,0.0026931933,0.023519916,0.0178984,1.0136116,1.0136633,1.0282534,1.0404794,1.0650561,0.9851521,0.9613206,0.9576802,0.9576802,0.9576802,1.006206,1.0029274,1.0018736,1.0299766,1.0516394,1.0014052,0.9790398,0.97119445,0.9738876,0.99004686,0.2,0.6,0.75,0.5,0.25,0.52172,0.7389644,0.59965813,0.51111364,0.3941274,0.6,0.5,0.05,0.2,0.31666666,0.2,0.2,0.1,0.4,0.7,0.4,0.3,-0.05,-0.2,-0.38333333,0.6401694,0.23701447,0.08553763,0.3028803,0.6132425,0.39597568,0.78306144,0.21794659,0.20698455,0.016194012,0.6,0.5,0.45,0.43333334,0.4,0.4,0.5,0.55,0.53333336,0.51666665,0.2,0.0,-0.1,-0.1,-0.11666667,0.53999954,0.6289311,0.44210526,0.44519013,0.4260089,0.46000046,0.3710689,0.55789477,0.55480987,0.57399106,0.0799991,0.25786218,-0.11578948,-0.109619714,-0.14798217,1.4201994,1.6294581,1.9861131,2.131906,3.2321882,0.3356751,0.6320631,0.9538987,0.88162434,1.6698353,0.37290025,1.1284155,1.6246984,1.767028,1.5285364,0.13178347,0.47555268,0.45383754,0.4591563,0.42480898,0.8682165,0.5244473,0.5461624,0.5408437,0.575191,-0.7364331,-0.04889467,-0.09232488,-0.08168741,-0.15038201
SH600600,-0.0011689962740261872,0.375,,2026-04-17,0.0011311787,0.0048480355,0.23332722,0.0016160118,0.33333334,0.002100845,0.43333945,0.0016160118,0.33333334,0.9988701,1.0016142,0.99677163,0.99896973,1.0069408,1.032969,1.0150096,0.99115044,1.0069408,1.0014576,1.0083897,1.0080948,1.0116259,1.0059994,0.0021771588,0.008801505,0.011171024,0.011334311,0.013011955,-0.0007808556,-0.00257389,5.349157e-05,-0.00039514113,0.00024483103,0.321589,0.7839305,0.00080251426,0.0941924,0.10798107,0.00010412098,0.0031927624,-0.008602929,-0.005896362,-0.013222015,1.008122,1.0421466,1.0421466,1.0421466,1.0421466,0.99677163,0.99677163,0.97174144,0.97174144,0.96856016,1.002464,1.0174909,1.0174909,1.0206664,1.0179074,0.9999133,1.000694,1.000694,1.003349,0.99824744,0.4,0.2,0.2,0.13333334,0.34166667,0.2844295,0.07114876,0.40137047,0.40137047,0.4272507,0.4,0.1,0.55,0.7,0.85,1.0,1.0,0.15,0.43333334,0.16666667,-0.6,-0.9,0.4,0.26666668,0.68333334,-0.23105593,0.71246773,0.25880766,0.36775762,0.17564668,-0.39190495,0.41914156,-0.085559964,0.054625973,0.26286823,0.4,0.3,0.4,0.46666667,0.45,0.6,0.7,0.6,0.53333336,0.55,-0.2,-0.4,-0.2,-0.06666667,-0.1,0.19696686,0.1801339,0.4562909,0.51901567,0.49354416,0.8030331,0.8198661,0.5437091,0.48098436,0.50645584,-0.6060663,-0.63973224,-0.08741823,0.038031284,-0.012911653,1.2230893,1.5037829,1.7660141,1.8021307,1.845777,0.24879208,0.3745699,0.5480172,0.49877208,0.71079504,1.039623,1.0690883,1.255652,1.2394427,1.9873034,0.31622085,0.32524303,0.4838954,0.49358138,0.49061307,0.6837792,0.674757,0.5161046,0.50641865,0.5093869,-0.3675583,-0.34951398,-0.032209203,-0.012837232,-0.018773833
SH601288,-0.0044548426738171415,0.375,,2026-04-17,0.008571466,0.020000033,0.4285726,0.0085713845,0.4285685,0.0028571826,0.14285891,0.0028572648,0.142863,0.9915014,1.0084985,0.9886685,1.000671,0.93367016,0.98041683,0.9677827,0.9551484,1.0600126,0.97498417,0.95994943,0.9480101,0.9475468,0.952232,0.024929035,0.024927882,0.025797492,0.021737078,0.027487768,0.01528744,0.005398273,0.0028669285,0.0009937346,-0.0004740036,0.94015306,0.42988303,0.43226177,0.16197208,0.09069518,-0.005559063,0.01575835,0.024754118,0.038044043,0.061751097,1.0084985,1.0084985,1.0084985,1.0084985,1.0555363,0.9278697,0.92516947,0.9067332,0.9067332,0.8966303,0.9934302,0.98622864,0.9713202,0.9596967,0.96803534,0.954264,0.9384712,0.9220467,0.93152237,0.93152237,1.0,1.0,1.0,1.0,0.93333334,0.8945968,0.89801234,0.9164888,0.9164888,0.6505085,1.0,1.0,1.0,1.0,0.016666668,0.2,0.5,0.2,0.46666667,0.45,0.8,0.5,0.8,0.53333336,-0.43333334,0.6397558,0.75223583,0.56447303,0.56331265,0.4261388,0.7358195,0.6380042,0.46821916,0.43770954,0.40406996,1.0,0.5,0.5,0.5,0.46666667,0.0,0.5,0.5,0.5,0.53333336,1.0,0.0,0.0,0.0,-0.06666667,1.0,0.58659244,0.5639098,0.5700198,0.45506153,0.0,0.41340756,0.4360902,0.4299802,0.5449385,1.0,0.17318489,0.12781963,0.14003961,-0.08987695,1.109612,0.97883797,1.0001976,0.9920356,1.0846121,0.26450157,0.25714165,0.34121522,0.32529166,0.37420735,0.89734787,0.92884266,1.2127886,1.2703282,1.1753436,0.6402927,0.39198026,0.47527018,0.4880374,0.4974312,0.35970727,0.6080197,0.52472985,0.5119626,0.50256884,0.28058547,-0.21603946,-0.049459647,-0.023925208,-0.005137625
SH601916,-0.005765409862397617,0.375,,2026-04-17,0.0,0.006622484,0.0,0.003311242,0.5,0.003311242,0.5,0.0,0.0,1.0,1.0033113,0.9966888,1.0003093,0.9832536,0.9832536,1.0287081,0.99282295,1.0,0.99425834,0.98779905,0.9989234,1.0055821,0.993421,0.008559119,0.0093984,0.018587437,0.019530058,0.0195034,0.0047846925,0.002711326,-0.0017106176,-0.0012358238,0.00049276085,0.78125,0.762899,0.2964387,0.3103186,0.19469358,-0.0038277542,-1.3200499e-16,0.017327422,0.012337305,-0.007957493,1.0033113,1.0033113,1.0338645,1.0425043,1.0425043,0.9804932,0.9703724,0.9703724,0.9703724,0.9547169,1.0,1.0,1.0239235,1.0263158,1.0162679,0.98851675,0.98086125,0.9832536,0.98516744,0.98086125,0.8,0.9,0.65,0.48333332,0.7416667,0.8548849,0.8994731,0.46663466,0.41074228,0.5158269,0.8,0.9,0.05,0.26666668,0.6333333,0.4,0.2,0.6,0.73333335,0.18333334,0.4,0.7,-0.55,-0.46666667,0.45,0.9254534,0.095040366,0.34181476,0.48332503,0.27911314,0.9929818,0.71870667,-0.38353232,-0.29628992,-0.09022388,0.4,0.3,0.25,0.36666667,0.38333333,0.2,0.4,0.5,0.43333334,0.45,0.2,-0.1,-0.25,-0.06666667,-0.06666667,0.8888889,0.68421054,0.41666666,0.51578945,0.5,0.11111111,0.31578946,0.5833333,0.48421052,0.5,0.7777778,0.36842105,-0.16666667,0.031578947,0.0,1.00236,1.1298635,1.7142764,1.9069747,1.8652735,0.32709584,0.3210795,0.8664484,0.79851466,0.65606457,1.301767,1.1458614,1.8684808,1.8063596,1.6423886,0.5361064,0.43034774,0.45682713,0.4617197,0.48702335,0.46389362,0.56965226,0.54317284,0.5382803,0.51297665,0.072212756,-0.13930452,-0.08634571,-0.07656063,-0.025953311
SH601456,-0.007916859252173622,0.25,,2026-04-17,0.0,0.008574526,0.0,0.0021436126,0.24999781,0.006430913,0.7500022,0.0042873006,0.5000044,1.0,1.0021436,0.9935691,0.9977138,0.99380165,0.96900827,1.0113636,1.0144628,1.0630165,0.99979335,0.9894628,0.98316115,0.9937672,1.02073,0.0021171283,0.014296227,0.013348365,0.018830014,0.03144533,0.000103314254,0.003956923,0.0013592876,-0.0010362748,-0.0015601208,0.005953415,0.702237,0.36293983,0.23472011,0.7507651,0.0,-0.0072689583,0.0039256196,0.021258779,0.025293557,1.0084634,1.0120267,1.016275,1.0283638,1.0800189,0.9829274,0.96162087,0.96162087,0.96162087,0.96162087,1.0006198,1.0,0.99793386,1.01219,1.0526859,0.99793386,0.975,0.9706611,0.97417355,0.9911157,0.7,0.85,0.925,0.6166667,0.30833334,0.66857135,0.76140296,0.70221716,0.5750292,0.32415345,0.4,0.5,0.05,0.26666668,0.13333334,0.2,0.2,0.6,0.73333335,0.8666667,0.2,0.3,-0.55,-0.46666667,-0.73333335,-0.09379479,0.5504322,0.3249638,0.30605042,0.66170686,-0.22654031,0.85413617,0.37746534,0.3594521,0.4148329,0.6,0.5,0.5,0.43333334,0.45,0.2,0.3,0.4,0.46666667,0.46666667,0.4,0.2,0.1,-0.033333335,-0.016666668,0.6875003,0.6973684,0.47150272,0.47058827,0.4344086,0.3124997,0.30263162,0.5284973,0.52941173,0.5655914,0.37500057,0.3947368,-0.05699458,-0.058823492,-0.13118277,1.2179123,1.3418795,1.3104097,1.3365738,1.7687062,0.21626583,0.6564187,0.5194497,0.45699677,0.7337414,0.67608064,1.4075856,1.2112329,1.2854377,1.2224219,0.08205996,0.50281274,0.48645228,0.48844692,0.4622885,0.91794,0.49718726,0.5135477,0.51155305,0.5377115,-0.8358801,0.0056254617,-0.027095433,-0.023106145,-0.07542302
SH688009,-0.008111068335539142,0.5,,2026-04-17,0.00560744,0.01308414,0.42856774,0.0018691467,0.14285591,0.005607553,0.42857635,0.009345846,0.7142882,0.9944238,1.0018587,0.98884755,0.995927,1.0199082,1.0030628,1.0704441,1.085758,1.0199082,1.0006125,1.0078101,1.0202144,1.0532415,1.046784,0.004542859,0.010645365,0.021315953,0.054028824,0.04269175,-0.0021439502,-0.0019954562,-0.002268304,-0.005232629,-4.7869024e-05,0.55681485,0.32208812,0.3963337,0.7269266,0.00038346092,0.003675359,0.0011694517,0.0013345014,0.02263169,-0.04537192,1.017284,1.0290965,1.0829945,1.1840947,1.1840947,0.98644364,0.98644364,0.98644364,0.98644364,0.98644364,1.0036753,1.0162327,1.042879,1.0964777,1.0722818,0.9987749,1.0,1.0024502,1.0030628,1.0073507,0.5,0.25,0.175,0.11666667,0.09166667,0.43956566,0.31783056,0.14040674,0.06858749,0.06858749,0.2,0.3,0.4,0.13333334,0.56666666,0.8,0.9,0.95,0.96666664,0.98333335,-0.6,-0.6,-0.55,-0.8333333,-0.41666666,-0.7837749,0.18610103,0.30969706,0.61883545,0.4822965,-0.4115537,0.26096714,0.062013987,0.13639304,0.40952966,0.2,0.4,0.35,0.36666667,0.4,0.8,0.6,0.6,0.56666666,0.56666666,-0.6,-0.2,-0.25,-0.2,-0.16666667,0.19047719,0.48214275,0.39252344,0.42000008,0.48946515,0.8095228,0.51785725,0.6074766,0.5799999,0.5105349,-0.6190456,-0.03571452,-0.21495312,-0.15999983,-0.021069713,1.0630294,1.093262,1.3913742,1.5679193,1.5632489,0.28064057,0.22210412,0.5445188,0.57536495,0.59839183,0.6357315,1.0274986,1.2306463,1.0646555,1.2078394,0.49134806,0.42761222,0.47346988,0.46739605,0.48399296,0.5086519,0.5723878,0.5265301,0.532604,0.51600707,-0.017303865,-0.14477558,-0.05306023,-0.065207906,-0.03201408
SH600918,-0.00849143691506336,0.25,,2026-04-17,-0.0016447275,0.009868424,-0.16666566,0.0016447275,0.16666566,0.00657897,0.6666687,0.0032895147,0.33333737,1.0016475,1.0032948,0.99341017,0.99776226,1.0015924,0.9872612,1.0382166,1.0254778,1.1035031,1.0035032,0.99681526,1.0013535,1.0105096,1.0342357,0.0030629514,0.011844957,0.013884485,0.017916176,0.029112456,-0.001433117,0.0025284698,-0.00058306655,-0.0013128534,-0.0015488204,0.547297,0.41769567,0.06172267,0.41614392,0.8632652,-0.0006369475,-0.008193394,0.004185632,0.008526823,0.011454532,1.0114765,1.0213606,1.0497876,1.0512724,1.1024956,0.9915997,0.97112316,0.97112316,0.97112316,0.97112316,1.005414,1.005414,1.0082803,1.0286624,1.0605096,1.0012739,0.98407644,0.9869427,1.0,1.0044587,0.2,0.4,0.325,0.21666667,0.108333334,0.42261812,0.5748064,0.36708876,0.3602884,0.21980913,0.6,0.5,0.05,0.3,0.016666668,0.2,0.2,0.6,0.73333335,0.8666667,0.4,0.3,-0.55,-0.43333334,-0.85,0.57141554,0.32958564,0.23400804,0.30147472,0.46565446,-0.43913868,0.731818,0.20444961,0.20019434,0.1799553,0.6,0.5,0.5,0.56666666,0.5,0.4,0.4,0.45,0.4,0.43333334,0.2,0.1,0.05,0.16666667,0.06666667,0.45454606,0.56666654,0.42307696,0.45789468,0.39747638,0.5454539,0.43333346,0.5769231,0.5421053,0.6025236,-0.09090785,0.13333309,-0.1538461,-0.084210634,-0.20504726,1.1175066,1.3602238,1.5090549,1.5700188,1.8014773,0.14912823,0.5777014,0.5997885,0.5758532,0.6847069,0.4526019,1.2428832,1.4912754,1.5706695,1.4135916,0.025313875,0.46525815,0.41161832,0.49512845,0.45939153,0.97468615,0.5347418,0.5883817,0.50487155,0.54060847,-0.94937223,-0.06948368,-0.17676337,-0.009743119,-0.08121692
SH601919,-0.011244826536137046,0.375,,2026-04-17,-0.010752771,0.017473143,-0.61538845,0.0020160896,0.1153822,0.004704282,0.26922932,-0.008064578,-0.46154135,1.0108696,1.0129076,0.99524456,1.0013196,1.0326426,1.0326426,1.0857224,1.0720977,0.9965939,1.0185637,1.0238434,1.0319047,1.0470717,1.0238292,0.011888864,0.010246567,0.015284469,0.026959635,0.041127328,-0.0066136965,-0.002057478,-0.0019280405,-0.0024283454,0.0012199667,0.7736558,0.36959416,0.55692875,0.628774,0.2683705,-0.0053363666,-0.014584697,-0.0135882795,-0.011860651,-0.059818182,1.0362465,1.0462301,1.0843363,1.1157151,1.1536741,0.99524456,0.99524456,0.99524456,0.99524456,0.9600377,1.0260574,1.0326426,1.0383765,1.073233,1.0576214,1.0108998,1.0202101,1.0241272,1.0257168,0.9842748,0.2,0.1,0.05,0.033333335,0.38333333,0.11598023,0.09327005,0.053376682,0.03947367,0.20637791,0.6,0.5,0.05,0.3,0.46666667,1.0,1.0,1.0,1.0,0.21666667,-0.4,-0.5,-0.95,-0.7,0.25,-0.17896605,-0.10098616,0.58985925,0.64377636,0.55638206,-0.5038276,-0.06767003,-0.09735382,-0.084562115,0.34173012,0.2,0.3,0.4,0.46666667,0.46666667,0.8,0.5,0.5,0.46666667,0.48333332,-0.6,-0.2,-0.1,0.0,-0.016666668,0.09790261,0.2374424,0.28242058,0.38558552,0.5022935,0.9020974,0.7625576,0.7175794,0.6144145,0.49770647,-0.80419475,-0.5251152,-0.43515882,-0.22882898,0.0045870827,1.0771837,1.0419939,1.2908252,1.5301318,1.7632799,0.2752368,0.25677916,0.45485196,0.5521476,1.3409771,0.5792219,0.797005,1.0956131,0.95668083,3.209584,0.50671285,0.50003356,0.45710203,0.3615155,0.48759034,0.49328718,0.4999664,0.542898,0.6384845,0.5124097,0.013425668,6.7148205e-05,-0.08579596,-0.276969,-0.024819322
SH600377,-0.011378747864539122,0.25,,2026-04-17,-0.00085030013,0.006802732,-0.12499391,0.005102049,0.75,0.0008503829,0.12500608,-0.0051019667,-0.74998784,1.000851,1.0059574,0.9991489,1.0015008,0.9815031,1.018731,1.0580659,1.0238819,0.9957855,0.9920861,0.98890185,1.0079489,1.0213064,1.0207602,0.010399244,0.008728717,0.022709783,0.027511008,0.023070581,0.0061109937,0.001376446,-0.0029640356,-0.002529098,-0.00013708626,0.86329687,0.2279444,0.59622324,0.6549679,0.010768884,-0.0043081203,0.0049041286,0.020209413,0.015365472,-0.016716082,1.0069166,1.017215,1.0638716,1.0690899,1.0690899,0.9762256,0.9762256,0.9762256,0.9762256,0.9762256,1.0007024,0.99606645,1.026598,1.0508546,1.0389136,0.98243964,0.9815031,0.98281425,0.9931163,0.9984547,0.8,0.9,0.45,0.3,0.24166666,0.7746368,0.58001363,0.27125487,0.2560123,0.2560123,0.8,0.1,0.05,0.26666668,0.6333333,0.2,0.6,0.8,0.8666667,0.93333334,0.6,-0.5,-0.75,-0.6,-0.3,0.45139474,0.07501128,0.50002724,0.30023786,0.23439887,0.9194625,0.29185086,0.02322924,0.11805575,0.16106044,0.6,0.4,0.45,0.53333336,0.56666666,0.4,0.5,0.5,0.43333334,0.4,0.2,-0.1,-0.05,0.1,0.16666667,0.8160003,0.3850575,0.3764942,0.4610688,0.5036116,0.18399973,0.6149425,0.62350583,0.5389312,0.4963884,0.63200057,-0.22988501,-0.24701162,-0.0778624,0.0072232103,1.4368808,1.8914413,2.3947861,2.3388693,2.405284,0.46436495,0.71711445,0.92978936,0.84940594,0.88399917,0.92969537,1.1151198,0.94906276,1.0346308,0.9724644,0.24040502,0.3982914,0.4607525,0.48044017,0.48613247,0.759595,0.6017086,0.5392475,0.5195598,0.51386756,-0.51918995,-0.20341718,-0.07849501,-0.03911965,-0.027735077
SH600018,-0.011579164472919906,0.5,,2026-04-17,-0.008048305,0.01207235,-0.6666726,0.0020120225,0.1666637,0.0020120225,0.1666637,-0.008048305,-0.6666726,1.0081136,1.010142,0.99797165,1.0025386,1.0131896,1.029976,1.0455636,1.0323741,1.0683453,1.0093526,1.0130696,1.0212231,1.0294164,1.0290767,0.0053890385,0.00635605,0.012147771,0.015959134,0.0160225,-0.002757809,-0.0015333218,-0.0013901643,-0.0014463168,-0.00021245533,0.6547052,0.533462,0.4583604,0.63651687,0.05362589,-0.0038369254,-0.0061696246,-0.008016478,-0.008444887,-0.022809315,1.0160465,1.0301528,1.05219,1.0604982,1.0745145,0.99797165,0.99797165,0.99797165,0.99797165,0.9893193,1.0122303,1.0160671,1.0323741,1.0446043,1.0443645,1.0076739,1.0115108,1.0119904,1.0129497,1.0131896,0.2,0.1,0.05,0.033333335,0.016666668,0.11221939,0.063029,0.037410725,0.032439727,0.1253669,0.2,0.1,0.05,0.2,0.016666668,1.0,1.0,1.0,1.0,0.18333334,-0.8,-0.9,-0.95,-0.8,-0.16666667,-0.93726265,-0.19494736,0.071087524,0.31629375,-0.079890795,-0.88398206,0.20868053,-0.49279153,-0.39530078,-0.25948825,0.2,0.2,0.3,0.36666667,0.43333334,0.8,0.8,0.65,0.6,0.53333336,-0.6,-0.6,-0.35,-0.23333333,-0.1,0.076924145,0.24489784,0.37820512,0.43349746,0.43230402,0.92307585,0.75510216,0.6217949,0.5665026,0.567696,-0.8461517,-0.5102043,-0.24358974,-0.1330051,-0.13539195,0.56132835,0.563642,0.6841997,0.7394478,0.98120666,0.25279823,0.1859301,0.240833,0.23559852,0.57801354,1.6144493,0.9913296,1.2548541,1.2078485,1.1731658,0.82526565,0.5744313,0.53446746,0.49563986,0.4900837,0.17473438,0.4255687,0.46553257,0.50436014,0.5099163,0.65053123,0.14886259,0.06893488,-0.008720257,-0.019832592
SH601236,-0.01271128084437076,0.25,,2026-04-17,0.0,0.011568097,0.0,0.006426714,0.5555549,0.0051413835,0.44444507,-0.0012853299,-0.11110988,1.0,1.0064267,0.9948586,1.0001569,0.99568963,0.9655172,1.0506465,1.0118535,1.0862069,1.0012931,0.98922414,0.9965517,1.0073276,1.0288254,0.0025727074,0.016908921,0.020039996,0.02367039,0.028810088,-0.00032327723,0.0046368903,-0.0013044456,-0.0016800275,-0.0014193658,0.03947385,0.6893397,0.14829439,0.39041245,0.74028563,-0.0006465417,-0.010090121,0.015840534,0.017032837,0.013045883,1.0156354,1.0156354,1.0555063,1.0622203,1.0856882,0.9871465,0.95780337,0.95780337,0.95780337,0.95780337,1.0028017,1.0004311,1.0079741,1.0226293,1.0545259,0.99978447,0.9724138,0.9827586,0.99137926,1.0017241,0.5,0.75,0.575,0.38333333,0.19166666,0.45117575,0.72964144,0.43188706,0.40411672,0.32995808,0.6,0.8,0.05,0.3,0.016666668,0.2,0.2,0.6,0.73333335,0.8666667,0.4,0.6,-0.55,-0.43333334,-0.85,0.32633287,0.19709647,0.44159907,0.45939407,0.34286562,-0.22073452,0.8099714,0.43202648,0.41511258,0.35236812,0.6,0.6,0.5,0.56666666,0.45,0.4,0.4,0.5,0.4,0.48333332,0.2,0.2,0.0,0.16666667,-0.033333335,0.6000006,0.66666645,0.3896714,0.47985354,0.41416308,0.3999994,0.33333355,0.6103286,0.5201464,0.58583695,0.20000118,0.33333293,-0.22065721,-0.040292908,-0.17167385,1.1093847,1.3576226,1.7214302,1.7535125,1.8414776,0.10944032,0.5940097,0.6811723,0.70888615,0.65410674,0.38845015,1.2466836,1.1378028,1.1937836,1.1516906,0.048320446,0.45128897,0.3946769,0.47708234,0.45607322,0.9516795,0.54871106,0.60532314,0.5229176,0.5439268,-0.9033591,-0.097422086,-0.21064623,-0.0458353,-0.087853536
SH601995,-0.013058066094938446,0.25,,2026-04-17,0.00029531654,0.012699321,0.023254516,0.007087984,0.55813885,0.0053160205,0.41860667,-0.0014766472,-0.11627765,0.9997048,1.0070859,0.9943903,1.0001935,0.9787722,0.956397,1.0048766,1.0109007,1.0510614,0.9934596,0.9770511,0.97055364,0.98323774,1.0053022,0.006915686,0.02029905,0.017805936,0.023352522,0.028387716,0.0036718282,0.0062900935,0.0015069955,-0.0012780825,-0.0013420171,0.7047485,0.88018566,0.25070465,0.232141,0.6816399,-0.00080321723,-0.0053564943,0.015129893,0.035294473,0.034287337,1.0082247,1.0082247,1.0082247,1.018435,1.052933,0.96880096,0.94256026,0.94256026,0.94256026,0.94256026,1.0002868,0.99334484,0.98846817,1.0074584,1.0305794,0.98743546,0.95662653,0.956397,0.95800346,0.9709122,0.8,0.9,0.95,0.6333333,0.31666666,0.79137665,0.8747464,0.8747464,0.7570344,0.5204164,0.8,0.9,0.95,0.033333335,0.016666668,0.2,0.2,0.6,0.73333335,0.8666667,0.6,0.7,0.35,-0.7,-0.85,0.54802746,0.50875634,0.41799387,0.43043944,0.6221984,0.6802276,0.7748961,0.35306904,0.2845992,0.26581296,0.6,0.5,0.45,0.46666667,0.45,0.4,0.5,0.55,0.5,0.53333336,0.2,0.0,-0.1,-0.033333335,-0.083333336,0.8303566,0.709945,0.4889754,0.4791209,0.44137022,0.16964339,0.29005498,0.5110246,0.5208791,0.55862975,0.6607132,0.41989005,-0.022049217,-0.041758165,-0.117259555,1.0963411,1.1231196,1.0804101,1.159829,1.4878403,0.28204027,0.48275787,0.4268805,0.42246032,0.5896469,0.97914463,1.1116835,1.3236886,1.4260769,1.2134532,0.2789676,0.5306713,0.48306695,0.49523273,0.45977208,0.72103244,0.46932867,0.5169331,0.50476724,0.5402279,-0.44206482,0.061342645,-0.033866134,-0.009534531,-0.080455825
SZ000333,-0.015083875564224688,0.25,,2026-04-17,0.006011707,0.018035304,0.33332995,0.0076746168,0.425533,0.00434898,0.24113706,0.0026860703,0.14893402,0.9940242,1.0076288,0.9897012,1.0001415,0.97150654,0.9837245,0.96629924,0.9697257,0.9809292,0.98249817,0.97710603,0.9648881,0.9681041,0.9806482,0.014342979,0.011284741,0.020326288,0.01762163,0.021726007,0.009016923,0.0028069941,0.002639519,0.00036327503,-0.00052480947,0.98804796,0.56716746,0.59020317,0.03293674,0.17796858,-0.000532006,0.010262482,0.010036464,0.026628371,0.03483369,1.0076288,1.0076288,1.0076288,1.0076288,1.0319077,0.9599373,0.9599373,0.9125104,0.9125104,0.9125104,0.99237174,0.98628074,0.97833234,0.9805685,1.0008882,0.9713307,0.9701585,0.9496179,0.95430225,0.96777797,1.0,1.0,1.0,1.0,0.8,0.84003943,0.84003943,0.91979724,0.91979724,0.73276,1.0,1.0,1.0,1.0,0.26666668,0.4,0.7,0.35,0.56666666,0.78333336,0.6,0.3,0.65,0.43333334,-0.51666665,0.772946,0.6415853,-0.17708294,-0.25863615,0.033709396,0.7787679,0.7836108,0.0477585,0.0042671724,0.008368349,0.8,0.5,0.55,0.53333336,0.5,0.2,0.5,0.45,0.46666667,0.5,0.6,0.0,0.1,0.06666667,0.0,0.82016206,0.6126716,0.5711294,0.5489823,0.517247,0.17983797,0.3873284,0.42887065,0.45101768,0.482753,0.64032406,0.22534321,0.14225872,0.09796462,0.034493983,0.87401205,0.8396741,1.0292705,0.9458127,1.0939455,0.20396528,0.19077994,0.46080986,0.39482042,0.42342255,0.46940786,0.6389285,1.8618824,1.9878665,1.736665,0.52860177,0.4646368,0.51002467,0.51598626,0.4712947,0.47139823,0.5353632,0.4899753,0.48401377,0.5287053,0.057203535,-0.07072639,0.02004937,0.031972487,-0.057410616
SH601298,-0.015307974761768239,0.25,,2026-04-17,0.0045197518,0.018079074,0.24999908,0.009039571,0.50000185,0.0045197518,0.24999908,-6.670531e-08,-3.689642e-06,0.99550056,1.0089989,0.9910012,0.9992463,0.9714765,0.988255,1.0,1.0276846,0.932047,0.98758394,0.982047,0.9802433,0.9951622,1.0128356,0.0114629185,0.012919338,0.012498159,0.024804207,0.04300515,0.00713086,0.0026032105,0.0005456184,-0.0019538854,-0.00072876335,0.967461,0.37217695,0.066704325,0.4808938,0.08758545,-0.001845639,0.0062385444,0.014573317,0.033169128,0.008662928,1.0089989,1.0089989,1.0089989,1.055257,1.1201115,0.9604969,0.9535558,0.9524313,0.9524313,0.9297813,0.9979866,0.9941276,0.9912752,1.022651,1.0528524,0.97734904,0.97349,0.97080535,0.9738256,0.9738256,1.0,1.0,1.0,0.68333334,0.45833334,0.8144634,0.83769125,0.84091777,0.46261507,0.36893094,1.0,1.0,1.0,0.06666667,0.26666668,0.2,0.2,0.1,0.4,0.016666668,0.8,0.8,0.9,-0.33333334,0.25,-0.3699575,-0.40081546,-0.58039206,0.20003,0.47857216,0.32881042,-0.20324206,-0.5089878,-0.13020547,0.11357866,1.0,0.6,0.55,0.5,0.53333336,0.0,0.4,0.45,0.46666667,0.41666666,1.0,0.2,0.1,0.033333335,0.11666667,1.0,0.55072457,0.5,0.4606205,0.54981554,0.0,0.44927543,0.5,0.53937954,0.4501845,1.0,0.10144911,0.0,-0.07875903,0.09963103,1.0076588,1.1885931,1.2997471,1.3896465,2.128028,0.11227003,0.3399823,0.34157532,0.4396221,1.4232062,0.6511434,1.2074674,1.1410817,1.0988866,1.890935,0.285452,0.48438185,0.4918005,0.48275998,0.4744604,0.714548,0.51561815,0.5081995,0.51724005,0.5255396,-0.42909595,-0.031236263,-0.016399026,-0.03448004,-0.051079202
SZ000858,-0.01580897443046523,0.25,,2026-04-17,0.0035467835,0.010344842,0.34285524,0.0038423773,0.3714293,0.0029556816,0.28571546,0.0026600875,0.25714144,0.99646574,1.0038288,0.9935205,0.9994388,1.0020592,1.0308249,1.0065758,0.9959729,1.0508549,1.009953,1.0110229,1.0093734,1.0096353,1.0194775,0.007048877,0.0071933707,0.011156886,0.010854105,0.021233242,-0.00076557975,-0.0008157182,0.00063822983,0.00023695981,-0.00050005334,0.029490424,0.11787639,0.11453447,0.03693712,0.16916089,-0.008421899,-0.0073522227,-0.015436662,-0.013071229,-0.0047259177,1.0210062,1.0305326,1.0386809,1.0388777,1.0875694,0.9923406,0.9923406,0.98213035,0.98213035,0.98213035,1.0157244,1.01612,1.01612,1.0169225,1.0324147,1.0043967,1.0048085,1.0016474,1.0020199,1.0038457,0.2,0.1,0.2,0.16666667,0.15,0.267198,0.20054957,0.31599405,0.3148987,0.16947863,0.8,0.1,0.4,0.26666668,0.2,0.2,0.6,0.15,0.43333334,0.71666664,0.6,-0.5,0.25,-0.16666667,-0.51666665,-0.8416338,-0.660162,-0.2400305,0.0081554195,0.57503957,-0.84212947,-0.067997895,-0.36736616,-0.22249907,0.40187046,0.6,0.4,0.5,0.56666666,0.46666667,0.4,0.6,0.5,0.43333334,0.53333336,0.2,-0.2,0.0,0.13333334,-0.06666667,0.46691278,0.30993226,0.48144433,0.50807184,0.46011665,0.53308725,0.69006777,0.5185557,0.49192813,0.5398834,-0.06617445,-0.38013548,-0.03711136,0.01614371,-0.0797667,0.7365895,0.65692776,0.71988946,0.75711995,1.1814244,0.16654338,0.1538251,0.19362788,0.20325983,0.8799985,1.1105613,0.7987594,0.86928743,0.8467775,3.5724242,0.70468456,0.5353942,0.54339254,0.53549504,0.49218953,0.29531547,0.4646058,0.45660746,0.46450496,0.5078105,0.40936905,0.070788406,0.08678511,0.07099011,-0.01562092
SH601878,-0.016233771547659297,0.375,,2026-04-17,-0.0020661303,0.008264453,-0.25000206,0.0020660625,0.24999386,0.0041322606,0.5000041,6.765325e-08,8.186053e-06,1.0020704,1.0041407,0.9958592,0.9995158,0.9981308,0.98411214,1.0514019,1.0635513,1.1411214,1.0029906,0.9913084,0.9993925,1.0206853,1.0626012,0.0029107356,0.016437577,0.016828652,0.033671465,0.04978818,-0.00093457836,0.0044010244,-0.0010716034,-0.0031915,-0.0026883115,0.25773057,0.657118,0.141918,0.6962534,0.8892144,-0.0011215049,-0.011113011,0.010787717,0.025591401,0.016703958,1.0123205,1.0167681,1.0561215,1.0800184,1.142244,0.9862456,0.95857674,0.95857674,0.95857674,0.95857674,1.004486,1.0029906,1.0076636,1.0635513,1.1085981,1.0007477,0.97607476,0.9915888,0.99962616,1.0037383,0.2,0.6,0.375,0.25,0.125,0.5274956,0.7118452,0.4246595,0.3410962,0.22553441,0.6,0.5,0.05,0.26666668,0.016666668,0.2,0.2,0.6,0.73333335,0.8666667,0.4,0.3,-0.55,-0.46666667,-0.85,0.6120727,0.12828644,0.035158686,0.03244975,0.46020928,-0.1430725,0.8198275,0.32368755,0.26386723,0.24157049,0.6,0.5,0.45,0.46666667,0.46666667,0.4,0.5,0.55,0.5,0.51666665,0.2,0.0,-0.1,-0.033333335,-0.05,0.5416674,0.5714284,0.39043835,0.38888904,0.3594042,0.45833257,0.4285716,0.6095617,0.6111109,0.6405958,0.08333484,0.14285679,-0.21912332,-0.22222191,-0.28119156,1.1395448,1.430484,1.3975189,1.3921753,1.6952702,0.18749072,0.6147479,0.5197241,0.4571604,0.6880878,0.32448167,1.237116,1.1829681,1.3214653,1.1427656,0.03506488,0.44812822,0.4754306,0.49046403,0.43655264,0.9649351,0.5518718,0.5245694,0.50953597,0.56344736,-0.92987025,-0.103743576,-0.049138807,-0.019071952,-0.1268947
SZ002179,-0.01662044657989276,0.25,,2026-04-17,0.003094233,0.028129438,0.10999983,0.012376932,0.4399993,0.012658271,0.45000088,0.0033755715,0.12000139,0.99691534,1.0123388,0.9842961,0.9957897,1.0330782,0.9326862,0.96914315,0.9817621,1.0678551,1.0117677,1.0038884,0.97112095,0.97986555,0.987128,0.014383965,0.03178637,0.041069917,0.03964861,0.035397273,-0.008551422,0.0045121373,0.005749808,0.00046338604,-0.0005376818,0.88360745,0.18471159,0.6860047,0.010585994,0.070373796,0.005335087,-0.024192963,-0.025744123,0.013415326,0.028733587,1.05131,1.05131,1.05131,1.067288,1.0745757,0.9842961,0.9203546,0.90717626,0.90717626,0.90717626,1.0251111,1.0308381,1.009468,1.009468,1.0226992,0.99977225,0.99583346,0.9325182,0.9394773,0.96050024,0.4,0.4,0.7,0.73333335,0.68333334,0.23433825,0.6081875,0.6440113,0.5797431,0.55450445,0.2,0.6,0.8,0.16666667,0.05,1.0,0.1,0.15,0.43333334,0.71666664,-0.8,0.5,0.65,-0.26666668,-0.6666667,0.85739094,0.6242143,0.71721065,0.77378,0.7511127,0.0065360796,0.8624193,0.7173698,0.6423382,0.57317185,0.2,0.4,0.4,0.43333334,0.43333334,0.8,0.6,0.6,0.56666666,0.56666666,-0.6,-0.2,-0.2,-0.13333334,-0.13333334,0.032208484,0.72816986,0.55047333,0.51602644,0.46626326,0.9677915,0.2718301,0.44952667,0.4839736,0.5337367,-0.93558306,0.45633978,0.10094665,0.032052845,-0.06747346,1.011834,1.4076251,1.0779593,1.2847687,1.3151939,0.12129402,0.67843527,0.595008,0.7877189,0.6795192,0.90163046,1.515066,1.4708835,1.486688,1.3778872,0.09629763,0.54550236,0.4900847,0.5022538,0.45546052,0.9037024,0.45449767,0.5099153,0.49774623,0.5445395,-0.80740476,0.091004685,-0.019830609,0.0045075202,-0.089078985
SH601728,-0.0176674734959007,0.125,,2026-04-17,0.0034188186,0.011965864,0.2857143,0.006837637,0.5714286,0.0017094093,0.14285715,-0.0017094093,-0.14285715,0.9965928,1.0068144,0.99488926,1.0012264,0.98595506,0.96769667,1.0407304,1.011236,1.0660113,0.9924157,0.98609555,0.9829354,0.9986892,0.9950375,0.005841754,0.008844463,0.012995017,0.025986576,0.022754999,0.0035112388,0.0026983274,0.00023971299,-0.0019191123,-0.00016398143,0.9031798,0.8532136,0.011909608,0.42267284,0.015839284,0.0005617851,0.0017620052,0.014787313,0.029137963,0.009799972,1.0068144,1.0068144,1.0418794,1.0662802,1.066587,0.9771455,0.9602898,0.95156723,0.95156723,0.95156723,0.9966292,0.9935394,0.9935394,1.0216292,1.0134832,0.9870786,0.97865176,0.97022474,0.975,0.97612363,1.0,1.0,0.95,0.6333333,0.65,0.77032006,0.8535324,0.5362812,0.42220804,0.42108226,1.0,1.0,0.05,0.23333333,0.016666668,0.2,0.1,0.35,0.56666666,0.78333336,0.8,0.9,-0.3,-0.33333334,-0.76666665,0.85332763,0.45513508,0.36931944,0.65040445,0.4360171,0.82884985,0.6852952,-0.1810289,0.36472663,0.2517762,0.8,0.8,0.55,0.53333336,0.46666667,0.2,0.2,0.45,0.43333334,0.5,0.6,0.6,0.1,0.1,-0.033333335,0.9166682,0.810811,0.36936924,0.47701138,0.44139647,0.083331816,0.18918903,0.63063073,0.5229886,0.5586035,0.83333635,0.62162197,-0.26126152,-0.045977246,-0.11720704,0.88368875,0.9068539,1.0846559,1.2867523,1.5984999,0.1599844,0.16822629,0.3867879,0.6052284,0.8109658,0.7210097,0.6330545,1.4522213,1.6303084,1.5821712,0.3984921,0.5464665,0.44269654,0.48377672,0.4826037,0.6015079,0.45353347,0.5573035,0.51622325,0.5173963,-0.20301577,0.09293304,-0.114606924,-0.03244654,-0.03479259
SH601800,-0.017883505678002395,0.375,,2026-04-17,-0.013157946,0.01578952,-0.8333341,0.0,0.0,0.002631575,0.16666593,-0.01052637,-0.6666682,1.0133334,1.0133334,0.99733335,1.0028354,1.013465,1.0089767,1.0637343,1.0628366,1.121185,1.0087972,1.0097846,1.0192999,1.0432376,1.0691203,0.0057268017,0.007899135,0.015271445,0.038035166,0.041039836,-0.0012567389,-9.2487404e-05,-0.0019492188,-0.0037929644,-0.0020530839,0.120394275,0.0012566592,0.5702023,0.7707057,0.7633119,-0.006283666,-0.009368386,-0.0007822662,0.011760374,-0.00855434,1.0196944,1.0269301,1.0703447,1.1395185,1.1826767,0.99733335,0.99600005,0.99600005,0.99600005,0.99600005,1.0122082,1.0136446,1.0269301,1.0818672,1.0989228,1.0050269,1.0043088,1.00772,1.011131,1.0231599,0.2,0.15,0.075,0.05,0.025,0.11925471,0.12932296,0.05380292,0.027870694,0.02142721,0.6,0.3,0.05,0.2,0.033333335,1.0,0.1,0.55,0.7,0.85,-0.4,0.2,-0.5,-0.5,-0.81666666,-0.69428384,0.16131435,0.43576926,0.8428519,0.64973336,-0.46060383,0.34099862,-0.14419043,0.3101331,0.27334684,0.4,0.5,0.4,0.43333334,0.4,0.6,0.5,0.55,0.53333336,0.5833333,-0.2,0.0,-0.15,-0.1,-0.18333334,0.2727264,0.45000005,0.3393666,0.4083769,0.410596,0.7272736,0.54999995,0.6606334,0.59162307,0.589404,-0.4545472,-0.09999992,-0.32126674,-0.18324617,-0.17880796,0.6133758,0.6508234,0.7741811,1.1430471,1.2967277,0.22701749,0.20675105,0.25664148,0.8374824,0.82856125,1.0451267,1.0102651,1.2440068,1.6813159,1.4154617,0.78297997,0.5898928,0.47175363,0.50051504,0.48980355,0.21702,0.4101072,0.52824634,0.49948496,0.51019645,0.56596,0.17978558,-0.05649273,0.0010300927,-0.020392884
SH601988,-0.02055630065686475,0.25,,2026-04-17,0.0,0.012131719,0.0,0.008665531,0.71428716,0.0034661882,0.28571287,-0.005199343,-0.4285743,1.0,1.0086656,0.9965338,1.0007094,0.9792086,1.0295104,0.9584171,0.9342723,0.9476861,0.9971831,0.99597585,0.986888,0.97062373,0.9489045,0.007519523,0.009821548,0.025348833,0.03184455,0.03190901,0.00382294,-0.000121943434,0.0026005667,0.0030644378,0.0014441934,0.6461812,0.0014130854,0.36837327,0.71768373,0.62477535,-0.0048289793,0.0045728907,-0.011593367,-0.01505808,0.008491765,1.0172167,1.0329837,1.0347099,1.0347099,1.0347099,0.9668556,0.9668556,0.92213887,0.9185086,0.9063243,1.0033535,1.0037559,1.0060362,1.0033535,0.98323274,0.99181753,0.9859155,0.9644534,0.9342723,0.92354125,0.6,0.6,0.65,0.76666665,0.8833333,0.65813506,0.5012152,0.69166195,0.7012949,0.7296431,0.8,0.1,0.5,0.6666667,0.8333333,0.2,0.6,0.1,0.13333334,0.13333334,0.6,-0.5,0.4,0.53333336,0.7,0.0033614738,0.24285671,-0.04649797,0.2079426,0.07716384,0.8804204,0.42174044,0.3536424,0.37480947,0.2585743,0.6,0.3,0.45,0.5,0.48333332,0.2,0.6,0.45,0.36666667,0.4,0.4,-0.3,0.0,0.13333334,0.083333336,0.87804854,0.3103451,0.6033335,0.63315225,0.5555556,0.12195143,0.6896549,0.39666653,0.36684775,0.44444442,0.75609714,-0.37930974,0.20666693,0.26630452,0.11111117,1.2555931,1.4153877,1.8114418,1.7322732,1.7773101,0.18245488,0.30003744,0.7202393,0.65615755,0.62740356,0.80140525,0.80339134,1.4533718,1.5757263,1.3710507,0.42151693,0.33467665,0.44141665,0.47962937,0.47631633,0.5784831,0.6653233,0.5585833,0.5203706,0.52368367,-0.15696616,-0.33064666,-0.117166676,-0.040741242,-0.047367323
SH601816,-0.025608612936851387,0.125,,2026-04-17,0.0020325107,0.01016263,0.1999985,0.0040650973,0.40000448,0.0040650214,0.399997,0.0020324348,0.19999103,0.9979716,1.0040568,0.99391484,0.9991918,1.0037594,1.0375941,1.0375941,1.018797,1.0375941,1.000376,1.0092106,1.0149436,1.0211153,1.0126567,0.000840637,0.011534625,0.014006445,0.015172177,0.01640827,0.0,-0.0032467577,-0.00087201205,-0.0009981864,0.0003542128,0.0,0.7262803,0.13566168,0.33545107,0.14213553,-0.0003759443,0.005399865,-0.00665952,-0.006641618,-0.023105947,1.0099921,1.0386362,1.0445704,1.0554109,1.0554109,0.99188644,0.99188644,0.9858013,0.9858013,0.97714853,1.000376,1.0199249,1.0281955,1.0323309,1.0281955,1.0,1.0,1.0,1.0015038,0.9962406,0.5,0.25,0.2,0.13333334,0.30833334,0.44812173,0.1735527,0.24160144,0.20397636,0.29198557,0.6,0.1,0.4,0.26666668,0.6333333,0.4,0.7,0.15,0.43333334,0.23333333,0.2,-0.6,0.25,-0.16666667,0.4,0.47451946,-0.16071557,-0.21972373,0.10516656,-0.30820823,0.66136473,0.38178134,-0.4691317,-0.28064707,-0.006278724,0.2,0.2,0.45,0.5,0.46666667,0.4,0.6,0.45,0.4,0.45,-0.2,-0.4,0.0,0.1,0.016666668,0.25,0.20588288,0.38372096,0.45454556,0.46093747,0.75,0.79411715,0.61627907,0.54545444,0.53906256,-0.5,-0.58823425,-0.23255809,-0.09090889,-0.07812506,1.0259639,1.0218533,1.2212161,1.2823899,1.6897237,0.10016074,0.1148855,0.35771513,0.3466015,0.699181,0.9804858,0.9033403,1.6522197,1.6469086,1.1208632,0.3612129,0.46950588,0.45649144,0.47941017,0.49073434,0.6387871,0.5304941,0.5435085,0.5205898,0.50926566,-0.27757418,-0.06098822,-0.0870171,-0.04117967,-0.018531311
SH600104,-0.026813010573132887,0.125,,2026-04-17,-0.009252675,0.010676223,-0.86666185,0.0,0.0,0.0014235482,0.13333818,-0.007829127,-0.73332363,1.0093391,1.0093391,0.9985632,1.0010843,1.016552,1.028041,1.0258341,1.015773,1.0833441,1.0096326,1.0107101,1.0213001,1.0243281,1.0324808,0.006279589,0.0069138343,0.017096292,0.01751051,0.023520678,-0.003738796,-0.00058693654,-0.0011930222,-0.00062284473,-0.0007613542,0.8862192,0.066062614,0.17043597,0.098053634,0.31957567,-0.0021550115,-0.008068878,-0.0099664135,-0.015296916,-0.010020881,1.0193781,1.0294487,1.0660869,1.0660869,1.110617,0.9985632,0.99783605,0.9863454,0.9863454,0.9863454,1.0142152,1.016552,1.0333246,1.0359081,1.0483967,1.0069064,1.0060495,1.0083474,1.0092041,1.011489,0.2,0.1,0.05,0.033333335,0.033333335,0.069029436,0.06845145,0.17123553,0.17123553,0.10987689,0.4,0.1,0.45,0.6333333,0.033333335,1.0,0.2,0.15,0.43333334,0.71666664,-0.6,-0.1,0.3,0.2,-0.68333334,-0.79241085,-0.08323033,0.41392338,0.4915827,0.48389965,-0.2670519,0.50920355,0.15619999,0.13818927,0.08979775,0.2,0.3,0.4,0.46666667,0.43333334,0.6,0.6,0.5,0.46666667,0.53333336,-0.4,-0.3,-0.1,0.0,-0.1,0.039712064,0.34393084,0.44615805,0.4762464,0.43407276,0.9602879,0.65606916,0.55384195,0.5237536,0.5659272,-0.92057586,-0.31213832,-0.107683875,-0.04750722,-0.13185444,0.7916879,0.8369763,1.0049928,1.0485066,1.2398388,0.15073082,0.13060254,0.3163893,0.34004793,0.61947584,1.1747358,0.8590006,1.1902592,1.130417,0.9648302,0.597688,0.29676062,0.51415604,0.48586327,0.47001034,0.40231195,0.7032394,0.485844,0.51413673,0.52998966,0.19537608,-0.4064788,0.028312035,-0.028273486,-0.05997929
SH601618,-0.027633313361596003,0.125,,2026-04-17,-0.0033444294,0.010033502,-0.33332625,0.0033445363,0.3333369,0.0033445363,0.3333369,-0.0033444294,-0.33332625,1.0033556,1.0067114,0.99664426,0.99995404,1.0,1.0051813,1.0336787,1.0492227,1.0284973,1.0031087,1.0007772,1.0080311,1.0289291,1.0367444,0.0028379215,0.007824605,0.012060868,0.03443699,0.031206744,0.0,0.0010833682,-0.0010362699,-0.0031566445,-0.00076755614,0.0,0.17572711,0.2583787,0.6511825,0.18451142,-0.0031087874,-0.0056523485,0.0018134876,0.016842175,-0.014101459,1.011905,1.015544,1.0427248,1.1315452,1.1625687,0.9932886,0.98704666,0.98704666,0.98704666,0.98704666,1.0051813,1.0051813,1.0207254,1.0621762,1.0621762,1.0,0.99637306,0.99948186,1.0,1.007772,0.3,0.5,0.3,0.2,0.1,0.36051163,0.45454478,0.23264627,0.0896434,0.073798895,0.6,0.3,0.05,0.2,0.16666667,0.2,0.1,0.55,0.7,0.85,0.4,0.2,-0.5,-0.5,-0.68333334,0.32347292,0.310682,0.41975337,0.84138054,0.8194807,0.037828803,0.5008025,-0.0078098522,0.12238792,0.46454144,0.2,0.4,0.4,0.43333334,0.46666667,0.2,0.3,0.4,0.43333334,0.46666667,0.0,0.1,0.0,0.0,0.0,0.5,0.46666685,0.41333342,0.430657,0.4832827,0.5,0.5333331,0.5866666,0.569343,0.5167173,0.0,-0.0666663,-0.17333315,-0.13868599,-0.03343462,0.98202235,1.0101156,1.3739235,2.0080593,2.616714,0.19614998,0.21791393,0.5594984,1.1802764,1.7466335,1.3711699,1.2590805,1.348386,1.4019349,1.650638,0.5507491,0.46113107,0.40591916,0.4566254,0.48379028,0.44925085,0.5388689,0.5940808,0.5433746,0.5162097,0.10149829,-0.07773787,-0.18816167,-0.08674917,-0.03241946
SH601818,-0.028819644612475652,0.125,,2026-04-17,-0.0062500522,0.009375045,-0.666669,0.0,0.0,0.0031249933,0.333331,-0.003125059,-0.33333802,1.0062894,1.0062894,0.9968554,1.000757,1.003035,1.003035,1.0409712,1.0197269,1.047041,1.0048559,1.0045524,1.0127466,1.0206879,1.0243298,0.0034603344,0.0038521946,0.013531362,0.017367942,0.015122896,-0.0006069884,5.5178756e-05,-0.0014604041,-0.0013655364,-0.00036192813,0.076924495,0.0018807835,0.40769103,0.47908384,0.17469265,-0.0036418906,-0.0048006843,0.0011272226,-0.000887661,-0.0136529375,1.0092138,1.0124679,1.0444503,1.0564739,1.0564739,0.9967463,0.9967463,0.9967463,0.9967463,0.99530226,1.0066768,1.0066768,1.0294386,1.0385433,1.0379363,1.0024279,1.0024279,1.003035,1.003035,1.0084977,0.2,0.15,0.1,0.06666667,0.033333335,0.26097393,0.20695783,0.068205915,0.05447558,0.076796114,0.8,0.4,0.05,0.2,0.6,0.2,0.6,0.8,0.8666667,0.18333334,0.6,-0.2,-0.75,-0.6666667,0.41666666,-0.5672513,0.08442236,0.28213558,0.47316274,0.18085365,-0.6095204,0.43966353,-0.43895468,-0.32744193,-0.26927248,0.4,0.3,0.3,0.33333334,0.35,0.4,0.4,0.5,0.46666667,0.48333332,0.0,-0.1,-0.2,-0.13333334,-0.13333334,0.39999914,0.46153808,0.37142864,0.45517245,0.44781142,0.60000086,0.5384619,0.6285714,0.5448276,0.5521886,-0.20000175,-0.076923855,-0.25714275,-0.0896551,-0.10437718,0.6110287,0.64335364,0.9692241,1.067188,1.2945415,0.22720128,0.19832952,0.49380785,0.44105718,0.62754285,1.038379,1.2593925,1.6295187,1.4953836,1.1720647,0.8649668,0.53531384,0.49382696,0.49130422,0.48800004,0.1350332,0.4646862,0.506173,0.5086958,0.51199996,0.7299336,0.07062765,-0.012346075,-0.017391557,-0.023999924
SH600016,-0.03348539158443795,0.0,,2026-04-17,0.0,0.0053907917,0.0,0.0026953958,0.5,0.0026953958,0.5,0.0,0.0,1.0,1.0026954,0.9973046,1.0000278,1.0027176,1.0135145,1.0404701,1.0458318,1.0269556,1.0016452,1.001917,1.0143114,1.0287746,1.0313796,0.0030728157,0.0047585405,0.015786428,0.02523401,0.023683012,0.0005288218,-5.119365e-05,-0.0019532314,-0.0025215761,-0.00021444724,0.074043274,0.0010609528,0.5358061,0.7738794,0.025007306,-0.0027028841,-0.0016866319,0.004244274,0.0077882167,-0.025053412,1.0081307,1.0135218,1.048564,1.0835987,1.0836138,0.9946603,0.9919428,0.9919428,0.9919428,0.9919428,1.0032611,1.0054352,1.0323907,1.0544547,1.0566287,0.9994712,0.9973559,1.002174,1.0027176,1.0075505,0.4,0.4,0.2,0.13333334,0.06666667,0.39640206,0.373382,0.14230002,0.08790698,0.08789264,0.6,0.1,0.05,0.2,0.33333334,0.2,0.2,0.6,0.73333335,0.8666667,0.4,-0.1,-0.55,-0.53333336,-0.53333336,0.8379998,0.13575453,0.26763985,0.61236477,0.4077094,0.94400996,0.004424316,-0.46878883,-0.29648453,0.09456309,0.4,0.4,0.35,0.33333334,0.35,0.6,0.6,0.65,0.6,0.56666666,-0.2,-0.2,-0.3,-0.26666668,-0.21666667,0.428016,0.4070706,0.39708623,0.41231024,0.47421664,0.571984,0.59292936,0.60291374,0.58768976,0.52578336,-0.14396796,-0.18585876,-0.20582752,-0.1753795,-0.051566713,0.9341491,1.1275166,1.3875092,1.5971838,1.9774704,0.14125003,0.34553707,0.49042007,0.54401505,0.70833045,0.29869187,0.8584289,1.145987,1.0918593,1.019033,0.56687415,0.40669927,0.46479163,0.46694216,0.46191207,0.43312585,0.59330076,0.5352084,0.53305787,0.53808796,0.1337483,-0.18660147,-0.07041676,-0.066115685,-0.07617588
SH600887,-0.03639023110861526,0.125,,2026-04-17,-0.007815613,0.010941788,-0.7142903,0.0003907278,0.035709683,0.002735447,0.25,-0.005470894,-0.5,1.0078772,1.008271,0.997243,1.0003641,1.0295391,1.0409633,1.0413574,1.0110301,1.0791681,1.0132344,1.0239085,1.0260943,1.032731,1.0398798,0.009935119,0.0135325845,0.013182154,0.01520346,0.018012876,-0.006026061,-0.0042276275,-0.00051975524,-0.0009658882,-0.0006592603,0.9197311,0.8946297,0.0544118,0.31280273,0.4085523,-0.0011822693,-0.0048841713,-0.021156698,-0.018725736,-0.020431628,1.0334786,1.0456898,1.0527772,1.0653839,1.0862577,0.997243,0.997243,0.997243,0.997243,0.997243,1.0226864,1.0363954,1.0381259,1.0413574,1.0567969,1.0066172,1.0111089,1.0121335,1.021505,1.0239475,0.2,0.1,0.05,0.033333335,0.016666668,0.076085195,0.05690768,0.04964504,0.040460207,0.030972375,0.4,0.3,0.4,0.26666668,0.016666668,1.0,1.0,1.0,1.0,1.0,-0.6,-0.7,-0.6,-0.73333335,-0.98333335,-0.90557885,-0.629009,-0.6572296,-0.028283224,0.27048782,-0.86154217,0.07126457,-0.46778953,-0.1466671,0.008731242,0.2,0.4,0.5,0.56666666,0.45,0.8,0.6,0.5,0.4,0.51666665,-0.6,-0.2,0.0,0.16666667,-0.06666667,0.037058476,0.12850477,0.34692574,0.47232658,0.40598798,0.9629415,0.87149525,0.65307426,0.5276734,0.594012,-0.92588305,-0.74299043,-0.3061485,-0.05534684,-0.18802401,0.7888334,0.68690354,0.6729916,0.7577566,0.9547457,0.23886988,0.22129983,0.22143441,0.237806,0.39491707,0.7661367,0.893075,1.7112432,1.4998211,1.5252577,0.78984165,0.65670913,0.5386102,0.52569985,0.4920975,0.21015835,0.34329084,0.46138978,0.47430015,0.5079025,0.5796833,0.3134183,0.07722046,0.051399678,-0.015804982
SH601766,-0.039855508927764835,0.125,,2026-04-17,-0.008064476,0.011290266,-0.71428573,0.0,0.0,0.0032257903,0.2857143,-0.0048386855,-0.42857143,1.0081301,1.0081301,0.996748,1.0006372,1.0233074,1.0199778,1.0144284,1.0166482,1.1231965,1.008213,1.0105438,1.0145394,1.0206068,1.035294,0.0058519123,0.008024779,0.0125872595,0.014969338,0.029596757,-0.0034406262,-0.00078700756,-0.0005607828,-0.0009597546,-0.0012315048,0.8642102,0.0881664,0.06946963,0.31857884,0.5280607,-0.0013318276,-0.0070022945,-0.009211962,-0.0066902875,0.0010352825,1.0198246,1.029815,1.0489659,1.060663,1.141576,0.996748,0.996748,0.979218,0.979218,0.979218,1.0135405,1.0162042,1.0241953,1.0326304,1.045061,1.0053273,1.0042175,1.0042175,1.0066593,1.0144284,0.2,0.1,0.15,0.1,0.058333334,0.14092264,0.09834626,0.2979584,0.255166,0.12800094,0.2,0.5,0.4,0.2,0.033333335,1.0,1.0,0.35,0.56666666,0.78333336,-0.8,-0.5,0.05,-0.36666667,-0.75,-0.8430836,0.25138217,0.18284802,0.2777301,0.073800005,0.32858887,0.68355024,0.16076432,0.18221001,0.028991923,0.2,0.3,0.45,0.43333334,0.35,0.6,0.6,0.5,0.53333336,0.6,-0.4,-0.3,-0.05,-0.1,-0.25,0.043477017,0.39999983,0.4749035,0.47747746,0.41368583,0.956523,0.6000002,0.52509654,0.5225225,0.58631414,-0.91304594,-0.20000036,-0.050193027,-0.04504506,-0.17262834,0.6537584,0.6643249,0.943181,0.94630224,1.1445062,0.19675452,0.18833831,0.5247687,0.43891683,0.62885976,0.8622489,0.87179315,1.4240295,1.4688444,1.1825958,0.52153194,0.5878288,0.5150782,0.48880476,0.49819452,0.47846803,0.41217119,0.48492178,0.51119524,0.5018055,0.043063924,0.17565763,0.030156419,-0.022390513,-0.0036109965
SH600085,-0.044503930691643226,0.125,,2026-04-17,-0.005023323,0.006817328,-0.7368464,0.0,0.0,0.0017940046,0.26315364,-0.0032293187,-0.47369272,1.0050486,1.0050486,0.99819696,0.9999455,1.0025264,1.0176549,1.0768019,1.0717492,1.1413583,1.005552,1.0037093,1.0157156,1.0382544,1.0727354,0.0064726486,0.006738335,0.018122949,0.035677426,0.044713143,0.00014563405,0.00057606725,-0.0022338284,-0.003665876,-0.002278205,0.0012656157,0.06699659,0.531753,0.81822026,0.79179925,-0.0058433805,-0.0063016466,0.005505783,0.014900848,-0.005528408,1.0151384,1.0169392,1.0811331,1.098792,1.171638,0.9920643,0.9917096,0.9917096,0.9917096,0.9917096,1.0112469,1.0112469,1.0313568,1.082788,1.110483,0.99949473,0.9972537,1.0014267,1.0033824,1.0174409,0.4,0.4,0.2,0.13333334,0.06666667,0.3439222,0.32859877,0.09270965,0.07742106,0.04607627,0.6,0.1,0.05,0.26666668,0.28333333,0.2,0.2,0.6,0.73333335,0.8666667,0.4,-0.1,-0.55,-0.46666667,-0.5833333,0.94213593,0.21092157,0.29921964,-0.26207733,0.37475273,0.93440557,0.44262353,-0.053869892,-0.014521536,0.06225187,0.4,0.4,0.25,0.33333334,0.4,0.6,0.6,0.7,0.6333333,0.56666666,-0.2,-0.2,-0.45,-0.3,-0.16666667,0.4587772,0.40689644,0.3234008,0.37096432,0.37595204,0.5412228,0.5931036,0.6765992,0.6290357,0.62404794,-0.08244562,-0.18620715,-0.3531984,-0.2580714,-0.24809591,1.1522657,1.3230746,1.7130888,1.5564892,2.1892111,0.21209125,0.28948277,0.6119484,0.5558676,1.3001887,0.99233556,0.7665305,1.3211315,1.4477044,1.2843068,0.4271956,0.3214386,0.49246168,0.48385984,0.45133144,0.5728044,0.6785614,0.5075383,0.51614016,0.54866856,-0.14560878,-0.35712275,-0.015076625,-0.03228035,-0.09733711
SZ002422,-0.04599151963436191,0.125,,2026-04-17,-0.019209411,0.049554538,-0.3876418,0.004454287,0.08988656,0.02589084,0.52247167,0.0022271434,0.04494328,1.0195856,1.0241271,0.97360206,0.9942127,0.96509767,1.0318009,0.9503357,0.8594873,0.94209105,0.99807626,0.9893055,0.9804248,0.9654601,0.9274345,0.019409657,0.02006729,0.032593377,0.035040464,0.04907059,0.0078049386,0.0024170065,0.002868483,0.0029284365,0.0020013577,0.4042437,0.13298102,0.2710903,0.5412946,0.5073489,-0.013686151,-0.0001820498,-0.0076754265,-0.007922435,0.013525447,1.0261195,1.0261195,1.0474128,1.0474128,1.0474128,0.95798564,0.9492019,0.89696735,0.85185355,0.82657534,1.014597,1.011527,1.011527,0.9929646,0.9749284,0.98194814,0.9724315,0.96044135,0.93201685,0.8845903,0.6,0.7,0.75,0.8333333,0.9166667,0.61664414,0.6604222,0.6848508,0.757553,0.7853047,0.8,0.9,0.5,0.6666667,0.8333333,0.2,0.5,0.3,0.033333335,0.48333332,0.6,0.4,0.2,0.6333333,0.35,0.65779495,0.48971763,0.75374085,0.7073875,0.7312042,0.47328863,0.4781723,0.66941285,0.7244236,0.54863304,0.6,0.4,0.5,0.53333336,0.48333332,0.4,0.6,0.5,0.46666667,0.51666665,0.2,-0.2,0.0,0.06666667,-0.033333335,0.6825459,0.4110279,0.55846196,0.6134102,0.53020185,0.3174541,0.5889721,0.44153807,0.3865898,0.46979812,0.36509183,-0.17794417,0.116923876,0.22682041,0.060403742,0.95902294,0.9747891,0.9235087,0.8279376,0.66033745,0.2801218,0.22669761,0.27410188,0.29556715,0.2895076,1.0119067,0.8857674,1.2406671,1.2939476,1.5142218,0.48138142,0.5025256,0.5295483,0.5296928,0.5088855,0.5186186,0.49747437,0.47045168,0.4703072,0.49111447,-0.037237186,0.0050512813,0.05909661,0.0593856,0.01777105
SZ300999,-0.047163633776239736,0.0,,2026-04-17,-0.002462219,0.008090148,-0.3043478,0.0017587278,0.2173913,0.0038692013,0.47826087,-0.00035174558,-0.04347826,1.0024683,1.0042313,0.9961212,0.99876827,1.0013928,1.0059192,1.066156,1.0118384,1.056755,1.0004178,0.9972145,1.0062848,1.0327762,1.038324,0.004475291,0.009355888,0.014911497,0.04271345,0.03210358,0.0011838363,0.0017008584,-0.0013600321,-0.0038924394,-0.00085244956,0.17493662,0.30295476,0.29115474,0.64360017,0.21504547,-0.0027855325,-0.004868365,0.00663547,0.023664128,-0.013176796,1.0080172,1.0111552,1.0779835,1.1849526,1.1849526,0.99186814,0.97192353,0.97192353,0.97192353,0.97192353,1.0028552,1.0028552,1.0123259,1.0784123,1.0616295,0.99672705,0.99073815,0.99672705,1.0011142,1.0072424,0.6,0.6,0.3,0.2,0.1,0.5035516,0.7156582,0.26472265,0.13179648,0.13179648,0.8,0.3,0.05,0.06666667,0.53333336,0.4,0.2,0.6,0.73333335,0.8666667,0.4,0.1,-0.55,-0.6666667,-0.33333334,0.61640394,-0.18870819,0.46222395,0.8388532,0.6283346,0.7743383,0.20775734,-0.09279915,0.66719395,0.5985692,0.4,0.5,0.5,0.43333334,0.46666667,0.6,0.5,0.5,0.56666666,0.53333336,-0.2,0.0,0.0,-0.13333334,-0.06666667,0.47916624,0.47605628,0.37162173,0.48816153,0.46591383,0.5208338,0.5239437,0.6283783,0.5118385,0.53408617,-0.041667536,-0.04788742,-0.25675657,-0.023676943,-0.06817233,1.116573,1.2389796,1.6025567,2.424852,2.1372864,0.12296872,0.251476,0.5620539,1.898321,1.4513167,0.5162257,0.85259193,1.2912316,2.5571668,2.692838,0.36741284,0.4217012,0.4180736,0.4656558,0.47852695,0.63258713,0.5782988,0.5819264,0.5343442,0.52147305,-0.26517433,-0.15659764,-0.16385283,-0.06868839,-0.042946078
SZ000651,-0.04822859618130554,0.125,,2026-04-17,-0.0080536725,0.008590654,-0.9374924,0.0,0.0,0.0005369812,0.06250761,-0.0075166915,-0.8749848,1.0081191,1.0081191,0.9994587,1.0011444,1.0105543,1.0243566,1.0435718,1.0024351,1.0613234,1.0073068,1.0104461,1.0167925,1.0225165,1.0334183,0.004667778,0.00584513,0.0101720365,0.015147512,0.022233017,-0.0010284074,-0.0011645344,-0.0010208787,-0.000873859,-0.0009418522,0.12135285,0.36385453,0.35253358,0.25792998,0.54735434,-0.005250012,-0.0052057197,-0.007094148,-0.009845485,-0.0056336247,1.0154254,1.0259804,1.0492556,1.0608926,1.0916841,0.9994587,0.9994587,0.9967516,0.9967516,0.9905269,1.0103917,1.0123405,1.0254933,1.0324217,1.052395,1.0045464,1.0082814,1.0097964,1.01023,1.0105003,0.2,0.1,0.1,0.06666667,0.05,0.033904146,0.020411227,0.061869536,0.05064463,0.09364697,0.8,0.1,0.05,0.26666668,0.06666667,1.0,1.0,0.1,0.4,0.48333332,-0.2,-0.9,-0.05,-0.13333334,-0.41666666,-0.7221427,-0.20093603,-0.107201464,0.39234298,0.4518847,-0.72387195,0.09474655,-0.33753973,-0.015259077,-0.050640646,0.4,0.4,0.4,0.53333336,0.46666667,0.6,0.6,0.6,0.46666667,0.53333336,-0.2,-0.2,-0.2,0.06666667,-0.06666667,0.27059206,0.30769274,0.3695317,0.49485853,0.4316887,0.7294079,0.6923073,0.6304683,0.50514144,0.5683113,-0.45881587,-0.38461453,-0.26093662,-0.010282923,-0.1366226,0.62508553,0.59278697,0.6672903,0.7434495,0.94472414,0.2134067,0.16995327,0.26129228,0.28378242,0.45239684,1.1173139,0.90027976,1.5084832,1.3967683,1.3403722,0.98241687,0.7023211,0.52951026,0.5352975,0.4937292,0.017583111,0.2976789,0.47048974,0.46470246,0.50627077,0.9648338,0.4046422,0.059020504,0.07059507,-0.012541569
SZ001965,-0.05103515057383687,0.125,,2026-04-17,-0.0108459955,0.02386121,-0.45454502,0.0075921635,0.3181801,0.005423053,0.22727484,-0.013015105,-0.5454503,1.0109649,1.0186403,0.9945175,1.003783,0.95637864,1.0921811,1.1349794,1.0534979,1.0707818,0.98913574,0.9805761,1.0382715,1.0626062,1.0576817,0.023899496,0.021797143,0.062079135,0.06201096,0.044692084,0.0126749,0.002903103,-0.008625266,-0.0056080595,-0.0003633154,0.70315593,0.16260622,0.6756499,0.63385516,0.02015609,-0.014485561,0.0063599376,0.04366846,0.018710593,-0.04696391,1.0186403,1.0635964,1.1387974,1.1393658,1.1393658,0.9495292,0.9495292,0.9495292,0.9495292,0.9495292,1.0055966,1.0006584,1.0934979,1.1193415,1.0930041,0.9657613,0.95983535,0.97037035,0.99506176,1.0329218,0.6,0.75,0.375,0.25,0.125,0.7302847,0.44246548,0.26666287,0.26586443,0.26586443,1.0,0.1,0.05,0.33333334,0.6666667,0.2,0.6,0.8,0.8666667,0.93333334,0.8,-0.5,-0.75,-0.53333336,-0.26666668,0.7241565,0.41776887,-0.21766196,-0.07534051,-0.10493116,0.7052254,-0.3347252,-0.3058287,-0.2566804,-0.22103748,0.8,0.5,0.45,0.53333336,0.5,0.2,0.5,0.55,0.43333334,0.45,0.6,0.0,-0.1,0.1,0.05,0.79775333,0.2878788,0.31696433,0.444062,0.45243365,0.20224668,0.7121212,0.6830357,0.555938,0.54756635,0.59550667,-0.4242424,-0.36607137,-0.111876,-0.09513269,1.0483285,1.4419568,1.2086586,1.2324752,1.1579986,0.5239963,0.91414464,0.7061918,0.5884095,0.5027744,1.373366,1.9454855,2.1350071,2.1954968,2.260709,0.49881622,0.5092884,0.48265523,0.49580118,0.49959502,0.5011838,0.49071163,0.5173448,0.50419885,0.50040495,-0.0023675782,0.018576765,-0.034689527,-0.008397664,-0.0008099543
SH601012,-0.05149548435139694,0.0,,2026-04-17,-0.000572996,0.016618963,-0.034478445,0.004011519,0.24138203,0.012034448,0.7241395,0.0074499324,0.44827905,1.0005733,1.0045872,0.98795867,0.997207,0.9816585,0.9954074,1.0619131,1.0183413,1.0659536,1.0041275,0.9878411,1.0196378,1.0354155,1.0443997,0.0065476326,0.020692853,0.043107912,0.042542502,0.038686417,-0.0029793712,0.005366873,-0.0054630213,-0.0036398259,-0.0009639264,0.51763135,0.6166139,0.56210816,0.5673053,0.1893523,0.0018312221,-0.01199207,0.032260917,0.01736199,-0.015963852,1.0332439,1.0332439,1.123865,1.123865,1.1496599,0.9718915,0.9397867,0.9397867,0.9397867,0.9397867,1.0077958,1.0044706,1.0652442,1.0776385,1.0785687,0.999314,0.96765393,0.9908205,0.9963375,1.0061913,0.4,0.7,0.4,0.26666668,0.16666667,0.4581475,0.6442871,0.32710698,0.32710698,0.28690323,0.2,0.6,0.05,0.36666667,0.13333334,0.2,0.2,0.6,0.73333335,0.8666667,0.0,0.4,-0.55,-0.36666667,-0.73333335,0.86032075,0.02210565,0.8226323,0.7843708,0.6887511,0.8737212,0.46195045,0.4427347,0.48211285,0.5497725,0.4,0.5,0.45,0.5,0.45,0.6,0.5,0.55,0.5,0.55,-0.2,0.0,-0.1,0.0,-0.1,0.6510294,0.5132639,0.41793814,0.48095852,0.47206834,0.34897062,0.4867361,0.5820618,0.5190415,0.52793163,0.3020588,0.026527818,-0.16412368,-0.03808298,-0.05586329,1.2020541,1.2421819,1.8338627,1.8934968,2.0629888,0.4769213,0.38151303,0.98892945,0.8656993,0.98127687,1.4020985,1.0392283,0.7916165,0.82605076,1.5071027,0.4798785,0.47074592,0.4700288,0.49633968,0.48198882,0.5201215,0.5292541,0.52997124,0.5036603,0.5180112,-0.04024301,-0.05850818,-0.059942454,-0.0073206252,-0.03602238
SH603195,-0.0591636629304818,0.0,,2026-04-17,0.0007315898,0.0051207645,0.1428673,0.0024384384,0.47618642,0.0019507362,0.38094628,0.00024388755,0.047627177,0.99926895,1.0024366,0.99731964,0.9992871,1.0068474,1.0200428,1.039515,1.0448645,1.0168331,1.0026106,1.0065548,1.0100927,1.0248716,1.0332774,0.004231648,0.007981607,0.010159646,0.023409152,0.023197,1.4267328e-05,-0.0010603849,-0.00063775614,-0.0022019548,-0.0005238793,2.8418834e-05,0.16179234,0.13791774,0.68572056,0.15556027,-0.0026390771,-0.0017831658,-0.004034017,0.007056759,-0.017822996,1.0110193,1.0280231,1.052661,1.074571,1.0821431,0.99419314,0.99419314,0.99001735,0.99001735,0.99001735,1.0046791,1.0091869,1.0198145,1.0488873,1.0552496,0.9994722,1.0013695,1.0030813,1.0041084,1.0082169,0.4,0.2,0.15,0.1,0.05,0.34510908,0.1716486,0.15935588,0.11806252,0.10835869,0.6,0.4,0.05,0.2,0.26666668,0.2,0.6,0.15,0.43333334,0.71666664,0.4,-0.2,-0.1,-0.23333333,-0.45,0.01699346,0.5710873,0.36557183,0.45677248,0.44222248,0.2702856,0.7483959,0.20239076,0.1585148,0.37990847,0.2,0.2,0.3,0.33333334,0.41666666,0.8,0.8,0.7,0.6666667,0.56666666,-0.6,-0.6,-0.4,-0.33333334,-0.15,0.3829264,0.38963094,0.3907728,0.4109821,0.48638362,0.6170736,0.6103691,0.60922724,0.5890179,0.5136164,-0.2341472,-0.22073811,-0.21845445,-0.17803581,-0.02723279,1.1283084,1.1787088,1.3741857,1.4988496,2.1280293,0.20425436,0.31612995,0.51994586,0.51932603,1.1487387,0.8800033,1.0786122,1.5737473,1.4668114,2.1149306,0.081037745,0.45790392,0.4791374,0.4764888,0.47426775,0.91896224,0.5420961,0.5208626,0.52351123,0.5257323,-0.8379245,-0.08419214,-0.04172522,-0.047022402,-0.0514645
SH601633,-0.05921144032090352,0.125,,2026-04-17,-0.009555638,0.015289035,-0.62499946,0.0,0.0,0.0057333964,0.37500057,-0.0038222417,-0.24999888,1.0096478,1.0096478,0.9942113,0.9985948,1.0259993,1.006682,1.0100838,0.96282345,1.0492042,1.0146276,1.0111651,1.0067731,1.0036731,1.0073907,0.012034628,0.011858371,0.012487151,0.016532496,0.021839181,-0.007374557,0.0007444134,0.00049172237,0.0007934136,-0.0003971391,0.9387427,0.03612349,0.054272674,0.17849422,0.100858495,0.000121495454,-0.014514962,-0.011444531,-0.015177599,0.00432485,1.0395383,1.0395383,1.0395383,1.0395383,1.062193,0.9942113,0.9913098,0.9768101,0.9589262,0.95168597,1.0245414,1.0236666,1.0154052,1.0170817,1.0212368,1.0076783,0.9998056,0.9989309,0.99494594,0.99329364,0.2,0.3,0.375,0.41666666,0.35833332,0.12771007,0.18018772,0.36968905,0.5095243,0.43720302,0.2,0.6,0.8,0.8666667,0.05,1.0,0.2,0.4,0.033333335,0.48333332,-0.8,0.4,0.4,0.8333333,-0.43333334,0.65914124,0.7544308,0.40132192,0.5348651,0.16350523,0.03538612,0.8508702,0.48161975,0.4974388,0.4088338,0.4,0.4,0.5,0.53333336,0.45,0.6,0.6,0.5,0.46666667,0.55,-0.2,-0.2,0.0,0.06666667,-0.1,0.13605455,0.4666667,0.4773842,0.56057006,0.45762712,0.8639454,0.5333333,0.5226158,0.4394299,0.5423729,-0.7278909,-0.06666657,-0.04523159,0.12114018,-0.084745765,1.1501014,1.1931922,1.3324094,1.3690287,1.3625301,0.20118436,0.34171197,0.48375446,0.49852175,0.45250702,0.63149506,1.1846479,0.98598105,1.0630766,0.94112766,0.15372318,0.44213033,0.4528104,0.49838096,0.47707248,0.8462768,0.5578697,0.5471896,0.50161904,0.5229275,-0.69255364,-0.11573937,-0.094379164,-0.003238064,-0.04585504
SH600905,-0.06315966960096829,0.0,,2026-04-17,0.0,0.0073171295,0.0,0.0024390083,0.33332855,0.0048781214,0.66667145,0.002439113,0.33334288,1.0,1.002439,0.9951219,0.9982334,1.0023041,1.0207373,1.0529953,1.0368663,1.016129,1.0018433,1.0013825,1.0324885,1.0436251,1.0260369,0.0019277636,0.0029145344,0.03870693,0.03664188,0.03213033,-0.0009216398,0.00016757469,-0.0053220605,-0.00308074,0.0005134554,0.5714193,0.0303033,0.6616834,0.5478432,0.07788879,0.0,-0.0021365406,0.01807113,0.0010455712,-0.04118377,1.009485,1.0196501,1.1397495,1.1397495,1.1397495,0.9951219,0.99281704,0.99281704,0.99281704,0.99051225,1.0027649,1.0027649,1.0737327,1.081106,1.0576036,1.0,0.99953914,1.0,1.0023041,1.0,0.3,0.4,0.2,0.13333334,0.19166666,0.339628,0.2676904,0.048885915,0.048885915,0.063574836,0.4,0.1,0.2,0.46666667,0.73333335,1.0,0.2,0.6,0.73333335,0.23333333,-0.6,-0.1,-0.4,-0.26666668,0.5,-0.31469333,-0.07985195,0.86365247,0.8956337,0.8753513,0.37049174,0.4015682,0.22946076,0.41690126,0.388842,0.2,0.3,0.3,0.36666667,0.41666666,0.4,0.4,0.5,0.46666667,0.45,-0.2,-0.1,-0.2,-0.1,-0.033333335,0.33333838,0.2857143,0.37894726,0.44366196,0.4827586,0.6666616,0.71428573,0.62105274,0.556338,0.5172414,-0.3333232,-0.42857143,-0.2421055,-0.11267608,-0.034482803,0.7756471,0.88841444,1.8001151,2.1364086,1.6149946,0.13349536,0.20257127,1.1623641,1.2010676,1.0370731,0.91820455,1.7003706,1.3961201,1.2886543,1.6772157,0.61870307,0.38485575,0.4558883,0.47731987,0.4970989,0.38129696,0.61514425,0.54411167,0.5226801,0.50290114,0.23740609,-0.23028854,-0.08822339,-0.045360237,-0.005802226
SH600436,-0.06328568606127513,0.25,,2026-04-17,-0.007866023,0.008611953,-0.9133843,0.00020345203,0.023624377,0.00054247805,0.06299129,-0.007526997,-0.8740174,1.0079284,1.0081334,0.99945325,1.0010539,1.0300092,1.0389658,1.073067,1.073067,1.1583002,1.0124991,1.0229833,1.0339413,1.0493599,1.0849714,0.0073580905,0.012785373,0.015774125,0.02622651,0.045397125,-0.0036989911,-0.0036561363,-0.002326134,-0.0027234477,-0.002248377,0.6317953,0.7495997,0.7611092,0.8357162,0.74813753,-0.0051011434,-0.0065306625,-0.01184305,-0.0098699555,-0.018644257,1.0253634,1.0447054,1.0838624,1.1058784,1.2001959,0.99945325,0.99945325,0.99945325,0.99945325,0.99945325,1.0171068,1.0314956,1.0445945,1.0746136,1.1344173,1.0096285,1.0147157,1.0179673,1.0298728,1.0397962,0.2,0.1,0.05,0.033333335,0.016666668,0.02110278,0.012082931,0.006477717,0.0051376857,0.0027237798,0.2,0.3,0.05,0.26666668,0.28333333,1.0,1.0,1.0,1.0,1.0,-0.8,-0.7,-0.95,-0.73333335,-0.71666664,-0.5870572,-0.5467911,-0.37263125,0.021671243,0.5762423,-0.56955916,0.4324417,-0.33906633,0.22345664,0.3048812,0.2,0.2,0.3,0.33333334,0.31666666,0.8,0.8,0.7,0.6666667,0.6666667,-0.6,-0.6,-0.4,-0.33333334,-0.35,0.08024691,0.23992495,0.28895077,0.3650478,0.38659853,0.9197531,0.76007503,0.71104926,0.6349522,0.6134015,-0.83950615,-0.5201501,-0.4220985,-0.26990438,-0.22680296,0.84111476,0.73775744,0.7075165,0.72342384,1.2291644,0.11462289,0.17964341,0.20935316,0.26635143,0.97025186,0.8217337,0.8087297,1.1535865,1.4217243,2.7166386,0.59557146,0.595687,0.5619679,0.53023505,0.48736453,0.4044285,0.40431306,0.4380321,0.46976492,0.51263547,0.19114298,0.19137391,0.1239358,0.060470138,-0.025270957
SH601985,-0.06614981065624298,0.0,,2026-04-17,-0.0057208757,0.010297489,-0.55556023,0.0011441535,0.11110994,0.0034324604,0.33332983,-0.0034325689,-0.33334035,1.0057538,1.0069045,0.9965478,0.99946433,1.002809,1.0374533,1.0187266,1.0102997,1.0299627,1.0039326,1.0050563,1.0259364,1.0285581,1.0144663,0.0046061357,0.0049976716,0.024390223,0.02204374,0.024390575,0.0006554286,-0.00053342996,-0.0032328046,-0.0013016973,0.0003727886,0.050619442,0.10443133,0.6148872,0.27024093,0.071249366,-0.0052434504,-0.0026557692,0.0047752718,-0.009683487,-0.0254636,1.0130316,1.0359143,1.0866321,1.0866321,1.0866321,0.9965478,0.9947497,0.9947497,0.9947497,0.97407395,1.0086142,1.0095506,1.0526217,1.0526217,1.0376406,1.0,1.0014981,1.0018727,1.0073034,0.99157304,0.3,0.15,0.075,0.05,0.34166667,0.20942959,0.12754358,0.05714123,0.05714123,0.23033482,0.8,0.1,0.2,0.46666667,0.73333335,0.2,0.5,0.75,0.8333333,0.4,0.6,-0.4,-0.55,-0.36666667,0.33333334,0.33492523,0.63857615,0.7847531,0.7788256,0.65243864,0.25369287,0.37386605,0.45364007,0.5135148,0.25304785,0.4,0.4,0.45,0.46666667,0.43333334,0.6,0.6,0.55,0.53333336,0.55,-0.2,-0.2,-0.1,-0.06666667,-0.11666667,0.43478194,0.25,0.44845352,0.48184812,0.46837935,0.56521803,0.75,0.55154645,0.5181519,0.5316206,-0.13043611,-0.5,-0.103092946,-0.036303733,-0.06324127,0.8238942,0.86987394,1.4080977,1.6150948,1.3417183,0.17705445,0.16296631,0.86376095,0.84618896,0.7505553,0.93810576,1.0135461,1.3496846,1.1029478,1.2350817,0.5940644,0.48750982,0.48008156,0.46846694,0.49588025,0.4059356,0.51249015,0.51991844,0.53153306,0.50411975,0.18812884,-0.024980351,-0.03983687,-0.063066125,-0.008239517
SZ000999,-0.0750219412054242,0.0,,2026-04-17,-0.008300296,0.012630836,-0.6571454,0.001443476,0.11428189,0.0028870644,0.2285727,-0.006856708,-0.5428546,1.0083698,1.0098253,0.9970888,1.0011506,1.0115758,1.0487305,1.0600262,1.0789769,1.0465833,1.0052091,1.010969,1.0238144,1.0411657,1.0426314,0.010594362,0.010657584,0.019780422,0.030624492,0.02527786,0.0021844713,-0.0018698949,-0.0025345765,-0.0032142394,-0.00029764127,0.10628771,0.28218135,0.57465583,0.85372955,0.042286865,-0.009578052,-0.0025544825,0.00026405035,0.0054407814,-0.03385092,1.0217644,1.0465531,1.0935042,1.1094764,1.1094764,0.9937569,0.9937569,0.9937569,0.9937569,0.9937569,1.0134056,1.0213779,1.037192,1.0727222,1.0671583,0.99740475,0.9995519,1.0107917,1.0142643,1.020295,0.6,0.3,0.15,0.1,0.05,0.22290942,0.118249565,0.062589474,0.0539505,0.0539505,0.8,0.1,0.05,0.06666667,0.53333336,0.4,0.7,0.85,0.9,0.95,0.4,-0.6,-0.8,-0.8333333,-0.41666666,0.9244376,0.42674547,0.5635097,-0.009692762,0.19161344,0.9341191,0.72655624,0.6678979,0.62191755,0.59329766,0.4,0.4,0.4,0.36666667,0.41666666,0.6,0.6,0.6,0.6333333,0.56666666,-0.2,-0.2,-0.2,-0.26666668,-0.15,0.40519914,0.3083701,0.38579065,0.38549018,0.4609363,0.5948009,0.6916299,0.61420935,0.6145098,0.5390637,-0.18960173,-0.38325977,-0.22841871,-0.22901964,-0.0781274,1.0824963,1.0995817,1.1288855,1.0507149,1.0488666,0.38282248,0.3056204,0.28637335,0.29624742,0.5064467,0.9392562,0.7368477,0.7562603,0.84695864,1.8043036,0.3950383,0.44606033,0.5265044,0.5043139,0.4992959,0.6049617,0.5539397,0.47349563,0.4956861,0.5007041,-0.20992339,-0.10787935,0.053008746,0.008627751,-0.0014082239
SZ002074,-0.10081742121159273,0.0,,2026-04-17,0.014372187,0.023953618,0.6000007,0.0055471035,0.23157686,0.004034328,0.16842249,0.012859411,0.5368463,0.98583144,1.0054685,0.98185426,0.99414915,0.9646969,0.8650079,0.9192448,0.90680414,0.99427074,0.985093,0.9313254,0.92181754,0.92884266,0.94067675,0.014236018,0.06734877,0.049951755,0.043706384,0.04358132,0.0032738626,0.020359429,0.0031879104,-1.0306526e-06,-0.001079477,0.13221595,0.83768994,0.14255378,4.309596e-08,0.1871224,0.008359256,-0.02294279,0.04789733,0.071172275,0.091167815,1.0054685,1.0054685,1.0054685,1.0054685,1.04647,0.95702684,0.8314751,0.8314751,0.8314751,0.8314751,0.99384516,0.9895127,0.96813446,0.96606094,0.9719321,0.9779996,0.86741966,0.87641186,0.891788,0.91505426,1.0,1.0,1.0,1.0,0.9,0.8871115,0.9685706,0.9685706,0.9685706,0.7838551,1.0,1.0,1.0,1.0,0.13333334,0.2,0.1,0.55,0.7,0.85,0.8,0.9,0.45,0.3,-0.71666664,0.06283054,0.91495985,0.89608574,0.79170233,0.6698288,0.5550208,0.8472759,0.7401098,0.711874,0.5530289,0.8,0.8,0.65,0.6,0.48333332,0.2,0.2,0.35,0.4,0.51666665,0.6,0.6,0.3,0.2,-0.033333335,0.68581283,0.75835437,0.599919,0.5878601,0.5029152,0.31418717,0.24164562,0.400081,0.4121399,0.4970848,0.37162566,0.5167088,0.19983798,0.17572023,0.0058304323,1.233872,0.90756357,0.7484008,0.6976841,0.628358,0.36844912,0.52928853,0.41251758,0.36088654,0.30218953,0.44475737,1.3861874,1.5719559,1.6134654,1.5145121,0.36959022,0.5875606,0.56075513,0.5506799,0.49937007,0.6304098,0.4124394,0.43924484,0.4493201,0.50062996,-0.26081952,0.17512117,0.12151031,0.101359814,-0.001259888
