instrument,avg_score,pos_ratio,real_label,datetime,KMID,KLEN,KMID2,KUP,KUP2,KLOW,KLOW2,KSFT,KSFT2,OPEN0,HIGH0,LOW0,VWAP0,ROC5,ROC10,ROC20,ROC30,ROC60,MA5,MA10,MA20,MA30,MA60,STD5,STD10,STD20,STD30,STD60,BETA5,BETA10,BETA20,BETA30,BETA60,RSQR5,RSQR10,RSQR20,RSQR30,RSQR60,RESI5,RESI10,RESI20,RESI30,RESI60,MAX5,MAX10,MAX20,MAX30,MAX60,MIN5,MIN10,MIN20,MIN30,MIN60,QTLU5,QTLU10,QTLU20,QTLU30,QTLU60,QTLD5,QTLD10,QTLD20,QTLD30,QTLD60,RANK5,RANK10,RANK20,RANK30,RANK60,RSV5,RSV10,RSV20,RSV30,RSV60,IMAX5,IMAX10,IMAX20,IMAX30,IMAX60,IMIN5,IMIN10,IMIN20,IMIN30,IMIN60,IMXD5,IMXD10,IMXD20,IMXD30,IMXD60,CORR5,CORR10,CORR20,CORR30,CORR60,CORD5,CORD10,CORD20,CORD30,CORD60,CNTP5,CNTP10,CNTP20,CNTP30,CNTP60,CNTN5,CNTN10,CNTN20,CNTN30,CNTN60,CNTD5,CNTD10,CNTD20,CNTD30,CNTD60,SUMP5,SUMP10,SUMP20,SUMP30,SUMP60,SUMN5,SUMN10,SUMN20,SUMN30,SUMN60,SUMD5,SUMD10,SUMD20,SUMD30,SUMD60,VMA5,VMA10,VMA20,VMA30,VMA60,VSTD5,VSTD10,VSTD20,VSTD30,VSTD60,WVMA5,WVMA10,WVMA20,WVMA30,WVMA60,VSUMP5,VSUMP10,VSUMP20,VSUMP30,VSUMP60,VSUMN5,VSUMN10,VSUMN20,VSUMN30,VSUMN60,VSUMD5,VSUMD10,VSUMD20,VSUMD30,VSUMD60
SH600015,0.16868067427796501,1.0,,2026-03-24,0.018624613,0.022922613,0.8124996,0.0042979997,0.18750043,0.0,0.0,0.014326613,0.62499917,0.9817159,1.0042194,0.9817159,0.99591964,1.021122,0.97320014,0.94799,0.90438336,0.95116967,1.0013627,1.0009766,0.9771406,0.9611326,0.942471,0.015750729,0.015134749,0.027923906,0.03321365,0.034717638,-0.0062911566,0.00056572823,0.0041350825,0.0035177753,0.0010582343,0.39884096,0.012807863,0.76751,0.8693703,0.28337604,0.011219612,-0.0035223805,-0.016423866,-0.012140303,0.026311047,1.025201,1.0253415,1.0253415,1.0253415,1.0253415,0.9733395,0.9704395,0.9323717,0.8959878,0.8874196,1.0114467,1.0114467,1.0059505,1.000545,0.96261644,0.99523056,0.9879628,0.9528049,0.9341358,0.9067908,0.4,0.4,0.7,0.8,0.9,0.5140715,0.53842324,0.72742236,0.8040914,0.816262,0.2,0.5,0.75,0.8333333,0.9166667,0.8,0.1,0.1,0.033333335,0.46666667,-0.6,0.4,0.65,0.8,0.45,-0.86064714,0.1691315,0.23532602,0.38786694,-0.06424253,-0.94974726,-0.29108226,-0.08836004,0.110905424,-0.046836317,0.4,0.6,0.65,0.6666667,0.53333336,0.6,0.4,0.35,0.3,0.43333334,-0.2,0.2,0.3,0.36666667,0.1,0.37260267,0.60034025,0.62764776,0.677338,0.55261874,0.6273973,0.39965975,0.37235227,0.32266197,0.4473813,-0.25479463,0.2006805,0.2552955,0.35467604,0.10523744,1.1687018,1.1697439,1.1278334,1.0557305,1.0116285,0.24159355,0.28022328,0.29095972,0.31104958,0.39952978,0.93945926,0.9239662,0.988393,1.0791962,1.2440956,0.4223334,0.4937548,0.5063216,0.46681833,0.50350255,0.57766664,0.5062452,0.49367842,0.53318167,0.49649742,-0.15533322,-0.012490397,0.012643179,-0.06636333,0.0070051504
SH600886,0.15178759197699232,1.0,,2026-03-24,0.019014006,0.022535218,0.8437463,0.0028169502,0.12500212,0.0007042615,0.03125159,0.016901318,0.74999577,0.98134077,1.0027643,0.98064965,0.9946072,1.0138247,0.99378145,0.89842075,0.88805217,0.9405762,0.9986201,1.0084349,0.97384715,0.9480811,0.93113774,0.012295694,0.015419935,0.042310756,0.05064369,0.040489804,-0.0042849286,-0.0038372832,0.00591867,0.005166407,0.0013663772,0.30361345,0.5676676,0.68488044,0.8065445,0.34733593,0.009949769,0.008832864,-0.030074494,-0.022993952,0.028554155,1.0234984,1.0469997,1.0469997,1.0469997,1.0469997,0.97373873,0.97373873,0.8894286,0.88182443,0.877688,1.0063574,1.015346,1.0080199,1.0062187,0.9595121,0.9954389,1.00222,0.93573755,0.8995207,0.90090567,0.4,0.2,0.6,0.73333335,0.8666667,0.52776134,0.35846207,0.701724,0.7154558,0.72240734,0.2,0.2,0.6,0.73333335,0.8666667,0.8,0.9,0.05,0.033333335,0.46666667,-0.6,-0.7,0.55,0.7,0.4,-0.7280859,0.5771244,0.033896495,0.5891897,0.49501842,-0.49858007,-0.11369458,0.056426406,0.091670536,0.056392018,0.2,0.4,0.6,0.53333336,0.5,0.8,0.6,0.4,0.43333334,0.45,-0.6,-0.2,0.2,0.1,0.05,0.383701,0.52194417,0.7058435,0.68404496,0.5598679,0.616299,0.47805583,0.2941565,0.31595504,0.4401321,-0.232598,0.043888345,0.41168702,0.3680899,0.11973581,0.8480576,1.2404284,1.3564852,1.0750687,0.94423527,0.18908092,0.53077155,0.5008893,0.5766967,0.45714137,1.0923104,0.8334054,0.82499075,1.0666119,1.1684159,0.4942558,0.32767937,0.5187714,0.5017878,0.51016504,0.50574416,0.6723206,0.48122856,0.49821222,0.489835,-0.011488364,-0.34464124,0.037542857,0.0035755893,0.02033003
SH601838,0.13964497504186807,1.0,,2026-03-24,0.022182288,0.026378974,0.8409079,0.0023981072,0.090909794,0.0017985803,0.06818234,0.02158276,0.81818044,0.9782991,1.002346,0.97653955,0.9950365,1.0210917,0.9966915,0.9474772,0.9433416,0.9760132,1.0001655,1.006162,0.99069476,0.9790874,0.9616763,0.015064225,0.012455029,0.022922691,0.02603675,0.027883355,-0.006368902,-0.0023886508,0.0028004262,0.0024441278,0.0009984166,0.4468642,0.33715317,0.52237827,0.68292975,0.391051,0.0125723835,0.0045868214,-0.017298825,-0.01452724,0.008870413,1.0244102,1.0293028,1.0293028,1.0293028,1.0293028,0.97132087,0.97132087,0.9397544,0.92451996,0.9016681,1.0074441,1.014392,1.0094292,1.0052109,0.988172,0.99520266,1.0019851,0.9770058,0.95384616,0.9421009,0.4,0.2,0.6,0.73333335,0.8666667,0.54020435,0.49462202,0.6727714,0.72034734,0.77041674,0.2,0.5,0.75,0.8333333,0.9166667,0.8,0.9,0.05,0.033333335,0.33333334,-0.6,-0.4,0.7,0.8,0.5833333,-0.8080214,-0.10223841,0.02989292,0.1012327,-0.31391352,-0.69159216,-0.33681417,0.30941877,0.22928776,0.112612784,0.2,0.4,0.5,0.5,0.38333333,0.8,0.6,0.5,0.5,0.5833333,-0.6,-0.2,0.0,0.0,-0.2,0.34730583,0.5152671,0.642058,0.6065316,0.525394,0.65269417,0.48473293,0.357942,0.39346835,0.47460595,-0.3053883,0.030534176,0.284116,0.21306327,0.050788093,0.85858846,1.0021195,1.1290112,1.0686,1.2017077,0.2180313,0.26205638,0.45278433,0.43174532,0.48156163,0.97031474,0.9449786,1.6338667,1.5324001,1.4425527,0.4905787,0.46429288,0.52029413,0.4671857,0.50234985,0.5094213,0.5357071,0.47970584,0.5328143,0.49765015,-0.018842569,-0.07141424,0.04058829,-0.06562861,0.004699698
SH600919,0.13534477007350315,1.0,,2026-03-24,0.02294458,0.033460833,0.6857146,0.009560212,0.2857135,0.0009560396,0.028571902,0.014340409,0.428573,0.97757006,1.0093458,0.97663546,0.9964388,1.0195531,0.9754189,0.9642458,0.94134074,0.9597765,1.004581,1.0047486,0.9906424,0.9830354,0.95940405,0.019666063,0.016778896,0.019469192,0.020787189,0.030215368,-0.008268144,0.00011173096,0.0023619095,0.001810204,0.0013135861,0.4418972,0.00040647303,0.51510847,0.5877128,0.57644945,0.01195532,-0.0052513606,-0.01308057,-0.009283317,0.0018451308,1.0277891,1.0279638,1.0279638,1.0279638,1.0279638,0.9701976,0.9651132,0.95504314,0.9280944,0.9016564,1.0164245,1.0195531,1.0156424,1.0008938,0.98044693,0.9944134,0.9936313,0.9754189,0.97184354,0.9346369,0.4,0.4,0.7,0.8,0.9,0.517479,0.55507576,0.6165182,0.71999687,0.77860576,0.4,0.5,0.75,0.8333333,0.9166667,0.8,0.1,0.1,0.033333335,0.33333334,-0.4,0.4,0.65,0.8,0.5833333,-0.8889007,-0.66087204,-0.08407947,0.0113421045,-0.49046043,-0.88025254,-0.6295735,-0.38800606,-0.19703302,-0.11969785,0.2,0.5,0.5,0.5,0.43333334,0.4,0.3,0.4,0.43333334,0.48333332,-0.2,0.2,0.1,0.06666667,-0.05,0.37037072,0.6009176,0.5935673,0.6109937,0.53896105,0.62962925,0.39908245,0.4064327,0.38900632,0.46103898,-0.25925854,0.20183511,0.18713461,0.22198735,0.07792205,0.79446024,0.7751544,0.7376802,0.70918775,0.8446065,0.25849405,0.18827376,0.16881084,0.17730944,0.24410628,1.3701161,1.3305752,1.3927916,1.38476,1.2292829,0.70715773,0.6248158,0.5682215,0.49897832,0.5013458,0.29284227,0.3751842,0.43177852,0.5010217,0.4986542,0.4143155,0.24963158,0.13644296,-0.0020433622,0.0026916026
SZ300750,0.1298663867657427,1.0,,2026-03-24,-0.019777775,0.059012324,-0.33514652,0.017037,0.28870243,0.022197548,0.37615106,-0.014617228,-0.24769789,1.0201768,1.0375576,0.9773546,0.9989284,1.0201843,0.94788575,0.9117431,0.8790651,0.93705875,1.0148902,1.0119176,0.94831425,0.9386782,0.922662,0.015128964,0.014343339,0.06905989,0.058466967,0.04961718,-0.002160164,0.0015335648,0.010315913,0.0044427724,0.0009284661,0.05096772,0.10478887,0.7809649,0.44749558,0.106799155,-0.010569828,-0.01881868,-0.046315428,-0.0030983808,0.049948238,1.0632012,1.0632012,1.0632012,1.0632012,1.0632012,0.9773546,0.9546395,0.8418316,0.8418316,0.83884424,1.0182078,1.0218956,1.0126145,1.00179,0.9484894,1.0070763,0.9999055,0.87058717,0.88108873,0.87836945,0.2,0.3,0.65,0.76666665,0.8833333,0.2637892,0.41783154,0.71449906,0.71449906,0.7183005,0.6,0.8,0.9,0.93333334,0.96666664,1.0,0.1,0.3,0.53333336,0.45,-0.4,0.7,0.6,0.4,0.51666665,0.64927715,0.30258337,0.41999543,0.40079573,0.049753454,0.90839356,0.5651707,0.20186621,0.3776261,0.33258498,0.2,0.4,0.5,0.46666667,0.41666666,0.8,0.6,0.5,0.53333336,0.5833333,-0.6,-0.2,0.0,-0.06666667,-0.16666667,0.37862992,0.6454686,0.62537754,0.6230208,0.544076,0.6213701,0.3545314,0.37462243,0.37697914,0.455924,-0.24274014,0.29093716,0.2507551,0.2460417,0.088152006,1.0467879,1.0607766,0.9638498,0.9000715,0.8842872,0.3074064,0.2851337,0.29346198,0.29143775,0.26716352,0.93883926,1.168351,1.1479417,1.2085333,1.3596743,0.50398475,0.4275095,0.5310335,0.4956886,0.50646687,0.49601528,0.5724905,0.46896648,0.5043114,0.4935331,0.007969464,-0.14498101,0.06206703,-0.008622816,0.01293378
SH601916,0.12543527237219396,1.0,,2026-03-24,0.029999994,0.03333338,0.8999985,0.0,0.0,0.003333388,0.1000015,0.03333338,1.0,0.9708738,1.0,0.9676375,0.9861367,1.0116823,0.97897196,0.96028036,0.9509345,0.9953271,0.9953271,0.9983645,0.98329437,0.97507787,0.9729751,0.018691603,0.013802866,0.018955285,0.019866541,0.017976837,-0.006074771,-0.0011186642,0.0023768551,0.0018546062,0.0001276316,0.2640625,0.06021051,0.55031693,0.6753993,0.015374102,0.016822442,0.0066695036,-0.005874504,-0.0019696527,0.023259811,1.0125809,1.0181466,1.0181466,1.0181466,1.0181466,0.9593866,0.9593866,0.95381385,0.9406926,0.9324104,1.0056075,1.0056075,1.0023365,1.0,0.9859813,0.9925234,0.99813086,0.9626168,0.9579439,0.9579439,0.5,0.4,0.7,0.8,0.9,0.7634923,0.6911734,0.7179251,0.76571035,0.78834295,0.2,0.5,0.75,0.8333333,0.9166667,0.8,0.9,0.1,0.033333335,0.46666667,-0.6,-0.4,0.65,0.8,0.45,-0.7737855,-0.52908087,0.28899413,0.5545579,-0.04605271,-0.8066341,-0.47885618,-0.34440106,-0.11016315,-0.04963118,0.2,0.5,0.55,0.53333336,0.38333333,0.8,0.4,0.4,0.36666667,0.43333334,-0.6,0.1,0.15,0.16666667,-0.05,0.43243244,0.5882353,0.6103896,0.6060606,0.50666666,0.5675676,0.4117647,0.38961038,0.3939394,0.49333334,-0.13513513,0.1764706,0.22077923,0.21212122,0.013333334,0.89721894,0.9068965,0.81423724,0.7253863,0.6181055,0.22350232,0.1879813,0.19415215,0.21385139,0.23245616,1.1699036,1.3075676,1.4003927,1.5034665,1.6575279,0.5695298,0.5794652,0.5855179,0.5073797,0.52518344,0.43047023,0.42053476,0.41448215,0.49262032,0.4748166,0.13905954,0.15893047,0.1710357,0.014759386,0.05036682
SH601166,0.12002280232018137,1.0,,2026-03-24,0.022950819,0.023497323,0.9767419,0.00054650236,0.023258071,0.0,0.0,0.022404317,0.9534839,0.9775641,1.0005343,0.9775641,0.9925095,1.0154904,0.9866178,0.98020166,0.97882676,1.0862511,0.9992301,1.002759,0.99151236,0.9933181,1.0233716,0.0146151725,0.011120826,0.014521197,0.013593937,0.04737922,-0.005609532,-0.0013471097,0.0016487597,0.00022208123,-0.0021183633,0.3682861,0.1345065,0.4512092,0.020684019,0.6097122,0.011988987,0.0033030468,-0.007175603,0.003461749,0.039120167,1.0176243,1.0186955,1.0186955,1.0186955,1.1193777,0.9689938,0.9689938,0.96260905,0.96260905,0.95191395,1.0071495,1.0071495,1.0058662,1.0058662,1.0890193,0.9948671,0.99989,0.97754353,0.9780935,0.97981673,0.4,0.3,0.65,0.6,0.41666666,0.6375887,0.6238458,0.6666661,0.6666661,0.28714302,0.2,0.5,0.75,0.8333333,0.2,0.8,0.9,0.3,0.53333336,0.46666667,-0.6,-0.4,0.45,0.3,-0.26666668,-0.9660689,-0.772186,-0.49629173,-0.3724648,-0.42508742,-0.8623332,-0.6541582,-0.44476804,-0.38834774,-0.25730482,0.2,0.5,0.5,0.53333336,0.45,0.8,0.4,0.4,0.4,0.5,-0.6,0.1,0.1,0.13333334,-0.05,0.38408774,0.56992334,0.5588876,0.545961,0.41629604,0.61591226,0.4300767,0.4411124,0.454039,0.583704,-0.23182452,0.13984664,0.11777518,0.09192199,-0.16740794,0.94661427,0.91973174,0.983267,1.0000057,1.1693022,0.23498607,0.16590525,0.228294,0.2600642,0.5427943,1.1279004,1.2597902,1.1270939,1.1075473,1.1101959,0.49837372,0.57940686,0.50025606,0.4266807,0.50443465,0.5016263,0.4205931,0.49974394,0.5733193,0.49556533,-0.0032525947,0.15881377,0.0005121028,-0.14663857,0.008869333
SH601229,0.11815193966048859,1.0,,2026-03-24,0.017525801,0.029896906,0.58620787,0.010309226,0.34482586,0.0020618786,0.06896629,0.009278454,0.3103483,0.98277605,1.0101317,0.9807497,0.99827576,1.0183288,0.9695418,1.0021563,0.9514824,1.02938,1.0002156,0.9997304,0.9928436,0.9931626,0.9913836,0.013527402,0.01277412,0.013133504,0.01910628,0.025858538,-0.005471695,0.00050314626,0.0009048917,0.0004983664,-0.00020529835,0.40902984,0.014221255,0.16614987,0.05272869,0.019224843,0.010727779,-0.00199459,-0.001440103,-0.0003889126,0.014672676,1.0191559,1.0213686,1.0213686,1.0275034,1.0335833,0.9735757,0.9646401,0.9644762,0.93225974,0.9229298,1.0104043,1.0104043,1.0027493,1.0102426,1.0102426,0.9955256,0.98727757,0.984097,0.984097,0.97579515,0.4,0.45,0.725,0.6333333,0.53333336,0.5797331,0.62331825,0.6244033,0.7112314,0.6965005,0.2,0.5,0.75,0.23333333,0.16666667,0.8,0.1,0.5,0.033333335,0.46666667,-0.6,0.4,0.25,0.2,-0.3,-0.8001667,-0.1981665,0.11571064,-0.07044392,-0.27057943,-0.6811496,-0.10608029,-0.039490476,0.33096668,0.17164241,0.2,0.6,0.45,0.46666667,0.43333334,0.8,0.4,0.5,0.46666667,0.5,-0.6,0.2,-0.05,0.0,-0.06666667,0.3547012,0.6361446,0.49410042,0.5807901,0.47581008,0.6452988,0.36385542,0.50589955,0.41920993,0.52418995,-0.29059762,0.27228916,-0.011799134,0.16158015,-0.04837987,0.89029104,0.94503015,0.97060937,1.0364227,1.1867106,0.17430589,0.17188127,0.22812314,0.3391267,0.4202953,0.94907844,0.7891245,0.8289541,1.4873322,1.1799026,0.49047425,0.57603127,0.52060556,0.45633593,0.4872636,0.5095258,0.42396873,0.4793944,0.5436641,0.51273644,-0.01905151,0.15206254,0.04121118,-0.08732814,-0.02547284
SH600900,0.11196720619668003,1.0,,2026-03-24,0.0074348813,0.015241674,0.48779953,0.0011152726,0.073172584,0.00669152,0.4390279,0.013011129,0.85365486,0.99262,1.0011071,0.9859778,0.994675,1.0144039,1.0018492,0.9612652,0.95688564,1.0279319,1.0004866,1.0060244,0.9960827,0.985953,0.9860211,0.0081902025,0.008262182,0.017623758,0.020741679,0.021957573,-0.003318728,-0.0019730167,0.0019689372,0.0019330055,-7.1763905e-05,0.41048193,0.5227373,0.43685234,0.6731007,0.0032579417,0.0061508166,0.0028542136,-0.014787655,-0.013981562,0.01609592,1.0202914,1.0202914,1.0202914,1.0202914,1.027884,0.98371476,0.98371476,0.9568169,0.94843304,0.92910045,1.006073,1.0123017,1.0078249,1.006073,1.0070852,0.99733335,1.0023358,0.985421,0.9632895,0.9627446,0.4,0.2,0.45,0.6333333,0.6333333,0.44523516,0.44523516,0.68032134,0.7176189,0.71772605,0.2,0.6,0.8,0.8666667,0.016666668,0.8,0.9,0.1,0.033333335,0.46666667,-0.6,-0.3,0.7,0.8333333,-0.45,-0.9162689,-0.69569546,0.046452608,0.3792697,-0.36745855,-0.8650192,-0.721574,-0.059512936,-0.008282579,-0.36018628,0.2,0.4,0.5,0.46666667,0.41666666,0.8,0.6,0.45,0.5,0.53333336,-0.6,-0.2,0.05,-0.033333335,-0.11666667,0.32464358,0.4855402,0.6683587,0.6294566,0.4612476,0.6753564,0.5144598,0.33164135,0.37054342,0.5387524,-0.35071284,-0.028919592,0.3367173,0.25891316,-0.0775048,1.1702935,1.0947865,1.2990322,1.1441336,1.2532003,0.43360528,0.30713865,0.5074061,0.4776358,0.668512,1.1111615,1.1397593,1.350982,1.3533676,1.3410296,0.51379055,0.45134616,0.5107997,0.48217702,0.5092485,0.48620942,0.54865384,0.48920026,0.517823,0.49075148,0.02758115,-0.09730768,0.021599468,-0.035645943,0.01849703
SH601009,0.11059842722832698,1.0,,2026-03-24,0.020128092,0.028362332,0.70967686,0.00823424,0.2903231,0.0,0.0,0.011893851,0.41935378,0.9802691,1.0080718,0.9802691,0.9970359,1.0341297,0.9901404,1.0063204,0.9524713,1.0386803,1.0113766,1.0107446,1.0084945,1.00592,0.9910041,0.024026,0.01902983,0.015172441,0.018594662,0.032941073,-0.012033885,-0.00015934765,0.00021783597,0.0006306815,0.00034991244,0.6271751,0.0006427365,0.0072146673,0.08915492,0.03441463,0.012691169,-0.010027506,-0.010563986,-0.015064949,-0.0013265469,1.0395843,1.0395843,1.0395843,1.0395843,1.0422561,0.97228074,0.97228074,0.97228074,0.9390659,0.92298734,1.0297055,1.0297055,1.0198458,1.0183289,1.016534,0.99499434,0.99911517,0.99522185,0.99522185,0.9512325,0.4,0.3,0.3,0.28333333,0.45833334,0.4118545,0.4118545,0.4118545,0.6061988,0.6457069,0.4,0.7,0.85,0.9,0.11666667,0.8,0.9,0.95,0.033333335,0.38333333,-0.4,-0.2,-0.1,0.8666667,-0.26666668,-0.8412824,-0.37517938,-0.03186358,-0.23107693,-0.50221384,-0.84335816,-0.38750204,-0.28998402,-0.07001632,0.0073536984,0.2,0.6,0.5,0.5,0.38333333,0.8,0.4,0.5,0.5,0.6166667,-0.6,0.2,0.0,0.0,-0.23333333,0.2972967,0.5384614,0.48391247,0.5785953,0.46746063,0.7027033,0.4615386,0.51608753,0.42140475,0.53253937,-0.40540656,0.076922804,-0.032175053,0.1571905,-0.06507873,0.876012,0.8904953,0.8721919,0.9671659,1.1274151,0.23881984,0.19988294,0.23011707,0.33621544,0.50872976,1.2670169,1.2565914,1.2874188,1.455436,1.1773943,0.43495312,0.59908146,0.5025475,0.46982828,0.5077796,0.5650469,0.4009185,0.49745253,0.53017175,0.4922204,-0.13009377,0.19816297,0.00509495,-0.06034345,0.015559174
SH601939,0.10814960904570635,1.0,,2026-03-24,0.017467255,0.02401744,0.72727376,0.005458489,0.22727188,0.0010916978,0.045454375,0.013100463,0.54545623,0.9828326,1.0053648,0.98175967,0.99721587,0.99354845,0.95913976,0.9311828,0.9432258,0.98279566,0.99638706,0.98898923,0.968086,0.96018636,0.9635412,0.009572195,0.011566253,0.026029076,0.024870092,0.023559205,-4.301633e-05,0.0028830194,0.004168486,0.0022994247,-0.00015686572,5.0487477e-05,0.5695359,0.8976505,0.66249907,0.013521803,0.003698949,-0.0019628336,-0.007686631,0.0064719706,0.041086324,1.0085976,1.0085976,1.0085976,1.0085976,1.0085976,0.97743106,0.95401275,0.9142358,0.9142358,0.9142358,1.0030107,1.0004301,0.99113977,0.98322576,0.9864086,0.98898923,0.9808172,0.9507957,0.93436563,0.93548393,0.6,0.8,0.9,0.93333334,0.96666664,0.72414076,0.84249157,0.90888715,0.90888715,0.90888715,0.6,0.8,0.9,0.93333334,0.96666664,0.8,0.1,0.2,0.46666667,0.73333335,-0.2,0.7,0.7,0.46666667,0.23333333,-0.29884207,0.22446702,-0.012018046,0.038584854,-0.28147852,-0.4449479,-0.361202,0.2072621,0.10912513,0.058529075,0.6,0.8,0.65,0.6,0.53333336,0.4,0.2,0.3,0.36666667,0.45,0.2,0.6,0.35,0.23333333,0.083333336,0.55395645,0.7168949,0.7061854,0.6145833,0.51872665,0.44604352,0.28310508,0.29381457,0.3854167,0.48127335,0.10791293,0.43378982,0.41237083,0.22916663,0.037453264,1.0112767,0.8980352,0.973114,0.9366328,0.9214958,0.2613403,0.21798477,0.30735275,0.2801343,0.2602423,0.88630724,0.96943235,1.1022599,1.0204977,0.9739766,0.55183303,0.5561422,0.53516906,0.48478433,0.49489564,0.448167,0.44385776,0.46483094,0.5152157,0.50510436,0.10366601,0.11228448,0.070338145,-0.030431336,-0.010208711
SZ000001,0.09533120241881969,1.0,,2026-03-24,0.03422051,0.03517108,0.9729729,0.00095057156,0.027027078,0.0,0.0,0.033269938,0.94594586,0.9669118,1.0009191,0.9669118,0.98851985,1.0137889,0.9935666,1.0027592,0.99816287,1.069853,0.991545,0.9986232,0.9968772,1.0013809,1.0202688,0.018445065,0.014740247,0.010938463,0.011836875,0.027305288,-0.005423369,-0.0025126238,-0.00018119963,-0.0006627688,-0.0013574428,0.2161314,0.26635253,0.009604396,0.24296945,0.75378823,0.01930174,0.012683634,0.004844204,0.008229188,0.019775731,1.0147084,1.0174654,1.0174654,1.0238982,1.086397,0.958639,0.958639,0.958639,0.958639,0.958639,1.001471,1.0058857,1.0038642,1.0093797,1.0551488,0.98400927,0.99797845,0.9928317,0.9943042,0.99816287,0.7,0.35,0.6,0.43333334,0.26666668,0.73767483,0.7031028,0.7031028,0.6337958,0.32374474,0.2,0.5,0.75,0.13333334,0.2,0.8,0.9,0.95,0.96666664,0.98333335,-0.6,-0.4,-0.2,-0.8333333,-0.78333336,-0.5471664,-0.50447416,-0.37092665,-0.41957465,-0.20560646,-0.43486992,-0.32745203,-0.33349493,-0.23825994,-0.09469227,0.2,0.4,0.5,0.46666667,0.38333333,0.8,0.6,0.5,0.5,0.5833333,-0.6,-0.2,0.0,-0.033333335,-0.2,0.42573383,0.5275567,0.4917979,0.50427103,0.40995523,0.57426614,0.4724433,0.5082021,0.49572897,0.5900448,-0.14853232,0.055113394,-0.016404182,0.008542055,-0.18008955,0.6721167,0.58938706,0.5462137,0.5058676,0.53831494,0.29163048,0.22194904,0.18031658,0.17137945,0.1826751,1.0916449,1.4801388,1.6891745,1.7993824,1.5658315,0.6880743,0.69544256,0.61240256,0.52970827,0.5318053,0.3119257,0.30455744,0.38759744,0.4702917,0.46819475,0.37614858,0.3908851,0.2248051,0.059416566,0.06361051
SH601818,0.09476158854976377,1.0,,2026-03-24,0.015625026,0.018750032,0.8333333,0.0,0.0,0.0031250054,0.16666667,0.018750032,1.0,0.9846154,1.0,0.9815384,0.9933696,1.0267062,1.0,1.0089021,1.0,1.0623145,1.005638,1.0132047,1.0046736,1.0082592,1.016543,0.0180009,0.014942751,0.013953695,0.01404132,0.020065874,-0.0087537095,-0.0030662704,0.0008846314,-0.00016932799,-0.0007297198,0.5912019,0.38598564,0.14067414,0.011270504,0.40336293,0.011869452,0.00059348677,-0.013077564,-0.005803874,0.0049837246,1.0298874,1.0329617,1.0329617,1.0329617,1.0652986,0.9746701,0.9746701,0.9746701,0.9746701,0.97315156,1.0189911,1.0237389,1.0189911,1.0237389,1.0362017,0.99554896,1.0071217,0.9970326,0.9970326,0.9970326,0.4,0.2,0.525,0.38333333,0.275,0.45873106,0.4345373,0.4345373,0.4345373,0.29136515,0.2,0.3,0.65,0.76666665,0.016666668,0.8,0.9,0.95,0.96666664,0.46666667,-0.6,-0.6,-0.3,-0.2,-0.45,-0.85587454,-0.620531,-0.22748989,-0.37428418,-0.59807545,-0.8622016,-0.5158008,-0.37889647,-0.35790128,-0.24654563,0.2,0.4,0.35,0.36666667,0.33333334,0.8,0.5,0.4,0.43333334,0.51666665,-0.6,-0.1,-0.05,-0.06666667,-0.18333334,0.31250033,0.5,0.47413796,0.5,0.4270833,0.68749964,0.5,0.52586204,0.5,0.5729167,-0.3749993,0.0,-0.051724046,0.0,-0.14583337,1.1992139,1.1760492,1.2024348,1.136178,1.0824342,0.4004382,0.28096014,0.41538018,0.3850271,0.4775425,1.1252196,1.1419183,1.1834013,1.1407276,1.1589853,0.4571361,0.5021021,0.5156683,0.46227142,0.50230443,0.5428639,0.49789792,0.48433173,0.53772855,0.4976956,-0.08572783,0.0042041736,0.03133656,-0.07545715,0.004608832
SH601398,0.09351843752910871,1.0,,2026-03-24,0.008264453,0.01928378,0.42857015,0.009641933,0.50000226,0.0013773944,0.07142761,-8.6313726e-08,-4.4759754e-06,0.9918033,1.0095628,0.9904372,0.9985162,1.0098523,0.9622332,0.96496993,1.0,1.091954,1.0108374,0.9989601,0.98089767,0.9827404,1.0120233,0.01616011,0.01906991,0.02372561,0.020404857,0.04132821,-0.00580186,0.0039375685,0.0034363405,0.0006969972,-0.0018506022,0.32224476,0.3908142,0.734219,0.090426706,0.61155117,0.0007662614,-0.01667913,-0.013542913,0.0071531297,0.04256938,1.0396584,1.0396584,1.0396584,1.0396584,1.0902913,0.9838628,0.9595118,0.9362516,0.9362516,0.9362516,1.0255063,1.012808,1.0019704,0.9972633,1.060427,0.998139,0.982485,0.96310896,0.96715933,0.97318006,0.4,0.6,0.8,0.8666667,0.55833334,0.28921968,0.5051761,0.61648136,0.61648136,0.4138442,0.6,0.8,0.9,0.93333334,0.016666668,0.8,0.1,0.2,0.46666667,0.73333335,-0.2,0.7,0.7,0.46666667,-0.71666664,0.163288,0.75798535,0.4844909,0.19104204,-0.31725192,-0.05901382,-0.0031267533,0.14160898,-0.020077255,-0.012832623,0.4,0.7,0.5,0.46666667,0.41666666,0.4,0.2,0.4,0.46666667,0.55,0.0,0.5,0.1,0.0,-0.13333334,0.42622906,0.66507196,0.59756106,0.5,0.40366966,0.57377094,0.33492804,0.40243894,0.5,0.59633034,-0.14754191,0.3301439,0.19512214,0.0,-0.19266069,1.1731528,0.9752404,0.9174407,0.8613846,0.86295724,0.22372317,0.2714438,0.2771534,0.27226463,0.27738205,1.0728444,1.1040424,1.2279432,1.1868298,1.1395863,0.51031905,0.5692256,0.5203508,0.46897382,0.51545674,0.48968095,0.4307744,0.47964922,0.5310262,0.48454326,0.020638093,0.13845122,0.04070159,-0.06205237,0.0309135
SH600016,0.09251799568991959,1.0,,2026-03-24,0.018716594,0.018716594,1.0,0.0,0.0,0.0,0.0,0.018716594,1.0,0.9816273,1.0,0.9816273,0.99211854,1.0288943,1.0341153,1.0236733,0.98426545,1.0315405,1.0042197,1.0210198,1.0215384,1.0214537,1.0109557,0.018426638,0.022133352,0.016371835,0.018001467,0.018777741,-0.0089257555,-0.006680883,-0.0008755076,-4.8576712e-05,0.00036498898,0.5865942,0.835189,0.10009057,0.0005643417,0.115231894,0.013631822,0.009044111,-0.013221063,-0.020749392,-0.02172291,1.0289084,1.0551564,1.0551564,1.0551709,1.0551709,0.9737735,0.9737735,0.9737735,0.9737735,0.9711286,1.0157773,1.0399227,1.0346445,1.0346445,1.0288943,0.9952796,1.0042341,1.0121013,1.0078672,0.9937205,0.4,0.2,0.1,0.13333334,0.28333333,0.4756796,0.3222609,0.3222609,0.32220325,0.34353423,0.4,0.3,0.65,0.23333333,0.6166667,0.8,0.9,0.95,0.96666664,0.46666667,-0.4,-0.6,-0.3,-0.73333335,0.15,-0.53812265,0.08612552,0.16604379,0.08133036,0.037313804,-0.6532212,-0.5243398,-0.09483114,-0.012734991,0.15140858,0.2,0.3,0.3,0.4,0.33333334,0.8,0.7,0.55,0.5,0.53333336,-0.6,-0.4,-0.25,-0.1,-0.2,0.31015065,0.34152836,0.43651712,0.52724123,0.46697626,0.6898494,0.65847164,0.5634829,0.47275877,0.5330238,-0.3796987,-0.31694332,-0.12696576,0.054482438,-0.06604752,0.97218466,1.0162948,1.0606751,1.1489526,1.1257222,0.23719388,0.21129474,0.24319302,0.3043946,0.31044257,0.9190917,0.9887227,1.0355383,0.8501791,0.99705094,0.5591682,0.4370034,0.5149685,0.47651175,0.49880365,0.4408318,0.56299657,0.4850315,0.5234883,0.5011963,0.11833639,-0.12599316,0.029937048,-0.046976514,-0.0023926983
SH601328,0.09147980426109063,1.0,,2026-03-24,0.019431962,0.020926768,0.9285696,0.0014948072,0.071430385,0.0,0.0,0.017937154,0.8571392,0.98093843,1.0014663,0.98093843,0.9949379,1.0177994,0.987055,0.97788566,0.9751888,1.0701187,1.0026969,1.0036138,0.9909655,0.98890686,1.0062567,0.014835231,0.011568419,0.017383605,0.015579623,0.03394017,-0.0056094876,-0.00029747284,0.0022730753,0.00097447267,-0.001264375,0.35743555,0.0060611917,0.5984336,0.30319855,0.42327604,0.008522106,-0.0022751768,-0.0125597045,-0.0030367326,0.031042311,1.020665,1.0207325,1.0207325,1.0207325,1.0823728,0.9764195,0.9764195,0.9546754,0.9546754,0.95004416,1.0121899,1.0121899,1.0080906,1.000863,1.0418555,0.99557716,0.99697953,0.9756203,0.9764833,0.9751888,0.4,0.4,0.7,0.76666665,0.5416667,0.53294575,0.53213483,0.68614304,0.68614304,0.37751365,0.2,0.5,0.75,0.8333333,0.11666667,0.8,0.9,0.2,0.46666667,0.46666667,-0.6,-0.4,0.55,0.36666667,-0.35,-0.98384184,-0.40474018,-0.073329024,-0.102560855,-0.55285287,-0.9796089,-0.54662865,0.05562491,0.014343158,0.040429365,0.4,0.7,0.55,0.53333336,0.41666666,0.6,0.3,0.45,0.43333334,0.53333336,-0.2,0.4,0.1,0.1,-0.11666667,0.37007874,0.5652174,0.56231004,0.5473251,0.425799,0.62992126,0.4347826,0.43768996,0.4526749,0.574201,-0.25984251,0.13043478,0.12462006,0.09465021,-0.14840199,0.9910584,0.9117238,0.98927,0.95950276,0.9841907,0.19917703,0.18827616,0.3506621,0.30746272,0.34968367,1.2299676,1.3519474,1.3453981,1.2172892,1.1464468,0.5953226,0.59101665,0.529928,0.4573463,0.5111464,0.40467742,0.40898338,0.470072,0.54265374,0.48885357,0.19064517,0.18203326,0.059856012,-0.085307434,0.02229283
SH601988,0.09095711677825381,1.0,,2026-03-24,0.016728617,0.022304801,0.7500007,0.0037174777,0.16666715,0.0018587064,0.08333212,0.0148698455,0.6666657,0.9835466,1.0036563,0.9817185,0.99492085,1.0056617,0.97452235,0.96744514,0.9915075,1.0424628,1.0021231,0.9951875,0.98577493,0.9833923,0.99489266,0.009983529,0.011972244,0.01428571,0.013018768,0.023715835,-0.0036801083,0.0023333114,0.0019390295,0.00088200526,-0.0008064479,0.33969802,0.34818155,0.6448122,0.35571668,0.35267577,0.0052370676,-0.0056874524,-0.0041957395,0.0038186025,0.028897539,1.0205879,1.0205879,1.0205879,1.0205879,1.0536121,0.97304255,0.9692118,0.9600122,0.9600122,0.956355,1.0084926,1.0060863,1.0011324,0.9898089,1.0152867,0.99716914,0.985138,0.9738146,0.97098374,0.97452235,0.4,0.6,0.8,0.8666667,0.65833336,0.5669833,0.59926987,0.6601288,0.6601288,0.44875902,0.6,0.8,0.9,0.93333334,0.15,0.8,0.1,0.2,0.46666667,0.41666666,-0.2,0.7,0.7,0.46666667,-0.26666668,-0.66637737,0.6141993,0.5735031,0.40032533,0.07243021,-0.7380377,-0.15113224,0.20595728,-0.01030162,0.11340041,0.4,0.7,0.55,0.5,0.45,0.4,0.2,0.3,0.36666667,0.46666667,0.0,0.5,0.25,0.13333334,-0.016666668,0.4375,0.6666667,0.6161616,0.5184049,0.45283017,0.5625,0.33333334,0.38383842,0.48159513,0.5471698,-0.125,0.33333334,0.2323232,0.03680977,-0.09433965,1.0949544,0.9156255,0.87819284,0.8530156,0.9138042,0.22390758,0.30952284,0.34165528,0.31979463,0.30138963,1.1313972,1.2527276,1.3117627,1.2625158,1.0932041,0.44159156,0.55514896,0.5419678,0.49195707,0.5014606,0.55840844,0.44485104,0.45803216,0.50804293,0.4985394,-0.11681687,0.11029792,0.08393566,-0.01608588,0.0029212036
SH601825,0.09030822967680485,1.0,,2026-03-24,0.02893518,0.038194448,0.7575756,0.0034722527,0.09090988,0.0057870136,0.15151453,0.03124994,0.8181802,0.9718785,1.0033746,0.96625423,0.9954268,1.004241,0.9533503,0.94910944,0.9406277,1.0525869,0.99050045,0.9878711,0.96793896,0.96426356,0.9815098,0.012355431,0.015660288,0.023639634,0.021498624,0.034416553,-0.0023748945,0.0019688013,0.0034360709,0.0015793632,-0.0011335731,0.09236614,0.14488241,0.7394534,0.41825813,0.33087522,0.014249323,0.0032692817,-0.0005816432,0.012835698,0.051930614,1.0064709,1.0076146,1.0076146,1.0076146,1.0582098,0.9658165,0.948315,0.93022764,0.9225566,0.9225566,1.0001696,1.0008482,0.99389315,0.989313,1.0184903,0.98524183,0.9716709,0.94537747,0.94537747,0.94860053,0.8,0.7,0.85,0.9,0.6666667,0.84083027,0.8715908,0.9016034,0.91047746,0.5708925,0.2,0.5,0.75,0.8333333,0.16666667,0.8,0.1,0.3,0.033333335,0.51666665,-0.6,0.4,0.45,0.8,-0.35,-0.6712631,-0.09669144,0.028177893,-0.07374481,-0.20915782,-0.7367617,-0.38560924,-0.37330592,-0.100702904,-0.009971597,0.2,0.6,0.6,0.56666666,0.41666666,0.8,0.4,0.4,0.43333334,0.51666665,-0.6,0.2,0.2,0.13333334,-0.1,0.46666586,0.7037036,0.63392854,0.6067072,0.45245397,0.53333414,0.2962964,0.36607143,0.39329275,0.547546,-0.06666826,0.4074072,0.26785713,0.21341448,-0.09509205,0.8689664,0.9090448,0.88952583,0.8968947,1.0725044,0.34088218,0.29169697,0.26925611,0.27867052,0.46005026,1.0483018,0.9113868,0.9075748,1.0141716,1.0530428,0.5924214,0.57451904,0.53794795,0.44026476,0.50698286,0.4075786,0.42548096,0.46205208,0.55973524,0.4930171,0.18484282,0.14903806,0.07589586,-0.119470485,0.013965768
SH601169,0.08795811248128901,1.0,,2026-03-24,0.02079405,0.02079405,1.0,0.0,0.0,0.0,0.0,0.02079405,1.0,0.9796295,1.0,0.9796295,0.9925858,1.0221721,0.99812096,0.99812096,0.99060506,1.0293123,1.0013529,1.0083803,1.0031003,1.001879,1.0021044,0.016826358,0.013918683,0.011432948,0.010963415,0.017494312,-0.007365637,-0.0026351348,0.0005077532,0.00038558,-0.00021762679,0.47904947,0.32856464,0.06903304,0.09586034,0.047198787,0.013378425,0.0034778474,-0.007923947,-0.007469858,0.004315562,1.023969,1.0277274,1.0277274,1.0277274,1.0366894,0.972218,0.972218,0.972218,0.972218,0.96470225,1.0124013,1.0169108,1.0150319,1.0112739,1.020293,0.994814,1.0027057,0.9958662,0.9958662,0.98647124,0.4,0.2,0.425,0.41666666,0.44166666,0.53683954,0.5004924,0.5004924,0.5004924,0.49033394,0.2,0.5,0.75,0.8333333,0.2,0.8,0.9,0.95,0.96666664,0.33333334,-0.6,-0.4,-0.2,-0.13333334,-0.13333334,-0.850272,-0.6999727,-0.193095,-0.3250379,-0.49475372,-0.83019364,-0.61924845,-0.46205494,-0.38550058,-0.20303519,0.2,0.5,0.55,0.53333336,0.46666667,0.8,0.4,0.4,0.36666667,0.45,-0.6,0.1,0.15,0.16666667,0.016666668,0.3502539,0.5095788,0.50629747,0.52212393,0.46602786,0.6497461,0.49042115,0.49370256,0.4778761,0.53397214,-0.2994922,0.0191577,0.012594884,0.044247814,-0.067944266,0.8778339,0.8226651,0.7538157,0.7359909,0.7824847,0.3011298,0.2222031,0.21547857,0.21104658,0.3305242,1.0523573,1.3329428,1.4137847,1.3349829,1.4863638,0.6132728,0.6284939,0.56190926,0.47385246,0.5011543,0.38672724,0.37150612,0.43809074,0.52614754,0.4988457,0.22654553,0.25698775,0.12381854,-0.05229509,0.0023086313
SZ000895,0.0875680835346857,1.0,,2026-03-24,0.0014503018,0.017403895,0.083332025,0.0036258001,0.20833269,0.012327793,0.7083353,0.010152295,0.5833346,0.9985518,1.0036205,0.9862419,0.99638605,1.028963,0.9869629,0.9550987,0.92541987,0.97972846,1.0144789,1.0146246,0.99040365,0.979808,0.9620545,0.020280827,0.016944353,0.029543433,0.028788874,0.029888844,-0.010752454,-0.00023277721,0.0042117224,0.0026984243,0.0009931882,0.70272255,0.0017299851,0.71132094,0.68088347,0.3367788,0.00702596,-0.013577151,-0.030415026,-0.018935148,0.008646459,1.0423611,1.0423611,1.0423611,1.0423611,1.0423611,0.98116565,0.98116565,0.9453275,0.9207117,0.91274285,1.029905,1.0298346,1.0254864,1.0068753,0.9859531,0.99724686,0.9992037,0.95988643,0.9556814,0.93142843,0.4,0.3,0.65,0.76666665,0.8833333,0.30777305,0.30777305,0.5634383,0.6517767,0.6731852,0.4,0.7,0.85,0.9,0.95,0.8,0.9,0.2,0.033333335,0.41666666,-0.4,-0.2,0.65,0.8666667,0.53333336,-0.8901803,-0.2887152,0.41589296,0.36732244,-0.0732781,-0.9759624,-0.52208614,-0.15898892,-0.12478489,-0.00085467624,0.4,0.6,0.6,0.56666666,0.46666667,0.6,0.4,0.4,0.43333334,0.53333336,-0.2,0.2,0.2,0.13333334,-0.06666667,0.27013534,0.5588302,0.62654877,0.65418583,0.5249059,0.72986466,0.4411698,0.37345123,0.3458142,0.4750941,-0.4597293,0.1176604,0.25309756,0.3083716,0.049811803,1.0752348,0.99025434,0.88257265,0.8335797,0.86112547,0.41334444,0.33449847,0.29302654,0.2874309,0.28441805,1.5485244,1.465538,1.547227,1.5122939,1.4126104,0.54530936,0.55062705,0.53615135,0.48313126,0.5157879,0.45469064,0.44937292,0.46384862,0.51686877,0.4842121,0.09061872,0.101254165,0.072302744,-0.033737488,0.031575788
SH600674,0.08686672751181997,1.0,,2026-03-24,0.0078431405,0.019607792,0.4000012,0.0052288,0.26666948,0.006535852,0.33332932,0.009150193,0.46666104,0.9922179,1.0051881,0.9857329,0.995152,1.0058346,1.0239961,0.9156847,0.8942913,0.937736,1.0018133,1.0130963,0.99205184,0.9642404,0.9372283,0.008665824,0.01865051,0.037617303,0.05046446,0.045277417,-0.0026570135,-0.0049597365,0.004186259,0.004981415,0.0018853153,0.2350216,0.64825696,0.43345597,0.75515455,0.528816,0.0035007119,0.00922246,-0.03182132,-0.036470905,0.0071548745,1.022687,1.0609529,1.0609529,1.0609529,1.0609529,0.9844398,0.9844398,0.9066083,0.8858614,0.87677056,1.0070015,1.022303,1.0203582,1.009587,0.9894978,0.9976662,1.0025855,0.97002065,0.9108798,0.9050452,0.4,0.2,0.5,0.6666667,0.8333333,0.406833,0.2033667,0.6050855,0.65187967,0.6690621,0.4,0.3,0.65,0.76666665,0.8833333,0.8,0.9,0.05,0.033333335,0.46666667,-0.4,-0.6,0.6,0.73333335,0.41666666,-0.71617895,0.52601284,0.26921982,0.6849512,0.6126247,-0.7439154,-0.10455507,0.38319102,0.4323409,0.21759292,0.4,0.4,0.55,0.5,0.43333334,0.4,0.5,0.4,0.43333334,0.48333332,0.0,-0.1,0.15,0.06666667,-0.05,0.43664625,0.40314013,0.6641789,0.66336626,0.56251794,0.5633538,0.5968599,0.3358211,0.33663377,0.4374821,-0.1267075,-0.19371971,0.32835782,0.3267325,0.12503584,1.0817745,1.2297865,1.4550997,1.1648908,0.9293276,0.22817707,0.33701962,0.59406626,0.6457043,0.54664725,1.168463,1.009035,1.0535657,1.2754489,1.4950024,0.6055749,0.4044404,0.51650393,0.5139303,0.51057464,0.3944251,0.5955596,0.4834961,0.48606965,0.48942533,0.21114983,-0.19111918,0.033007827,0.027860697,0.02114932
SH601658,0.08471490136668978,1.0,,2026-03-24,0.020325257,0.02439027,0.8333347,0.0020325058,0.08333265,0.0020325058,0.08333265,0.020325257,0.8333347,0.98007965,1.001992,0.9780876,0.99222237,1.0292398,0.99122804,1.0058479,1.0160818,1.0584795,1.0032163,1.0083333,1.0003655,1.0074073,1.0237086,0.019323716,0.015656114,0.014085934,0.016849244,0.025850637,-0.008771926,-0.0018164056,0.0009244591,-0.00068627205,-0.0011748312,0.5151677,0.123386934,0.15075515,0.12856817,0.62995315,0.014327527,-0.00015945455,-0.009147815,0.0025435872,0.01094899,1.029898,1.0332214,1.0332214,1.0410594,1.0746838,0.9702299,0.9702299,0.9702299,0.9702299,0.9702299,1.0172514,1.018421,1.012573,1.0233918,1.0532163,0.99444443,1.0011696,0.9909356,0.99122804,1.0014619,0.4,0.2,0.55,0.36666667,0.18333334,0.49892753,0.47260523,0.47260523,0.4203064,0.2850068,0.2,0.5,0.75,0.2,0.26666668,0.8,0.9,0.95,0.96666664,0.98333335,-0.6,-0.4,-0.2,-0.76666665,-0.71666664,-0.7524487,-0.47087818,-0.10895894,-0.316155,-0.29217526,-0.80043846,-0.5628912,-0.3397205,-0.27531332,-0.14052369,0.2,0.6,0.55,0.46666667,0.46666667,0.8,0.4,0.45,0.5,0.5,-0.6,0.2,0.1,-0.033333335,-0.033333335,0.3275866,0.5357143,0.48507485,0.47120428,0.44011977,0.6724134,0.46428567,0.5149252,0.5287957,0.55988026,-0.34482682,0.07142869,-0.02985032,-0.057591453,-0.11976046,0.9380019,0.9126586,0.90055037,0.85527855,0.8412417,0.2539699,0.18333974,0.23504984,0.23158099,0.2056626,0.97574,1.0786222,1.1055272,1.0839204,1.0774871,0.49373466,0.60712,0.5230094,0.4837321,0.51302695,0.50626534,0.39288002,0.47699055,0.5162679,0.48697305,-0.012530703,0.21423997,0.04601889,-0.0325358,0.02605393
SH600036,0.08380920180596754,1.0,,2026-03-24,0.011597947,0.015206204,0.7627115,0.0018041286,0.118644245,0.0018041286,0.118644245,0.011597947,0.7627115,0.98853505,1.0017835,0.98675156,0.995682,1.0221655,0.9992533,0.99210066,0.97964233,1.0523089,1.0057143,1.0093299,1.0002633,0.9993109,1.0049872,0.013008163,0.010510144,0.012575976,0.01200779,0.025403818,-0.0061937515,-0.0013366906,0.0013449631,0.00052123185,-0.0006333324,0.5667814,0.14827089,0.40031826,0.14602843,0.18956809,0.0066732094,-0.0033148257,-0.013040463,-0.006868794,0.013696076,1.027287,1.0282801,1.0282801,1.0282801,1.0684537,0.98218596,0.98218596,0.9684224,0.9684224,0.95058805,1.0140146,1.0168756,1.0130556,1.0119159,1.0332953,0.99709964,1.0050933,0.9870151,0.9870623,0.98522305,0.4,0.2,0.6,0.56666666,0.51666665,0.3949807,0.38647097,0.527544,0.527544,0.4192229,0.2,0.5,0.75,0.8333333,0.2,0.8,0.9,0.3,0.53333336,0.41666666,-0.6,-0.4,0.45,0.3,-0.21666667,-0.725487,-0.5016883,-0.30446765,-0.22789723,-0.5070644,-0.9888233,-0.57002115,-0.2429786,-0.08245347,-0.1188907,0.2,0.5,0.5,0.46666667,0.43333334,0.8,0.4,0.45,0.5,0.55,-0.6,0.1,0.05,-0.033333335,-0.11666667,0.28340977,0.50503993,0.5266931,0.54584074,0.4416587,0.7165902,0.49496007,0.4733069,0.4541593,0.5583413,-0.43318045,0.010079873,0.053386208,0.09168142,-0.11668259,1.1506456,1.1025624,1.1845493,1.2119391,1.5629342,0.23314534,0.18946932,0.3474961,0.3446581,0.7326915,1.2558005,1.322724,1.1128,1.0861844,1.1626704,0.47576034,0.5008783,0.48190552,0.4344962,0.49349076,0.52423966,0.49912176,0.5180945,0.5655038,0.50650924,-0.048479307,0.0017564924,-0.03618899,-0.13100761,-0.013018461
SZ001965,0.08141727247966687,1.0,,2026-03-24,-0.0010060827,0.023138873,-0.043480195,0.00704227,0.30434802,0.0150905205,0.6521718,0.0070421672,0.30434358,1.0010071,1.0080564,0.9848943,0.9984776,1.0317461,1.0068027,0.9758126,0.9674981,1.0158731,1.0187453,1.0227513,1.0010582,0.99299574,0.98607963,0.02139492,0.015443079,0.027185911,0.025077572,0.024350364,-0.011035524,-0.0023591972,0.0033894272,0.0020699918,0.00033180873,0.6651271,0.2139302,0.5440425,0.5280414,0.05663234,0.003325767,-0.012134962,-0.03325777,-0.02301061,0.0041320096,1.0463564,1.0463564,1.0463564,1.0463564,1.0463564,0.9848943,0.9848943,0.9465901,0.9465901,0.94406646,1.0326531,1.0317461,1.029025,1.0261527,1.0049887,0.9984883,1.0133032,0.9746032,0.97233564,0.96734697,0.4,0.2,0.5,0.6666667,0.7416667,0.24577278,0.24577278,0.53535,0.53535,0.5468135,0.4,0.7,0.85,0.9,0.95,1.0,1.0,0.3,0.53333336,0.48333332,-0.6,-0.3,0.55,0.36666667,0.46666667,-0.117565945,-0.047770187,-0.02790185,0.2749361,-0.04356019,-0.48060992,-0.3289834,-0.31796712,-0.26279905,-0.14148173,0.4,0.5,0.55,0.56666666,0.48333332,0.6,0.4,0.35,0.33333334,0.41666666,-0.2,0.1,0.2,0.23333333,0.06666667,0.27659538,0.4713377,0.55405396,0.55890405,0.48367026,0.72340465,0.52866226,0.44594607,0.44109598,0.5163297,-0.44680926,-0.057324573,0.10810789,0.117808074,-0.032659452,1.3146275,1.2981147,1.3604126,1.1807797,1.2166178,0.3610911,0.25720316,0.36021706,0.4238459,0.4001475,1.1768694,1.1115785,1.0299274,1.2018526,1.1862437,0.46222475,0.41351622,0.519866,0.4427787,0.48697534,0.5377753,0.5864838,0.480134,0.5572213,0.5130247,-0.07555052,-0.17296754,0.039732005,-0.11444258,-0.02604933
SZ300498,0.0800656016394183,0.875,,2026-03-24,-0.0011876759,0.030284965,-0.039216682,0.0059381984,0.19607744,0.02315909,0.7647059,0.016033217,0.5294118,1.0011891,1.0071343,0.9768134,0.9922787,1.0357143,1.0071429,0.9120879,0.92032963,1.0126374,1.0141759,1.0248902,0.9947253,0.97480774,0.97486264,0.014779871,0.016282465,0.039586406,0.043637253,0.040845316,-0.008296709,-0.0038594753,0.005297034,0.0040903203,4.1876938e-05,0.7877898,0.5150242,0.6266737,0.6809286,0.00032060122,0.002417574,-0.007522496,-0.04504712,-0.034117356,0.023901979,1.0411979,1.0630637,1.0630637,1.0630637,1.0630637,0.9768134,0.9768134,0.9114118,0.9114118,0.9003268,1.0252198,1.0375825,1.0315385,1.0206044,1.0132967,0.99945056,1.0153847,0.95489013,0.9373077,0.9328022,0.4,0.2,0.5,0.6666667,0.6333333,0.36012766,0.2688292,0.58415455,0.58415455,0.6124803,0.2,0.5,0.75,0.8333333,0.9166667,1.0,1.0,0.05,0.36666667,0.45,-0.8,-0.5,0.7,0.46666667,0.46666667,-0.9077312,-0.24474595,0.04359203,0.4631168,-0.07780103,-0.7092127,0.08072988,0.5696099,0.5448635,0.1898781,0.4,0.5,0.6,0.5,0.5,0.6,0.5,0.4,0.5,0.48333332,-0.2,0.0,0.2,0.0,0.016666668,0.14673874,0.46683672,0.6758241,0.62083334,0.48965827,0.85326123,0.5331633,0.3241759,0.3791667,0.5103417,-0.7065225,-0.066326566,0.35164818,0.24166662,-0.02068345,0.9051253,0.9184452,1.0363406,0.89183265,0.82604706,0.28945017,0.26818874,0.3917002,0.39661834,0.3698851,1.3174474,1.0836184,1.1470888,1.2589608,1.4342602,0.57030797,0.5342277,0.5430778,0.5057712,0.5209011,0.42969203,0.46577224,0.45692217,0.49422878,0.4790989,0.14061591,0.0684555,0.086155675,0.011542452,0.04180221
SH600926,0.0747903834073113,1.0,,2026-03-24,0.010455102,0.018450242,0.56666476,0.0055350605,0.2999994,0.0024600783,0.13333584,0.0073801195,0.40000126,0.98965305,1.0054778,0.98721844,0.99740684,1.0442847,1.0004637,0.99142134,0.96893114,0.94945514,1.0128913,1.0258057,1.0122652,1.0060514,0.9753497,0.022677345,0.022444557,0.021474931,0.020877475,0.03617643,-0.012404351,-0.00450646,0.0016972634,0.0013827354,0.0018108373,0.74800354,0.36953908,0.21862659,0.339957,0.7642005,0.011917449,-0.005526629,-0.028389253,-0.026101138,-0.028769422,1.0468352,1.0607158,1.0607158,1.0607158,1.0607158,0.9769009,0.9769009,0.9769009,0.95858455,0.9140406,1.0263853,1.0442847,1.0360305,1.018595,1.0038488,0.99647576,1.0131695,0.99610484,0.9903548,0.93642473,0.4,0.2,0.3,0.43333334,0.71666664,0.33029795,0.27559704,0.27559704,0.40551218,0.5860527,0.2,0.5,0.75,0.8333333,0.9166667,0.8,0.9,0.95,0.033333335,0.35,-0.6,-0.4,-0.2,0.8,0.56666666,-0.81129676,0.087485105,0.1769666,0.020192588,-0.4285282,-0.9804673,0.017825078,-0.06582399,0.045209058,0.20609461,0.2,0.5,0.55,0.5,0.53333336,0.8,0.5,0.45,0.5,0.46666667,-0.6,0.0,0.1,0.0,0.06666667,0.22157428,0.49837646,0.52264374,0.5554635,0.54264474,0.77842575,0.5016236,0.47735628,0.4445365,0.45735526,-0.55685145,-0.00324711,0.04528744,0.11092699,0.08528948,1.0570279,1.1743114,1.1291986,1.1823628,1.5735863,0.16786626,0.24326126,0.36157376,0.38566217,0.7139107,0.9788545,0.74925953,1.035582,1.1342106,1.2610935,0.5301184,0.55526274,0.50151736,0.46791458,0.48060703,0.4698816,0.4447373,0.49848264,0.5320854,0.51939297,0.060236823,0.110525444,0.0030346976,-0.06417086,-0.03878595
SH600018,0.0706626518969124,1.0,,2026-03-24,0.015999965,0.02000001,0.79999787,0.002000076,0.10000374,0.001999969,0.0999984,0.01599986,0.7999925,0.984252,1.0019686,0.98228353,0.9955565,1.0209546,1.0058208,1.0,0.97206056,1.088475,1.0025611,1.0116415,1.0077997,1.0029492,1.0213039,0.017255295,0.015247888,0.012470345,0.01292992,0.034066882,-0.0075669517,-0.0035277111,0.00022582592,0.0007541687,-0.0013404968,0.48076975,0.49065712,0.0114778,0.2636617,0.47224426,0.012572774,0.0042332406,-0.009945132,-0.013884629,0.018240795,1.0230031,1.029634,1.0327575,1.0327575,1.0919967,0.97045195,0.97045195,0.97045195,0.9688404,0.9605266,1.0155996,1.0214202,1.0200233,1.0155996,1.0633295,0.99487776,1.0046566,0.99953437,0.99417925,0.99417925,0.4,0.2,0.25,0.45,0.34166667,0.56227154,0.49927393,0.47424358,0.48749956,0.3002462,0.4,0.3,0.25,0.5,0.05,0.8,0.9,0.95,0.033333335,0.46666667,-0.4,-0.6,-0.7,0.46666667,-0.41666666,-0.8631387,-0.42875066,-0.19573966,0.10915326,-0.6881823,-0.8393149,-0.49604604,-0.2197916,-0.06249845,-0.36487132,0.2,0.4,0.55,0.56666666,0.46666667,0.8,0.6,0.45,0.43333334,0.48333332,-0.6,-0.2,0.1,0.13333334,-0.016666668,0.35483867,0.4719101,0.5,0.5550458,0.40776706,0.64516133,0.52808994,0.5,0.44495422,0.59223294,-0.29032266,-0.056179844,0.0,0.11009154,-0.18446587,0.88910794,0.8984482,1.1218449,1.0016176,0.9727516,0.28027037,0.23051278,0.50986385,0.46504205,0.6280466,1.1332477,1.2128731,1.1930012,1.2700325,1.3076713,0.64090234,0.5593568,0.51301026,0.48205242,0.50998956,0.35909766,0.4406432,0.48698974,0.5179476,0.49001047,0.2818047,0.11871363,0.026020506,-0.03589517,0.019979069
SH600039,0.06848163454196335,0.875,,2026-03-24,0.022198725,0.03594085,0.6176461,0.0031712737,0.088235915,0.010570849,0.29411796,0.029598301,0.8235282,0.97828335,1.0031024,0.96794206,0.9888344,1.0196415,1.0351254,1.0010036,0.99584234,1.0206451,0.9931613,1.0100143,1.0265627,1.0208076,1.0281171,0.015746359,0.021298483,0.02921028,0.025879798,0.027021447,-0.0022652252,-0.005305092,-0.002511493,-6.599135e-05,-0.000383185,0.051737145,0.5687218,0.25873816,0.0005039111,0.061333757,0.011369158,0.013858578,-0.0027035335,-0.019850766,-0.016813124,1.0227196,1.0537797,1.0992925,1.0992925,1.101337,0.96278626,0.96278626,0.96278626,0.96278626,0.96278626,1.0024517,1.0264373,1.0428101,1.035957,1.0502366,0.9844731,0.9977204,1.0035268,1.0010036,1.0074265,0.6,0.3,0.15,0.16666667,0.125,0.6209188,0.40897146,0.27261546,0.27261546,0.26859295,0.2,0.3,0.4,0.6,0.26666668,0.8,0.9,0.95,0.96666664,0.98333335,-0.6,-0.6,-0.55,-0.36666667,-0.71666664,-0.46853292,-0.43095437,0.300019,0.437825,0.22971249,-0.66145986,-0.16298144,-0.14150113,-0.041284613,-0.19612938,0.4,0.4,0.55,0.53333336,0.5,0.6,0.6,0.4,0.43333334,0.48333332,-0.2,-0.2,0.15,0.1,0.016666668,0.42016327,0.40008163,0.4985429,0.50459003,0.4868661,0.5798367,0.59991837,0.5014571,0.49540997,0.5131339,-0.15967347,-0.19983675,-0.0029141847,0.009180072,-0.026267804,1.1007041,0.992376,1.1472527,1.0247211,1.1548611,0.1451144,0.20334159,0.28212887,0.30333504,0.3676664,0.50521284,0.75163615,1.045877,1.1188264,1.0570686,0.5666553,0.45482886,0.49830875,0.47592592,0.49785548,0.43334472,0.54517114,0.5016912,0.5240741,0.5021445,0.13331056,-0.090342306,-0.0033824763,-0.048148144,-0.0042890045
SH600519,0.06793897697613181,0.75,,2026-03-24,-0.006122834,0.012295287,-0.49798217,0.0011229323,0.0913303,0.0050495216,0.41068754,-0.0021962447,-0.17862491,1.0061605,1.0072904,0.99491936,0.99952924,1.0551894,0.99612755,1.0422571,1.0139763,0.9997964,1.0206661,1.0184455,1.0165766,1.0340122,1.0118936,0.019597381,0.023312671,0.02310894,0.033041473,0.03583588,-0.011918975,0.0012796052,-0.00047157423,-0.0025846565,0.0006390255,0.9247444,0.027617179,0.014574985,0.47422943,0.09698398,0.003171868,-0.024203714,-0.0120967375,0.0034652732,-0.030744892,1.0633607,1.0644765,1.0727118,1.1141664,1.1141664,0.99481285,0.9884035,0.9828539,0.9828539,0.93937415,1.034623,1.0387784,1.0384104,1.0617222,1.0425413,1.0004206,0.9989583,0.99546254,0.9961955,0.9887829,0.2,0.3,0.4,0.26666668,0.4,0.075671874,0.15243918,0.19081332,0.13057464,0.34684503,0.2,0.5,0.05,0.13333334,0.56666666,0.8,0.2,0.45,0.6333333,0.45,-0.6,0.3,-0.4,-0.5,0.11666667,-0.27112395,0.5223382,0.33981195,0.6434887,0.13079873,-0.92757237,0.16644332,0.045212083,0.059357807,0.34381416,0.0,0.3,0.3,0.33333334,0.33333334,1.0,0.7,0.7,0.6666667,0.6666667,-1.0,-0.4,-0.4,-0.33333334,-0.33333334,0.0,0.5150923,0.40434968,0.4820198,0.5001469,1.0,0.48490766,0.5956503,0.5179802,0.49985304,-1.0,0.030184673,-0.19130065,-0.035960387,0.0002938973,1.1751337,1.2709658,1.2535901,1.5564356,1.649841,0.29407868,0.41784596,0.33675897,0.73768616,0.977812,1.1214492,1.1120398,1.0694597,1.2639209,2.5714989,0.33455673,0.5179605,0.46188563,0.4037186,0.506389,0.66544324,0.48203954,0.53811437,0.5962814,0.493611,-0.33088654,0.035920937,-0.076228745,-0.19256282,0.012778006
SH601985,0.06721616294371718,0.75,,2026-03-24,0.013303803,0.027716188,0.4800012,0.0055432166,0.19999924,0.008869167,0.31999955,0.016629754,0.6000015,0.9868709,1.0054704,0.9781181,0.9934308,0.97775805,0.97242,0.935943,0.93505335,0.94750893,0.97900355,0.9867438,0.96912813,0.95940095,0.96150655,0.014491142,0.015118457,0.023809882,0.023975845,0.021226836,0.00809609,-0.0018171025,0.0030904666,0.0021773903,0.00018139684,0.7803428,0.13242054,0.58966,0.6391848,0.022273513,0.0048042517,0.02143318,0.0015124461,0.00902689,0.03314227,1.012489,1.0184516,1.0184516,1.0184516,1.0210981,0.9546454,0.9546454,0.92554355,0.92554355,0.92554355,0.9907474,1.0003558,0.9911032,0.97989327,0.9800712,0.96868324,0.96957296,0.9489324,0.93736655,0.9421708,1.0,0.8,0.9,0.93333334,0.95,0.78409004,0.71081865,0.8013998,0.8013998,0.7792031,0.8,0.4,0.7,0.8,0.25,0.6,0.8,0.05,0.36666667,0.68333334,0.2,-0.4,0.65,0.43333334,-0.43333334,0.68702245,0.7596841,0.6310627,0.74279594,0.66240406,0.51036555,0.64813,0.26069507,0.2598918,0.35593778,0.6,0.6,0.6,0.53333336,0.46666667,0.4,0.4,0.4,0.46666667,0.51666665,0.2,0.2,0.2,0.06666667,-0.05,0.765957,0.62204695,0.68181837,0.650206,0.5579568,0.23404297,0.37795302,0.3181816,0.349794,0.44204322,0.53191406,0.24409395,0.3636368,0.300412,0.11591357,0.9706744,1.0290598,0.9061258,0.68745184,0.576249,0.4952087,0.3833902,0.34381738,0.42130005,0.35066393,1.3499225,0.8202897,0.9547092,1.2489334,1.2520665,0.5691809,0.53881353,0.55015326,0.535938,0.5376868,0.43081912,0.46118644,0.44984674,0.46406198,0.46231315,0.13836178,0.07762711,0.100306496,0.07187603,0.07537368
SZ000651,0.06538797347629871,1.0,,2026-03-24,0.012113036,0.018035034,0.6716392,0.0024226303,0.13432913,0.003499368,0.19403169,0.013189773,0.7313417,0.9880319,1.0023936,0.98457444,0.9935536,1.0356385,1.0037239,1.0220748,1.025,1.0626944,1.012447,1.0168619,1.006064,1.0129879,1.031183,0.02169999,0.017829733,0.018516537,0.018267134,0.023966884,-0.011861727,-0.0017504981,0.0012166073,-0.0005922079,-0.0011052036,0.7469934,0.088357836,0.15109473,0.081453405,0.6485767,0.011276499,-0.0089846775,-0.017621813,-0.0044008107,0.0014205007,1.0385638,1.0425534,1.0425534,1.0425534,1.0728127,0.9795212,0.9795212,0.97340417,0.97340417,0.97340417,1.0279789,1.0322345,1.0257449,1.0301063,1.0525246,0.99648935,1.0042554,0.9887773,0.9943085,1.0070212,0.4,0.2,0.5,0.33333334,0.16666667,0.34684694,0.32489347,0.3846145,0.3846145,0.26754078,0.2,0.5,0.75,0.8333333,0.35,0.8,0.9,0.3,0.53333336,0.76666665,-0.6,-0.4,0.45,0.3,-0.41666666,-0.6502332,0.054036096,0.01347311,-0.24364322,0.12740089,-0.74371505,0.026197493,-0.21858746,-0.20637204,-0.054595996,0.4,0.7,0.55,0.53333336,0.46666667,0.6,0.3,0.45,0.46666667,0.51666665,-0.2,0.4,0.1,0.06666667,-0.05,0.26240987,0.48258477,0.4377793,0.4447054,0.42378926,0.73759013,0.5174152,0.5622207,0.5552946,0.57621074,-0.47518024,-0.034830444,-0.12444139,-0.110589184,-0.15242147,1.1999272,1.190908,1.2085962,1.0831202,1.2314929,0.3007297,0.34689116,0.43447614,0.41261974,0.46985617,1.0575627,1.1917458,1.3363872,1.465464,1.3233536,0.41098717,0.5203578,0.5166027,0.49412483,0.50644565,0.58901286,0.47964224,0.4833973,0.5058752,0.49355435,-0.17802568,0.04071552,0.033205375,-0.011750351,0.012891294
SH600023,0.06256827130290644,0.875,,2026-03-24,0.013207565,0.024528364,0.5384609,0.0018868663,0.076925896,0.009433932,0.3846132,0.020754632,0.8461482,0.9869646,1.0018623,0.9776536,0.9906937,1.0130354,1.0167599,0.9404097,0.9199255,0.9608939,1.0044693,1.0175047,1.0095904,0.98187464,0.9577592,0.016478103,0.020289518,0.023657786,0.044375718,0.040669553,-0.007262588,-0.0056204516,0.0013819472,0.004168505,0.0015895684,0.48563322,0.703413,0.11942707,0.6838669,0.4659288,0.010055865,0.007787342,-0.022718845,-0.042317964,-0.0046514547,1.0335196,1.057728,1.057728,1.057728,1.057728,0.97206706,0.97206706,0.9404097,0.91061455,0.91061455,1.0167599,1.0312849,1.0227188,1.0204842,1.0111732,0.9955307,1.0089386,0.99851024,0.9270019,0.92364997,0.4,0.2,0.25,0.5,0.75,0.45454532,0.32608706,0.5079364,0.60759485,0.60759485,0.6,0.2,0.6,0.73333335,0.8666667,0.8,0.9,0.05,0.033333335,0.33333334,-0.2,-0.7,0.55,0.7,0.53333336,-0.9352308,0.24110997,-0.13077578,0.50524557,0.28695643,-0.85129136,0.0026756318,0.18903778,0.22467212,-0.10944363,0.4,0.4,0.55,0.56666666,0.48333332,0.4,0.5,0.4,0.4,0.43333334,0.0,-0.1,0.15,0.16666667,0.05,0.4,0.43999982,0.62121195,0.6319018,0.54022986,0.6,0.5600002,0.37878802,0.36809823,0.45977017,-0.2,-0.12000034,0.24242395,0.26380357,0.08045966,0.90120363,0.98382527,1.2082467,1.0494882,0.9646252,0.21595122,0.24670646,0.38766766,0.4307988,0.41435677,1.2132591,0.8695815,0.86607,1.022387,1.1363103,0.60888785,0.5183253,0.49159363,0.4693597,0.51873684,0.39111215,0.48167467,0.5084064,0.5306403,0.48126316,0.21777569,0.036650665,-0.016812772,-0.061280634,0.03747369
SH601006,0.058826284602916154,0.875,,2026-03-24,0.0037950857,0.011385162,0.3333361,0.005692581,0.5,0.0018974956,0.1666639,0.0,0.0,0.9962193,1.005671,0.9943289,0.999717,1.0021459,0.9892703,0.9549356,0.9456366,1.0228899,0.99756795,1.004435,0.9901645,0.9796137,0.9747496,0.0046246694,0.0093920715,0.017582567,0.021140108,0.022742484,0.0012160285,-0.0023930278,0.0022464967,0.0020749494,0.00019680402,0.1728487,0.595092,0.57136685,0.7466247,0.022839785,0.0,0.006333731,-0.011506223,-0.009700484,0.019444657,1.0150704,1.0266713,1.0266713,1.0266713,1.0266713,0.9871735,0.98711646,0.9552378,0.9378184,0.9359276,1.0008583,1.0107296,1.0050071,1.0004292,0.9988555,0.99399143,0.99599427,0.97811157,0.96022886,0.95278966,0.8,0.4,0.7,0.8,0.825,0.45978215,0.32571346,0.6266274,0.6998261,0.70608073,0.8,0.2,0.6,0.73333335,0.8666667,0.2,0.1,0.05,0.033333335,0.33333334,0.6,0.1,0.55,0.7,0.53333336,-0.2007205,0.4887236,0.43431348,0.5598147,-0.018463885,-0.61683226,0.32820567,0.45355135,0.49890068,0.30565307,0.6,0.5,0.6,0.56666666,0.43333334,0.4,0.5,0.35,0.4,0.48333332,0.2,0.0,0.25,0.16666667,-0.05,0.4705884,0.55905527,0.65829164,0.63669086,0.47192982,0.5294116,0.4409447,0.34170836,0.36330914,0.52807015,-0.058823224,0.11811058,0.3165833,0.27338168,-0.05614035,1.2200129,1.3235159,1.2742203,1.1354578,1.1697478,0.36177334,0.4142246,0.48196945,0.485147,0.5178118,0.602407,1.0027934,1.0705854,1.1864932,1.079686,0.53709507,0.49849632,0.52411354,0.4903433,0.50788975,0.46290493,0.50150365,0.47588643,0.50965667,0.49211025,0.07419016,-0.0030073365,0.04822711,-0.01931337,0.015779523
SZ002311,0.056338334778105396,1.0,,2026-03-24,-0.007819922,0.02765595,-0.2827573,0.008010705,0.28965577,0.011825322,0.4275869,-0.004005305,-0.14482616,1.0078815,1.0159554,0.98808146,1.0003171,1.0734521,1.0442244,1.022495,0.9844488,1.0296237,1.0353795,1.0590838,1.051307,1.0441601,1.0320225,0.033161826,0.03571312,0.027434818,0.026085258,0.029840773,-0.019144561,-0.008841522,0.00018623036,0.0010652756,0.00042553435,0.83320886,0.56183636,0.0016127417,0.12925145,0.06202246,0.002909576,-0.019296974,-0.053076103,-0.059606653,-0.044575684,1.0905416,1.1293827,1.1293827,1.1293827,1.1293827,0.9842546,0.9842546,0.9842546,0.96849334,0.9458116,1.0583235,1.0861677,1.0683618,1.0598284,1.0553663,0.9997729,1.0438495,1.0372171,1.0260752,1.0050904,0.4,0.2,0.1,0.1,0.2,0.1481403,0.108492985,0.108492985,0.19582811,0.29519007,0.2,0.4,0.7,0.8,0.9,0.8,0.9,0.95,0.033333335,0.45,-0.6,-0.5,-0.25,0.76666665,0.45,-0.53909904,0.031058338,0.1269567,0.14864065,-0.21019672,-0.94970596,-0.06449724,-0.0032999518,0.16506551,0.11194254,0.2,0.5,0.45,0.5,0.41666666,0.8,0.5,0.55,0.5,0.55,-0.6,0.0,-0.1,0.0,-0.13333334,0.014993187,0.37576023,0.4684584,0.5160307,0.4829078,0.9850068,0.6242398,0.5315416,0.48396927,0.5170922,-0.9700136,-0.24847955,-0.06308314,0.03206147,-0.034184404,1.2549422,1.2905673,1.2213284,1.211177,1.262707,0.50251204,0.41452643,0.35625598,0.4088673,0.38861763,1.8291377,1.3087966,1.1832312,1.224388,1.1282403,0.46120995,0.5127126,0.5066973,0.48872092,0.51280874,0.53879005,0.4872874,0.49330273,0.5112791,0.4871913,-0.077580094,0.025425188,0.013394548,-0.02255816,0.025617423
SZ002142,0.0535882563093345,1.0,,2026-03-24,0.011792464,0.023248015,0.5072461,0.006401638,0.27536276,0.005053913,0.21739116,0.01044474,0.44927445,0.98834497,1.006327,0.98335,0.99924177,1.0306507,1.0509046,1.0386173,1.0166081,0.9584121,1.0033486,1.0206184,1.0364501,1.0437483,1.0047169,0.013689425,0.020769771,0.024005093,0.02517437,0.04799265,-0.0044963565,-0.0060728784,-0.0029199035,-0.0018836899,0.002045682,0.2697063,0.7836771,0.5178432,0.43391365,0.554149,0.0056440695,0.0067095393,-0.008711084,-0.016434798,-0.065064505,1.0306473,1.0519631,1.0849385,1.096178,1.096178,0.97571445,0.97571445,0.97571445,0.97571445,0.92305577,1.0122063,1.0372671,1.0556306,1.0652443,1.0483122,0.99640834,1.0045369,1.0168242,1.0289764,0.95260596,0.4,0.2,0.1,0.06666667,0.45,0.4420955,0.31850472,0.22234622,0.20160092,0.4444503,0.2,0.5,0.2,0.13333334,0.56666666,0.8,0.9,0.95,0.96666664,0.11666667,-0.6,-0.4,-0.75,-0.8333333,0.45,-0.21919575,-0.7313795,-0.173523,0.17667238,-0.11800947,-0.6155525,-0.6604153,-0.26738772,-0.074352436,0.26283842,0.4,0.3,0.35,0.36666667,0.41666666,0.6,0.7,0.6,0.6,0.56666666,-0.2,-0.4,-0.25,-0.23333333,-0.15,0.33333334,0.30862945,0.41194585,0.47649983,0.52822584,0.6666667,0.69137055,0.5880541,0.5235002,0.4717742,-0.33333334,-0.3827411,-0.17610829,-0.047000363,0.056451626,1.33377,1.1097969,1.0696844,1.1903623,1.4669943,0.35835385,0.3420279,0.32392335,0.42085764,0.6491372,0.78142774,1.0388467,1.1873487,1.1335374,1.3293868,0.52630043,0.54958886,0.5036461,0.44895822,0.49646878,0.47369954,0.4504111,0.49635392,0.5510418,0.5035312,0.052600916,0.09917777,0.0072921515,-0.10208356,-0.0070624514
SH600377,0.053107834028761854,1.0,,2026-03-24,0.0033333777,0.015833382,0.21052848,0.0058333296,0.3684197,0.0066666743,0.42105183,0.0041667223,0.2631606,0.9966777,1.005814,0.99003315,0.99925876,1.0365547,1.0057116,0.9984007,1.0041124,1.0249029,1.0149417,1.0214987,1.0112177,1.0102733,0.999939,0.020502033,0.01642791,0.016427718,0.014249774,0.018603493,-0.010875022,-0.0027623726,0.001389011,0.0005134034,0.00051844685,0.7034066,0.25918582,0.25022173,0.10060121,0.2368751,0.006808329,-0.009068045,-0.02441331,-0.01771772,-0.015233231,1.0424095,1.0431992,1.0431992,1.0431992,1.0431992,0.9825959,0.9825959,0.9825959,0.9825959,0.95264804,1.0317112,1.0324422,1.0307974,1.0254055,1.0132511,0.9973498,1.0106008,0.9957505,0.99803513,0.98519534,0.4,0.2,0.35,0.3,0.48333332,0.29097196,0.28718054,0.28718054,0.28718054,0.5229302,0.4,0.5,0.75,0.8333333,0.9166667,0.8,0.9,0.95,0.96666664,0.33333334,-0.4,-0.4,-0.2,-0.13333334,0.5833333,-0.7446224,-0.31955633,-0.0026051868,0.059205238,-0.06806681,-0.7521312,-0.054565743,-0.04649695,-0.032525066,0.11262513,0.4,0.6,0.6,0.6,0.53333336,0.6,0.4,0.35,0.36666667,0.45,-0.2,0.2,0.25,0.23333333,0.083333336,0.21831007,0.47300243,0.5042946,0.4922548,0.47606504,0.78168994,0.52699757,0.4957054,0.5077452,0.52393496,-0.5633799,-0.05399511,0.008589197,-0.015490436,-0.047869943,1.0222789,1.0049715,0.96901315,0.916636,1.0394878,0.18466027,0.2989072,0.27436152,0.24207483,0.34072325,1.3019214,1.2594419,1.1783366,1.1446021,0.9789437,0.6214577,0.54985416,0.53251576,0.44120452,0.49666736,0.37854227,0.45014587,0.46748427,0.5587955,0.5033326,0.24291545,0.099708274,0.06503148,-0.117590986,-0.006665289
SH600066,0.05209026887243802,0.875,,2026-03-24,0.019682508,0.054920666,0.3583807,0.024127005,0.43930647,0.011111155,0.20231281,0.006666657,0.12138704,0.9806974,1.0236613,0.9698007,1.005462,0.97073686,0.93119854,1.003114,0.95548147,1.0669403,0.9731022,0.96992636,0.95299023,0.96412563,0.98248386,0.018349411,0.0141435815,0.024227869,0.02621352,0.0319259,0.0069734673,0.0021132908,0.0026503091,-0.00057121506,-0.0012863227,0.36107156,0.20464973,0.41882312,0.036800213,0.4951233,0.012950868,0.020563826,0.02183183,0.044156983,0.055462662,1.0236613,1.0236613,1.0236613,1.0236613,1.073788,0.93213195,0.9215459,0.9090915,0.9090915,0.9090915,0.98231834,0.9764008,0.97123486,0.9845579,1.0091543,0.9646955,0.9584696,0.9243468,0.9399136,0.9592172,1.0,1.0,1.0,0.93333334,0.7083333,0.7414896,0.7682887,0.79347706,0.79347706,0.55197567,1.0,1.0,1.0,1.0,0.18333334,0.8,0.1,0.15,0.43333334,0.71666664,0.2,0.9,0.85,0.56666666,-0.53333336,0.80746776,0.65102786,0.30215013,-0.22183055,-0.12817597,0.71243167,0.6073735,0.16762057,0.087192655,0.02890355,0.4,0.5,0.4,0.46666667,0.41666666,0.6,0.5,0.55,0.5,0.56666666,-0.2,0.0,-0.15,-0.033333335,-0.15,0.7025692,0.71455646,0.4961291,0.54471445,0.46134195,0.29743078,0.2854435,0.5038709,0.45528552,0.538658,0.40513843,0.42911294,-0.0077417893,0.089428954,-0.07731608,0.6699586,0.625329,0.6113892,0.5494377,0.55593854,0.29324383,0.2370075,0.21563032,0.22023062,0.19078717,1.0611575,0.8557572,0.947846,1.1042092,1.1092211,0.94448453,0.6556548,0.58115476,0.5368135,0.5302041,0.05551546,0.3443452,0.41884524,0.4631865,0.46979588,0.88896906,0.31130958,0.16230956,0.07362698,0.06040821
SZ002422,0.04784853063334962,1.0,,2026-03-24,-0.003927505,0.028398816,-0.13829821,0.009667657,0.34042466,0.014803653,0.5212771,0.0012084906,0.042554263,1.003943,1.0136487,0.985138,0.99586594,1.0070059,1.0203465,0.94026095,0.9141671,0.94084823,1.0126358,1.0053908,0.97203714,0.9670051,0.9615269,0.01877634,0.015911505,0.04628326,0.039350986,0.041473936,-0.0044007236,0.0015517004,0.0062154923,0.0025762194,0.0007760226,0.13733028,0.08717755,0.63120615,0.33216673,0.106782004,-0.0038343794,-0.012373436,-0.031084342,-0.0043602567,0.015580433,1.0540229,1.0540229,1.0540229,1.0540229,1.0540229,0.97909665,0.97758436,0.88323617,0.88323617,0.85351056,1.0208834,1.0120904,1.0090616,1.0014012,0.9971137,0.9987918,0.99322903,0.9232705,0.92593026,0.9244871,0.4,0.5,0.7,0.8,0.81666666,0.2789857,0.2932503,0.6836819,0.6836819,0.73057544,0.6,0.8,0.9,0.93333334,0.96666664,0.8,0.5,0.3,0.53333336,0.13333334,-0.2,0.3,0.6,0.4,0.8333333,0.56093484,0.6267258,0.41130164,0.43861714,0.14135504,0.43848753,0.49048153,0.50762516,0.480628,0.29973727,0.8,0.6,0.55,0.56666666,0.48333332,0.2,0.4,0.45,0.43333334,0.51666665,0.6,0.2,0.1,0.13333334,-0.033333335,0.4611086,0.42754704,0.5784832,0.587947,0.5315436,0.53889143,0.57245296,0.42151678,0.41205302,0.46845636,-0.077782825,-0.14490594,0.15696645,0.17589399,0.06308728,1.2450473,1.0913408,1.1143426,0.9899665,1.1320856,0.2820117,0.3535445,0.4110645,0.39372817,0.4751729,1.1322246,1.2120318,1.379871,1.5132829,1.416028,0.35847685,0.3901349,0.518211,0.513396,0.5109709,0.6415231,0.60986507,0.481789,0.486604,0.48902914,-0.2830463,-0.21973018,0.03642199,0.026791997,0.021941736
SH603296,0.044851464684494,0.75,,2026-03-24,0.041982535,0.057142828,0.7346947,0.0064139953,0.11224497,0.008746299,0.15306032,0.04431484,0.7755101,0.959709,1.0061556,0.9513151,0.9879952,0.9623347,0.9698833,0.98949414,0.9306615,1.0117509,0.97414786,0.98610896,0.9859455,0.97485346,1.0037497,0.026024673,0.02603392,0.026888637,0.0322334,0.046208628,-0.0025758746,-0.005059309,-0.0014750896,0.0013852313,-0.0015300167,0.024491696,0.34619015,0.10533368,0.14313114,0.33438438,0.031003902,0.036657948,0.028067827,0.0050607123,0.041385815,1.0095369,1.0390531,1.043683,1.043683,1.1105809,0.9291567,0.9291567,0.90861094,0.904794,0.904794,0.9942101,1.0028638,1.0037977,1.0002334,1.0442802,0.963891,0.9697432,0.96697277,0.9418677,0.96420234,1.0,0.8,0.75,0.8,0.48333332,0.8813526,0.644637,0.6765948,0.6854826,0.46264368,0.6,0.3,0.15,0.43333334,0.21666667,0.8,0.9,0.45,0.033333335,0.51666665,-0.2,-0.6,-0.3,0.4,-0.3,0.11719825,0.22481552,0.33471668,0.4200379,0.3974141,0.4289848,0.4760051,0.4361561,0.5391177,0.4938396,0.4,0.4,0.4,0.4,0.41666666,0.6,0.6,0.6,0.6,0.5833333,-0.2,-0.2,-0.2,-0.2,-0.16666667,0.6199206,0.5575037,0.5112294,0.5592972,0.49460983,0.3800794,0.44249633,0.48877057,0.4407028,0.50539017,0.23984125,0.11500737,0.022458842,0.11859441,-0.010780314,0.5386232,0.51244175,0.50203997,0.48716995,0.5299446,0.28855267,0.22285517,0.18134145,0.1788588,0.17791103,1.2919543,1.2720162,1.1742592,1.3500358,1.1590439,0.8741117,0.695183,0.60044056,0.54523414,0.5323341,0.12588826,0.30481702,0.39955947,0.45476586,0.46766594,0.7482235,0.39036596,0.20088106,0.090468295,0.06466815
SH600905,0.04481940473887531,0.75,,2026-03-24,0.027777715,0.03703702,0.7499986,0.002314851,0.062501006,0.0069444533,0.18750034,0.032407317,0.874998,0.97297305,1.0022523,0.96621627,0.9871064,0.9787234,0.98297876,0.9212766,0.9212766,0.9276596,0.9770213,0.98659575,0.968617,0.95326245,0.94234043,0.013321235,0.016754705,0.025605299,0.030319553,0.024258107,0.005957439,-0.0032882034,0.0030795073,0.0029493773,0.000931819,0.5000003,0.35306543,0.50625676,0.73335934,0.45003805,0.011063823,0.028201146,0.002127638,0.003971602,0.030170895,1.0022523,1.0181451,1.0181451,1.0181451,1.0181451,0.95232564,0.95232564,0.9210281,0.9146433,0.9146433,0.9812766,1.0021276,0.9859575,0.9795745,0.9629787,0.96808517,0.97148937,0.94638306,0.9234043,0.92553186,1.0,0.8,0.9,0.93333334,0.96666664,0.95488805,0.7243198,0.81316227,0.8246879,0.8246879,1.0,0.3,0.65,0.76666665,0.8833333,0.8,0.9,0.05,0.033333335,0.51666665,0.2,-0.6,0.6,0.73333335,0.36666667,0.5513316,0.8493868,0.9077429,0.9288983,0.8475724,-0.27388364,0.5519746,0.5007414,0.44584873,0.4385806,0.6,0.4,0.6,0.53333336,0.45,0.4,0.5,0.35,0.4,0.41666666,0.2,-0.1,0.25,0.13333334,0.033333335,0.6785722,0.5714285,0.7078654,0.6831686,0.6133334,0.32142782,0.42857155,0.29213455,0.31683144,0.3866666,0.35714436,0.14285691,0.41573086,0.36633712,0.2266668,0.7724344,0.9072957,0.7215701,0.54979664,0.40308174,0.19079974,0.27989548,0.303448,0.34945574,0.2963143,1.1774285,1.095548,1.2505494,1.6027014,2.0468755,0.8901388,0.56805193,0.62987924,0.5878645,0.5806446,0.10986118,0.43194804,0.37012073,0.41213548,0.41935542,0.78027767,0.13610391,0.2597585,0.17572907,0.16128916
SH600690,0.043313304878745726,1.0,,2026-03-24,-0.010593254,0.020762684,-0.5102064,0.0021186173,0.10203967,0.008050812,0.38775396,-0.0046610585,-0.22449209,1.0107067,1.012848,0.991863,0.9990871,1.074084,1.0650923,1.1143429,1.0706638,1.1738738,1.0346003,1.0548557,1.065884,1.0808797,1.1000655,0.030714603,0.029779637,0.029425614,0.032955136,0.035665132,-0.018371794,-0.008639931,-0.0036614782,-0.0030576822,-0.0017031165,0.89444435,0.7716017,0.54191345,0.66717565,0.69550586,0.0021432892,-0.01597598,-0.031099962,-0.03654335,-0.04982352,1.0770799,1.0890713,1.1344734,1.1344734,1.1867218,0.9888573,0.9888573,0.9888573,0.9888573,0.9888573,1.0547308,1.0750258,1.0816202,1.1144282,1.126501,1.0030771,1.0405108,1.0507,1.053787,1.0734,0.2,0.1,0.05,0.033333335,0.016666668,0.12630221,0.11118911,0.07652107,0.07652107,0.05631481,0.2,0.1,0.05,0.36666667,0.016666668,0.8,0.9,0.95,0.96666664,0.98333335,-0.6,-0.8,-0.9,-0.6,-0.96666664,-0.8684038,-0.69332373,-0.20863898,-0.19687015,-0.29193306,-0.930313,-0.69761574,-0.520964,-0.22925976,-0.10015542,0.0,0.3,0.35,0.4,0.35,1.0,0.7,0.65,0.6,0.6333333,-1.0,-0.4,-0.3,-0.2,-0.28333333,0.0,0.20311098,0.25594562,0.39851922,0.35311452,1.0,0.796889,0.7440544,0.6014808,0.64688545,-1.0,-0.5937781,-0.48810875,-0.20296153,-0.29377094,0.9145718,0.81244814,0.8491422,0.8244659,0.8599759,0.45232615,0.3357339,0.30710295,0.30864885,0.32481766,1.6882123,1.877529,1.444375,1.4210523,1.3353456,0.5917222,0.5318994,0.5206417,0.50106835,0.5215634,0.4082778,0.4681006,0.47935832,0.49893165,0.47843656,0.18344441,0.063798755,0.041283388,0.0021366943,0.043126874
SH600600,0.04160483482388832,0.875,,2026-03-24,0.017973827,0.034313742,0.52380836,0.0,0.0,0.016339917,0.4761916,0.034313742,1.0,0.98234355,1.0,0.96629214,0.98472583,1.0240704,1.0104392,0.9895609,0.98766285,1.0003451,1.0006557,1.0097317,1.0036062,1.0025364,0.99797547,0.014879495,0.014242813,0.012857332,0.01197495,0.012414438,-0.0061513213,-0.0030995863,0.00060326734,0.00025507837,0.00022733242,0.4272681,0.43413758,0.07705236,0.03516426,0.10227477,0.011646966,0.0042164465,-0.009337291,-0.006235094,-0.0046817516,1.0240889,1.0356274,1.0356274,1.0356274,1.0356274,0.96629214,0.96629214,0.96629214,0.96629214,0.9631286,1.0102494,1.0192391,1.0141144,1.0129411,1.0093867,0.9951514,1.003382,0.9943922,0.99232167,0.98914677,0.4,0.2,0.4,0.4,0.6,0.58321434,0.48615828,0.48615828,0.48615828,0.5085798,0.2,0.5,0.75,0.8333333,0.9166667,1.0,1.0,1.0,1.0,0.45,-0.8,-0.5,-0.25,-0.16666667,0.46666667,-0.853752,-0.27354652,0.072836496,0.30784225,0.21111552,-0.7157464,-0.60035336,-0.28643635,-0.09314597,0.2377223,0.2,0.5,0.5,0.46666667,0.45,0.8,0.5,0.5,0.53333336,0.55,-0.6,0.0,0.0,-0.06666667,-0.1,0.3341261,0.4401585,0.5337799,0.5288422,0.49965608,0.6658739,0.5598415,0.46622008,0.47115776,0.5003439,-0.3317478,-0.11968305,0.06755984,0.05768446,-0.0006878144,0.930118,0.94357073,0.8580002,0.8267351,0.78032255,0.31623346,0.25458583,0.21995716,0.27276167,0.3578632,1.0144404,1.3797839,1.3118907,1.3002466,2.1605103,0.44452894,0.54589295,0.57295936,0.48349983,0.5276443,0.55547106,0.45410702,0.42704067,0.5165002,0.47235572,-0.11094211,0.09178597,0.14591868,-0.033000357,0.055288535
SH601136,0.0392366728444749,1.0,,2026-03-24,-0.007784481,0.020958072,-0.37143117,0.0017963696,0.085712545,0.01137722,0.5428563,0.0017963696,0.085712545,1.0078455,1.0096561,0.9885335,0.99836254,1.0588928,1.0636042,1.0806832,1.0724381,1.1419318,1.0267373,1.0422262,1.0568316,1.0662937,1.1025226,0.02942167,0.02563632,0.028426005,0.026979076,0.04504986,-0.016725572,-0.006849418,-0.0037903953,-0.0024145397,-0.0023174705,0.807918,0.6543459,0.6223081,0.62074935,0.80712616,0.006713779,-0.0114038065,-0.02082285,-0.031282887,-0.034157224,1.0607632,1.0697595,1.1108369,1.1108369,1.1872472,0.9839371,0.9839371,0.9839371,0.9839371,0.9839371,1.0471143,1.0592462,1.070907,1.0883392,1.1441696,0.9981154,1.0334511,1.0436985,1.0513545,1.0603063,0.4,0.2,0.1,0.06666667,0.033333335,0.20908096,0.18716435,0.12657942,0.12657942,0.07900689,0.2,0.5,0.1,0.4,0.26666668,0.8,0.9,0.95,0.96666664,0.98333335,-0.6,-0.4,-0.85,-0.56666666,-0.71666664,-0.71846277,-0.51200277,0.35205996,0.21168661,0.59958816,-0.9355962,-0.5243768,-0.19349441,-0.12482948,0.05678657,0.2,0.3,0.45,0.5,0.43333334,0.8,0.7,0.55,0.5,0.55,-0.6,-0.4,-0.1,0.0,-0.11666667,0.12121168,0.16249976,0.3059489,0.36363637,0.36353335,0.87878835,0.8375002,0.6940511,0.6363636,0.6364667,-0.75757664,-0.6750005,-0.38810217,-0.27272722,-0.27293333,1.1881244,1.1148641,1.4628959,1.3881875,1.84842,0.4798739,0.3976319,0.6159035,0.5430209,0.89971596,1.6903421,2.1370757,1.3968536,1.47655,1.5298036,0.39571875,0.47141737,0.49707553,0.49108788,0.48873252,0.60428125,0.52858263,0.5029245,0.50891215,0.5112675,-0.2085625,-0.057165254,-0.00584896,-0.017824253,-0.022534939
SZ000725,0.03751140825641379,1.0,,2026-03-24,0.02040817,0.025510212,0.8,0.0,0.0,0.0051020426,0.2,0.025510212,1.0,0.98,1.0,0.97499996,0.9857022,1.0451405,1.0875173,1.0700139,1.0598801,1.027637,1.0118839,1.045463,1.0701059,1.0728235,1.0784508,0.030577144,0.044425663,0.041474298,0.035233427,0.040810745,-0.015476737,-0.013899478,-0.0055911294,-0.0021784788,-6.833116e-05,0.64047915,0.8973061,0.63607615,0.29627746,0.0008550439,0.01906956,0.017084736,-0.0169902,-0.041235633,-0.076435015,1.0572448,1.117521,1.1475247,1.1475247,1.1826657,0.9622972,0.9622972,0.9622972,0.9622972,0.9622972,1.0280055,1.0913864,1.0991249,1.0976509,1.1151543,0.9934592,1.0158452,1.0406264,1.0488254,1.0445877,0.4,0.2,0.1,0.06666667,0.033333335,0.39709046,0.24289304,0.20354845,0.20354845,0.17108966,0.2,0.2,0.2,0.46666667,0.28333333,0.8,0.9,0.95,0.96666664,0.98333335,-0.6,-0.7,-0.75,-0.5,-0.7,-0.886761,-0.12605065,0.34327027,0.25647148,0.5551763,-0.92905587,-0.62655765,0.018990682,0.0036794473,0.3407484,0.4,0.4,0.45,0.43333334,0.45,0.6,0.6,0.5,0.53333336,0.48333332,-0.2,-0.2,-0.05,-0.1,-0.033333335,0.3115385,0.2780376,0.4101655,0.44175637,0.48554915,0.68846154,0.7219624,0.5898345,0.55824363,0.51445085,-0.37692305,-0.44392478,-0.179669,-0.11648728,-0.028901694,1.0301081,1.07746,1.2399305,1.1362828,1.30805,0.30583784,0.2848142,0.3691754,0.34786832,0.528633,1.111303,1.0663261,0.96300983,1.0297362,1.4479295,0.5425222,0.5029844,0.5053777,0.4856833,0.49858144,0.4574778,0.49701557,0.49462232,0.5143167,0.50141853,0.0850444,0.0059688613,0.010755381,-0.028633412,-0.0028371124
SH600741,0.03386160980009965,0.875,,2026-03-24,-0.0055647953,0.017250987,-0.32257837,0.0038954597,0.22581083,0.007790732,0.4516108,-0.0016695228,-0.0967784,1.0055959,1.0095131,0.9921657,0.99838716,1.0559577,1.046446,1.0884215,1.0279837,1.1113638,1.025853,1.0426413,1.0521549,1.0582178,1.0906926,0.027497213,0.025571445,0.025974305,0.02355686,0.042098965,-0.015947403,-0.007251071,-0.0031481502,-0.0016415392,-0.0019680224,0.8408966,0.73706394,0.5141514,0.3763305,0.666526,0.006041825,-0.010011413,-0.022247477,-0.034415394,-0.03263594,1.0643499,1.0755435,1.0951365,1.0951365,1.1684388,0.98600996,0.98600996,0.98600996,0.98600996,0.98600996,1.0493526,1.060101,1.0718518,1.0783465,1.1304995,0.9986569,1.0282081,1.0349234,1.0447681,1.0564066,0.4,0.2,0.1,0.06666667,0.033333335,0.17858152,0.1562551,0.12820037,0.12820037,0.07668782,0.2,0.5,0.15,0.43333334,0.38333333,0.8,0.9,0.95,0.96666664,0.98333335,-0.6,-0.4,-0.8,-0.53333336,-0.6,-0.83374906,-0.779937,-0.5056787,-0.43927723,0.03467694,-0.81357366,-0.6626316,-0.7165027,-0.4177781,-0.07096639,0.2,0.3,0.35,0.46666667,0.41666666,0.8,0.7,0.65,0.53333336,0.56666666,-0.6,-0.4,-0.3,-0.06666667,-0.15,0.09677831,0.26014322,0.32042906,0.4606852,0.41877335,0.90322167,0.7398568,0.679571,0.5393148,0.58122665,-0.8064434,-0.47971356,-0.3591419,-0.07862959,-0.16245328,0.9801488,0.89929056,0.9630115,0.9451809,1.1111286,0.25481343,0.1991733,0.18209735,0.20202166,0.46174675,1.4091944,1.6489849,1.1714903,1.0890913,1.2905384,0.58101285,0.505853,0.50817645,0.39498073,0.51387614,0.41898715,0.49414697,0.49182355,0.6050193,0.48612383,0.16202568,0.011706052,0.016352905,-0.21003856,0.027752334
SH600085,0.03293538406142103,1.0,,2026-03-24,-0.013112502,0.020358868,-0.64406836,0.0006901143,0.033897478,0.006556251,0.32203418,-0.0072463653,-0.35593164,1.0132867,1.013986,0.99335665,1.0007591,1.0552449,1.0507205,1.0717003,1.05317,1.1304322,1.0268645,1.0399395,1.0485591,1.0596725,1.081427,0.024604324,0.02157149,0.020146884,0.024423975,0.03458021,-0.014547557,-0.0057215984,-0.002511538,-0.0022419207,-0.0017142167,0.8739714,0.6448903,0.5439159,0.65299445,0.74950767,0.0022305637,-0.014192288,-0.024699464,-0.027164577,-0.030857595,1.0584091,1.0653847,1.0821806,1.136016,1.153158,0.99335665,0.99335665,0.99335665,0.99335665,0.99335665,1.0454639,1.0546917,1.0622479,1.0767896,1.1232276,1.0005764,1.0309222,1.039095,1.043925,1.0516888,0.2,0.1,0.05,0.033333335,0.016666668,0.10212318,0.092232846,0.07479249,0.046567984,0.041572638,0.2,0.5,0.05,0.13333334,0.26666668,1.0,1.0,1.0,1.0,1.0,-0.8,-0.5,-0.95,-0.8666667,-0.73333335,-0.8795017,-0.69809276,-0.3565388,0.3506433,0.08228941,-0.96963596,-0.57680196,-0.5793211,-0.1214326,-0.0945886,0.0,0.3,0.4,0.46666667,0.46666667,1.0,0.7,0.55,0.5,0.51666665,-1.0,-0.4,-0.15,-0.033333335,-0.05,0.0,0.17765568,0.28499806,0.3943905,0.37144974,1.0,0.8223443,0.71500194,0.6056095,0.62855023,-1.0,-0.6446886,-0.43000388,-0.21121901,-0.25710052,0.93870807,0.85031503,0.8942996,1.1079234,1.3424894,0.39365038,0.30116212,0.30752772,0.6888584,0.78473055,1.7663198,2.008602,1.6158093,1.5638335,1.3879042,0.53171057,0.56524974,0.53472567,0.49246216,0.50254476,0.46828943,0.4347503,0.4652743,0.50753784,0.49745524,0.06342116,0.13049944,0.069451384,-0.015075705,0.0050895074
SH603288,0.031834363420496156,1.0,,2026-03-24,-0.0035345408,0.017128967,-0.20634875,0.0040783766,0.23809823,0.009516049,0.555553,0.0019031314,0.11110602,1.0035471,1.0076399,0.9904502,0.9974108,1.0627816,1.0172098,0.9869218,0.96287787,1.001864,1.0235345,1.0292629,1.0091517,1.004086,1.0037086,0.027074454,0.023886079,0.029334577,0.026992992,0.026707174,-0.01566589,-0.002109385,0.003349743,0.0016164639,-6.550479e-05,0.83701026,0.07148805,0.45638502,0.2779276,0.0018348058,0.007797217,-0.01977065,-0.04097423,-0.027524797,-0.0017762422,1.0652235,1.0832459,1.0832459,1.0832459,1.0832459,0.98609084,0.98609084,0.9618111,0.9593458,0.94283813,1.044497,1.0510329,1.0347364,1.0282937,1.0269393,0.99803674,1.0080769,0.98073995,0.98031753,0.97886366,0.4,0.2,0.45,0.53333336,0.45,0.17577006,0.14316437,0.3144807,0.32812074,0.40711346,0.2,0.5,0.75,0.8333333,0.9166667,0.8,0.9,0.2,0.033333335,0.46666667,-0.6,-0.4,0.55,0.8,0.45,-0.27427316,0.419015,0.51790595,0.5227165,0.048135266,-0.93927443,-0.064334564,0.17241658,0.46134457,0.4456396,0.2,0.5,0.5,0.5,0.43333334,0.8,0.5,0.5,0.5,0.56666666,-0.6,0.0,0.0,0.0,-0.13333334,0.11911023,0.44192865,0.52662873,0.5483766,0.49859887,0.8808898,0.5580713,0.47337127,0.45162338,0.5014011,-0.76177955,-0.11614268,0.053257473,0.096753255,-0.0028022705,1.2732959,1.4804515,1.3184325,1.3611844,1.256615,0.41698205,0.6270424,0.5275801,0.719752,0.61855996,1.2431593,0.9644451,1.0512949,1.6258582,1.6460059,0.28475612,0.50357723,0.48752883,0.49232823,0.50800055,0.7152439,0.49642277,0.5124712,0.5076718,0.49199942,-0.43048775,0.007154472,-0.024942357,-0.015343562,0.016001137
SZ000708,0.031816585049201346,1.0,,2026-03-24,0.006926965,0.031486195,0.22000006,0.0037783354,0.119999744,0.020780895,0.6600002,0.023929525,0.7600005,0.9931207,1.0037524,0.97248274,0.98844916,1.0331107,1.0886742,0.9948842,0.9242575,0.96305245,1.0041779,1.0354555,1.0642462,1.0338923,1.0133367,0.023798328,0.04433031,0.046194397,0.058772925,0.04786167,-0.011169532,-0.013332988,-0.0056605195,0.002574442,0.0013130574,0.5507026,0.8292107,0.52553546,0.1487008,0.22955753,0.018161142,0.024542997,-0.010471187,-0.071221694,-0.052071836,1.0486861,1.1162174,1.1468543,1.1468543,1.1468543,0.97248274,0.97248274,0.97248274,0.9236862,0.9236862,1.0120221,1.0888447,1.1012363,1.09703,1.0511866,0.9916442,0.9989768,1.0163137,0.9773199,0.9809862,0.6,0.3,0.15,0.4,0.55,0.3611028,0.19144481,0.15780817,0.3419566,0.3419566,0.2,0.3,0.15,0.43333334,0.71666664,1.0,1.0,1.0,0.033333335,0.51666665,-0.8,-0.7,-0.85,0.4,0.2,-0.68806475,-0.5836162,0.06047619,0.3090798,0.18242703,-0.7675227,-0.8130747,-0.07300629,-0.05220604,-0.10285637,0.4,0.4,0.45,0.5,0.53333336,0.6,0.6,0.55,0.5,0.46666667,-0.2,-0.2,-0.1,0.0,0.06666667,0.32689458,0.2742404,0.5065312,0.56562424,0.51984125,0.6731054,0.72575957,0.49346882,0.4343758,0.48015872,-0.3462108,-0.4515192,0.013062331,0.13124843,0.039682545,1.0406255,1.0770936,1.207391,1.0895288,1.0433824,0.13436346,0.30864108,0.42627776,0.42518508,0.4336466,0.67517334,1.2310637,1.2085565,1.1591176,1.8695894,0.32242438,0.5424413,0.52244043,0.40278524,0.51380414,0.6775756,0.45755872,0.47755954,0.59721476,0.48619583,-0.3551512,0.08488259,0.04488091,-0.19442953,0.027608333
SH600161,0.030717878756055424,0.875,,2026-03-24,0.006693407,0.0147256125,0.45454183,0.00066935044,0.045454845,0.0073628547,0.5000033,0.013386911,0.9090903,0.9933511,1.000665,0.9860372,0.9945074,1.0631825,1.0685049,1.0884556,1.0884556,1.0837854,1.0244764,1.0460236,1.0580266,1.0702287,1.0923712,0.031883355,0.031176118,0.029456582,0.029877944,0.033439416,-0.017958937,-0.008916093,-0.003555459,-0.0027356348,-0.0013350125,0.7931827,0.74975014,0.5099114,0.64970547,0.48613077,0.0114415055,-0.0059012217,-0.024249729,-0.030561995,-0.05298831,1.0658547,1.075822,1.1070637,1.1130509,1.1688972,0.9780611,0.9780611,0.9780611,0.9780611,0.9780611,1.0530733,1.0677015,1.0738136,1.0970744,1.1170386,0.9966761,1.0249983,1.0391045,1.0546803,1.0670352,0.4,0.2,0.1,0.06666667,0.033333335,0.24989198,0.22441375,0.17006564,0.1625225,0.11496198,0.2,0.3,0.1,0.1,0.26666668,0.8,0.9,0.95,0.96666664,0.98333335,-0.6,-0.6,-0.85,-0.8666667,-0.71666664,-0.6430611,-0.7363859,-0.2187367,-0.34974605,0.29752484,-0.9639303,-0.87305725,-0.48247105,-0.4370492,0.11239315,0.2,0.4,0.55,0.53333336,0.5,0.8,0.6,0.45,0.46666667,0.48333332,-0.6,-0.2,0.1,0.06666667,0.016666668,0.17236444,0.18383467,0.30712777,0.34269652,0.43267855,0.8276355,0.8161653,0.6928722,0.6573035,0.5673215,-0.6552711,-0.63233066,-0.38574445,-0.31460696,-0.13464293,1.3683776,1.1761935,1.4391645,1.3022555,1.5809093,0.5783155,0.4430614,0.62100285,0.55479175,0.83004534,1.3539213,1.9296086,1.4117861,1.6010672,1.7014785,0.4774076,0.4945319,0.51478577,0.4788768,0.5034893,0.52259237,0.50546813,0.4852142,0.5211232,0.49651065,-0.045184772,-0.01093623,0.029571585,-0.04224639,0.006978666
SH600999,0.030449771898776585,1.0,,2026-03-24,0.0066007124,0.01650163,0.40000364,0.0033002659,0.19999635,0.0066006524,0.4,0.009901098,0.6000073,0.9934426,1.0032786,0.9868852,0.99576604,1.052459,1.052459,1.1010432,1.104918,1.1016393,1.0215797,1.0365424,1.0520416,1.071992,1.0926229,0.027290715,0.024480755,0.026993554,0.03670864,0.035563614,-0.01564828,-0.0067380187,-0.0039084298,-0.003803265,-0.0014503538,0.8219462,0.6944264,0.73375744,0.8319136,0.5072662,0.009716857,-0.006221353,-0.014911609,-0.01684467,-0.04983748,1.0552616,1.0695082,1.1187493,1.1344861,1.1700182,0.9790164,0.9790164,0.9790164,0.9790164,0.9790164,1.0437555,1.0534128,1.0732638,1.1064082,1.1219076,0.99737704,1.0226527,1.0420268,1.0459015,1.0562742,0.4,0.2,0.1,0.06666667,0.033333335,0.27521226,0.23188408,0.15016939,0.13496912,0.10986076,0.2,0.5,0.05,0.2,0.2,0.8,0.9,0.95,0.96666664,0.98333335,-0.6,-0.4,-0.9,-0.76666665,-0.78333336,-0.574377,-0.24544421,0.28646022,0.1956971,0.49420068,-0.9642747,-0.35476342,-0.35563734,-0.29333758,0.17135367,0.2,0.4,0.35,0.36666667,0.36666667,0.8,0.6,0.6,0.6,0.5833333,-0.6,-0.2,-0.25,-0.23333333,-0.21666667,0.16666718,0.26216254,0.2404289,0.31742728,0.41260892,0.83333284,0.73783743,0.7595711,0.6825727,0.5873911,-0.6666657,-0.47567493,-0.5191422,-0.36514542,-0.17478216,1.2865653,1.322784,1.496092,1.5038247,1.8122878,0.44194007,0.4520778,0.5878764,0.5200285,0.87525856,1.3608357,1.4265151,1.2939094,1.1509036,1.6282489,0.31773654,0.51308215,0.49338236,0.45749423,0.49663413,0.6822635,0.48691785,0.50661767,0.5425058,0.5033659,-0.36452696,0.02616428,-0.013235273,-0.08501157,-0.006731723
SH600019,0.029312589388611174,0.875,,2026-03-24,0.007886483,0.022081992,0.35714546,0.0047318363,0.21428485,0.0094636725,0.4285697,0.012618319,0.5714303,0.9921752,1.0046948,0.9827856,0.99495894,1.0703839,1.095521,1.0973492,1.0877514,1.1252285,1.0179158,1.0561243,1.0847577,1.0929159,1.1137949,0.028900942,0.04649867,0.04460615,0.038720984,0.036584996,-0.015676409,-0.0146418465,-0.006290292,-0.003019707,-0.001478181,0.73554486,0.9089125,0.69601756,0.47134465,0.49790797,0.013436939,0.009764024,-0.024999972,-0.049130127,-0.07018858,1.0735546,1.1238452,1.1503695,1.1503695,1.1801862,0.97180253,0.97180253,0.97180253,0.97180253,0.97180253,1.0355575,1.1034734,1.1131626,1.1142596,1.1400365,0.99561244,1.0226691,1.0476234,1.0755028,1.098446,0.4,0.2,0.1,0.06666667,0.033333335,0.2771194,0.18545759,0.15790974,0.15790974,0.1353152,0.2,0.3,0.05,0.36666667,0.11666667,0.8,0.9,0.95,0.96666664,0.98333335,-0.6,-0.6,-0.9,-0.6,-0.8666667,-0.16765216,0.18636218,0.36092815,0.10074482,-0.20765257,-0.76709,-0.6396818,-0.16727392,-0.19550802,-0.060924113,0.2,0.4,0.45,0.46666667,0.48333332,0.8,0.6,0.55,0.53333336,0.51666665,-0.6,-0.2,-0.1,-0.06666667,-0.033333335,0.19200023,0.22572201,0.32338312,0.3963283,0.4234636,0.8079998,0.774278,0.67661685,0.60367167,0.57653636,-0.6159995,-0.54855597,-0.35323372,-0.20734338,-0.15307276,1.1010345,1.2780857,1.57356,1.3694879,1.1542864,0.28151098,0.457469,0.8204743,0.741762,0.65910536,0.903748,1.1271037,1.0683093,1.0540099,1.1813527,0.35136116,0.45428514,0.5072066,0.4704283,0.50816786,0.64863884,0.54571486,0.49279338,0.5295717,0.49183217,-0.29727772,-0.09142972,0.014413246,-0.059143446,0.016335668
SH603259,0.029021934119385535,0.625,,2026-03-24,0.040888898,0.040888898,1.0,0.0,0.0,0.0,0.0,0.040888898,1.0,0.9607173,1.0,0.9607173,0.9860032,0.9869977,1.0050331,1.0692896,0.994883,0.96703297,0.9766127,0.9785253,0.9956149,1.0175517,1.0239592,0.025510414,0.018193662,0.030563692,0.044465218,0.045095216,-0.0036448361,-0.0012369357,-0.0038128544,-0.0037030966,-0.00046947485,0.051034167,0.04237069,0.5446994,0.53751546,0.03305701,0.03067697,0.027040906,0.040607218,0.03614322,-0.01010963,1.0,1.0135593,1.0733646,1.1377223,1.1420887,0.9296555,0.9296555,0.9296555,0.9296555,0.9296555,0.9983894,0.992853,1.009068,1.0560608,1.058485,0.96370274,0.97027934,0.97248554,0.9804211,0.9813942,1.0,1.0,0.7,0.46666667,0.4,1.0,0.83839434,0.4894923,0.3380861,0.33113697,1.0,0.1,0.05,0.26666668,0.28333333,0.8,0.9,0.95,0.96666664,0.98333335,0.2,-0.8,-0.9,-0.7,-0.7,0.085257985,0.09824833,-0.15260817,0.20335402,0.45437896,0.24205671,0.34252542,0.14155616,0.27296242,0.43310723,0.4,0.4,0.35,0.5,0.46666667,0.6,0.6,0.6,0.46666667,0.5,-0.2,-0.2,-0.25,0.033333335,-0.033333335,0.5482565,0.4865229,0.39912063,0.5049313,0.5173357,0.45174348,0.5134771,0.6008794,0.49506876,0.48266432,0.096513055,-0.02695416,-0.20175876,0.009862487,0.034671392,0.5005912,0.4403817,0.41291007,0.43044484,0.5007378,0.2962496,0.21658543,0.15684554,0.14158252,0.18106894,1.3908292,1.6856863,1.5865088,1.3752481,1.4262679,0.7486925,0.73558825,0.6469681,0.57887393,0.5414113,0.2513075,0.26441175,0.3530319,0.42112607,0.45858875,0.497385,0.47117653,0.29393622,0.1577479,0.082822524
SH601995,0.027025078939611112,1.0,,2026-03-24,-0.006110599,0.022609208,-0.27027035,0.00061103987,0.02702615,0.01588757,0.7027035,0.0091659315,0.405407,1.0061482,1.006763,0.98401475,0.9981663,1.0486858,1.0534648,1.0654122,1.051374,1.1096177,1.0261649,1.0376643,1.0485663,1.0553365,1.071122,0.026174316,0.021401163,0.019470578,0.018962378,0.023280421,-0.015083632,-0.005515733,-0.0026288833,-0.0016467253,-0.0011361098,0.83023536,0.608896,0.63804746,0.58446497,0.72637147,0.0040024067,-0.012843469,-0.023591902,-0.03145899,-0.037606813,1.0515232,1.0603687,1.0820554,1.0853448,1.1234618,0.98401475,0.98401475,0.98401475,0.98401475,0.98401475,1.0470729,1.050239,1.0640979,1.0666666,1.092055,0.9991637,1.0308243,1.0456392,1.0482676,1.0523298,0.4,0.2,0.1,0.06666667,0.033333335,0.23678894,0.20935749,0.16304702,0.15775421,0.11463308,0.4,0.5,0.25,0.2,0.26666668,1.0,1.0,1.0,1.0,1.0,-0.6,-0.5,-0.75,-0.8,-0.73333335,-0.29884782,-0.24032374,0.00886426,0.010197538,0.522943,-0.9733911,-0.59023637,-0.31085768,-0.32166073,0.1495185,0.4,0.4,0.4,0.43333334,0.45,0.6,0.5,0.55,0.53333336,0.53333336,-0.2,-0.1,-0.15,-0.1,-0.083333336,0.094527714,0.15175134,0.26143828,0.36392403,0.37474403,0.9054723,0.84824866,0.73856175,0.636076,0.62525594,-0.81094456,-0.6964973,-0.47712347,-0.27215192,-0.2505119,1.2647898,1.2579474,1.3515794,1.358148,1.6848896,0.3042819,0.3547944,0.5283716,0.46634904,0.6839475,1.6750084,1.8993379,1.6553162,1.5558096,1.2788348,0.30808446,0.53191525,0.49620718,0.45832703,0.39257836,0.6919156,0.46808472,0.5037928,0.541673,0.60742164,-0.3838311,0.063830525,-0.007585661,-0.083345965,-0.21484324
SH600030,0.026020634749549524,0.875,,2026-03-24,-0.005714244,0.021632697,-0.26414847,0.004489847,0.20754912,0.011428606,0.5283024,0.0012245144,0.0566048,1.0057471,1.0102627,0.9885057,0.9988966,1.0636481,1.0726788,1.1342858,1.1319354,1.1591513,1.0306426,1.045667,1.0711851,1.0958393,1.1270633,0.03086602,0.02669147,0.036834072,0.046534777,0.048098437,-0.018642915,-0.007215224,-0.0057492503,-0.0050271316,-0.0024069594,0.91202426,0.6698324,0.85268956,0.90445495,0.7637926,0.006643216,-0.01319854,-0.016567197,-0.022945795,-0.05605801,1.0681748,1.0899211,1.1449591,1.1575663,1.2290723,0.9885057,0.9885057,0.9885057,0.9885057,0.9885057,1.0542958,1.0647862,1.1024184,1.1441207,1.1633946,0.9994309,1.0308776,1.050436,1.0613471,1.0730252,0.4,0.2,0.1,0.06666667,0.033333335,0.14427525,0.11333865,0.07346778,0.06798916,0.047780063,0.2,0.5,0.05,0.1,0.18333334,1.0,1.0,1.0,1.0,1.0,-0.8,-0.5,-0.95,-0.9,-0.81666666,-0.8675108,-0.48057193,-0.22535272,-0.23630142,0.2426525,-0.95634115,-0.35368377,-0.4397743,-0.42335716,0.06434461,0.4,0.3,0.35,0.4,0.41666666,0.6,0.7,0.65,0.6,0.5833333,-0.2,-0.4,-0.3,-0.2,-0.16666667,0.07160873,0.18931894,0.21045658,0.27313375,0.3684696,0.9283913,0.81068105,0.7895434,0.72686625,0.6315304,-0.85678256,-0.62136215,-0.57908684,-0.45373252,-0.2630608,0.9712847,0.9529574,0.9225367,0.8922681,1.1532722,0.34839153,0.3829133,0.31017578,0.27756152,0.5321889,1.441625,1.4035852,1.2148683,1.3107301,1.380083,0.35970965,0.53783,0.5261628,0.4731739,0.5025278,0.6402903,0.46216998,0.47383723,0.52682614,0.49747223,-0.28058067,0.07566005,0.052325573,-0.05365223,0.005055555
SH600027,0.02406903816452684,0.875,,2026-03-24,0.017374516,0.036679473,0.473685,0.0019304415,0.05263002,0.017374516,0.473685,0.03281859,0.89474,0.9829222,1.0018975,0.9658444,0.9868947,0.99254966,0.9776489,0.9279801,0.91887414,0.9966887,0.98956954,0.9981788,0.98514074,0.96531457,0.9601821,0.010513598,0.014225147,0.021482054,0.03350233,0.02770134,-0.00041391578,-0.0031908494,0.002187797,0.0033199145,0.00044502816,0.0038749066,0.46122262,0.36302,0.7610365,0.07871785,0.011258303,0.016180022,-0.005924785,-0.013453311,0.026689572,1.0191189,1.0327142,1.0327142,1.0327142,1.0327142,0.9658444,0.96451056,0.92584133,0.9125961,0.9125961,0.9940397,1.0039735,1.0004967,0.99254966,0.9875828,0.9870861,0.99221855,0.97317874,0.92764896,0.932947,1.0,0.6,0.8,0.8666667,0.93333334,0.6411253,0.5203451,0.693896,0.7276495,0.7276495,0.6,0.3,0.65,0.76666665,0.8833333,1.0,0.1,0.05,0.033333335,0.51666665,-0.4,0.2,0.6,0.73333335,0.36666667,-0.1644894,0.302911,-0.117038816,0.72355795,0.6104785,0.053240653,0.4668448,0.30409935,0.34679398,0.2342422,0.4,0.4,0.5,0.5,0.41666666,0.4,0.5,0.45,0.43333334,0.48333332,0.0,-0.1,0.05,0.06666667,-0.06666667,0.5714283,0.58282226,0.65156776,0.6424417,0.50350875,0.42857167,0.41717774,0.34843227,0.35755828,0.49649122,0.14285666,0.1656445,0.30313545,0.2848834,0.0070175333,0.83312136,0.85700697,0.90173787,0.70478475,0.60309917,0.22880417,0.19134648,0.24348472,0.35002086,0.3000569,1.2838608,0.8673548,0.87385595,1.1425719,1.3845042,0.8513337,0.6313409,0.55429167,0.5559486,0.5366876,0.1486663,0.36865908,0.44570836,0.4440514,0.4633124,0.70266736,0.2626818,0.10858329,0.11189718,0.0733752
SH600061,0.02232220508105818,0.875,,2026-03-24,0.004379559,0.020437941,0.21428572,0.002919706,0.14285715,0.013138677,0.64285713,0.01459853,0.71428573,0.99563956,1.0029069,0.98255813,0.9938415,1.0654316,1.0523453,1.1002793,1.0960153,1.0973387,1.029084,1.0457875,1.0554036,1.0731853,1.0951307,0.03355116,0.028524905,0.025141563,0.03338887,0.034227494,-0.019041333,-0.007280569,-0.0029887247,-0.0032037431,-0.0014555539,0.8052293,0.5971641,0.49460137,0.71353215,0.5515772,0.008998672,-0.0130248545,-0.02701076,-0.02673107,-0.052191805,1.0668343,1.0799668,1.1221111,1.132232,1.1642131,0.9810998,0.9810998,0.9810998,0.9810998,0.9810998,1.056433,1.0619028,1.0706955,1.1023378,1.1210116,0.99738276,1.0337598,1.0448464,1.051463,1.0610205,0.4,0.2,0.1,0.06666667,0.033333335,0.22045074,0.19116825,0.13403353,0.12505768,0.10321608,0.2,0.5,0.05,0.26666668,0.28333333,0.8,0.9,0.95,0.96666664,0.98333335,-0.6,-0.4,-0.9,-0.7,-0.7,-0.71762127,-0.40164396,0.22597794,0.17925552,0.3424466,-0.9192309,-0.4713438,-0.32447648,-0.24756624,0.09083084,0.2,0.4,0.35,0.4,0.45,0.8,0.5,0.55,0.53333336,0.48333332,-0.6,-0.1,-0.2,-0.13333334,-0.033333335,0.14285702,0.2694296,0.25537983,0.3382861,0.41564718,0.857143,0.73057044,0.74462014,0.6617139,0.58435285,-0.71428597,-0.4611408,-0.48924035,-0.32342777,-0.16870564,1.2222755,1.2171935,1.4580771,1.4511471,1.6053938,0.4767867,0.38394958,0.6887282,0.58147514,0.8122656,1.5480757,1.8924497,1.5246159,1.3996404,1.2796893,0.38198167,0.50282043,0.48882163,0.43445942,0.49738118,0.6180183,0.49717957,0.5111784,0.56554055,0.50261885,-0.23603663,0.005640854,-0.022356728,-0.13108116,-0.005237658
SH601919,0.017038679065285806,0.625,,2026-03-24,0.0006455799,0.019367293,0.033333514,0.009683698,0.50000274,0.009038013,0.46666378,-1.0533201e-07,-5.4386546e-06,0.99935484,1.0096774,0.99032265,0.9986315,1.04124,0.993531,0.9568733,0.912938,0.99164426,1.0179515,1.0230998,1.0135984,0.9877089,0.97139716,0.02187826,0.017266134,0.031082913,0.045326952,0.03945248,-0.012938005,-0.0024095427,0.0017272958,0.004017761,0.0009926308,0.87427706,0.17852148,0.108083166,0.6089152,0.19307534,0.007924509,-0.012256812,-0.030007716,-0.045966454,-0.0006797656,1.0594783,1.0594783,1.095524,1.095524,1.095524,0.9889578,0.98713905,0.95176023,0.9123584,0.9116477,1.0338545,1.038221,1.0322912,1.0237737,1.0043126,0.9984367,1.012938,0.99326146,0.9389758,0.9346631,0.4,0.2,0.35,0.56666666,0.78333336,0.15658142,0.17778663,0.33554897,0.4784829,0.48049873,0.2,0.6,0.25,0.5,0.75,0.8,0.1,0.05,0.033333335,0.5,-0.6,0.5,0.2,0.46666667,0.25,-0.48098955,-0.40870017,0.3587321,0.68960094,0.4729845,-0.3661278,-0.14588153,0.46346852,0.47457847,0.29019225,0.4,0.6,0.5,0.53333336,0.46666667,0.6,0.4,0.5,0.46666667,0.51666665,-0.2,0.2,0.0,0.06666667,-0.05,0.18257199,0.5242915,0.5560224,0.5905777,0.50633425,0.817428,0.4757085,0.4439776,0.4094223,0.49366575,-0.63485605,0.048582986,0.11204483,0.1811554,0.012668515,1.1431551,1.16239,1.6949549,1.3595859,1.045497,0.22263731,0.15760893,1.1143453,1.0463994,0.8299231,0.890261,0.70408577,2.2818809,2.5802813,3.3195605,0.4715342,0.44987518,0.47906974,0.49966344,0.50795454,0.5284658,0.5501248,0.5209303,0.5003365,0.49204543,-0.05693162,-0.10024963,-0.041860547,-0.00067310873,0.015909124
SH601816,0.01692907926516,0.625,,2026-03-24,0.0040733004,0.018329928,0.2222213,0.004073377,0.22222546,0.010183251,0.55555326,0.010183175,0.5555491,0.99594325,1.0040568,0.9858013,0.9966694,1.0432332,1.0244361,0.9962406,0.99060154,1.0507519,1.018797,1.0281955,1.0218046,1.0162281,1.02099,0.022041446,0.018523501,0.017393174,0.017455952,0.022054786,-0.012218061,-0.0038049675,0.00092713075,0.001045022,-0.0004439412,0.7681825,0.38678282,0.09944714,0.2777573,0.123579115,0.005639089,-0.011073173,-0.030612288,-0.031380918,-0.00789374,1.0538381,1.0554109,1.0554109,1.0554109,1.0630736,0.9858013,0.9858013,0.9855093,0.97714853,0.97714853,1.0375941,1.0387219,1.0345865,1.0323309,1.0432332,0.9981203,1.0225564,1.0030075,0.99924815,0.9962406,0.4,0.2,0.2,0.25,0.275,0.20869152,0.20397636,0.20730186,0.29198557,0.26594663,0.2,0.5,0.75,0.8333333,0.033333335,1.0,1.0,0.15,0.033333335,0.51666665,-0.8,-0.5,0.6,0.8,-0.48333332,-0.8314198,-0.46463814,-0.09776501,-0.10233877,-0.66201234,-0.8746258,-0.48087573,-0.04318004,0.009216009,-0.015926272,0.2,0.5,0.5,0.5,0.46666667,0.6,0.4,0.4,0.4,0.46666667,-0.4,0.1,0.1,0.1,0.0,0.15151456,0.36734653,0.511111,0.5187969,0.44534403,0.84848547,0.6326535,0.48888898,0.4812031,0.55465597,-0.6969709,-0.26530692,0.022222023,0.03759381,-0.10931194,0.9625226,0.926388,1.0480678,1.0297812,1.0092459,0.29983532,0.24755117,0.4209975,0.3974583,0.44960812,1.4938494,1.555707,1.2896552,1.2038314,1.157417,0.5675246,0.5637806,0.5231965,0.46582022,0.5135808,0.43247536,0.4362194,0.47680348,0.53417975,0.48641917,0.13504928,0.12756121,0.04639302,-0.06835953,0.027161632
SZ000100,0.016279028260889138,0.75,,2026-03-24,0.023474101,0.03990614,0.5882328,0.0023474665,0.058824692,0.014084574,0.3529425,0.03521121,0.8823506,0.9770643,1.0022936,0.96330273,0.98204124,1.0481122,1.1077955,1.1010963,1.089525,1.0529841,1.010475,1.0517662,1.082156,1.0885506,1.0911592,0.031526085,0.053055305,0.050026555,0.044831865,0.04662502,-0.01577346,-0.016786631,-0.0068575833,-0.0031245975,5.9784903e-05,0.62582636,0.91765815,0.6576716,0.37645778,0.0005014698,0.021071844,0.02377364,-0.01700893,-0.043243945,-0.09292287,1.057286,1.1349506,1.16483,1.16483,1.1995649,0.95887136,0.95887136,0.95887136,0.95887136,0.95887136,1.0295981,1.1101097,1.1197321,1.1236298,1.1352011,0.9926919,1.0126675,1.0434836,1.0481122,1.0428746,0.4,0.2,0.1,0.06666667,0.033333335,0.417912,0.2335803,0.19969381,0.19969381,0.17087558,0.2,0.2,0.35,0.56666666,0.28333333,0.8,0.9,0.95,0.96666664,0.98333335,-0.6,-0.7,-0.6,-0.4,-0.7,-0.74249524,0.07938247,0.4134521,0.36694232,0.56726223,-0.8851993,-0.64060307,0.08574194,0.31708747,0.55168873,0.2,0.3,0.35,0.36666667,0.38333333,0.6,0.6,0.6,0.56666666,0.53333336,-0.4,-0.3,-0.25,-0.2,-0.15,0.30150715,0.24046896,0.38375342,0.42953017,0.4773083,0.6984928,0.759531,0.6162466,0.5704698,0.5226917,-0.3969857,-0.51906204,-0.23249316,-0.14093962,-0.04538342,1.1148659,1.2265588,1.3814309,1.3524581,1.5630968,0.27308053,0.30523145,0.3837473,0.36850327,0.78097606,1.0899459,1.0364026,1.0067799,1.0381387,1.6409904,0.44606155,0.48231024,0.432452,0.4968707,0.49915665,0.55393845,0.51768976,0.567548,0.5031293,0.50084335,-0.10787689,-0.035379518,-0.13509598,-0.006258612,-0.0016866898
SH601788,0.01595982939387936,0.75,,2026-03-24,-0.0013029539,0.019543981,-0.06666778,0.0045602163,0.23333097,0.013680812,0.70000124,0.007817642,0.4000025,1.0013046,1.0058708,0.98630136,0.9977105,1.057057,1.0595595,1.094094,1.0865866,1.1416416,1.0236236,1.0391392,1.0507257,1.0668001,1.102444,0.027788837,0.02479014,0.024222571,0.03054927,0.04580091,-0.016166173,-0.006727941,-0.003140359,-0.0030943074,-0.0024225533,0.84608454,0.6751773,0.5882828,0.79510957,0.8532933,0.008708738,-0.00886339,-0.020892303,-0.021932665,-0.03097878,1.056663,1.0720646,1.1074574,1.1114761,1.1923473,0.98361903,0.98361903,0.98361903,0.98361903,0.98361903,1.0452453,1.0558559,1.061061,1.095095,1.1438438,0.99789786,1.0252252,1.0416416,1.0458459,1.0567567,0.4,0.2,0.1,0.06666667,0.033333335,0.2242615,0.18520935,0.13227694,0.12811935,0.07847985,0.2,0.5,0.05,0.1,0.26666668,0.8,0.9,0.95,0.96666664,0.98333335,-0.6,-0.4,-0.9,-0.8666667,-0.71666664,-0.6515212,-0.46393102,0.14190587,0.0106031345,0.5936339,-0.86806315,-0.45553675,-0.31537586,-0.30163485,0.08798999,0.2,0.2,0.3,0.36666667,0.38333333,0.8,0.8,0.7,0.6,0.6,-0.6,-0.6,-0.4,-0.23333333,-0.21666667,0.1346158,0.17837882,0.25392675,0.32665327,0.36885992,0.8653842,0.8216212,0.74607325,0.67334676,0.63114005,-0.73076844,-0.64324236,-0.49214646,-0.34669346,-0.26228014,1.1655389,1.0891178,1.2518864,1.2130635,1.770578,0.38518858,0.38493595,0.496835,0.43566486,0.9379316,1.3307596,1.7357068,1.2806361,1.3112236,1.2361567,0.38384435,0.5149276,0.5107052,0.4708885,0.4929663,0.6161556,0.48507234,0.4892948,0.5291115,0.5070337,-0.23231128,0.029855283,0.02141038,-0.058223017,-0.014067437
SH601633,0.0156458299637859,0.875,,2026-03-24,-0.0109785525,0.029116983,-0.3770498,0.0038186063,0.13114704,0.014319824,0.49180317,-0.00047733425,-0.016393673,1.0111004,1.0149614,0.9855212,0.9950946,1.020299,0.96863985,1.015437,0.98650783,1.0646651,1.0120579,1.0103197,0.99487054,0.9991005,1.0271504,0.010648514,0.012330015,0.02180907,0.019371843,0.03724246,-0.003901785,0.0010983794,0.0018486715,2.48787e-06,-0.0017530223,0.33565155,0.07274262,0.2514857,1.2782481e-06,0.67576855,-0.004254285,-0.015262383,-0.012432926,0.0008634051,0.024563724,1.0376854,1.0376854,1.0376854,1.0376854,1.1240427,0.9855212,0.9685594,0.9521487,0.9521487,0.9521487,1.0190105,1.0203962,1.0168955,1.0157287,1.0669017,1.0042785,0.99893034,0.97243226,0.9832989,0.99698555,0.2,0.3,0.55,0.43333334,0.25,0.2775617,0.45483062,0.5594243,0.5594243,0.27837682,0.8,0.9,0.95,0.96666664,0.1,1.0,0.1,0.3,0.53333336,0.76666665,-0.2,0.8,0.65,0.43333334,-0.6666667,0.29970846,0.42518857,0.46757537,0.22163883,0.07585363,0.59290296,0.7084796,0.32129177,0.41084102,0.44869727,0.2,0.5,0.4,0.46666667,0.43333334,0.8,0.5,0.6,0.53333336,0.56666666,-0.6,0.0,-0.2,-0.06666667,-0.13333334,0.31235954,0.6469248,0.45983556,0.5240781,0.44187063,0.6876405,0.35307518,0.5401645,0.47592193,0.5581294,-0.37528095,0.29384962,-0.0803289,0.048156165,-0.11625873,1.1470624,1.1006056,0.94671214,0.84929496,0.8650161,0.32483423,0.3009225,0.32927892,0.32587928,0.31732857,0.9105096,0.9737862,0.994954,1.0130062,1.0457009,0.48815683,0.5649516,0.51117826,0.5053734,0.5140484,0.51184314,0.4350484,0.48882174,0.49462658,0.48595157,-0.02368633,0.12990321,0.022356533,0.01074684,0.02809685
SZ000166,0.01177805031116072,0.625,,2026-03-24,0.0042463033,0.02335459,0.1818188,0.0063694553,0.2727282,0.012738832,0.545453,0.01061568,0.45454362,0.99577165,1.0063425,0.9830867,0.996411,1.0535475,1.0321285,1.060241,1.064257,1.1111112,1.0224899,1.0341365,1.0378848,1.0491298,1.0785141,0.026730206,0.022089476,0.01951625,0.023024013,0.037997406,-0.014859436,-0.004940975,-0.0017453271,-0.0020474934,-0.0019513452,0.772574,0.45863366,0.27991682,0.612893,0.8043779,0.0072289114,-0.01190216,-0.021304267,-0.019441204,-0.020949375,1.0555297,1.0662409,1.0761671,1.0845495,1.161286,0.9794897,0.9794897,0.9794897,0.9794897,0.9794897,1.0436412,1.0473896,1.0514057,1.0712181,1.115395,0.99759036,1.0278447,1.0251673,1.0342704,1.0468541,0.4,0.2,0.1,0.06666667,0.033333335,0.2697306,0.23642713,0.2121523,0.19522522,0.112820454,0.4,0.5,0.05,0.16666667,0.2,0.8,0.9,0.95,0.96666664,0.98333335,-0.4,-0.4,-0.9,-0.8,-0.78333336,-0.5408051,-0.35582536,-0.049591474,-0.17754446,0.2665336,-0.7965496,-0.33671936,-0.3267851,-0.33534744,0.0983171,0.2,0.5,0.5,0.43333334,0.4,0.8,0.5,0.5,0.56666666,0.56666666,-0.6,0.0,0.0,-0.13333334,-0.16666667,0.1551721,0.357143,0.35483867,0.37755102,0.40142512,0.8448279,0.642857,0.64516133,0.622449,0.5985749,-0.6896558,-0.285714,-0.2903227,-0.24489798,-0.19714977,1.2020851,1.1388339,1.1726804,1.1401082,1.3547602,0.33769405,0.28158548,0.31042564,0.30937302,0.511944,1.4548446,1.5461534,1.3804293,1.4436374,1.3542174,0.42813626,0.5297737,0.49917576,0.4499139,0.49714586,0.5718638,0.4702263,0.5008242,0.55008614,0.50285417,-0.14372748,0.05954742,-0.0016484649,-0.10017224,-0.005708287
SZ002371,0.011607279938451169,0.625,,2026-03-24,-0.0124335615,0.034831677,-0.3569613,0.008585555,0.24648696,0.013812562,0.39655173,-0.007206554,-0.20689656,1.01259,1.0212837,0.98601353,1.0026262,1.0135112,1.029279,1.0975883,1.0397071,0.99797016,1.0275615,1.0278723,1.0385771,1.0509683,1.0751126,0.02552117,0.018289883,0.030361418,0.031502396,0.047677167,-0.012193564,-0.0023163783,-0.0029692021,-0.0023974872,-0.0011767833,0.5706899,0.14703089,0.33473685,0.44887677,0.18581125,-0.0031744651,-0.01744864,-0.010369608,-0.016204778,-0.040397506,1.0676105,1.0676105,1.125404,1.125404,1.2027003,0.98601353,0.98601353,0.98085415,0.98085415,0.98085415,1.0443763,1.0407233,1.0512763,1.0734669,1.1205761,1.0007004,1.0109841,1.0129706,1.0231881,1.0333266,0.2,0.1,0.05,0.033333335,0.016666668,0.17140914,0.17140914,0.13245147,0.13245147,0.08630232,0.6,0.8,0.05,0.36666667,0.31666666,1.0,1.0,0.45,0.6333333,0.81666666,-0.4,-0.2,-0.4,-0.26666668,-0.5,0.31053227,0.3577632,0.22756146,0.12924787,0.4925308,0.37940153,0.41071483,0.007005934,0.093357034,0.15892357,0.4,0.3,0.35,0.43333334,0.46666667,0.6,0.7,0.65,0.56666666,0.53333336,-0.2,-0.4,-0.3,-0.13333334,-0.06666667,0.43345946,0.39525884,0.36347663,0.45764664,0.50090355,0.56654054,0.60474116,0.63652337,0.54235333,0.49909645,-0.13308108,-0.2094823,-0.27304673,-0.084706694,0.0018070978,1.3659271,1.3752831,1.4651774,1.4738504,1.7734485,0.32221746,0.23802103,0.29405507,0.35071185,0.5864176,1.126708,1.2578703,0.95504475,1.0186253,1.1214134,0.46341184,0.47420517,0.47041926,0.4564531,0.502183,0.5365882,0.5257948,0.5295807,0.54354686,0.497817,-0.07317633,-0.051589668,-0.059161466,-0.08709376,0.004366
SH600887,0.00801452782229861,0.5,,2026-03-24,0.003906181,0.012499956,0.3124956,0.0011718984,0.093752205,0.0074218763,0.5937522,0.010156159,0.8124956,0.996109,1.0011673,0.988716,0.99660784,1.0455261,1.0272362,1.0260681,1.0291828,1.1272345,1.0171204,1.0282873,1.0211668,1.0284559,1.0534946,0.02003242,0.018338857,0.01617496,0.017886875,0.039570663,-0.011323132,-0.0042894427,0.0005786586,-0.00088605104,-0.0019050887,0.79874146,0.5014974,0.04479467,0.19017361,0.70694155,0.005525923,-0.008984822,-0.026664091,-0.01560815,0.0027055023,1.05253,1.05253,1.05253,1.0692577,1.1478604,0.9863809,0.9863809,0.9863809,0.9863809,0.9863809,1.0306613,1.0403091,1.0383658,1.0445918,1.084668,0.9983657,1.0214775,1.0071603,1.0141631,1.0245895,0.4,0.2,0.2,0.13333334,0.06666667,0.20588465,0.20588465,0.20588465,0.16432936,0.08433948,0.2,0.5,0.75,0.13333334,0.05,0.8,0.9,0.95,0.96666664,0.98333335,-0.6,-0.4,-0.2,-0.8333333,-0.93333334,-0.5651277,-0.15138425,-0.16245867,0.07939906,-0.28568503,-0.9570814,-0.41675106,-0.15333669,-0.17912105,-0.30232763,0.2,0.5,0.45,0.43333334,0.4,0.8,0.4,0.5,0.5,0.56666666,-0.6,0.1,-0.05,-0.06666667,-0.16666667,0.13207878,0.33011225,0.40669483,0.43094325,0.36432305,0.86792123,0.6698877,0.5933052,0.56905675,0.635677,-0.7358424,-0.3397755,-0.18661031,-0.13811353,-0.2713539,1.1311603,1.1393727,1.2056183,1.2236603,1.3825196,0.30517712,0.2645862,0.23732594,0.261015,0.6042514,1.3462697,1.5964954,1.4252367,1.233562,1.9280193,0.41046223,0.46535984,0.4897882,0.44569975,0.5060532,0.5895378,0.53464013,0.5102118,0.55430025,0.49394676,-0.17907555,-0.06928031,-0.02042362,-0.10860053,0.012106459
SZ000333,0.006932894223908172,0.625,,2026-03-24,0.0067814826,0.021972109,0.3086405,0.0025769596,0.11728322,0.012613666,0.5740763,0.01681819,0.76543355,0.9932642,1.0025595,0.9807355,0.99265254,1.0319098,1.0319098,1.0712477,1.0487485,1.0754275,1.0124725,1.024742,1.0327481,1.0455471,1.04859,0.019502865,0.018676693,0.020338569,0.025254399,0.02096631,-0.011166052,-0.005453934,-0.00258284,-0.0024505057,-0.00061058125,0.81948775,0.78168404,0.5644458,0.7296911,0.25866807,0.00985957,-0.00019933078,-0.008211172,-0.010014774,-0.030577851,1.0413529,1.0474207,1.0880985,1.093352,1.093352,0.9746748,0.9746748,0.9746748,0.9746748,0.9746748,1.0266935,1.0390083,1.0428394,1.0719355,1.0679421,0.99768317,1.009592,1.0222461,1.0271711,1.0312744,0.4,0.2,0.1,0.06666667,0.033333335,0.3798125,0.34813207,0.22327946,0.21339566,0.21339566,0.2,0.2,0.05,0.1,0.55,0.8,0.9,0.95,0.96666664,0.98333335,-0.6,-0.7,-0.9,-0.8666667,-0.43333334,-0.8505771,-0.799154,-0.35352957,0.12308988,-0.07457684,-0.86703104,-0.69623345,-0.6352948,-0.38996094,-0.35569507,0.4,0.4,0.4,0.46666667,0.46666667,0.6,0.6,0.6,0.53333336,0.53333336,-0.2,-0.2,-0.2,-0.06666667,-0.06666667,0.2636237,0.3209114,0.29649344,0.40836844,0.42869404,0.7363763,0.6790886,0.7035065,0.5916316,0.571306,-0.47275257,-0.35817716,-0.4070131,-0.18326314,-0.14261192,1.0344323,0.9108713,0.91589487,0.9863266,1.222851,0.39901596,0.30278757,0.23063031,0.2678115,0.5127852,0.90512466,1.2255868,1.0313872,0.99712294,1.4516397,0.5534193,0.54608953,0.50705165,0.47331232,0.50593364,0.4465807,0.4539105,0.49294832,0.5266877,0.49406636,0.10683859,0.09217903,0.014103333,-0.05337535,0.011867275
SH600196,0.006635965218309868,0.625,,2026-03-24,0.008713737,0.021991698,0.39622846,0.0008298726,0.037735723,0.012448089,0.5660358,0.020331953,0.92452854,0.99136156,1.0008227,0.97902095,0.990733,1.057576,1.0765088,1.091333,1.0798123,1.0974959,1.0200766,1.0389956,1.0525068,1.0682703,1.0954407,0.03171706,0.029402122,0.028875895,0.033136837,0.03860137,-0.017939033,-0.008237219,-0.0034986963,-0.0030983347,-0.0017022645,0.7997463,0.7194743,0.5138184,0.67754203,0.59312814,0.01580147,-0.0019280987,-0.019269155,-0.02334443,-0.04522391,1.0613034,1.0761074,1.1143432,1.1287595,1.1809818,0.9711971,0.9711971,0.9711971,0.9711971,0.9711971,1.0432013,1.0593249,1.0755316,1.0945256,1.1274443,0.9958026,1.0181,1.0360279,1.0469712,1.0595747,0.4,0.2,0.1,0.06666667,0.033333335,0.31965467,0.274548,0.20121321,0.1828031,0.13729739,0.2,0.1,0.05,0.23333333,0.28333333,0.8,0.9,0.95,0.96666664,0.98333335,-0.6,-0.8,-0.9,-0.73333335,-0.7,-0.9419093,-0.67672634,0.020947685,-0.07526256,0.40138787,-0.9516572,-0.7242579,-0.29244772,-0.23823394,0.19712251,0.4,0.4,0.4,0.46666667,0.45,0.6,0.6,0.6,0.53333336,0.55,-0.2,-0.2,-0.2,-0.06666667,-0.1,0.22243045,0.21831578,0.32716978,0.38146296,0.42361903,0.77756953,0.7816842,0.6728302,0.618537,0.57638097,-0.5551391,-0.56336844,-0.34566042,-0.23707406,-0.15276194,0.99458003,0.9431827,1.0959724,1.0587896,1.2554742,0.35095683,0.25594386,0.36032096,0.30920565,0.52205855,1.0645976,1.3385879,1.0836293,1.1487441,1.1518213,0.48414803,0.5131078,0.50676274,0.4808978,0.503104,0.515852,0.48689222,0.4932373,0.5191022,0.49689603,-0.031703964,0.026215557,0.013525446,-0.038204383,0.0062079644
SH600011,0.0063655800612960126,0.625,,2026-03-24,-0.010526275,0.04210526,-0.24999905,0.0013158349,0.03125108,0.030263152,0.7187499,0.01842104,0.43749976,1.0106382,1.0119681,0.9694149,0.9920058,0.9959779,1.0,0.9374057,0.91101056,1.0465057,0.9939165,1.0099045,0.99512315,0.97144294,0.9824493,0.010451919,0.023097174,0.02906572,0.041559532,0.041354842,-0.0010558141,-0.0060727918,0.0025036205,0.0039634,-0.00051689515,0.025510725,0.63368076,0.2596826,0.70484924,0.0476488,0.008195098,0.017423106,-0.018907553,-0.028912222,0.03279912,1.0213841,1.0639408,1.0639408,1.0639408,1.0812373,0.9681394,0.9681394,0.9254452,0.90303093,0.90303093,1.000553,1.0291101,1.0128708,1.003821,1.0088487,0.9910005,0.9957265,0.9813473,0.92559075,0.93861234,0.8,0.5,0.625,0.75,0.7416667,0.59837955,0.33256903,0.5383188,0.6026298,0.54413927,0.6,0.3,0.65,0.76666665,0.1,0.8,0.9,0.05,0.033333335,0.51666665,-0.2,-0.6,0.6,0.73333335,-0.41666666,0.102810495,0.5073968,0.058758225,0.74066883,0.15090139,0.6503291,0.65913117,0.17080541,0.20656566,-0.110638104,0.4,0.4,0.5,0.46666667,0.46666667,0.4,0.5,0.45,0.4,0.45,0.0,-0.1,0.05,0.06666667,0.016666668,0.5336133,0.5,0.6134913,0.6398104,0.46274674,0.46638665,0.5,0.38650867,0.36018962,0.53725326,0.06722671,0.0,0.22698264,0.27962074,-0.07450651,0.7089023,0.7480026,0.77093905,0.6086143,0.51700395,0.192809,0.17244133,0.20968543,0.29022652,0.24877827,1.1049461,0.74849176,0.77404195,1.0687367,1.3250389,0.87728196,0.6351002,0.5921674,0.55532694,0.55127853,0.122718036,0.3648998,0.4078326,0.44467303,0.44872147,0.7545639,0.2702004,0.18433478,0.11065394,0.10255705
SH601059,0.004902611368402147,0.5,,2026-03-24,0.0,0.020606099,0.0,0.0030303088,0.14705883,0.017575791,0.85294116,0.014545482,0.7058824,1.0,1.0030303,0.9824242,0.9925855,1.0502694,1.0556552,1.0754039,1.0658288,1.1047277,1.0268103,1.0399162,1.0509275,1.0598643,1.0685518,0.028701628,0.023675427,0.021035697,0.021479966,0.018399626,-0.01651706,-0.006111384,-0.0027573407,-0.001989443,-0.00075822324,0.8279277,0.61079425,0.60136074,0.6648101,0.5179359,0.0062238327,-0.012414985,-0.02473284,-0.031017415,-0.046184175,1.0556704,1.063518,1.0832379,1.088639,1.1053413,0.97888553,0.97888553,0.97888553,0.97888553,0.97888553,1.0496708,1.0544584,1.0647516,1.0774386,1.0797127,0.998444,1.0311191,1.0483543,1.0502694,1.0554159,0.4,0.2,0.1,0.06666667,0.033333335,0.27498195,0.24948378,0.20233808,0.19238067,0.16697106,0.2,0.3,0.05,0.2,0.18333334,0.8,0.9,0.95,0.96666664,0.98333335,-0.6,-0.6,-0.9,-0.76666665,-0.8,-0.46893424,-0.54491556,-0.21412991,0.03593858,0.390067,-0.7598823,-0.49002242,-0.49101582,-0.47917885,-0.036556248,0.4,0.3,0.4,0.46666667,0.38333333,0.6,0.6,0.55,0.5,0.53333336,-0.2,-0.3,-0.15,-0.033333335,-0.15,0.1612908,0.17931092,0.25000042,0.33333346,0.34622148,0.8387092,0.8206891,0.7499996,0.6666665,0.65377855,-0.6774184,-0.64137816,-0.49999917,-0.33333305,-0.30755708,1.2192824,1.0567149,1.1334295,1.223717,1.7081453,0.36560202,0.35474128,0.4594768,0.44999602,0.81260836,1.513319,2.042738,1.7798988,1.6728826,1.6625432,0.4235875,0.5585654,0.5037115,0.41808355,0.40794545,0.5764125,0.44143462,0.49628845,0.58191645,0.59205455,-0.15282497,0.11713078,0.0074230917,-0.16383292,-0.1841091
SZ001391,0.0032487635805196263,0.375,,2026-03-24,0.013257544,0.022727232,0.58333296,0.0018939794,0.08333524,0.0075757094,0.3333318,0.018939273,0.8333295,0.98691595,1.0018692,0.9794393,0.99324876,1.0703704,1.0685185,1.112963,1.0981481,1.162963,1.0214815,1.0438889,1.0655556,1.0823457,1.1041359,0.032117773,0.031920813,0.03450611,0.03711272,0.036926016,-0.018148161,-0.008900114,-0.0051406273,-0.0037531392,-0.001774361,0.79820496,0.7126146,0.77679837,0.7925843,0.70423704,0.0148148015,-0.0038384176,-0.016719628,-0.02792518,-0.051792167,1.0723201,1.0759745,1.1204014,1.1446294,1.1722223,0.97402114,0.97402114,0.97402114,0.97402114,0.97402114,1.0433334,1.0651852,1.0874075,1.1166667,1.1240741,0.9959259,1.0222223,1.0566667,1.0644445,1.07,0.4,0.2,0.1,0.06666667,0.033333335,0.26428428,0.25481153,0.17747526,0.15227206,0.13107327,0.2,0.5,0.05,0.13333334,0.016666668,0.8,0.9,0.95,0.96666664,0.98333335,-0.6,-0.4,-0.9,-0.8333333,-0.96666664,-0.44809034,-0.60890675,-0.2780781,-0.30098796,-0.24025953,-0.9459074,-0.38488927,-0.42934117,-0.35735512,-0.17006715,0.2,0.2,0.35,0.46666667,0.4,0.8,0.6,0.55,0.46666667,0.5,-0.6,-0.4,-0.2,0.0,-0.1,0.18333316,0.21538444,0.24793378,0.32214752,0.33582082,0.81666684,0.7846156,0.75206625,0.67785245,0.66417915,-0.6333337,-0.56923115,-0.50413245,-0.35570493,-0.32835835,1.1450613,0.97356725,0.9946903,0.93555826,1.0191602,0.17836834,0.26291078,0.42766905,0.40976968,0.45547754,0.8770314,1.4426022,1.4247965,1.5896523,1.4339702,0.43085262,0.61119145,0.53502053,0.50631195,0.5067134,0.56914735,0.38880855,0.4649795,0.49368805,0.49328664,-0.13829474,0.22238292,0.07004103,0.01262391,0.013426728
SH600918,0.0024586721584054774,0.625,,2026-03-24,0.008278165,0.021523193,0.38461602,0.003311242,0.1538453,0.009933786,0.46153867,0.0149007095,0.69230944,0.9917898,1.0032841,0.9819376,0.9941196,1.031746,1.0190476,1.0412699,1.0507936,1.0952381,1.0174603,1.0215873,1.0266666,1.0344974,1.0579894,0.025594456,0.01782055,0.016716119,0.018030364,0.029234039,-0.013015858,-0.0025396815,-0.0016278803,-0.0015834171,-0.0015237037,0.64653766,0.18617775,0.33192658,0.5977001,0.8285586,0.008571428,-0.010158707,-0.011201786,-0.011537786,-0.013040138,1.047935,1.047935,1.0573063,1.0623419,1.1197014,0.97603124,0.97603124,0.97603124,0.97603124,0.97603124,1.0355555,1.0336508,1.0380951,1.0523809,1.0847619,0.9961905,1.016508,1.0203174,1.0219047,1.0330158,0.4,0.2,0.1,0.06666667,0.033333335,0.33334497,0.33334497,0.2949094,0.27770346,0.16683191,0.2,0.6,0.05,0.033333335,0.28333333,0.8,0.9,0.95,0.96666664,0.98333335,-0.6,-0.3,-0.9,-0.93333334,-0.7,-0.4591606,-0.2891352,-0.22263104,-0.23851627,0.15493181,-0.77742094,-0.29400095,-0.110618636,-0.13156669,0.04986934,0.4,0.6,0.55,0.5,0.46666667,0.6,0.4,0.45,0.46666667,0.48333332,-0.2,0.2,0.1,0.033333335,-0.016666668,0.30769208,0.40322554,0.3916665,0.3933332,0.39932892,0.6923079,0.59677446,0.6083335,0.6066668,0.60067105,-0.38461584,-0.19354893,-0.216667,-0.21333359,-0.20134217,1.2225701,0.9643414,0.9478683,0.90761286,1.0378546,0.23403896,0.34369937,0.28581244,0.28042436,0.38010633,1.479686,1.9798597,1.6674914,1.7795919,1.4394035,0.47834492,0.5562538,0.5327526,0.43031448,0.5038915,0.5216551,0.44374618,0.4672474,0.5696855,0.4961085,-0.04331015,0.11250763,0.06550521,-0.13937105,0.0077830194
SH601878,0.0022875125856553673,0.375,,2026-03-24,0.0010245705,0.015368894,0.06666521,0.0040984163,0.26666957,0.010245907,0.6666652,0.007172061,0.46666086,0.99897647,1.0040942,0.98874104,0.9966192,1.0526803,1.0536045,1.0831794,1.0813309,1.1109058,1.0210721,1.0375232,1.0523106,1.0650647,1.0885397,0.025288718,0.024250532,0.025986185,0.028139364,0.032244988,-0.014879858,-0.0069456124,-0.0037705172,-0.0028468687,-0.0016054473,0.86553365,0.75195175,0.7368598,0.7932462,0.75607955,0.008687607,-0.006267868,-0.016490642,-0.023785124,-0.041179072,1.0540009,1.0680404,1.0966169,1.104306,1.1498151,0.9835933,0.9835933,0.9835933,0.9835933,0.9835933,1.0417745,1.0534196,1.0672828,1.0916821,1.1131239,0.9981516,1.019963,1.0434381,1.0497228,1.0558226,0.4,0.2,0.1,0.06666667,0.033333335,0.23302504,0.194284,0.14516193,0.13591544,0.09870376,0.2,0.5,0.05,0.1,0.28333333,0.8,0.9,0.95,0.96666664,0.98333335,-0.6,-0.4,-0.9,-0.8666667,-0.7,-0.5653883,-0.48196325,-0.12152953,-0.19689989,0.42188013,-0.97801477,-0.4515481,-0.31976756,-0.3098119,0.14513813,0.2,0.4,0.45,0.46666667,0.46666667,0.8,0.5,0.5,0.5,0.51666665,-0.6,-0.1,-0.05,-0.033333335,-0.05,0.12987,0.17045462,0.26315787,0.31666672,0.38188976,0.87013,0.8295454,0.7368421,0.6833333,0.61811024,-0.74026,-0.65909076,-0.47368425,-0.36666653,-0.23622048,1.2335594,1.1494566,1.1792712,1.1426703,1.5016385,0.3419335,0.33184567,0.31965193,0.29724196,0.6785341,1.1707981,1.677181,1.2349931,1.3146709,1.2194631,0.34949863,0.5292811,0.51107115,0.4474854,0.49596146,0.6505014,0.47071892,0.48892882,0.5525146,0.5040386,-0.30100277,0.058562167,0.022142325,-0.105029225,-0.0080771055
SH601456,0.002011749119786515,0.5,,2026-03-24,-0.0011000927,0.013201344,-0.08333187,0.0033003553,0.25000146,0.008800896,0.6666667,0.004400448,0.33333334,1.0011013,1.0044053,0.9911894,0.9975153,1.0424178,1.04772,1.0742311,1.0731707,1.1580063,1.0178155,1.0294803,1.0440085,1.054931,1.0788971,0.023882398,0.020249303,0.023964291,0.025082968,0.03545071,-0.0135737,-0.005321512,-0.0035002676,-0.002500244,-0.0018436842,0.8075708,0.633084,0.74669176,0.7700318,0.8249413,0.009331942,-0.0055335667,-0.010755929,-0.018677514,-0.024508439,1.0458825,1.0556269,1.0860558,1.087156,1.1635507,0.98727465,0.98727465,0.98727465,0.98727465,0.98727465,1.0390244,1.0424178,1.0621421,1.0780488,1.1043478,0.99745494,1.016967,1.0371156,1.038176,1.0449629,0.4,0.2,0.1,0.06666667,0.033333335,0.21712752,0.18617351,0.128824,0.12740487,0.07219005,0.4,0.5,0.05,0.23333333,0.016666668,0.8,0.9,0.95,0.96666664,0.98333335,-0.4,-0.4,-0.9,-0.73333335,-0.96666664,-0.6474829,-0.26469943,0.28483924,0.23858166,0.20664543,-0.87779295,-0.39258957,-0.114844985,-0.13588117,-0.10870067,0.2,0.2,0.35,0.4,0.36666667,0.6,0.7,0.6,0.53333336,0.55,-0.4,-0.5,-0.25,-0.13333334,-0.18333334,0.18750036,0.21519001,0.28915647,0.32835817,0.3547758,0.81249964,0.78481,0.7108435,0.6716418,0.6452242,-0.6249993,-0.56961995,-0.42168707,-0.34328368,-0.2904484,1.2557216,1.280711,1.4285765,1.4552797,1.8863629,0.3848645,0.34638244,0.3864253,0.38889068,0.8327588,1.2561867,1.5481837,1.1263456,1.2243671,1.6398695,0.3468129,0.49759862,0.49563,0.41480845,0.48771176,0.6531871,0.50240135,0.50437003,0.58519155,0.5122883,-0.30637416,-0.004802759,-0.00874002,-0.17038308,-0.024576487
SH601236,0.0007696350925162125,0.5,,2026-03-24,0.005076164,0.031725913,0.16000056,0.011421322,0.35999978,0.015228429,0.4799997,0.008883271,0.28000048,0.99494946,1.0113636,0.97979796,0.9954759,1.0190476,1.0,1.0222222,1.0275131,1.05291,1.0143915,1.0113227,1.0119576,1.0188007,1.033686,0.01949218,0.014449609,0.015102826,0.01647976,0.02162635,-0.010687836,0.00017316206,-0.0006571981,-0.0011947431,-0.0009848124,0.7516208,0.0013164509,0.06627415,0.4073324,0.6324706,0.0069841444,-0.012101964,-0.0057142735,-0.001476914,-0.00463409,1.0431117,1.0431117,1.0431117,1.0509653,1.0893886,0.9744748,0.9744748,0.9744748,0.9744748,0.9744748,1.031746,1.0224339,1.0306878,1.0330158,1.0501587,0.99767196,1.0008465,0.99915344,1.0008465,1.0179894,0.4,0.2,0.275,0.18333334,0.09166667,0.37188795,0.37188795,0.37188795,0.3337043,0.22212492,0.2,0.6,0.8,0.06666667,0.28333333,0.8,0.9,0.95,0.96666664,0.98333335,-0.6,-0.3,-0.15,-0.9,-0.7,-0.03014391,0.34042296,0.17300937,0.06846351,0.12559643,-0.47559205,-0.25318903,-0.048385754,0.011209414,0.08676654,0.4,0.6,0.5,0.46666667,0.43333334,0.4,0.3,0.4,0.46666667,0.48333332,0.0,0.3,0.1,0.0,-0.05,0.35937557,0.5,0.43786994,0.44247794,0.4454149,0.6406244,0.5,0.56213003,0.55752206,0.5545851,-0.28124884,0.0,-0.12426012,-0.11504411,-0.109170176,1.2371997,0.96587753,0.8621743,0.8084769,0.8332767,0.21707642,0.35584104,0.32862756,0.2952869,0.31038806,1.0182723,1.3235823,1.2707675,1.2999476,1.1608562,0.47943002,0.6133932,0.5581613,0.5130051,0.51541996,0.52057,0.38660678,0.44183868,0.48699495,0.48458007,-0.041139983,0.22678643,0.11632264,0.026010111,0.030839883
SZ002415,-0.0016695891672134475,0.5,,2026-03-24,-0.0032916917,0.030283066,-0.10869744,0.0032915836,0.10869387,0.02369979,0.7826087,0.017116515,0.5652174,1.0033026,1.006605,0.9762219,0.9913882,1.0442601,1.0343461,1.0680404,1.0439274,0.9583882,1.0238495,1.0366616,1.0318239,1.0444895,1.030107,0.028698785,0.023645606,0.0208319,0.025439473,0.033931743,-0.016580937,-0.005980186,-0.00029723477,-0.0017270001,0.0009677727,0.83450925,0.5863271,0.007125405,0.35716605,0.24810426,0.009312397,-0.009750804,-0.02900009,-0.019447956,-0.058656275,1.0634154,1.0634154,1.0736479,1.092472,1.092472,0.9762219,0.9762219,0.9762219,0.9762219,0.9560792,1.0394404,1.0542936,1.0499341,1.0694907,1.060306,0.9982168,1.0256354,1.0128897,1.0284697,0.9926705,0.4,0.2,0.15,0.1,0.26666668,0.27270457,0.27270457,0.24406284,0.2045424,0.32201728,0.2,0.6,0.05,0.2,0.6,1.0,1.0,1.0,1.0,0.05,-0.8,-0.4,-0.95,-0.8,0.55,-0.02643905,-0.36636335,-0.2164552,0.11755998,0.44042125,-0.2336954,-0.17449184,-0.34987605,-0.14901544,0.44427896,0.6,0.6,0.5,0.53333336,0.55,0.4,0.4,0.5,0.46666667,0.45,0.2,0.2,0.0,0.06666667,0.1,0.28244296,0.37065262,0.35612503,0.4285585,0.5323432,0.717557,0.6293474,0.64387494,0.57144153,0.4676568,-0.4351141,-0.25869474,-0.28774995,-0.14288302,0.06468645,1.0229656,0.9315475,1.0162196,1.089503,1.2818601,0.16795018,0.15332359,0.2791653,0.3418023,0.65364695,0.8368,1.129917,1.0875217,1.1113529,1.8325394,0.56371754,0.57058495,0.507899,0.46227726,0.5100058,0.43628243,0.42941502,0.49210104,0.53772277,0.48999423,0.12743513,0.14116994,0.015797926,-0.07544549,0.020011572
SH601668,-0.005811564086169241,0.5,,2026-03-24,0.0,0.012295134,0.0,0.002049189,0.16666667,0.010245945,0.8333333,0.008196756,0.6666667,1.0,1.0020492,0.9897541,0.99631983,1.0465919,1.0301985,1.0345125,1.0120794,1.0629853,1.0157032,1.0327005,1.030975,1.0335346,1.0419759,0.019335484,0.022305373,0.01583023,0.014713656,0.017278783,-0.011130287,-0.0067194807,-0.00061629515,-0.0005658667,-0.00068490417,0.82840484,0.831886,0.053048257,0.11462748,0.4792181,0.006557392,-0.0024629298,-0.025120163,-0.025329577,-0.021771157,1.0485256,1.0654649,1.0654649,1.0654649,1.0772167,0.9872753,0.9872753,0.9872753,0.9872753,0.9872753,1.0314064,1.051251,1.0438309,1.0465919,1.0598792,0.9982744,1.016566,1.0234685,1.0241587,1.0301985,0.4,0.2,0.1,0.06666667,0.033333335,0.2077496,0.16274191,0.16274191,0.16274191,0.14147778,0.2,0.3,0.65,0.76666665,0.11666667,0.8,0.9,0.95,0.96666664,0.98333335,-0.6,-0.6,-0.3,-0.2,-0.8666667,-0.56223017,0.04497499,-0.021491094,-0.058234856,-0.53358346,-0.9659886,-0.25235742,-0.21519776,-0.053765234,0.03490979,0.2,0.5,0.45,0.46666667,0.4,0.8,0.5,0.4,0.4,0.41666666,-0.6,0.0,0.05,0.06666667,-0.016666668,0.13513544,0.3553719,0.38764054,0.47619057,0.43021035,0.8648645,0.6446281,0.61235946,0.52380943,0.56978965,-0.7297291,-0.28925622,-0.22471896,-0.04761887,-0.1395793,1.3366432,1.4469504,1.5307064,1.3894211,1.2846038,0.5147615,0.4461483,0.51257217,0.56529725,0.66482955,1.2024158,1.1826034,1.2695935,1.4065081,1.4428464,0.4602576,0.46921778,0.5076819,0.4741899,0.50944483,0.5397424,0.5307822,0.49231806,0.52581006,0.4905552,-0.07948484,-0.06156445,0.0153638525,-0.05162017,0.018889626
SH601607,-0.006016186942431152,0.375,,2026-03-24,0.0018248362,0.012165499,0.15000093,0.0012165954,0.10000374,0.009124068,0.7499953,0.009732308,0.7999925,0.9981785,1.0012144,0.989071,0.9963716,1.0510116,1.0424823,1.045544,1.0388191,1.0933844,1.0195408,1.0337452,1.0380564,1.0410316,1.0558721,0.023932628,0.021955572,0.016201202,0.013902625,0.020626087,-0.013843641,-0.005790214,-0.001485219,-0.0008473307,-0.0010120634,0.83648825,0.6375454,0.29414034,0.28788164,0.7343137,0.00814654,-0.0076892665,-0.023946745,-0.02874525,-0.026016207,1.0516157,1.0558689,1.0558689,1.0558689,1.1007508,0.9854164,0.9854164,0.9854164,0.9854164,0.9854164,1.0387206,1.0487918,1.0475888,1.0486715,1.0779333,0.99793327,1.0203828,1.0336359,1.0399454,1.0439256,0.4,0.2,0.1,0.06666667,0.033333335,0.22029808,0.206999,0.206999,0.206999,0.12644602,0.2,0.5,0.75,0.8333333,0.26666668,0.8,0.9,0.95,0.96666664,0.98333335,-0.6,-0.4,-0.2,-0.13333334,-0.71666664,-0.5208373,-0.5090506,-0.303449,-0.35772625,0.100686334,-0.87907046,-0.5248754,-0.24771279,-0.26334405,-0.18651679,0.2,0.5,0.5,0.5,0.43333334,0.8,0.5,0.45,0.46666667,0.51666665,-0.6,0.0,0.05,0.033333335,-0.083333336,0.14416483,0.24288557,0.31162366,0.37015355,0.3509078,0.85583514,0.7571144,0.6883763,0.62984645,0.6490922,-0.71167034,-0.5142289,-0.37675264,-0.2596929,-0.2981844,1.3878417,1.2419298,1.2330267,1.1293498,1.5083334,0.49520013,0.3955339,0.38732147,0.3630952,0.8926854,1.2614912,1.7559438,1.8670785,2.0283337,2.2062764,0.4417584,0.5067207,0.5088839,0.44209662,0.48548782,0.5582416,0.49327928,0.49111614,0.5579034,0.5145122,-0.11648323,0.013441466,0.017767737,-0.11580676,-0.029024342
SH603195,-0.006561451130220629,0.25,,2026-03-24,0.0019272239,0.02336785,0.08247331,0.000240876,0.010308009,0.021199752,0.9072187,0.0228861,0.979384,0.9980765,1.0002404,0.9769175,0.9883513,1.0339246,1.0524353,1.0456785,1.021678,1.0201999,1.0141188,1.0290259,1.0339879,1.0367328,1.0207207,0.021705976,0.022135591,0.018979585,0.016740868,0.022025999,-0.011817277,-0.006476933,-0.0017620067,-0.00095108524,0.0007526177,0.7409966,0.7848162,0.3016544,0.25014085,0.35610455,0.00951576,0.00012030102,-0.017248828,-0.022942089,-0.04292294,1.0426165,1.0603523,1.0670798,1.0678241,1.0678241,0.9769175,0.9769175,0.9769175,0.9769175,0.9769175,1.0282657,1.0480293,1.0501267,1.0525761,1.0412866,0.9968328,1.0179054,1.0227759,1.0278997,1.0011824,0.4,0.2,0.1,0.06666667,0.2,0.35133722,0.2766529,0.25601044,0.25391418,0.25391418,0.2,0.3,0.1,0.1,0.55,1.0,1.0,1.0,1.0,1.0,-0.8,-0.7,-0.9,-0.9,-0.45,-0.6561216,-0.52516574,-0.08794731,0.11585748,0.09977102,-0.74092585,-0.61101675,-0.1823492,-0.11319414,0.24828725,0.4,0.3,0.45,0.43333334,0.45,0.6,0.7,0.55,0.53333336,0.51666665,-0.2,-0.4,-0.1,-0.1,-0.06666667,0.27177998,0.24745762,0.3976018,0.46396816,0.48244646,0.72822,0.7525424,0.60239816,0.53603184,0.51755357,-0.45644,-0.50508475,-0.20479636,-0.07206369,-0.035107076,1.0292208,0.99528277,1.0708662,1.1281428,1.2261428,0.28583986,0.2646052,0.33024824,0.36612305,0.5518045,1.2447075,1.4055791,1.030705,1.0254933,2.0646832,0.46709374,0.49339777,0.49423617,0.44127724,0.5107877,0.5329063,0.5066022,0.5057638,0.5587228,0.48921227,-0.06581256,-0.01320446,-0.011527652,-0.11744553,0.021575445
SZ002352,-0.007141501394666882,0.5,,2026-03-24,0.0028081466,0.011232816,0.2499949,0.0011233274,0.10000408,0.0073013417,0.65000105,0.008986161,0.79999185,0.9971997,1.0011202,0.9899188,0.9961409,1.0498551,1.0450999,1.0543131,1.0462143,1.069396,1.016346,1.0343785,1.0373653,1.050239,1.0653763,0.0215607,0.024509253,0.01929222,0.025773758,0.026484733,-0.011501607,-0.006620781,-0.0015106855,-0.0022327765,-0.0010338378,0.7114285,0.6689131,0.21461092,0.5816165,0.4647436,0.0066572633,-0.004584975,-0.023013819,-0.01786374,-0.034878112,1.0523343,1.0691154,1.0691154,1.1078197,1.1223366,0.9832029,0.9832029,0.9832029,0.9832029,0.9832029,1.0320827,1.0510291,1.0506426,1.0707928,1.0893083,0.9975927,1.0192585,1.0274018,1.0329149,1.0450999,0.4,0.2,0.1,0.06666667,0.033333335,0.24297379,0.19551419,0.19551419,0.13479023,0.12072651,0.2,0.3,0.65,0.1,0.35,0.8,0.9,0.95,0.96666664,0.98333335,-0.6,-0.6,-0.3,-0.8666667,-0.6333333,-0.4515323,-0.052542742,0.047130145,0.13061234,0.21708429,-0.5819852,0.06007161,-0.14064665,0.040965967,0.19470444,0.4,0.4,0.4,0.4,0.4,0.6,0.5,0.5,0.53333336,0.55,-0.2,-0.1,-0.1,-0.13333334,-0.15,0.21102503,0.31639457,0.38175344,0.43036285,0.44060034,0.788975,0.68360543,0.61824656,0.5696372,0.55939966,-0.57794994,-0.36721087,-0.2364931,-0.13927431,-0.11879933,1.4772542,1.4665506,1.7110488,1.7253314,1.7876605,0.6330961,0.64434344,0.6398034,0.66059434,0.6863756,1.3391007,1.4339949,1.2135214,1.1638969,1.1840014,0.4762484,0.4908599,0.47113806,0.48440695,0.49263212,0.5237516,0.5091401,0.52886194,0.51559305,0.50736785,-0.047503192,-0.018280186,-0.057723884,-0.031186104,-0.014735739
SH600104,-0.012176007570559566,0.5,,2026-03-24,0.002135204,0.027046347,0.078946106,0.00213529,0.0789493,0.022775853,0.8421046,0.022775767,0.8421014,0.9978694,1.0021307,0.975142,0.98928154,1.039081,0.99788237,1.0241289,0.99788237,1.0994033,1.0080857,1.0195982,1.0120741,1.0162185,1.0443336,0.013275093,0.016886067,0.017052677,0.015370279,0.038213056,-0.007026889,-0.0035469874,0.00030161042,-0.0004571592,-0.0018722413,0.70047235,0.40445825,0.0109490305,0.06856038,0.7321497,0.00596802,-0.0036368496,-0.01493937,-0.009589734,0.01089753,1.0440238,1.0525712,1.0525712,1.0525712,1.1342652,0.975142,0.975142,0.975142,0.975142,0.975142,1.0158892,1.039081,1.0228583,1.0284284,1.0905089,0.9978695,1.0113457,0.99957645,1.0033883,1.0138998,0.4,0.2,0.275,0.18333334,0.108333334,0.36087936,0.32104144,0.32104144,0.32104144,0.15621851,0.2,0.4,0.7,0.8,0.26666668,1.0,1.0,1.0,1.0,1.0,-0.8,-0.6,-0.3,-0.2,-0.73333335,-0.27303985,0.37352207,0.15965854,-0.11728332,-0.05274961,-0.29963815,0.30706573,-0.03664081,-0.06444386,0.09096492,0.2,0.5,0.45,0.5,0.45,0.6,0.4,0.5,0.46666667,0.51666665,-0.4,0.1,-0.05,0.033333335,-0.06666667,0.17640759,0.5102802,0.44183153,0.5039558,0.41187847,0.8235924,0.4897198,0.5581685,0.4960442,0.58812153,-0.6471848,0.020560388,-0.116336964,0.007911622,-0.17624304,1.0041763,1.1207253,1.0606624,0.9683633,1.1670576,0.12856711,0.31142357,0.28122506,0.28363574,0.60265994,0.8408726,0.92233074,0.9736218,1.0692831,1.0177443,0.5343188,0.5320099,0.5276545,0.48906946,0.5068195,0.4656812,0.4679901,0.47234544,0.51093054,0.49318054,0.0686376,0.06401978,0.055309087,-0.021861073,0.013638926
SH601766,-0.012485920495052767,0.5,,2026-03-24,0.0064830016,0.014586731,0.44444513,0.0016207277,0.111109726,0.0064830016,0.44444513,0.011345276,0.77778053,0.99355876,1.0016103,0.9871175,0.9959816,1.0274725,1.0131867,1.0417582,1.0043956,1.1087912,1.0054945,1.019011,1.0156044,1.0204395,1.0569414,0.015266412,0.017719617,0.014611666,0.01471956,0.04685212,-0.006483509,-0.0050416226,-0.0003288423,-0.0007309703,-0.0023168526,0.45090634,0.7420675,0.017727353,0.19112235,0.74582714,0.007472533,0.0036763381,-0.012480355,-0.009840452,0.011405795,1.0304631,1.0501728,1.058149,1.058149,1.1448258,0.9819068,0.9819068,0.9819068,0.9819068,0.9819068,1.0184615,1.0323076,1.0307692,1.0323076,1.110989,0.9967033,1.0035164,1.0061538,1.0094504,1.0151647,0.4,0.2,0.15,0.1,0.05,0.3726235,0.26504016,0.23731276,0.23731276,0.11105674,0.6,0.3,0.05,0.36666667,0.26666668,0.8,0.9,0.95,0.96666664,0.98333335,-0.2,-0.6,-0.9,-0.6,-0.71666664,-0.38781658,-0.019154955,-0.025108285,-0.16541404,-0.5551523,-0.110986546,0.195994,-0.025660414,0.19428074,-0.039013725,0.4,0.4,0.35,0.36666667,0.36666667,0.6,0.6,0.6,0.56666666,0.6,-0.2,-0.2,-0.25,-0.2,-0.23333333,0.34177223,0.44642892,0.40206197,0.49319735,0.41016337,0.6582278,0.5535711,0.59793806,0.5068026,0.5898366,-0.31645557,-0.10714217,-0.19587609,-0.013605269,-0.17967322,1.2268398,1.2573001,1.406724,1.2846547,1.2430751,0.3451614,0.2730968,0.4140424,0.46500123,0.7532869,0.8659881,0.9956417,0.8967895,1.0196489,1.1076034,0.5043846,0.5354405,0.47022876,0.471987,0.50843793,0.4956154,0.46455947,0.5297712,0.528013,0.49156207,0.008769214,0.07088107,-0.05954246,-0.056026008,0.01687584
SH601728,-0.012870168263434189,0.375,,2026-03-24,0.0051546018,0.020618511,0.24999875,0.0034364357,0.1666675,0.012027473,0.58333373,0.0137456395,0.666665,0.99487185,1.0034188,0.98290604,0.9949752,1.0437236,1.0169253,0.98025393,0.9816643,1.1410438,1.0177715,1.0284909,1.0161495,1.0042784,1.0300188,0.023697875,0.021419264,0.023114676,0.025791274,0.046659898,-0.01311708,-0.0041543823,0.0020265756,0.002156604,-0.0016574498,0.76594126,0.34483817,0.26904073,0.54187226,0.38485137,0.008462618,-0.009796148,-0.03540201,-0.035549123,0.018875927,1.0502657,1.070792,1.070792,1.070792,1.1645094,0.98290604,0.98290604,0.9713162,0.9608488,0.9608488,1.0394922,1.045134,1.0392102,1.0259521,1.074189,0.9980254,1.012412,0.9980254,0.98025393,0.9878703,0.4,0.2,0.25,0.5,0.35,0.25377163,0.19450162,0.28834924,0.35610393,0.19223748,0.4,0.4,0.7,0.8,0.016666668,1.0,1.0,0.15,0.06666667,0.53333336,-0.6,-0.6,0.55,0.73333335,-0.51666665,-0.49157473,0.17083295,0.34223813,0.4260224,-0.036782365,-0.41774476,0.4227758,0.48603618,0.44005075,0.2761686,0.4,0.4,0.5,0.43333334,0.41666666,0.6,0.5,0.4,0.5,0.55,-0.2,-0.1,0.1,-0.06666667,-0.13333334,0.21818116,0.43478248,0.5472972,0.5317073,0.3922414,0.7818188,0.56521755,0.45270285,0.46829268,0.6077586,-0.5636377,-0.13043506,0.09459433,0.06341461,-0.21551721,1.257324,1.3925445,1.2829169,1.1803721,1.3503561,0.34297898,0.5919829,0.47157687,0.44996104,0.5726495,0.88870203,1.2174891,1.2970564,1.2833084,1.3720857,0.5282464,0.48702085,0.5011095,0.4228303,0.50614345,0.4717536,0.51297915,0.4988905,0.57716966,0.49385655,0.056492817,-0.025958285,0.0022190008,-0.15433937,0.012286885
SH601186,-0.015904075899211535,0.5,,2026-03-24,0.004310357,0.012931071,0.33333334,0.0,0.0,0.008620714,0.6666667,0.012931071,1.0,0.99570817,1.0,0.98712444,0.9942003,1.0484966,1.041707,1.0494665,1.0193986,1.1125121,1.0162948,1.0372454,1.0387002,1.037795,1.0644358,0.022678576,0.027518267,0.020274514,0.01695441,0.035572357,-0.012706107,-0.008100399,-0.0014395833,-0.00028634057,-0.0017196822,0.7847539,0.79429543,0.17645773,0.02210559,0.7128054,0.009117368,-0.0007935726,-0.02502423,-0.033643063,-0.013705174,1.052689,1.0851525,1.0851525,1.0851525,1.1254822,0.9849914,0.9849914,0.9849914,0.9849914,0.9849914,1.0310378,1.0554801,1.0527643,1.0516003,1.1115422,0.9972842,1.0193986,1.0273521,1.027546,1.0354995,0.4,0.2,0.1,0.06666667,0.033333335,0.22170135,0.149845,0.149845,0.149845,0.10683011,0.2,0.3,0.65,0.76666665,0.26666668,0.8,0.9,0.95,0.96666664,0.98333335,-0.6,-0.6,-0.3,-0.2,-0.71666664,-0.31496036,0.4694516,0.34142563,0.32312956,-0.5057558,-0.99135906,-0.20741817,-0.29426676,-0.030699344,-0.084162176,0.2,0.4,0.4,0.43333334,0.41666666,0.8,0.6,0.55,0.5,0.5,-0.6,-0.2,-0.15,-0.06666667,-0.083333336,0.1794874,0.3430656,0.3846154,0.4666667,0.39056602,0.8205126,0.65693444,0.61538464,0.5333333,0.609434,-0.6410252,-0.31386882,-0.23076923,-0.0666666,-0.21886796,1.5339812,1.9351238,2.0643106,1.7670661,1.7549444,0.53187585,0.8177846,0.9999984,0.9646302,1.4106543,1.2619227,0.96349275,0.9315587,1.0637305,1.2444087,0.43063062,0.473494,0.46024993,0.46344143,0.50679827,0.5693694,0.526506,0.53975004,0.53655857,0.49320173,-0.13873878,-0.053012013,-0.07950013,-0.07311717,0.013596562
SZ002252,-0.0171190099967051,0.125,,2026-03-24,0.0017182311,0.017182106,0.10000119,0.003436394,0.19999841,0.012027482,0.7000004,0.010309318,0.6000032,0.9982847,1.0034305,0.9862779,0.9962477,1.0651889,1.070299,1.0737518,1.070368,1.092604,1.0260618,1.0478559,1.0608141,1.0668461,1.0798367,0.03216608,0.03158772,0.02641535,0.02328026,0.022559663,-0.01869346,-0.009223372,-0.0033363379,-0.0018070088,-0.00094076374,0.84435123,0.7815456,0.55833566,0.4669244,0.53039056,0.011325193,-0.0063506262,-0.029118937,-0.040644564,-0.052084245,1.0668818,1.0772182,1.0977969,1.0977969,1.1233728,0.9828274,0.9828274,0.9828274,0.9828274,0.9828274,1.0521234,1.0696636,1.0792763,1.0806574,1.0959878,0.9972516,1.0260755,1.0566258,1.0610592,1.070299,0.4,0.2,0.1,0.06666667,0.033333335,0.20430346,0.18193078,0.14936659,0.14936659,0.12218538,0.2,0.3,0.2,0.46666667,0.26666668,0.8,0.9,0.95,0.96666664,0.98333335,-0.6,-0.6,-0.75,-0.5,-0.71666664,-0.44167528,-0.6645463,-0.19291575,-0.35886937,0.06484771,-0.8626583,-0.6654866,-0.122771144,-0.14708482,0.23910289,0.2,0.2,0.25,0.33333334,0.38333333,0.8,0.7,0.5,0.5,0.51666665,-0.6,-0.5,-0.25,-0.16666667,-0.13333334,0.14828636,0.17496845,0.28292677,0.33590987,0.39912748,0.85171366,0.8250315,0.7170732,0.66409016,0.6008725,-0.7034273,-0.6500631,-0.43414643,-0.32818025,-0.20174505,1.3239535,1.1650685,1.2298627,1.0917656,1.268941,0.37342685,0.3085671,0.41973776,0.40173578,0.6417533,1.2080064,1.7013693,1.6421355,1.8146157,1.8306849,0.45366204,0.5279588,0.5209134,0.47989565,0.50000244,0.54633796,0.4720412,0.47908658,0.52010435,0.49999756,-0.092675894,0.05591763,0.041826814,-0.04020869,4.9007717e-06
SZ000876,-0.017553224397366365,0.5,,2026-03-24,0.0036674922,0.019559821,0.18750133,0.0024449257,0.124997355,0.013447402,0.6875013,0.014669969,0.7500053,0.99634594,1.002436,0.98294765,0.9931243,1.0706732,1.0767634,1.0499264,1.0560166,1.1121001,1.026556,1.0538415,1.0594465,1.0581492,1.0799357,0.03125007,0.035807926,0.026230043,0.021590238,0.03142621,-0.018277334,-0.010941295,-0.0018378326,-0.00042966285,-0.0013940126,0.8551922,0.8558361,0.17182326,0.03069322,0.6001354,0.009998664,-0.0046056747,-0.0419871,-0.05191916,-0.038812354,1.074314,1.1010836,1.1010836,1.1010836,1.1364207,0.98294765,0.98294765,0.98294765,0.98294765,0.98294765,1.0538616,1.0813545,1.0803775,1.0747825,1.112582,0.9978048,1.0253246,1.0521617,1.0509436,1.0570339,0.4,0.2,0.1,0.06666667,0.033333335,0.18663725,0.1443451,0.1443451,0.1443451,0.11110976,0.2,0.4,0.7,0.8,0.13333334,1.0,1.0,1.0,1.0,1.0,-0.8,-0.6,-0.3,-0.2,-0.8666667,-0.16608974,0.27458492,0.2822197,0.26738596,-0.13629593,-0.65247244,-0.34186125,0.08575226,0.03862452,0.082078785,0.2,0.3,0.45,0.43333334,0.45,0.8,0.6,0.5,0.5,0.5,-0.6,-0.3,-0.05,-0.06666667,-0.05,0.118497215,0.18814607,0.3726963,0.3802578,0.39540404,0.8815028,0.81185395,0.62730366,0.6197422,0.60459596,-0.76300555,-0.6237079,-0.25460738,-0.23948446,-0.20919193,1.4335804,1.5488943,1.561348,1.3514874,1.501085,0.37489864,0.2924205,0.42240065,0.4744266,0.782815,0.9858206,1.1651114,1.1234622,1.3435347,1.520153,0.34653878,0.43405744,0.52287406,0.41267392,0.5052429,0.6534612,0.5659425,0.47712594,0.5873261,0.49475712,-0.3069224,-0.1318851,0.045748107,-0.17465217,0.010485792
SH601998,-0.018497544005277703,0.125,,2026-03-24,0.03544303,0.040506393,0.87499845,0.0012658613,0.0312509,0.0037975004,0.09375065,0.03797467,0.9374982,0.9657702,1.0012225,0.96210265,0.99178076,0.9559524,0.88750005,0.8970238,0.902381,0.91785717,0.97321427,0.9467262,0.91511905,0.91265875,0.9136508,0.015680874,0.033402056,0.039895404,0.033479236,0.02681448,0.006904763,0.010515873,0.0060991775,0.0021669583,0.00015417687,0.48472682,0.9085643,0.81802183,0.3246771,0.0100832265,0.012976175,0.0059523648,0.026938755,0.055920366,0.08180098,1.0012225,1.0012225,1.0012225,1.0012225,1.0012225,0.943478,0.8835806,0.86766756,0.86766756,0.86766756,0.97952384,0.9672619,0.96309525,0.93738097,0.9317857,0.96309525,0.9154762,0.88369054,0.8839286,0.88845235,1.0,1.0,1.0,1.0,1.0,0.9788286,0.98960805,0.9908462,0.9908462,0.9908462,1.0,1.0,1.0,1.0,1.0,0.2,0.1,0.3,0.53333336,0.76666665,0.8,0.9,0.7,0.46666667,0.23333333,0.47919533,0.86471146,0.6943852,0.5238183,0.29967198,0.32888255,0.44395646,0.1499942,0.06333617,0.14537458,0.6,0.8,0.6,0.56666666,0.48333332,0.4,0.2,0.4,0.4,0.5,0.2,0.6,0.2,0.16666667,-0.016666668,0.8083335,0.9021278,0.7450427,0.653558,0.56738275,0.19166648,0.097872175,0.25495732,0.34644198,0.43261725,0.61666703,0.80425566,0.49008533,0.30711606,0.13476549,0.8426376,0.7086321,0.6011104,0.55273455,0.6153736,0.17632495,0.2221589,0.22847193,0.21484879,0.23673964,1.0278124,1.0159885,1.174506,1.1245375,1.0181539,0.5758893,0.66334134,0.59895766,0.49390486,0.534454,0.4241107,0.3366587,0.40104234,0.5060952,0.46554604,0.15177856,0.32668263,0.19791535,-0.012190291,0.06890793
SZ002074,-0.018832069300053114,0.375,,2026-03-24,-0.006686276,0.07114202,-0.09398491,0.006686276,0.09398491,0.057769466,0.8120302,0.044396915,0.6240604,1.0067313,1.0134625,0.94184166,0.9772783,1.0158993,1.0248241,1.0148354,1.0108162,1.0118802,1.0009457,1.0207932,1.0116378,1.0091337,1.0399256,0.008090403,0.023560036,0.025370229,0.021902192,0.040646944,0.0008570287,-0.0067601944,0.0002118883,0.00035047517,-0.0015240656,0.028053716,0.75470626,0.002441368,0.01984454,0.42879662,-0.0026597334,0.009627694,-0.0136507405,-0.014215606,0.005034406,1.0469042,1.0679059,1.0679059,1.0679059,1.138687,0.94184166,0.94184166,0.93943083,0.93943083,0.93943083,1.0030261,1.0464566,1.0361842,1.0248715,1.0792009,0.9963591,0.99717474,0.99304926,0.99347484,1.0004728,0.8,0.4,0.4,0.38333333,0.19166666,0.55355895,0.461339,0.47144693,0.47144693,0.3039764,0.6,0.1,0.55,0.7,0.2,1.0,1.0,0.45,0.6333333,0.81666666,-0.4,-0.9,0.1,0.06666667,-0.6166667,0.84460175,0.2768109,0.43952686,0.44051915,0.5973556,0.81272906,0.620857,0.5404718,0.47673094,0.43022496,0.4,0.5,0.45,0.43333334,0.5,0.6,0.5,0.55,0.56666666,0.5,-0.2,0.0,-0.1,-0.13333334,0.0,0.36748794,0.40019014,0.4734391,0.48627985,0.49330133,0.63251203,0.5998099,0.5265609,0.51372015,0.50669867,-0.26502413,-0.19961973,-0.053121783,-0.027440324,-0.013397333,0.9585195,0.9602402,0.84136415,0.7606737,0.88026726,0.27120927,0.28133696,0.28749362,0.2693159,0.31061822,0.87570846,0.9761719,1.0035717,1.0199347,0.99054885,0.62085545,0.52420086,0.5357587,0.5171064,0.51723915,0.37914455,0.47579914,0.4642413,0.48289356,0.48276085,0.24171087,0.04840173,0.071517386,0.034212876,0.034478318
SH601901,-0.01912575357642785,0.5,,2026-03-24,0.0014430119,0.020201987,0.07142921,0.008657982,0.4285708,0.010100993,0.5,0.0028860238,0.14285842,0.99855906,1.0086455,0.98847264,0.9995354,1.0672044,1.0631721,1.108871,1.1196237,1.1196237,1.0282258,1.0473118,1.0632392,1.0809587,1.1099014,0.033264432,0.029966379,0.030495843,0.035696987,0.039860025,-0.019489245,-0.008113387,-0.0042111315,-0.003669249,-0.0018283902,0.85816306,0.6719661,0.6673972,0.8188285,0.6417449,0.010752683,-0.010801573,-0.023233486,-0.027754655,-0.05596391,1.0673025,1.0830681,1.1217498,1.1294183,1.2162828,0.98213446,0.98213446,0.98213446,0.98213446,0.98213446,1.0540322,1.0672044,1.0747312,1.1155914,1.1424731,0.99758065,1.0290322,1.0521506,1.061828,1.0672044,0.4,0.2,0.1,0.06666667,0.033333335,0.20976816,0.17700277,0.12796266,0.12130009,0.07630007,0.2,0.5,0.05,0.1,0.26666668,0.8,0.9,0.95,0.96666664,0.98333335,-0.6,-0.4,-0.9,-0.8666667,-0.71666664,-0.9821713,-0.8723126,-0.20839448,-0.2776364,0.4189562,-0.9144106,-0.64830875,-0.38940904,-0.3881,0.1377884,0.2,0.5,0.45,0.4,0.43333334,0.8,0.5,0.5,0.53333336,0.5,-0.6,0.0,-0.05,-0.13333334,-0.06666667,0.13235298,0.19480525,0.2317881,0.26943007,0.38847122,0.867647,0.80519474,0.7682119,0.73056996,0.6115288,-0.73529404,-0.6103895,-0.5364238,-0.46113986,-0.22305757,0.8508671,0.74840623,0.81716263,0.7769826,1.0527825,0.2811824,0.2299834,0.2572467,0.24423583,0.6285182,1.2596687,1.7972533,1.436153,1.5265204,1.4502329,0.56382966,0.58779156,0.54719824,0.46699265,0.50627077,0.43617037,0.41220844,0.45280173,0.5330074,0.49372923,0.12765926,0.17558311,0.09439653,-0.06601472,0.012541549
SH601390,-0.021084960054468166,0.25,,2026-03-24,0.0036900428,0.016605161,0.22222264,0.0,0.0,0.012915118,0.7777774,0.016605161,1.0,0.9963235,1.0,0.9834559,0.9922031,1.0515465,1.0708762,1.1121135,0.9871134,0.9871134,1.0162371,1.046134,1.0768042,1.0606959,1.0360609,0.0262773,0.038250986,0.047225285,0.04816894,0.045786858,-0.014690731,-0.012105592,-0.007350205,0.0001241361,0.0014286259,0.7813855,0.9181173,0.8478475,0.0005147114,0.29693076,0.013144342,0.008341143,-0.0069771702,-0.062495843,-0.07820545,1.0557758,1.1166997,1.189358,1.189358,1.189358,0.97644216,0.97644216,0.97644216,0.97644216,0.9744324,1.032732,1.0871134,1.1108247,1.0953608,1.0842783,0.9963918,1.0164949,1.0458763,1.0128866,0.99484533,0.4,0.2,0.1,0.06666667,0.26666668,0.29694667,0.16796137,0.11064392,0.11064392,0.11896031,0.2,0.3,0.05,0.36666667,0.68333334,0.8,0.9,0.95,0.96666664,0.33333334,-0.6,-0.6,-0.9,-0.6,0.35,-0.53011215,0.47451454,0.65418917,0.6769504,0.60945344,-0.9833462,-0.37821522,-0.22610262,0.48345798,0.41980162,0.2,0.3,0.35,0.43333334,0.45,0.8,0.7,0.6,0.53333336,0.45,-0.6,-0.4,-0.25,-0.1,0.0,0.2058823,0.2764228,0.33460075,0.5106838,0.5058962,0.7941177,0.7235772,0.66539925,0.48931625,0.4941038,-0.58823544,-0.4471544,-0.3307985,0.02136751,0.011792448,1.3050584,1.6156083,2.017221,1.9651978,1.7164565,0.36448365,0.51014614,1.0989634,1.1091095,1.5073621,1.0748969,0.97770756,1.0167761,1.8243232,2.0984302,0.43080223,0.444197,0.34212828,0.4422411,0.5086946,0.5691978,0.555803,0.6578717,0.55775887,0.49130544,-0.13839558,-0.111606,-0.31574345,-0.11551777,0.017389135
SH600050,-0.022328599020847415,0.25,,2026-03-24,0.011135898,0.022271713,0.50000185,0.002227163,0.09999963,0.008908652,0.39999852,0.017817387,0.8000007,0.98898673,1.0022026,0.9801762,0.9904802,1.0967742,1.0919952,1.0681003,1.0633214,1.130227,1.0413381,1.0745519,1.0791517,1.0753883,1.1063919,0.051586065,0.049315862,0.034858048,0.028912049,0.041653067,-0.030107522,-0.014032799,-0.002174792,-0.00015548909,-0.0016510957,0.85157955,0.74221,0.13623774,0.0022415263,0.479237,0.018876946,-0.011404358,-0.05849119,-0.07313368,-0.05768453,1.1011789,1.1281013,1.1281013,1.1281013,1.2178893,0.97786117,0.97786117,0.97786117,0.97786117,0.97786117,1.092951,1.1080048,1.0989248,1.0948626,1.1338112,0.99689364,1.0267622,1.0738351,1.0657108,1.0724014,0.4,0.2,0.1,0.06666667,0.033333335,0.17952684,0.14735624,0.14735624,0.14735624,0.092234336,0.2,0.3,0.65,0.76666665,0.25,0.8,0.9,0.95,0.96666664,0.98333335,-0.6,-0.6,-0.3,-0.2,-0.73333335,-0.43724623,-0.39889604,-0.3718247,-0.20967253,0.21484226,-0.59161043,-0.26891878,-0.20677085,-0.21265721,-0.037439294,0.2,0.3,0.4,0.43333334,0.41666666,0.6,0.6,0.45,0.46666667,0.48333332,-0.4,-0.3,-0.05,-0.033333335,-0.06666667,0.121495396,0.24161056,0.35960573,0.39607835,0.4007286,0.8785046,0.7583894,0.6403943,0.60392165,0.5992714,-0.7570092,-0.5167789,-0.2807885,-0.2078433,-0.19854279,1.5955203,1.4092827,1.3035046,1.1708736,1.3611307,0.9378521,0.69625735,0.53593564,0.49268153,0.75709283,1.3048518,1.5974857,1.9002558,2.1050591,1.8471938,0.48901173,0.5079196,0.5120098,0.4205412,0.50940084,0.51098824,0.4920804,0.4879902,0.5794588,0.49059913,-0.021976523,0.015839214,0.024019618,-0.15891759,0.018801725
SH600436,-0.025024680229517142,0.0,,2026-03-24,-0.00449861,0.0170817,-0.26335844,0.0037162784,0.21755905,0.008866811,0.5190825,0.0006519234,0.03816502,1.004519,1.008252,0.9910931,1.0007752,1.0470922,1.0361553,1.0893312,1.0504944,1.1307244,1.0168705,1.0267868,1.0365152,1.0549804,1.0767127,0.017980635,0.01840734,0.021575455,0.033545524,0.03876811,-0.010583271,-0.0035588627,-0.00261599,-0.0031759038,-0.0018266522,0.86610335,0.34265092,0.5145413,0.6946519,0.6771149,0.0042959857,-0.010771972,-0.011663362,-0.0089298105,-0.022826469,1.0511498,1.0596669,1.0910944,1.1500431,1.1500431,0.9910931,0.9910931,0.9910931,0.9910931,0.9910931,1.0299295,1.0388117,1.0487164,1.0873399,1.1145747,0.99917537,1.0188061,1.0244035,1.0274923,1.0354211,0.4,0.2,0.1,0.06666667,0.033333335,0.1483077,0.1298877,0.08906771,0.05603573,0.05603573,0.2,0.5,0.05,0.13333334,0.56666666,1.0,1.0,1.0,1.0,1.0,-0.8,-0.5,-0.95,-0.8666667,-0.43333334,-0.5553166,0.19936752,0.2151762,0.67836225,0.094281405,-0.8425925,0.38554457,0.06441579,0.3213876,0.3177168,0.2,0.3,0.35,0.4,0.36666667,0.8,0.7,0.65,0.6,0.6166667,-0.6,-0.4,-0.3,-0.2,-0.25,0.0745057,0.3298356,0.27842712,0.42568195,0.40035748,0.9254943,0.6701644,0.7215729,0.57431805,0.5996425,-0.85098857,-0.3403288,-0.44314572,-0.1486361,-0.199285,1.2283745,1.3084195,1.2966737,1.7612338,1.9976614,0.448543,0.6005062,0.50262535,1.1518999,1.4723291,1.2999353,1.4447194,1.324621,1.7796112,2.686205,0.43509993,0.5110719,0.4823572,0.46519053,0.49604693,0.5649001,0.48892808,0.5176428,0.53480947,0.50395304,-0.12980016,0.022143848,-0.03528557,-0.069618955,-0.00790612
SZ002460,-0.02645728936911633,0.5,,2026-03-24,0.0042077964,0.057602987,0.073048234,0.0049332627,0.08564248,0.04846193,0.8413093,0.047736462,0.828715,0.99580985,1.0049126,0.94755095,0.98180866,0.98959404,0.9972503,1.0112647,0.95261073,0.902901,0.9660731,0.9869956,0.9942767,0.9820191,0.98370475,0.030741522,0.03110245,0.035351846,0.037079446,0.04229094,0.013380631,-0.0051141125,-0.0028959068,0.00090180576,0.0005033204,0.47363353,0.24783507,0.23486213,0.045841753,0.043201044,0.0071656173,0.036017936,0.033234395,0.004904669,0.0014472952,1.01127,1.0501366,1.0793211,1.0793211,1.1002768,0.91215014,0.91215014,0.9104135,0.8812329,0.8812329,0.9811588,1.0122522,1.022194,1.0122522,1.017306,0.95373106,0.97202647,0.9691377,0.9570001,0.94459873,1.0,0.6,0.6,0.7,0.7,0.88629895,0.6366559,0.53038764,0.5995667,0.5422069,0.8,0.3,0.1,0.4,0.41666666,0.4,0.7,0.45,0.13333334,0.56666666,0.4,-0.4,-0.35,0.26666668,-0.15,0.5112815,-0.12408988,0.21698843,0.35761166,0.30314687,0.43306005,0.44178843,0.25909388,0.2474016,0.3972989,0.6,0.6,0.6,0.6,0.55,0.4,0.4,0.4,0.4,0.45,0.2,0.2,0.2,0.2,0.1,0.5332809,0.5060031,0.4869021,0.5363768,0.53482014,0.4667191,0.49399692,0.5130979,0.46362326,0.46517986,0.066561826,0.012006138,-0.026195817,0.072753504,0.06964026,1.0028576,0.8316166,0.8109124,0.7404237,0.96160007,0.3373983,0.3079851,0.26216915,0.25851628,0.33750096,1.0048395,1.2381072,1.1603305,1.130199,0.9659412,0.6731774,0.5896675,0.5128127,0.5125263,0.49993634,0.32682255,0.41033247,0.48718736,0.48747373,0.50006366,0.3463549,0.17933503,0.025625318,0.025052546,-0.00012732574
SH688009,-0.027358153300071745,0.25,,2026-03-24,0.0073529747,0.022058813,0.333335,0.0018382714,0.083335005,0.012867567,0.58333,0.01838227,0.83333,0.9927007,1.0018249,0.97992706,0.99159896,1.0751879,1.1157895,1.0390978,0.9924812,0.99097747,1.0276692,1.0729324,1.0696241,1.0528321,1.029198,0.03814041,0.058392234,0.04330393,0.042997204,0.04013609,-0.022105271,-0.018929143,-0.0011464758,0.0018981817,0.0014742189,0.8397713,0.96330357,0.024532575,0.15104169,0.4114847,0.016541354,0.012248797,-0.058732554,-0.08035573,-0.07268747,1.0788388,1.1627276,1.1627276,1.1627276,1.1627276,0.9749738,0.9749738,0.9749738,0.9749738,0.9701493,1.0559399,1.122406,1.1025563,1.0803007,1.0529324,0.99609023,1.0252632,1.0433083,1.0177444,1.0,0.4,0.2,0.1,0.1,0.23333333,0.24094923,0.13329272,0.13329272,0.13329272,0.15500553,0.2,0.1,0.55,0.7,0.85,0.8,0.9,0.95,0.96666664,0.33333334,-0.6,-0.8,-0.4,-0.26666668,0.51666665,-0.61983234,0.55800796,0.4701175,0.6323836,0.5425473,-0.97574437,-0.4067775,0.27086464,0.35623997,0.43433937,0.2,0.2,0.4,0.4,0.45,0.6,0.7,0.55,0.56666666,0.51666665,-0.4,-0.5,-0.15,-0.16666667,-0.06666667,0.17105283,0.26380375,0.4522058,0.5073314,0.50543475,0.8289472,0.7361962,0.5477942,0.4926686,0.49456522,-0.6578943,-0.47239247,-0.09558841,0.014662796,0.010869534,1.1622328,1.3247473,1.3526187,1.1804109,1.0969694,0.22187887,0.32180384,0.39015964,0.43491426,0.43749592,1.0041369,0.789289,0.8489594,1.0458887,1.3046587,0.46944058,0.28884748,0.45380414,0.491665,0.51111054,0.5305594,0.71115255,0.54619586,0.508335,0.48888946,-0.061118815,-0.42230505,-0.09239173,-0.01666996,0.022221087
SZ000999,-0.0280520547070349,0.0,,2026-03-24,-0.01379795,0.025870983,-0.53333694,0.003449407,0.13333112,0.008623625,0.33333194,-0.008623732,-0.3333361,1.013991,1.0174887,0.9912557,1.0006433,1.031138,1.0469311,1.0056533,0.9828608,0.9965004,1.017247,1.0230439,1.0269068,1.0201783,1.0095164,0.014412836,0.01235332,0.015782114,0.019041045,0.01861034,-0.0062275743,-0.0027398951,-0.00021151699,0.00094621355,0.00057843624,0.4667442,0.45093292,0.0062867803,0.19138084,0.29464716,-0.004791835,-0.010714314,-0.02489749,-0.033898413,-0.026580248,1.0511142,1.0511142,1.0664674,1.0664674,1.0664674,0.9912557,0.9912557,0.9912557,0.97307247,0.96713006,1.0270998,1.032125,1.0379218,1.0365758,1.0257897,1.005097,1.0161343,1.0101401,1.0047919,0.9929469,0.2,0.1,0.05,0.13333334,0.35,0.14608249,0.14608249,0.1162623,0.2883192,0.33089235,0.6,0.8,0.45,0.6333333,0.81666666,1.0,1.0,1.0,0.033333335,0.46666667,-0.4,-0.2,-0.55,0.6,0.35,0.02623787,-0.19440176,0.32000488,0.19908707,0.402149,0.6891786,0.52489495,0.5109982,0.5901746,0.5261521,0.2,0.3,0.45,0.43333334,0.41666666,0.8,0.7,0.55,0.56666666,0.56666666,-0.6,-0.4,-0.1,-0.13333334,-0.15,0.26200253,0.27932504,0.48413098,0.5284818,0.50376374,0.7379975,0.720675,0.515869,0.4715182,0.49623626,-0.4759949,-0.44134995,-0.03173802,0.056963608,0.0075274752,1.0901492,0.9203484,0.9979512,1.1198816,0.8989931,0.431353,0.346185,0.3527483,0.6170635,0.512163,1.0456234,1.1513634,1.0836993,1.9674007,2.2784722,0.5587956,0.5154862,0.5230818,0.51046604,0.5123447,0.44120446,0.48451385,0.47691822,0.48953396,0.48765525,0.11759109,0.030972317,0.046163548,0.02093209,0.024689484
SZ000858,-0.035759071268764306,0.125,,2026-03-24,0.004559873,0.014076169,0.3239428,0.0011895584,0.08450869,0.008326736,0.5915485,0.011697051,0.8309826,0.9954608,1.0011841,0.9871719,0.99435186,1.0340466,1.0070052,1.0376941,1.0587145,1.0896977,1.0069473,1.0133711,1.0135487,1.0268044,1.0395933,0.01301436,0.013713322,0.013059176,0.023039117,0.02872515,-0.0069666193,-0.0018951031,-0.0007046865,-0.0021126703,-0.0011862087,0.71637183,0.17506197,0.10191273,0.6516786,0.52011263,0.0069859265,-0.004843205,-0.006854194,0.003829283,-0.004600153,1.0360179,1.0442106,1.0470711,1.0908809,1.0941404,0.9871719,0.9871719,0.9871719,0.9871719,0.9871719,1.0140915,1.0251039,1.0253992,1.0474445,1.0658385,0.99780965,1.0066308,1.0016375,1.0080318,1.0104595,0.4,0.2,0.15,0.1,0.083333336,0.26262382,0.22490221,0.21416177,0.12369335,0.119924195,0.2,0.5,0.05,0.1,0.016666668,1.0,1.0,1.0,1.0,1.0,-0.8,-0.5,-0.95,-0.9,-0.98333335,-0.74716663,0.19666769,0.1663936,0.6696965,0.17446776,-0.7861079,-0.3192105,-0.3661635,-0.19842368,0.41562268,0.2,0.6,0.55,0.5,0.41666666,0.8,0.4,0.45,0.5,0.5833333,-0.6,0.2,0.1,0.0,-0.16666667,0.19574033,0.4577955,0.3783513,0.37930894,0.42930686,0.80425966,0.5422045,0.6216487,0.62069106,0.57069314,-0.6085193,-0.08440902,-0.24329743,-0.24138212,-0.14138629,1.1184721,1.2046018,1.2803979,1.5633315,1.7931808,0.35456085,0.34088624,0.363134,0.6524446,1.2137669,0.95511293,1.0687729,0.91654915,0.89042914,3.4621675,0.38635835,0.50746554,0.4500185,0.37011892,0.49907324,0.6136417,0.49253446,0.5499815,0.6298811,0.5009268,-0.2272833,0.014931112,-0.09996299,-0.2597622,-0.0018535462
SH600941,-0.0364902200891907,0.125,,2026-03-24,0.0018141044,0.0120584555,0.15044253,0.006616142,0.54867244,0.0036282088,0.30088505,-0.0011738287,-0.09734487,0.99818915,1.0066042,0.9945675,1.000105,1.0410838,1.0161872,1.0084455,0.98697984,1.0854228,1.0220815,1.0291106,1.0204935,1.0141902,1.0319331,0.024903173,0.018843662,0.016467782,0.017364908,0.029099647,-0.013970266,-0.0033638016,0.0010751999,0.0011442873,-0.0011051059,0.7867559,0.29210675,0.14920256,0.33653238,0.43987796,0.0058590616,-0.013973472,-0.030707935,-0.030782368,0.00066753797,1.0532341,1.0532341,1.0532341,1.0532341,1.0911139,0.9925313,0.9925313,0.9925313,0.9787098,0.9747305,1.0432479,1.04177,1.0408022,1.0275886,1.0684613,0.998698,1.0201988,1.0043987,1.0007741,1.004469,0.4,0.2,0.1,0.2,0.11666667,0.12303732,0.12303732,0.12303732,0.2856809,0.21712291,0.4,0.7,0.85,0.9,0.016666668,0.8,0.9,0.95,0.033333335,0.5,-0.4,-0.2,-0.1,0.8666667,-0.48333332,-0.31423503,-0.16153109,0.11296701,0.09261199,0.22304273,0.05407005,0.31587732,0.29881588,0.23855262,-0.030933673,0.6,0.6,0.55,0.5,0.43333334,0.4,0.4,0.4,0.46666667,0.53333336,0.2,0.2,0.15,0.033333335,-0.1,0.21559124,0.4224285,0.47385618,0.5249831,0.4124437,0.78440875,0.5775715,0.5261438,0.4750169,0.5875563,-0.5688175,-0.15514301,-0.052287616,0.049966224,-0.17511258,1.2343247,1.2014575,1.1281986,1.1202959,1.3996574,0.37379125,0.37050712,0.34655634,0.35673648,0.53952324,1.0242918,1.1426328,1.240088,1.2612187,1.4545171,0.567795,0.51865125,0.48617375,0.41723457,0.5006116,0.43220502,0.48134875,0.51382625,0.5827654,0.4993884,0.13558997,0.037302464,-0.027652483,-0.16553083,0.0012231905
SH600660,-0.040806903814492694,0.125,,2026-03-24,-0.0069530965,0.020146199,-0.34513196,0.00089141895,0.044247504,0.0123016825,0.61062056,0.004457167,0.22124109,1.0070018,1.0078994,0.9876122,0.99595505,1.0615782,1.0592452,1.103948,1.0800701,1.1184906,1.0127461,1.0399811,1.056866,1.0683053,1.0942538,0.018272094,0.031549264,0.031808656,0.032659005,0.038760796,-0.009694559,-0.009896054,-0.004609111,-0.0030106963,-0.0018956391,0.7037517,0.9018973,0.73487216,0.6586121,0.7295008,0.006643036,0.0045511187,-0.013079541,-0.024650121,-0.03833247,1.0592452,1.0859946,1.1192089,1.1377012,1.1671449,0.9829438,0.9829438,0.9829438,0.9829438,0.9829438,1.0254568,1.0691919,1.0771978,1.0865331,1.1258152,0.9980968,1.011058,1.0339669,1.0519563,1.0660311,0.4,0.2,0.1,0.06666667,0.033333335,0.22353712,0.16551256,0.12516919,0.11021251,0.09259553,0.2,0.5,0.05,0.1,0.15,0.8,0.9,0.95,0.96666664,0.98333335,-0.6,-0.4,-0.9,-0.8666667,-0.8333333,0.6891004,-0.50465655,-0.51013464,-0.11811,-0.32396725,-0.31610644,-0.22024062,-0.44814378,-0.14348565,-0.11255894,0.4,0.5,0.45,0.5,0.48333332,0.6,0.5,0.55,0.5,0.51666665,-0.2,0.0,-0.1,0.0,-0.033333335,0.18648228,0.28000265,0.2971296,0.40236652,0.41811478,0.8135177,0.71999735,0.70287037,0.5976335,0.5818852,-0.62703544,-0.4399947,-0.40574077,-0.19526695,-0.16377044,1.4948306,1.1801627,1.0123794,1.1025566,1.0428706,0.62781465,0.5505045,0.42948723,0.4421497,0.43996206,0.71442896,1.0809417,1.06681,1.147906,1.2651967,0.47544602,0.5365611,0.44415104,0.49024782,0.51356566,0.52455395,0.46343893,0.55584896,0.5097522,0.4864343,-0.049107958,0.07312215,-0.111697935,-0.01950438,0.027131373
SH603019,-0.0437647410492013,0.0,,2026-03-24,0.0009926286,0.02977665,0.033335805,0.0027294636,0.09166457,0.026054557,0.87499964,0.024317723,0.8166709,0.99900836,1.0027268,0.97297966,0.98877144,1.058386,1.0930896,1.1341085,1.0795785,1.0512205,1.0319346,1.0620081,1.0730704,1.084397,1.1033038,0.039499816,0.043524258,0.045127973,0.04378164,0.04888613,-0.02331491,-0.012999864,-0.004373188,-0.0024901838,-0.00085940724,0.87099856,0.81776094,0.32867956,0.25071508,0.09425979,0.014695187,-0.0035087098,-0.031525176,-0.048289314,-0.07795133,1.086885,1.1476316,1.1587863,1.1634839,1.2741332,0.97297966,0.97297966,0.97297966,0.97297966,0.97297966,1.0574447,1.0947655,1.115357,1.1304773,1.1438487,0.9972735,1.0305562,1.0370051,1.0492653,1.0602077,0.4,0.2,0.1,0.06666667,0.033333335,0.23721762,0.15470976,0.14542194,0.14183608,0.089722864,0.2,0.2,0.15,0.33333334,0.38333333,1.0,1.0,1.0,1.0,1.0,-0.8,-0.8,-0.85,-0.6666667,-0.6166667,-0.20170084,0.33387065,0.20652016,0.24219738,0.60021096,-0.1942898,0.2730742,0.0047391932,0.21645142,0.4282381,0.4,0.3,0.4,0.4,0.45,0.6,0.7,0.6,0.6,0.55,-0.2,-0.4,-0.2,-0.2,-0.1,0.28798258,0.28601345,0.35338247,0.4368038,0.47835794,0.7120174,0.7139866,0.64661753,0.56319624,0.5216421,-0.42403483,-0.42797312,-0.29323506,-0.12639244,-0.04328413,1.2852246,1.3840936,1.4640177,1.4056423,1.7811382,0.24306491,0.4104697,0.47371453,0.43986633,0.7514266,0.72270215,0.7709149,1.3790443,1.3882601,1.4872214,0.4873643,0.43021968,0.48692548,0.4947678,0.4959168,0.5126357,0.5697803,0.5130745,0.5052322,0.5040832,-0.025271427,-0.13956062,-0.026149027,-0.010464382,-0.008166395
SH600048,-0.04781938914319202,0.125,,2026-03-24,0.0,0.0201005,0.0,0.0050251097,0.24999924,0.015075391,0.7500008,0.010050281,0.50000155,1.0,1.0050251,0.9849246,0.9944305,1.0887762,1.0636652,1.1373494,1.1105263,1.0468612,1.0267978,1.052752,1.0824001,1.1087,1.0946555,0.030833663,0.03464665,0.044948176,0.054663032,0.04895026,-0.018421063,-0.009508272,-0.006963779,-0.005776982,0.00038885762,0.8923168,0.6903863,0.8401056,0.8655981,0.019247355,0.010044402,-0.009964845,-0.016244229,-0.02493383,-0.10612677,1.0904392,1.1138797,1.1909467,1.2210983,1.2210983,0.9849246,0.9849246,0.9849246,0.9849246,0.9849246,1.0492327,1.0820546,1.1219151,1.152771,1.138998,0.99832594,1.0254661,1.0599747,1.0649842,1.0515916,0.4,0.2,0.1,0.06666667,0.033333335,0.14287493,0.11690416,0.07317368,0.0638318,0.0638318,0.2,0.3,0.05,0.16666667,0.5833333,1.0,1.0,1.0,1.0,1.0,-0.8,-0.7,-0.95,-0.8333333,-0.41666666,-0.07856775,0.3600866,0.4259887,0.5289781,0.4785874,-0.79907155,-0.11496372,0.122024916,0.29157734,0.44265127,0.2,0.4,0.3,0.33333334,0.4,0.8,0.4,0.55,0.56666666,0.55,-0.6,0.0,-0.25,-0.23333333,-0.15,0.079326995,0.25631085,0.24684453,0.38540435,0.4772096,0.920673,0.7436891,0.75315547,0.61459565,0.5227904,-0.841346,-0.48737827,-0.50631094,-0.22919129,-0.045580804,1.1733434,1.3294525,1.4479179,1.5806874,1.8769732,0.32733378,0.42989948,0.4634528,0.6638828,1.0084399,0.8329564,1.0763705,1.0377281,1.53125,1.3227249,0.31898382,0.4979476,0.49440902,0.4650113,0.5003429,0.6810162,0.50205237,0.505591,0.5349887,0.4996571,-0.36203235,-0.004104772,-0.0111819515,-0.0699774,0.000685823
SZ300999,-0.04785159985313954,0.0,,2026-03-24,-0.008333256,0.028819365,-0.2891547,0.0034722278,0.12048245,0.017013881,0.59036285,0.0052083987,0.18072566,1.0084033,1.0119047,0.98284316,0.9942635,1.0892116,1.0736514,1.0262793,1.0152144,1.0117565,1.0344398,1.0612725,1.0491356,1.0462195,1.0393902,0.033280093,0.037599932,0.036588725,0.030607956,0.024880659,-0.0200899,-0.009778278,0.0013165713,0.0007563354,0.000578413,0.9110172,0.6199576,0.04531712,0.04732187,0.16483605,0.0057399883,-0.017270196,-0.061642937,-0.05718628,-0.056453418,1.0919012,1.1310117,1.1767579,1.1767579,1.1767579,0.98284316,0.98284316,0.98284316,0.98284316,0.98284316,1.0611341,1.0917704,1.0767634,1.0709543,1.0542877,0.9997925,1.0351313,1.0192946,1.0234439,1.0199862,0.4,0.2,0.1,0.06666667,0.033333335,0.15731862,0.11579282,0.08847626,0.08847626,0.08847626,0.2,0.3,0.45,0.6333333,0.81666666,1.0,1.0,1.0,1.0,1.0,-0.8,-0.7,-0.55,-0.36666667,-0.18333334,-0.44187492,0.48009473,0.62740386,0.56138796,0.6296465,-0.9969279,0.14973252,0.6806234,0.6305217,0.6297809,0.2,0.2,0.4,0.43333334,0.48333332,0.8,0.8,0.6,0.56666666,0.5,-0.6,-0.6,-0.2,-0.13333334,-0.016666668,0.011363895,0.25174847,0.46346167,0.48307693,0.4921587,0.9886361,0.7482515,0.5365383,0.51692307,0.5078413,-0.9772722,-0.49650303,-0.073076636,-0.03384614,-0.01568255,1.1169529,1.4046737,1.410968,1.1772127,0.97578824,0.22628374,0.56936204,0.9530415,0.8474952,0.6719471,1.1381602,1.3900285,2.2487278,2.5879407,2.8173878,0.450514,0.35432866,0.5141999,0.48199254,0.51068413,0.549486,0.64567137,0.48580012,0.51800746,0.4893159,-0.098972015,-0.2913427,0.028399792,-0.036014926,0.021368232
SZ000938,-0.04878276061633632,0.0,,2026-03-24,-0.0007775419,0.03888026,-0.019998373,0.0042768363,0.1100002,0.033825878,0.87000144,0.028771501,0.7400029,1.0007782,1.0050583,0.9661478,0.9894232,0.95133513,0.9696458,0.9906267,0.9529155,0.946267,1.014376,1.0028555,0.98171115,0.97961485,0.9896385,0.020789266,0.02700164,0.036010623,0.030767905,0.035417795,-0.009999999,0.0010099895,0.0025480331,0.0011913928,-9.096966e-05,0.57844436,0.012825222,0.1752334,0.11620258,0.002012102,0.005624013,-0.007400509,-0.0059174513,0.0031099378,0.0130451275,1.0700395,1.0797387,1.0797387,1.0797387,1.1011286,0.94978493,0.94978493,0.90384775,0.90384775,0.90384775,1.0269864,1.0250354,1.0114877,1.0016893,1.0195749,0.99765664,0.98665935,0.9429209,0.9505613,0.95867026,0.4,0.5,0.65,0.76666665,0.65,0.4175728,0.38640702,0.5466582,0.5466582,0.48738757,0.4,0.2,0.6,0.73333335,0.33333334,0.2,0.6,0.45,0.6333333,0.81666666,0.2,-0.4,0.15,0.1,-0.48333332,0.9100903,0.88498,0.7345087,0.64091843,0.7435839,0.9160064,0.8119786,0.59576195,0.5908794,0.62118345,0.6,0.5,0.55,0.5,0.45,0.4,0.5,0.45,0.5,0.55,0.2,0.0,0.1,0.0,-0.1,0.6566116,0.55090475,0.5098241,0.54037386,0.5275112,0.34338838,0.44909522,0.4901759,0.45962614,0.47248885,0.31322327,0.10180955,0.01964817,0.080747716,0.05502232,1.2719705,1.1527807,0.84739876,0.7027579,0.69119436,0.360516,0.48927054,0.46749207,0.43503815,0.37736282,0.8855268,0.9431839,1.1892736,1.4207773,1.4342585,0.5741873,0.5413682,0.5466558,0.53305805,0.52910227,0.42581272,0.4586318,0.45334426,0.46694195,0.47089773,0.14837457,0.0827364,0.09331149,0.066116095,0.058204558
SH601618,-0.049214869293377914,0.125,,2026-03-24,0.0066890377,0.020066898,0.3333369,0.003344412,0.16666313,0.010033449,0.5,0.013378075,0.6666738,0.9933554,1.0033222,0.9833886,0.99384016,1.053846,1.051282,1.0307691,1.0051281,1.0102563,1.013846,1.0453845,1.0462819,1.0361538,1.0288033,0.023331879,0.03935429,0.028241593,0.027717425,0.02891858,-0.013076893,-0.012229987,-0.0017717377,0.0008026016,0.000759185,0.7853256,0.8852771,0.13774902,0.06498244,0.2102041,0.012307693,0.009650397,-0.029450482,-0.047791503,-0.051199317,1.0561172,1.1199396,1.1199396,1.1199396,1.1506449,0.98128897,0.98128897,0.98128897,0.98128897,0.97977966,1.0276922,1.082564,1.062564,1.0543588,1.051282,0.9969231,1.0123076,1.0271795,1.0143589,1.0051281,0.4,0.2,0.1,0.1,0.175,0.2500535,0.13495113,0.13495113,0.13495113,0.11834099,0.2,0.3,0.65,0.76666665,0.45,0.8,0.9,0.95,0.96666664,0.083333336,-0.6,-0.6,-0.3,-0.2,0.36666667,-0.093609355,0.7286921,0.534484,0.664386,0.73424757,-0.921551,-0.07459152,0.0344055,0.1392412,0.4864012,0.2,0.4,0.5,0.5,0.45,0.8,0.6,0.5,0.5,0.5,-0.6,-0.2,0.0,0.0,-0.05,0.18181841,0.3571428,0.44827604,0.49375004,0.49375004,0.8181816,0.6428572,0.55172396,0.50624996,0.50624996,-0.6363632,-0.28571436,-0.10344793,-0.012499919,-0.012499916,1.3427515,1.8272527,1.8562193,1.5913434,1.6260521,0.28662682,0.653035,0.71776915,0.71987206,0.9016596,0.78518414,0.96686876,0.9095769,1.0147663,1.6011627,0.36082998,0.4398363,0.4663686,0.46303982,0.48808026,0.63917005,0.56016374,0.53363144,0.5369602,0.51191974,-0.27834004,-0.12032743,-0.067262836,-0.073920384,-0.023839492
SH601800,-0.05389967984632855,0.0,,2026-03-24,0.0077519445,0.019379895,0.3999993,0.0,0.0,0.011627951,0.60000074,0.019379895,1.0,0.99230766,1.0,0.98076916,0.9907787,1.0500864,1.044905,1.0474957,1.0250431,1.0544041,1.013126,1.0378238,1.0370898,1.0386298,1.0516552,0.020836636,0.03131857,0.022755457,0.018952107,0.023041772,-0.011571675,-0.009148479,-0.0010953561,-0.00056174543,-0.00063208415,0.7710406,0.78217757,0.08109752,0.06808725,0.2295186,0.010017293,0.0033443463,-0.02668391,-0.030484496,-0.033008654,1.052968,1.0962206,1.0962206,1.0962206,1.137739,0.9776217,0.9776217,0.9776217,0.9776217,0.9776217,1.0264249,1.0583766,1.0509499,1.0493956,1.0675302,0.9970639,1.0145078,1.0215889,1.027461,1.0385147,0.4,0.2,0.1,0.06666667,0.033333335,0.29700574,0.18868887,0.18868887,0.18868887,0.139762,0.2,0.3,0.65,0.76666665,0.31666666,0.8,0.9,0.95,0.96666664,0.98333335,-0.6,-0.6,-0.3,-0.2,-0.6666667,-0.024619339,0.7322587,0.5125667,0.28940588,0.33887726,-0.9090603,0.34901053,0.08714642,0.112445936,0.29945645,0.2,0.4,0.5,0.46666667,0.43333334,0.8,0.6,0.5,0.53333336,0.55,-0.6,-0.2,0.0,-0.06666667,-0.11666667,0.18478288,0.36315796,0.40418112,0.46112606,0.45667127,0.81521714,0.6368421,0.5958189,0.5388739,0.54332876,-0.6304342,-0.27368408,-0.19163774,-0.07774786,-0.08665749,1.2488081,1.9196528,1.6984957,1.3916204,1.382642,0.26824045,1.1612475,0.935686,0.88679284,0.8516256,0.8216629,1.1936032,1.360829,1.5544772,1.412259,0.37402734,0.48813936,0.49737632,0.48068857,0.5081467,0.6259727,0.5118606,0.5026237,0.5193114,0.4918533,-0.25194532,-0.023721267,-0.005247382,-0.038622838,0.016293412
SH601238,-0.05401427196472563,0.125,,2026-03-24,-0.008163254,0.028571472,-0.28571346,0.0027210845,0.09523782,0.017687133,0.6190487,0.006802794,0.23809744,1.0082304,1.0109739,0.9821673,0.99358046,1.0813069,1.0729483,1.0911853,1.0691489,1.1208206,1.0253799,1.0532675,1.0674772,1.0735055,1.1015451,0.029408377,0.03537485,0.03098393,0.026865704,0.03765678,-0.017629178,-0.010504739,-0.0040359246,-0.002020482,-0.001778356,0.898384,0.80833757,0.5938559,0.43834415,0.68022233,0.00987843,-0.0059961258,-0.029135896,-0.04420856,-0.049083557,1.0863888,1.0964013,1.1129268,1.1129268,1.1898683,0.9821673,0.9821673,0.9821673,0.9821673,0.9821673,1.0466565,1.0813069,1.0864742,1.0913373,1.1300912,0.99848026,1.0231003,1.0547112,1.0655015,1.0741642,0.4,0.2,0.1,0.06666667,0.033333335,0.1711039,0.15610676,0.1363778,0.1363778,0.08585756,0.2,0.5,0.05,0.36666667,0.18333334,1.0,1.0,1.0,1.0,1.0,-0.8,-0.5,-0.95,-0.6333333,-0.81666666,0.15999733,-0.48738927,-0.16821262,-0.26394728,0.6272427,-0.57494026,-0.19364081,-0.10299113,-0.047365475,0.30845162,0.2,0.4,0.45,0.46666667,0.46666667,0.8,0.6,0.55,0.53333336,0.51666665,-0.6,-0.2,-0.1,-0.06666667,-0.05,0.078740545,0.19230787,0.30392176,0.3870969,0.4063605,0.92125946,0.8076921,0.69607824,0.6129031,0.5936395,-0.8425189,-0.6153842,-0.39215648,-0.22580619,-0.18727897,1.0641311,0.9299465,0.9201662,0.8407191,1.2199268,0.18488406,0.20737942,0.24399813,0.24002153,0.62360156,0.6665524,1.0804873,0.9168947,1.0047503,1.7640709,0.55769646,0.572202,0.51219034,0.49228555,0.4957399,0.4423035,0.42779797,0.48780966,0.50771445,0.50426006,0.11539297,0.14440404,0.024380691,-0.015428909,-0.008520172
SZ000625,-0.056634402394579494,0.125,,2026-03-24,0.0,0.02071005,0.0,0.0029585396,0.14285526,0.01775151,0.8571447,0.01479297,0.7142895,1.0,1.0029585,0.9822485,0.99297863,1.0689983,1.0660784,1.1025137,1.085756,1.1508822,1.024819,1.0473086,1.0619557,1.074891,1.1152914,0.030474791,0.03126741,0.027323084,0.029167429,0.048790466,-0.018135069,-0.009120914,-0.0037375872,-0.0028417592,-0.0026713582,0.8853132,0.7800177,0.65492463,0.7356648,0.9143115,0.011451069,-0.006264478,-0.026448585,-0.033685494,-0.03648626,1.0689825,1.0778942,1.1084236,1.1143587,1.211015,0.9822485,0.9822485,0.9822485,0.9822485,0.9822485,1.0502476,1.0692015,1.0757267,1.0986035,1.1685921,0.9980195,1.0197029,1.0591215,1.0654818,1.0698107,0.4,0.2,0.1,0.06666667,0.033333335,0.20466611,0.18559657,0.14068946,0.13436896,0.07759664,0.2,0.1,0.05,0.1,0.033333335,1.0,1.0,1.0,1.0,1.0,-0.8,-0.9,-0.95,-0.9,-0.96666664,-0.8193086,-0.6960693,-0.14294022,-0.31693497,0.37991396,-0.9165898,-0.24875577,-0.24575281,-0.12535551,0.26607177,0.2,0.3,0.4,0.43333334,0.36666667,0.8,0.7,0.6,0.53333336,0.5833333,-0.6,-0.4,-0.2,-0.1,-0.21666667,0.11150863,0.19292066,0.21476538,0.326928,0.34988007,0.8884914,0.8070793,0.78523463,0.673072,0.6501199,-0.7769827,-0.6141587,-0.57046926,-0.346144,-0.30023983,1.0788237,0.9865569,1.0493301,0.96982926,1.2000515,0.27528426,0.23078157,0.35239592,0.33373165,0.5210208,0.87800616,1.2820767,1.1741627,1.1982645,1.3815813,0.51558447,0.5676808,0.50900865,0.49466753,0.49653652,0.48441553,0.43231925,0.49099132,0.50533247,0.50346345,0.031168934,0.13536151,0.018017348,-0.010664933,-0.006926952
SZ300628,-0.0581605133610036,0.125,,2026-03-24,-0.012881969,0.02875972,-0.44791704,0.0008986625,0.031247262,0.014979088,0.5208357,0.0011984566,0.041671358,1.0130501,1.0139605,0.98482543,0.9962315,1.021244,1.0652593,1.1180627,1.1250392,1.0956059,1.0223429,1.0313257,1.0581989,1.0795194,1.0982046,0.022111211,0.020596748,0.03976651,0.045862995,0.04046145,-0.00962197,-0.0051283087,-0.005838534,-0.0047278516,-0.0013505351,0.47341606,0.5682801,0.7544679,0.82357764,0.3398041,-0.0030990087,-0.00824827,-0.0027328513,-0.010965534,-0.058363885,1.0631368,1.0689011,1.1453822,1.1975787,1.1975787,0.98482543,0.98482543,0.98482543,0.98482543,0.98482543,1.0407994,1.0470514,1.0781795,1.118428,1.125707,0.99969757,1.0169952,1.0293225,1.0391586,1.0610704,0.4,0.2,0.1,0.06666667,0.033333335,0.19377232,0.18048708,0.094512194,0.071324706,0.071324706,0.6,0.1,0.1,0.033333335,0.51666665,1.0,1.0,1.0,1.0,1.0,-0.4,-0.9,-0.9,-0.96666664,-0.48333332,-0.014258154,-0.21225303,0.11110319,0.30776417,0.3867053,0.24081871,0.265165,-0.18685281,0.08103467,0.33806485,0.8,0.4,0.4,0.43333334,0.43333334,0.2,0.6,0.6,0.56666666,0.55,0.6,-0.2,-0.2,-0.13333334,-0.11666667,0.35658035,0.22365965,0.3083877,0.37093592,0.44748014,0.6434197,0.77634037,0.6916123,0.6290641,0.55251986,-0.2868393,-0.5526807,-0.3832246,-0.2581282,-0.105039746,1.0719464,0.90218455,0.97302765,1.0179958,1.0432974,0.28236273,0.26902768,0.31576306,0.35959345,0.44291997,1.3855835,1.4755303,1.2022848,1.1940624,1.3873734,0.6395048,0.5625378,0.4731321,0.4721883,0.50757635,0.36049518,0.43746224,0.5268679,0.5278117,0.49242365,0.27900964,0.12507552,-0.053735808,-0.055623386,0.015152704
SH601012,-0.07146302576398604,0.25,,2026-03-24,0.005279825,0.07550152,0.069930054,0.008447659,0.11188728,0.06177403,0.81818265,0.058606196,0.77622545,0.9947479,1.0084033,0.9332983,0.97171634,0.986874,0.97478634,0.96008945,0.92648894,0.9296307,0.9863521,0.987244,0.9706195,0.97262436,0.9703067,0.012809618,0.009246768,0.021443738,0.021076567,0.0248592,0.0067760106,0.0003854906,0.0024585275,0.00035175492,0.00016620594,0.69954526,0.015931588,0.46006283,0.021586502,0.013633853,9.5882875e-05,0.011021255,0.0060244636,0.02227518,0.024790237,1.0294291,1.0294291,1.0294291,1.0372853,1.0530565,0.9332983,0.9332983,0.9233256,0.9233256,0.89811444,0.9979126,0.99528205,0.9885673,0.9885673,0.9885513,0.97353494,0.97962666,0.95041937,0.95640457,0.95157486,1.0,1.0,1.0,0.93333334,0.9,0.69386375,0.69386375,0.72263765,0.6728203,0.6575719,0.6,0.8,0.9,0.16666667,0.41666666,1.0,1.0,0.3,0.53333336,0.36666667,-0.4,-0.2,0.6,-0.36666667,0.05,0.93440837,0.83785635,0.74952334,0.7336546,0.5510504,0.8705588,0.812875,0.5695293,0.63005084,0.61436796,0.4,0.5,0.55,0.53333336,0.5,0.6,0.5,0.45,0.46666667,0.5,-0.2,0.0,0.1,0.06666667,0.0,0.60863805,0.6263001,0.5926566,0.57775277,0.5331927,0.39136195,0.3736999,0.40734336,0.4222472,0.46680734,0.2172761,0.25260016,0.18531327,0.15550558,0.066385336,0.81786406,0.7410895,0.5717501,0.59179103,0.57242787,0.3353367,0.25438333,0.25580326,0.26228422,0.28072846,0.92939365,0.9688066,0.92152715,1.2411064,1.5270288,0.63799244,0.6294041,0.6109346,0.5513165,0.53784114,0.36200756,0.3705959,0.38906538,0.44868353,0.46215886,0.27598488,0.2588082,0.22186925,0.102632955,0.07568227
SZ002179,-0.07405084522853056,0.0,,2026-03-24,0.0042540943,0.025827946,0.16470897,0.0045578266,0.17646879,0.017016025,0.65882224,0.016712293,0.6470624,0.9957639,1.0045385,0.97881997,0.9918845,1.0468891,1.0695884,1.0553687,1.0284396,1.0127091,1.0235976,1.058269,1.0634131,1.0587027,1.07668,0.035001267,0.051284723,0.037515868,0.031428497,0.046489175,-0.02039114,-0.015853347,-0.003068335,-0.00033830304,-0.00080436247,0.8485071,0.8759461,0.23412274,0.008979791,0.09130608,0.017184641,0.013071041,-0.034263946,-0.05379733,-0.052951235,1.0738208,1.1515765,1.1515765,1.1515765,1.2689756,0.97881997,0.97881997,0.97881997,0.97881997,0.97881997,1.0509456,1.0865234,1.0777498,1.0727305,1.1141815,0.997156,1.0116175,1.0448347,1.0436262,1.0424178,0.4,0.2,0.1,0.06666667,0.033333335,0.22294556,0.122600384,0.122600384,0.122600384,0.07299538,0.2,0.2,0.6,0.73333335,0.26666668,1.0,1.0,1.0,1.0,1.0,-0.8,-0.8,-0.4,-0.26666668,-0.73333335,0.5128617,0.8607267,0.73152643,0.6990448,0.7980526,-0.3239804,0.54389477,0.5368673,0.50001633,0.45592025,0.4,0.4,0.5,0.5,0.48333332,0.6,0.6,0.5,0.5,0.51666665,-0.2,-0.2,0.0,0.0,-0.033333335,0.3132823,0.38217056,0.4419773,0.47513565,0.49478057,0.6867177,0.61782944,0.5580227,0.5248644,0.50521946,-0.37343538,-0.2356589,-0.11604541,-0.0497287,-0.010438867,1.3818709,2.2177942,1.9290458,1.6670952,2.2918053,0.22730118,1.3319585,1.0329287,0.92608684,1.330627,0.3471817,1.2056046,1.28365,1.5071825,1.3525062,0.114117384,0.4479293,0.49026477,0.49093583,0.49008954,0.8858826,0.5520707,0.5097352,0.5090642,0.50991046,-0.77176523,-0.1041414,-0.019470429,-0.018128356,-0.019820943
SZ002736,-0.09477403889232694,0.125,,2026-03-24,-0.0017636812,0.024691334,-0.071429156,0.007936465,0.3214271,0.014991188,0.60714376,0.0052910433,0.21428746,1.0017668,1.0097172,0.9849823,0.99829876,1.1251682,1.0706595,1.0847914,1.0787349,1.1426649,1.0429341,1.0653431,1.0736878,1.0803499,1.1117654,0.04867462,0.04253308,0.032801215,0.028809154,0.0448709,-0.029273212,-0.009311144,-0.0029508509,-0.0017219675,-0.0021145963,0.9042232,0.43930274,0.28325835,0.27687934,0.6773688,0.015612384,-0.023443038,-0.045654666,-0.0553814,-0.049384773,1.1302925,1.1746261,1.1746261,1.1746261,1.2247899,0.9849823,0.9849823,0.9849823,0.9849823,0.9849823,1.0857335,1.0857335,1.0956931,1.0990579,1.1514132,0.99798113,1.0339166,1.0589502,1.0699866,1.0808883,0.4,0.2,0.1,0.06666667,0.033333335,0.10334904,0.07918885,0.07918885,0.07918885,0.062623866,0.2,0.5,0.75,0.8333333,0.2,1.0,1.0,1.0,1.0,1.0,-0.8,-0.5,-0.25,-0.16666667,-0.8,0.6607984,0.13375953,0.017406141,-0.104909465,0.071324795,-0.59554636,0.64674693,0.48498225,0.45286953,0.44422263,0.2,0.4,0.45,0.43333334,0.45,0.8,0.6,0.55,0.56666666,0.53333336,-0.6,-0.2,-0.1,-0.13333334,-0.083333336,0.069444634,0.33644858,0.38157886,0.41358933,0.414378,0.93055534,0.66355145,0.61842114,0.58641064,0.585622,-0.86111075,-0.32710287,-0.23684224,-0.17282133,-0.171244,1.6534333,1.4288361,1.1248105,0.99125487,1.0282288,0.4694395,1.000304,0.7751386,0.661339,0.55307984,0.61998796,1.312877,1.5495064,1.7469069,1.6167226,0.104406,0.5311713,0.50924253,0.49558884,0.5011273,0.895594,0.46882865,0.49075747,0.50441116,0.49887273,-0.791188,0.062342696,0.018485075,-0.0088223135,0.002254571
SZ300014,-0.15342005361538638,0.0,,2026-03-24,-0.020265516,0.074074104,-0.27358437,0.0034941065,0.04717042,0.05031448,0.67924523,0.026554856,0.35849044,1.0206847,1.0242511,0.94864476,0.9855857,0.97888803,0.8984298,0.91982895,0.8977157,0.9778868,0.98887277,0.98494995,0.9345921,0.9259051,0.9435624,0.027119879,0.019989869,0.055442292,0.047166422,0.04633634,0.013194969,0.0031616152,0.0075895097,0.0034953703,-0.0008996406,0.59180856,0.22930291,0.655863,0.42562014,0.114972636,-0.015262683,0.0008227622,-0.006692497,0.02341205,0.082977,1.0470753,1.0470753,1.0470753,1.0470753,1.0470753,0.94836074,0.8944346,0.8325206,0.8325206,0.8325206,1.0109239,1.0019963,0.98804694,0.97432417,0.9846752,0.9617703,0.968301,0.8778612,0.8850781,0.898287,0.6,0.8,0.9,0.93333334,0.9,0.5231172,0.6915943,0.78059083,0.78059083,0.78059083,0.8,0.9,0.95,0.96666664,0.98333335,0.2,0.1,0.45,0.6333333,0.81666666,0.6,0.8,0.5,0.33333334,0.16666667,0.96017724,0.6927029,0.797762,0.76044977,0.37841853,0.952459,0.9017941,0.61140484,0.5873821,0.49251142,0.4,0.5,0.5,0.56666666,0.53333336,0.6,0.5,0.5,0.43333334,0.46666667,-0.2,0.0,0.0,0.13333334,0.06666667,0.61111104,0.7131825,0.6073321,0.5976553,0.510558,0.38888893,0.2868175,0.3926679,0.40234467,0.48944196,0.22222215,0.42636502,0.21466422,0.19531064,0.021116061,0.98725206,0.9679492,0.7402646,0.6347178,0.6275642,0.39155334,0.31586793,0.34172192,0.31887662,0.2487491,1.4273648,1.2678982,1.4878647,1.5713643,1.3366307,0.59248495,0.5797833,0.553018,0.52559114,0.53336895,0.40751505,0.42021668,0.44698206,0.47440886,0.46663103,0.18496989,0.15956664,0.10603592,0.05118229,0.06673793
