instrument,avg_score,pos_ratio,real_label,datetime,KMID,KLEN,KMID2,KUP,KUP2,KLOW,KLOW2,KSFT,KSFT2,OPEN0,HIGH0,LOW0,VWAP0,ROC5,ROC10,ROC20,ROC30,ROC60,MA5,MA10,MA20,MA30,MA60,STD5,STD10,STD20,STD30,STD60,BETA5,BETA10,BETA20,BETA30,BETA60,RSQR5,RSQR10,RSQR20,RSQR30,RSQR60,RESI5,RESI10,RESI20,RESI30,RESI60,MAX5,MAX10,MAX20,MAX30,MAX60,MIN5,MIN10,MIN20,MIN30,MIN60,QTLU5,QTLU10,QTLU20,QTLU30,QTLU60,QTLD5,QTLD10,QTLD20,QTLD30,QTLD60,RANK5,RANK10,RANK20,RANK30,RANK60,RSV5,RSV10,RSV20,RSV30,RSV60,IMAX5,IMAX10,IMAX20,IMAX30,IMAX60,IMIN5,IMIN10,IMIN20,IMIN30,IMIN60,IMXD5,IMXD10,IMXD20,IMXD30,IMXD60,CORR5,CORR10,CORR20,CORR30,CORR60,CORD5,CORD10,CORD20,CORD30,CORD60,CNTP5,CNTP10,CNTP20,CNTP30,CNTP60,CNTN5,CNTN10,CNTN20,CNTN30,CNTN60,CNTD5,CNTD10,CNTD20,CNTD30,CNTD60,SUMP5,SUMP10,SUMP20,SUMP30,SUMP60,SUMN5,SUMN10,SUMN20,SUMN30,SUMN60,SUMD5,SUMD10,SUMD20,SUMD30,SUMD60,VMA5,VMA10,VMA20,VMA30,VMA60,VSTD5,VSTD10,VSTD20,VSTD30,VSTD60,WVMA5,WVMA10,WVMA20,WVMA30,WVMA60,VSUMP5,VSUMP10,VSUMP20,VSUMP30,VSUMP60,VSUMN5,VSUMN10,VSUMN20,VSUMN30,VSUMN60,VSUMD5,VSUMD10,VSUMD20,VSUMD30,VSUMD60
SH600926,0.129159163205831,1.0,,2026-04-27,-0.0029273543,0.01990636,-0.14705622,0.014636992,0.73529214,0.0023420155,0.11765162,-0.01522233,-0.7646968,1.002936,1.0176159,0.9976511,1.005694,1.0136465,1.0089486,0.9729306,1.0076063,0.90715885,1.0120357,1.0101118,1.0017338,0.99592835,0.9762453,0.009911029,0.008956481,0.013079087,0.017829984,0.028519444,-0.005950772,-0.00037150414,0.0016583393,0.0010830828,0.0013918047,0.9012582,0.015771171,0.56267804,0.28597167,0.7263974,-0.00013418765,-0.0084400475,-0.01748797,-0.011633074,-0.017303541,1.0317388,1.0317388,1.0317388,1.0317388,1.0317388,0.9824936,0.9824936,0.9690152,0.9425891,0.8838627,1.0210738,1.0159284,1.0138702,1.0122147,1.0054586,1.0037583,1.0,0.9888143,0.9815212,0.953915,0.2,0.25,0.475,0.55,0.7583333,0.35549468,0.35549468,0.49399003,0.64398336,0.7853691,0.2,0.6,0.8,0.8666667,0.93333334,0.6,0.8,0.05,0.2,0.033333335,-0.4,-0.2,0.75,0.6666667,0.9,-0.43969738,-0.032999303,0.21031962,0.010104399,-0.559301,-0.42004445,-0.036748063,0.092699066,-0.059805337,0.07485399,0.4,0.4,0.65,0.56666666,0.5833333,0.6,0.5,0.3,0.4,0.4,-0.2,-0.1,0.35,0.16666667,0.18333334,0.28965417,0.43710688,0.62075883,0.48346314,0.5966465,0.71034586,0.56289315,0.3792412,0.5165369,0.40335348,-0.42069167,-0.12578624,0.24151763,-0.033073727,0.19329302,1.0572728,0.92770267,0.89970744,0.9562774,1.2740108,0.4202516,0.3320798,0.33653057,0.32504392,0.6763772,0.86406,0.8755102,0.9702908,1.1827264,1.2228472,0.55333674,0.556984,0.52194935,0.4828762,0.47024786,0.4466633,0.44301596,0.47805065,0.5171238,0.52975214,0.10667343,0.11396805,0.0438987,-0.034247607,-0.05950428
SH601398,0.12092550181475392,1.0,,2026-04-27,-0.005297978,0.017218595,-0.30768934,0.009271544,0.53846115,0.002649072,0.15384948,-0.01192045,-0.69230103,1.0053262,1.0146471,0.9973368,1.00395,1.008,0.9813333,0.98506665,0.9584,0.96799994,1.00672,1.0016533,0.99776,0.99263996,0.97305775,0.006064543,0.008167922,0.0140251145,0.01519146,0.024581918,-0.0020799874,0.0015482872,0.00013874771,0.00073587,0.00095222,0.29407987,0.32937557,0.0034253646,0.18184644,0.45765996,-0.0025600141,-0.008620606,0.00092191965,-0.0033100897,-0.0011482452,1.0223874,1.0223874,1.0263726,1.0263726,1.0263726,0.9957544,0.9757612,0.9584262,0.95601285,0.9122835,1.0101334,1.0090667,1.0090667,1.0082133,0.9983999,1.0008533,0.99306667,0.98432,0.9768533,0.9482666,0.2,0.5,0.55,0.6666667,0.8333333,0.1594103,0.5198544,0.6118621,0.6251753,0.76884234,0.2,0.6,0.15,0.43333334,0.71666664,0.6,0.1,0.35,0.033333335,0.35,-0.4,0.5,-0.2,0.4,0.36666667,0.5752158,0.5790541,0.16198222,-0.17197315,-0.17379515,0.47107345,0.59830505,0.23124737,0.12662686,0.050155584,0.4,0.5,0.5,0.53333336,0.48333332,0.4,0.4,0.45,0.4,0.46666667,0.0,0.1,0.05,0.13333334,0.016666668,0.39130494,0.6174499,0.5414201,0.5724908,0.5331127,0.6086951,0.3825501,0.4585799,0.42750922,0.46688733,-0.21739012,0.2348998,0.08284018,0.14498158,0.06622536,1.0447239,1.0228015,1.2072346,1.3881943,1.4737236,0.07950219,0.11048899,0.33551407,0.44748214,0.47989017,0.6350078,0.6872568,0.8001258,1.1001892,1.0912741,0.3624562,0.47061086,0.46797174,0.47533825,0.4784672,0.6375438,0.52938914,0.53202826,0.5246617,0.5215328,-0.27508762,-0.05877828,-0.064056516,-0.0493235,-0.04306559
SH601298,0.11838116870705831,1.0,,2026-04-27,-0.01651983,0.03303966,-0.5,0.013215838,0.3999992,0.0033039919,0.100000784,-0.026431676,-0.7999984,1.0167973,1.0302352,0.9966405,1.0089344,0.98746866,0.9699248,0.9690893,1.0183792,0.95071006,1.0086883,0.9978279,0.98483706,0.9866611,1.0149679,0.00989543,0.014390404,0.018261543,0.01937931,0.03662066,0.0009189647,0.0038682602,0.0025068952,0.0002800861,-0.0014960294,0.021560973,0.6623641,0.659577,0.016188558,0.5090117,-0.010526314,-0.015235058,-0.008652578,0.009277682,0.029164923,1.0302352,1.0302352,1.0302352,1.0337379,1.1154326,0.9854423,0.96290535,0.9495727,0.94845283,0.9477842,1.0165414,1.0076859,1.0,1.0011696,1.0484544,1.0,0.9868003,0.96942353,0.96975774,0.97844607,0.3,0.65,0.825,0.78333336,0.40833333,0.32500058,0.55093956,0.6251647,0.60441035,0.3114603,1.0,1.0,1.0,0.033333335,0.16666667,0.2,0.1,0.3,0.2,0.016666668,0.8,0.9,0.7,-0.16666667,0.15,0.3397192,0.21655963,-0.48882365,-0.3828939,0.5555013,0.00085332716,-0.0434271,-0.21596466,-0.36886358,0.08077572,0.6,0.7,0.6,0.53333336,0.51666665,0.4,0.3,0.4,0.46666667,0.43333334,0.2,0.4,0.2,0.06666667,0.083333336,0.6086958,0.66363645,0.57142866,0.47355777,0.5347468,0.3913042,0.33636352,0.42857134,0.5264422,0.4652532,0.21739161,0.32727292,0.14285731,-0.052884486,0.06949361,0.8010751,0.78872555,0.9306009,0.9769996,1.5985352,0.18196397,0.13031822,0.24991384,0.24876447,1.1329281,0.58602166,0.6301702,1.0162662,1.0935123,1.905534,0.5642604,0.52502984,0.4929506,0.5028419,0.49915776,0.4357396,0.4749702,0.5070494,0.4971581,0.5008422,0.12852079,0.05005963,-0.014098818,0.0056837783,-0.0016844822
SH601288,0.10818387859376506,1.0,,2026-04-27,-0.014245059,0.024216568,-0.5882361,0.0071225297,0.29411805,0.002848979,0.11764587,-0.01851861,-0.7647083,1.0144509,1.0216764,0.99710983,1.0053426,1.0393041,0.95940727,0.9362114,0.9568299,0.9838918,1.0185567,1.0144975,0.9898196,0.97899485,0.9709085,0.013387513,0.018176885,0.030807223,0.031440448,0.026566623,-0.007925265,0.001972038,0.0038553234,0.0024084614,0.00057577895,0.87612826,0.10789545,0.5481312,0.4547824,0.14326455,-0.0027062052,-0.023371631,-0.026445182,-0.013917559,0.0121059865,1.053264,1.053264,1.053264,1.053264,1.053264,0.99710983,0.9536845,0.9280257,0.92484456,0.9145398,1.025,1.025,1.0179124,1.0125,0.98840207,1.0128866,1.0036082,0.95914954,0.9511598,0.9501289,0.2,0.2,0.575,0.71666664,0.85833335,0.05146811,0.4651105,0.5746985,0.5852339,0.6160437,0.2,0.6,0.8,0.8666667,0.93333334,1.0,0.1,0.05,0.26666668,0.35,-0.8,0.5,0.75,0.6,0.5833333,0.22469485,-0.28757802,0.09171583,0.11166637,0.21148138,-0.97746503,0.2424143,0.625165,0.39882338,0.41533485,0.2,0.6,0.5,0.5,0.48333332,0.8,0.4,0.5,0.5,0.51666665,-0.6,0.2,0.0,0.0,-0.033333335,0.030770237,0.66666645,0.6306067,0.56101996,0.5128999,0.96922976,0.33333355,0.36939332,0.43898,0.48710015,-0.9384595,0.33333287,0.2612134,0.12203996,0.025799701,1.0041162,1.3325576,1.3821106,1.4220825,1.5298319,0.11887332,0.42390424,0.4785991,0.49086884,0.56383526,0.9228143,0.97265553,1.1663097,1.2213919,1.2789961,0.3132819,0.46918643,0.5086576,0.49345452,0.4816159,0.6867181,0.5308136,0.4913424,0.5065455,0.5183841,-0.3734362,-0.061627153,0.017315196,-0.013090981,-0.03676822
SH600741,0.10651040508794711,1.0,,2026-04-27,-0.005502754,0.019009545,-0.2894732,0.013006518,0.6842098,0.0005002733,0.026316956,-0.018008998,-0.9473661,1.0055332,1.0186117,0.99949694,1.0076221,1.0155954,1.0352179,0.9094634,0.95372707,1.0397408,1.0207272,1.0247004,1.0112708,0.9820956,0.97259706,0.0126789,0.01085502,0.031895317,0.050795797,0.04048317,-0.006439066,-0.0024417466,0.0031329514,0.0045988956,0.0008758401,0.6447964,0.463822,0.33769256,0.6352624,0.14275798,-0.007849004,-0.013712499,-0.04103381,-0.048779607,0.0015656612,1.0402452,1.0442679,1.0442679,1.0442679,1.0442679,0.99949694,0.99949694,0.87273973,0.87273973,0.87273973,1.0269653,1.0334017,1.0334017,1.0297782,1.0169053,1.0161016,1.0192207,0.99969906,0.9269688,0.9422528,0.2,0.1,0.25,0.5,0.71666664,0.012345115,0.011235891,0.74192053,0.74192053,0.74192053,0.4,0.3,0.65,0.76666665,0.8833333,1.0,1.0,0.05,0.36666667,0.68333334,-0.6,-0.7,0.6,0.4,0.2,-0.16779195,0.1314222,-0.31644195,0.4074749,0.31352374,-0.3742301,-0.049835026,0.5233512,0.3434682,0.10000005,0.4,0.3,0.5,0.43333334,0.45,0.6,0.7,0.5,0.56666666,0.55,-0.2,-0.4,0.0,-0.13333334,-0.1,0.3523793,0.29411146,0.68214744,0.56823313,0.47262597,0.64762074,0.7058885,0.31785256,0.43176687,0.527374,-0.29524142,-0.41177705,0.36429486,0.13646626,-0.054748036,0.87660754,0.8964794,1.247633,1.0337256,0.9447977,0.13541377,0.16716348,0.6803339,0.6368274,0.53671885,0.65716404,0.6833223,2.270671,2.4697068,2.152418,0.5711459,0.49023658,0.53187954,0.51628995,0.5069968,0.42885414,0.5097634,0.46812043,0.48371008,0.49300322,0.14229174,-0.019526854,0.06375912,0.03257986,0.013993582
SH600377,0.10200328986927576,1.0,,2026-04-27,-0.018003333,0.022094913,-0.814818,0.0,0.0,0.00409158,0.18518198,-0.013911754,-0.62963605,1.0183334,1.0183334,0.9958334,1.0033271,0.98257685,0.95919305,1.0084823,1.0309491,0.9791381,1.0093994,0.9927327,0.9849152,0.99711144,1.0028352,0.007265905,0.019063398,0.019652717,0.025477372,0.02063839,-0.0008482432,0.0055006724,0.0011986635,-0.0013989767,-0.00039605465,0.03407229,0.76320714,0.13020192,0.23367558,0.11232033,-0.007702907,-0.017485758,0.0036974798,0.023173705,0.008848486,1.0201098,1.0201098,1.0201098,1.0467867,1.0467867,0.98176986,0.9576312,0.95585966,0.95585966,0.95585966,1.014718,1.0129299,1.0036223,1.0188905,1.0172398,1.0027511,0.9779918,0.9623109,0.97239804,0.98587805,0.2,0.6,0.75,0.53333336,0.38333333,0.47548738,0.67813367,0.68700814,0.4854482,0.4854482,0.8,0.9,0.95,0.06666667,0.53333336,0.2,0.1,0.5,0.6666667,0.8333333,0.6,0.8,0.45,-0.6,-0.3,-0.237665,0.49415654,0.2213627,0.25445244,0.22720163,0.5877788,0.62796116,0.2708762,0.14726426,0.17799847,0.6,0.7,0.5,0.53333336,0.5833333,0.4,0.3,0.45,0.43333334,0.38333333,0.2,0.4,0.05,0.1,0.2,0.6711706,0.7514123,0.476493,0.44835493,0.5186246,0.32882938,0.24858774,0.523507,0.5516451,0.48137543,0.3423412,0.5028245,-0.04701401,-0.10329016,0.03724915,1.3604182,1.1364226,1.3158108,1.4229263,1.4971683,0.5472819,0.47385556,0.52417874,0.54032475,0.57222825,1.1267707,1.2148716,1.030968,1.0665481,1.0145978,0.5388634,0.5340868,0.45548135,0.48997104,0.49821207,0.46113658,0.46591318,0.54451865,0.51002896,0.50178796,0.07772682,0.068173625,-0.0890373,-0.020057896,-0.0035758761
SH601825,0.09980419638109755,1.0,,2026-04-27,-0.013186852,0.029670365,-0.44444522,0.009890087,0.33333215,0.006593426,0.22222261,-0.016483514,-0.55555475,1.0133631,1.0233853,0.99331844,1.0041751,1.0176324,1.0209908,0.9907641,0.9806885,0.9529807,1.0070529,1.0153652,1.0152813,1.0057375,0.97481114,0.0120158335,0.01288075,0.010925749,0.017409677,0.034866825,-0.0030226642,-0.0033229096,-0.00029671015,0.0011934153,0.0017583017,0.15820204,0.6100511,0.025812518,0.36416945,0.77564293,-0.0010075797,-0.00041218783,-0.012462559,-0.023042025,-0.02668101,1.0290432,1.0421455,1.0421455,1.0421455,1.0421455,0.9743351,0.9743351,0.9743351,0.9560853,0.9132613,1.0171285,1.0221663,1.0216625,1.0189756,1.0147775,0.9979849,1.0080605,1.0063813,0.9905961,0.93904287,0.4,0.2,0.125,0.4,0.7,0.4691243,0.37848035,0.37848035,0.5102786,0.67299724,0.8,0.3,0.65,0.76666665,0.8833333,0.6,0.8,0.9,0.2,0.13333334,0.2,-0.5,-0.25,0.56666666,0.75,-0.5432651,-0.6570465,-0.38492244,-0.19900596,-0.2863024,-0.4867017,-0.3564617,-0.0228468,-0.09610349,0.020300271,0.4,0.4,0.5,0.46666667,0.5,0.6,0.5,0.45,0.5,0.46666667,-0.2,-0.1,0.05,-0.033333335,0.033333335,0.3793099,0.3999998,0.52244896,0.53168046,0.54011464,0.6206901,0.6000002,0.477551,0.46831954,0.4598854,-0.24138021,-0.2000004,0.044897947,0.063360944,0.080229245,0.83391285,0.6576074,0.63205755,0.6273808,0.71238464,0.36881447,0.31751573,0.24210306,0.22700389,0.32188994,0.8605892,1.203491,1.0400339,1.0195725,1.0742283,0.6500208,0.643361,0.56892747,0.5084953,0.50786525,0.34997922,0.35663903,0.43107256,0.49150473,0.49213478,0.30004156,0.28672194,0.1378549,0.016990514,0.01573047
SZ002415,0.09486587338252549,1.0,,2026-04-27,0.012518612,0.026229467,0.4772728,0.012518612,0.4772728,0.001192244,0.045454375,0.001192244,0.045454375,0.98763615,1.0123638,0.98645866,1.0012405,1.0158947,0.96114105,0.8934345,0.9402408,0.9446532,0.9915806,0.98993176,0.94910204,0.9368167,0.9363454,0.0053366376,0.011551898,0.04536097,0.042488363,0.03275707,0.0013261953,0.0013703578,0.0069667087,0.0034877758,0.00033073645,0.15439014,0.12899496,0.825579,0.52222633,0.031092376,0.0057670334,0.0039016085,-0.015285801,0.012610541,0.05389788,1.0200129,1.0388559,1.0388559,1.0388559,1.0388559,0.9802797,0.9637922,0.87135965,0.87017536,0.87017536,0.9943442,0.9943442,0.9892866,0.986167,0.9609037,0.98846346,0.9839274,0.8980892,0.89472985,0.9052726,1.0,0.9,0.95,0.96666664,0.98333335,0.496319,0.48236033,0.768019,0.7696477,0.7696477,0.2,0.5,0.75,0.8333333,0.9166667,0.8,0.1,0.05,0.23333333,0.6166667,-0.6,0.4,0.7,0.6,0.3,0.24363486,0.3318822,0.8141456,0.76645476,0.5940895,0.80725133,0.64072615,0.59128356,0.38805148,0.28473055,0.4,0.5,0.5,0.46666667,0.51666665,0.6,0.5,0.5,0.53333336,0.48333332,-0.2,0.0,0.0,-0.06666667,0.033333335,0.31998864,0.63923836,0.71196765,0.5788717,0.544474,0.6800114,0.36076164,0.28803238,0.4211283,0.45552602,-0.36002275,0.27847672,0.42393526,0.1577434,0.08894797,1.0464388,1.4089268,1.0406327,0.93398285,0.99873555,0.24281426,0.66150874,0.6333951,0.5451944,0.46559888,1.2015483,1.3113364,1.4439216,1.4260399,1.3705589,0.10126878,0.4782322,0.5352726,0.51294476,0.48059016,0.89873123,0.5217678,0.4647274,0.48705524,0.51940984,-0.7974624,-0.04353557,0.070545204,0.025889521,-0.038819697
SH601328,0.0807902441783101,1.0,,2026-04-27,-0.0071736407,0.017216653,-0.4166687,0.010043012,0.5833313,0.0,0.0,-0.017216653,-1.0,1.0072255,1.017341,1.0,1.007595,1.0191387,0.989899,0.99415207,0.989899,0.969697,1.0081872,1.0064859,1.0045986,1.0000886,0.98332447,0.005244055,0.0069488226,0.010376712,0.012226398,0.020855375,-0.0027113212,0.0007668383,-4.9965376e-05,0.0005453511,0.0009967908,0.66829395,0.11163403,0.0008114968,0.15419032,0.6967419,-0.0027644844,-0.009936678,-0.0041239425,-0.007996197,-0.012729817,1.0273587,1.0273587,1.0304846,1.0304846,1.0304846,1.0,0.98577845,0.97689307,0.96240395,0.93640715,1.0109516,1.0109516,1.0120149,1.010101,1.0019139,1.0059543,1.0,0.99861777,0.99117494,0.9611909,0.2,0.25,0.375,0.55,0.775,0.0,0.3420276,0.43116826,0.5522287,0.67596316,0.2,0.6,0.1,0.4,0.7,1.0,0.1,0.5,0.2,0.083333336,-0.8,0.5,-0.4,0.2,0.6166667,0.345107,0.20076114,0.40482262,-0.19049242,-0.51726407,0.22332308,0.4564858,0.48681998,-0.07470414,0.080956616,0.2,0.5,0.5,0.56666666,0.53333336,0.8,0.5,0.45,0.4,0.41666666,-0.6,0.0,0.05,0.16666667,0.11666667,0.10869565,0.58878505,0.52140075,0.52235293,0.53437877,0.8913044,0.41121495,0.47859922,0.47764707,0.46562123,-0.7826087,0.17757009,0.042801555,0.044705883,0.06875754,1.0304137,1.0796943,1.1693434,1.2564768,1.5029075,0.1469358,0.15771441,0.27503458,0.29483846,0.5611464,0.6165028,0.69932944,0.73648393,1.3576571,1.1902989,0.3974598,0.5222201,0.47405463,0.4507891,0.4835515,0.6025402,0.47777992,0.52594537,0.5492109,0.5164485,-0.20508039,0.04444017,-0.0518907,-0.09842178,-0.032896984
SH601658,0.07987464894353836,1.0,,2026-04-27,-0.0038684832,0.01934232,-0.20000099,0.011605354,0.59999806,0.0038684832,0.20000099,-0.011605354,-0.59999806,1.0038835,1.0155339,0.9961165,1.004281,1.0057062,0.9700428,0.98288155,0.98716116,0.9885877,1.0059915,0.9978602,0.9919401,0.9897765,0.98640037,0.0049826372,0.011317775,0.012727996,0.013734449,0.0143075045,-0.0022824414,0.0026715128,0.0008441217,0.00047191454,0.00013674784,0.5245909,0.51074463,0.15394235,0.0914968,0.027862048,-0.0014265378,-0.009881982,4.07773e-05,0.0033807503,0.009565584,1.0245029,1.0245029,1.0245029,1.0245029,1.0245029,0.9961165,0.9678507,0.9622669,0.9467008,0.9467008,1.009415,1.0062767,1.0057062,1.0031384,1.0005707,1.0022825,0.98430806,0.981455,0.981455,0.97517836,0.2,0.5,0.7,0.76666665,0.8,0.13680863,0.56748563,0.6062904,0.685061,0.685061,0.2,0.6,0.8,0.8666667,0.93333334,1.0,0.1,0.5,0.2,0.6,-0.8,0.5,0.3,0.6666667,0.33333334,0.70462775,0.31972107,0.41942236,0.082193926,-0.10542617,0.22109328,0.7665387,0.74558306,0.21161343,0.14311452,0.4,0.5,0.4,0.43333334,0.45,0.6,0.4,0.55,0.53333336,0.51666665,-0.2,0.1,-0.15,-0.1,-0.06666667,0.4090898,0.67796654,0.55660397,0.523077,0.5114943,0.5909102,0.32203346,0.443396,0.47692302,0.48850572,-0.1818204,0.3559331,0.11320797,0.046153974,0.022988576,1.1345525,1.2519349,1.2705855,1.3367946,1.4063927,0.331263,0.45274356,0.38146093,0.38227752,0.38485494,0.5358879,1.0553474,0.9624153,1.1073178,1.0184501,0.06276484,0.4820313,0.49971887,0.47575262,0.49504557,0.9372352,0.5179687,0.5002811,0.52424735,0.5049544,-0.8744703,-0.03593741,-0.00056224316,-0.04849474,-0.009908841
SH601012,0.07941561103706658,1.0,,2026-04-27,-0.009248585,0.017919093,-0.5161302,0.0075144623,0.41935503,0.0011560456,0.06451474,-0.015607002,-0.87097055,1.0093349,1.0169195,0.9988332,1.0040334,1.0297536,1.0314986,1.0805063,1.1009436,1.0262637,1.0175091,1.0194346,1.0148236,1.0405145,1.0598755,0.010731864,0.0084562795,0.020069938,0.041020617,0.040003162,-0.006187346,-0.0011498868,9.482232e-05,-0.0034174323,-0.0015234015,0.83099514,0.16949736,0.00078126264,0.53789455,0.4423234,-0.005134418,-0.0142600285,-0.015724396,0.009038338,-0.014935149,1.0379431,1.0385051,1.083444,1.1435429,1.1697894,0.9988332,0.9988332,0.95624155,0.95624155,0.95624155,1.0243944,1.0243944,1.0269617,1.083322,1.0974535,1.0116649,1.0144687,0.99976933,1.0123688,1.0232233,0.2,0.1,0.25,0.16666667,0.083333336,0.029834801,0.029412178,0.3440065,0.23362592,0.20491165,0.6,0.5,0.05,0.16666667,0.033333335,1.0,1.0,0.3,0.53333336,0.76666665,-0.4,-0.5,-0.25,-0.36666667,-0.73333335,-0.3458461,0.11189858,0.15304491,0.77714396,0.76949424,0.08246604,0.33223444,0.34691578,0.44331414,0.6007771,0.0,0.2,0.35,0.36666667,0.43333334,1.0,0.8,0.65,0.6333333,0.56666666,-1.0,-0.6,-0.3,-0.26666668,-0.13333334,0.0,0.2785866,0.37678802,0.3900664,0.48822153,1.0,0.7214134,0.623212,0.6099336,0.5117785,-1.0,-0.44282678,-0.24642396,-0.21986724,-0.023556918,0.920029,0.9772934,1.2003756,1.6516243,1.9382901,0.16407354,0.17388564,0.3613663,0.8746833,1.0073361,1.0082809,0.6939637,1.002923,0.96632785,1.6303462,0.40837327,0.32833105,0.43270636,0.42517224,0.4892106,0.59162676,0.67166895,0.56729364,0.5748278,0.5107894,-0.18325348,-0.3433379,-0.13458729,-0.14965554,-0.021578813
SH601018,0.07058050454022852,1.0,,2026-04-27,-0.010416666,0.023437537,-0.4444437,0.010416666,0.4444437,0.002604206,0.11111261,-0.018229125,-0.77777475,1.0105263,1.0210526,0.9973684,1.0084226,1.0112782,1.0263158,1.0845864,1.1071428,0.9736842,1.0071429,1.012594,1.0326128,1.0505012,1.0637218,0.0046804002,0.008361771,0.026119122,0.035220418,0.042705145,-0.0026315707,-0.0022670284,-0.0041480563,-0.00370169,-0.0005279242,0.7903221,0.6737966,0.882755,0.8560769,0.04661037,-0.0018797071,-0.0023923444,0.0067937723,0.0031732696,-0.048148017,1.0236841,1.0360844,1.1086687,1.1270748,1.1447368,0.9973684,0.9973684,0.9973684,0.9973684,0.9654145,1.0086466,1.0169172,1.0541353,1.0857142,1.0992482,1.0060151,1.0075188,1.0105263,1.012782,1.0195489,0.2,0.1,0.05,0.033333335,0.06666667,0.10000152,0.067972235,0.023644317,0.020289043,0.19286785,0.2,0.2,0.1,0.033333335,0.43333334,1.0,1.0,1.0,1.0,0.016666668,-0.8,-0.8,-0.9,-0.96666664,0.41666666,-0.6443878,-0.29400274,0.45428735,0.4883822,0.15263972,-0.27847943,0.055447746,0.19872648,-0.34509048,0.11083115,0.2,0.2,0.2,0.33333334,0.45,0.4,0.5,0.55,0.5,0.4,-0.2,-0.3,-0.35,-0.16666667,0.05,0.124998,0.266666,0.2222217,0.33526006,0.52034885,0.87500197,0.733334,0.7777783,0.6647399,0.47965115,-0.750004,-0.46666798,-0.5555566,-0.32947984,0.04069768,0.6856946,0.6595203,0.71306205,0.7855976,1.1246285,0.19001068,0.13131736,0.1283042,0.18358292,0.54458976,1.3523693,0.97441065,0.86696595,1.2512652,1.3055481,0.7150005,0.5784832,0.529423,0.5039167,0.50316626,0.2849995,0.42151678,0.470577,0.4960833,0.4968337,0.43000102,0.15696648,0.05884597,0.007833412,0.0063325684
SH600660,0.06731778736153249,1.0,,2026-04-27,0.008995248,0.041412063,0.21721321,0.027664652,0.66803366,0.004752164,0.11475312,-0.013917241,-0.33606732,0.99108493,1.027418,0.98637515,1.0124379,1.0119414,0.9648433,0.9703948,1.0010092,1.0282578,1.0059199,1.000352,0.9849612,0.9768087,0.9973133,0.009377075,0.010985538,0.01826288,0.022396432,0.029799545,-0.0048105563,0.0017035742,0.0025410634,0.001694879,-0.0010139126,0.6579544,0.22044024,0.67757994,0.44383487,0.35308692,0.0037011374,-0.008018161,-0.0091013145,-0.0013844464,0.032597132,1.027753,1.027753,1.027753,1.027753,1.0669466,0.9791415,0.9663572,0.952396,0.9209416,0.9209416,1.0132536,1.012076,1.0016482,0.9946831,1.0175264,0.9985868,0.9921264,0.9655168,0.95865345,0.970361,0.4,0.6,0.8,0.8666667,0.55,0.42908627,0.54796624,0.6317135,0.7401686,0.5414772,0.2,0.6,0.8,0.8666667,0.05,0.4,0.1,0.05,0.2,0.6,-0.2,0.5,0.75,0.6666667,-0.55,0.39553282,0.6428353,0.70029324,-0.008254377,0.34013766,0.4013826,0.64170057,0.5742331,0.20003663,0.07130456,0.6,0.7,0.5,0.53333336,0.51666665,0.4,0.3,0.5,0.46666667,0.48333332,0.2,0.4,0.0,0.06666667,0.033333335,0.32341915,0.68897086,0.587824,0.49835354,0.4789695,0.67658085,0.31102914,0.412176,0.50164646,0.5210305,-0.3531617,0.3779417,0.17564796,-0.0032929261,-0.042061,0.92806756,0.83631474,0.7170081,0.8605151,0.96298075,0.288041,0.26731136,0.22860138,0.39024514,0.42020655,0.70262516,0.9828401,0.9729582,1.1935676,1.2814542,0.46894586,0.5700009,0.50832486,0.5219662,0.49929187,0.53105414,0.4299991,0.49167514,0.47803375,0.50070816,-0.062108308,0.14000177,0.01664974,0.04393248,-0.001416273
SZ000999,0.06121027766524646,0.875,,2026-04-27,-0.03311009,0.03571425,-0.9270835,0.0,0.0,0.002604159,0.07291653,-0.030505931,-0.8541669,1.034244,1.034244,0.99730664,1.0094575,1.0596191,1.0531043,1.0758069,1.1204225,1.0888363,1.0410225,1.0525911,1.0660003,1.0808607,1.0972971,0.023411503,0.020921824,0.02266054,0.03095324,0.03268777,-0.012358103,-0.005156688,-0.0030930908,-0.0031488724,-0.00092406326,0.69660246,0.5568702,0.652098,0.80204666,0.2437433,-0.016306393,-0.029385956,-0.036616027,-0.035202067,-0.07003721,1.0654289,1.0803612,1.1115671,1.1562152,1.1731036,0.99730664,0.99730664,0.99730664,0.99730664,0.99730664,1.0542691,1.0616128,1.0830323,1.1073735,1.1283585,1.0356925,1.0486428,1.0534202,1.0568749,1.0724311,0.2,0.1,0.05,0.033333335,0.016666668,0.039536808,0.032428514,0.023571905,0.016948966,0.015320728,0.2,0.3,0.2,0.16666667,0.43333334,1.0,1.0,1.0,1.0,1.0,-0.8,-0.7,-0.8,-0.8333333,-0.56666666,-0.9667479,-0.35473946,0.0019529377,-0.02724329,0.15493347,-0.9856234,-0.39445266,-0.10896465,0.034177355,0.24091765,0.0,0.3,0.4,0.36666667,0.4,1.0,0.7,0.6,0.6333333,0.5833333,-1.0,-0.4,-0.2,-0.26666668,-0.18333334,0.0,0.2585286,0.35253492,0.33593357,0.43370658,1.0,0.7414714,0.64746505,0.66406643,0.5662934,-1.0,-0.48294285,-0.29493013,-0.32813287,-0.13258684,0.4086206,0.41066435,0.4239099,0.41873258,0.4386643,0.3307888,0.25037032,0.18503341,0.16761124,0.21240772,2.0145826,1.8529551,1.4470049,1.3968731,1.7845085,0.95163715,0.6826337,0.6032636,0.58976334,0.54606557,0.048362847,0.31736627,0.3967364,0.41023666,0.45393443,0.9032743,0.36526746,0.20652719,0.17952669,0.09213111
SH603392,0.05683089496051794,1.0,,2026-04-27,0.022879155,0.03110537,0.7355372,0.0010282766,0.03305785,0.0071979365,0.23140496,0.029048815,0.9338843,0.9776326,1.0010053,0.97059566,0.98868185,1.0191321,0.9646057,1.0035655,0.9990434,1.104096,0.9816332,0.98854685,0.98926866,0.9959446,1.0154797,0.011388708,0.014161068,0.016378006,0.01830527,0.04249669,0.0034611616,-0.00070046633,-0.00075508445,-0.0012506777,-0.001753079,0.23090583,0.022428175,0.07439385,0.36177644,0.5190302,0.01144448,0.014605232,0.017904632,0.02219021,0.036236186,1.0171262,1.0249127,1.0249127,1.0455303,1.1807218,0.9625897,0.95804536,0.95804536,0.95804536,0.9513088,0.98615533,0.9974259,1.0024524,1.0134795,1.0434995,0.9763632,0.978172,0.97406733,0.978172,0.9821724,1.0,0.9,0.75,0.56666666,0.4,0.6859684,0.6274311,0.6274311,0.47956374,0.21224268,0.2,0.5,0.75,0.06666667,0.033333335,0.8,0.1,0.55,0.7,0.38333333,-0.6,0.4,0.2,-0.6333333,-0.35,0.45124593,0.5672301,0.42500028,0.34284806,0.5703324,0.060740385,0.09335777,0.28600174,0.22890417,0.34964877,0.4,0.6,0.55,0.53333336,0.5,0.6,0.4,0.45,0.46666667,0.5,-0.2,0.2,0.1,0.06666667,0.0,0.38172024,0.62822914,0.4943942,0.5010554,0.44344702,0.61827976,0.37177086,0.5056058,0.49894458,0.556553,-0.23655951,0.25645828,-0.0112115955,0.0021108645,-0.11310597,0.91042376,0.9833411,0.9408072,0.9469018,1.0448965,0.40650663,0.33085194,0.26782855,0.23821329,0.59595174,1.1879774,1.0520418,0.8789985,0.8312707,1.757731,0.43418777,0.5368022,0.5037209,0.522257,0.49068254,0.56581223,0.46319783,0.49627912,0.477743,0.50931746,-0.13162445,0.073604316,0.0074417437,0.044514,-0.018634895
SZ002179,0.0561749492112874,0.75,,2026-04-27,0.06762999,0.08265891,0.8181815,0.0034682243,0.04195826,0.0115606915,0.1398602,0.07572246,0.91608346,0.9366541,1.0032486,0.9258257,0.9786188,0.99378294,0.9945938,0.8995711,0.9626433,0.9967563,0.979215,0.9778887,0.9619306,0.94760567,0.9511744,0.017911445,0.015069011,0.034117907,0.037516102,0.032249637,-0.0005676641,0.0003957932,0.0038654755,0.00280517,0.00024847547,0.0025110864,0.006323808,0.44927177,0.4332959,0.01810578,0.021920292,0.0203302,0.0013474098,0.011719348,0.04149561,1.0032486,1.0032486,1.0148972,1.0148972,1.030322,0.9258257,0.9258257,0.8868546,0.8757557,0.8757557,0.98917323,0.9894436,0.9939451,0.986845,0.9781266,0.96703666,0.9651446,0.92231315,0.90693796,0.9272328,1.0,1.0,1.0,1.0,0.95,0.9580417,0.9580417,0.8836542,0.8929347,0.8038255,1.0,1.0,0.5,0.6666667,0.48333332,1.0,1.0,0.05,0.23333333,0.6166667,0.0,0.0,0.45,0.43333334,-0.13333334,0.43309176,0.5376139,0.71333325,0.67777276,0.6961983,0.741345,0.7847514,0.81582683,0.6860663,0.60409635,0.2,0.3,0.4,0.36666667,0.41666666,0.8,0.7,0.6,0.6333333,0.5833333,-0.6,-0.4,-0.2,-0.26666668,-0.16666667,0.53555936,0.51835537,0.6605958,0.53867674,0.50166595,0.46444067,0.4816446,0.3394042,0.46132326,0.49833402,0.07111867,0.03671078,0.32119158,0.07735347,0.0033319346,0.51536345,0.48414198,0.51230115,0.4726459,0.52777326,0.27516866,0.2006809,0.26412195,0.2298459,0.27570337,1.5263448,1.5124028,1.4427906,1.3308444,1.4228065,0.69002295,0.6843706,0.6129288,0.49429464,0.52437925,0.30997708,0.31562942,0.3870712,0.50570536,0.47562078,0.38004583,0.36874112,0.22585762,-0.011410705,0.04875847
SZ002736,0.055245327555191945,1.0,,2026-04-27,-0.015440539,0.02179836,-0.7083349,0.00363306,0.16666667,0.0027247604,0.12499841,-0.016348839,-0.75000316,1.0156827,1.0193727,0.9972325,1.0055773,1.0576247,1.1011946,1.0449754,1.1264933,1.1609277,1.0258609,1.0659873,1.0588897,1.0689389,1.1034435,0.018859133,0.047973685,0.03801684,0.044440374,0.047948256,-0.011665498,-0.014859772,-4.1214098e-05,-0.0018815314,-0.0020843223,0.95653987,0.8794873,4.113463e-05,0.13892144,0.57634693,-0.0025298821,0.0008816045,-0.05849816,-0.041656677,-0.041955944,1.0571878,1.1387893,1.1387893,1.22663,1.22663,0.9972325,0.9972325,0.9972325,0.9972325,0.9972325,1.0431483,1.1153901,1.1030217,1.1153901,1.1464512,1.0118061,1.0248771,1.0274069,1.0337316,1.0442727,0.2,0.1,0.05,0.033333335,0.016666668,0.0461593,0.019550402,0.019550402,0.012064178,0.012064178,0.2,0.3,0.65,0.06666667,0.53333336,1.0,1.0,1.0,1.0,1.0,-0.8,-0.7,-0.35,-0.93333334,-0.46666667,-0.033264868,-0.43871364,0.08698486,0.42272675,0.20060387,-0.05430277,-0.68783724,0.07667228,0.34605616,0.29376042,0.0,0.3,0.35,0.36666667,0.41666666,1.0,0.7,0.65,0.6333333,0.5833333,-1.0,-0.4,-0.3,-0.26666668,-0.16666667,0.0,0.18695657,0.43043482,0.39051095,0.41448838,1.0,0.8130434,0.5695652,0.609489,0.5855116,-1.0,-0.62608683,-0.13913035,-0.21897809,-0.17102325,0.89632714,0.93979853,0.7707547,0.9367614,0.8580918,0.08759801,0.5141889,0.44621003,0.65136707,0.50650173,0.5249048,1.8122485,1.716589,1.5353016,1.6665901,0.12659734,0.5442584,0.53738904,0.51066154,0.49951452,0.87340266,0.45574158,0.46261093,0.48933846,0.5004855,-0.7468053,0.088516824,0.07477811,0.021323092,-0.0009709641
SH601995,0.05149849231333803,0.875,,2026-04-27,0.007102687,0.015685113,0.4528298,0.0073986347,0.47169787,0.0011837919,0.07547232,0.0008878439,0.05660424,0.9929474,1.0073465,0.99177194,1.0005782,0.9945761,0.98173,0.96146166,1.0039966,1.0308307,0.99885815,0.99503285,0.9766629,0.9769531,0.99705017,0.004915546,0.0065571014,0.02129882,0.021596238,0.026202053,-0.00042820539,0.0014429177,0.0032288115,0.00067699846,-0.0010105893,0.018971456,0.44388536,0.80434495,0.07615893,0.4537102,0.001998266,-0.0015259848,-0.0073365946,0.013230414,0.032762215,1.0107546,1.0107546,1.0107546,1.0134497,1.0413502,0.98820364,0.9759979,0.937986,0.937986,0.937986,1.002398,1.0003997,0.9966315,0.99748784,1.0191835,0.99577504,0.99052244,0.9533543,0.9533543,0.9662004,0.6,0.8,0.9,0.85,0.425,0.5230993,0.6905755,0.8522087,0.82177293,0.5999562,0.6,0.8,0.9,0.06666667,0.033333335,0.8,0.1,0.3,0.53333336,0.76666665,-0.2,0.7,0.6,-0.46666667,-0.73333335,0.8511991,0.7450951,0.5608654,0.5208068,0.5925283,0.8466163,0.8133217,0.7390646,0.36518705,0.28302595,0.8,0.6,0.5,0.5,0.46666667,0.2,0.4,0.5,0.5,0.51666665,0.6,0.2,0.0,0.0,-0.05,0.58878464,0.6649485,0.619469,0.49256897,0.46351346,0.41121534,0.33505148,0.38053098,0.50743103,0.5364865,0.17756931,0.32989705,0.23893802,-0.014862076,-0.07297305,1.0351677,0.9658446,0.92258126,1.0084479,1.2223864,0.17215759,0.2170357,0.32588583,0.36249676,0.49742165,0.65106755,0.9664335,1.2019603,1.3733052,1.2873609,0.63311094,0.49934882,0.5148554,0.4890592,0.49185815,0.36688906,0.5006512,0.48514462,0.5109408,0.5081419,0.26622188,-0.0013023373,0.029710758,-0.021881595,-0.016283719
SH601985,0.05060412481977554,0.875,,2026-04-27,-0.0011073856,0.0110741705,-0.09999716,0.0077519086,0.69999903,0.002214876,0.20000379,-0.0066444185,-0.59999245,1.0011086,1.0088692,0.99778265,1.0027655,0.97204685,0.9630297,1.0153291,1.0243462,0.99098283,0.99891794,0.9837691,0.9827322,0.9895401,0.977367,0.008492409,0.017187856,0.017641498,0.020262253,0.023965854,0.0036970316,0.005104251,7.2543946e-05,-0.0007289941,0.0006689565,0.47378847,0.8084107,0.0005918335,0.10031693,0.23763463,-0.006311993,-0.0067382534,0.016578678,0.021030318,0.002898817,1.0103335,1.0103335,1.0224591,1.046459,1.046459,0.9707535,0.9597051,0.95797354,0.95797354,0.93806213,1.0059513,1.0010821,1.0007213,1.0059513,1.0021641,0.9924256,0.9698827,0.96483314,0.97006303,0.9549143,0.6,0.8,0.8,0.6666667,0.78333336,0.7389216,0.79589534,0.6517191,0.47495374,0.5713994,0.6,0.8,0.1,0.26666668,0.6333333,0.2,0.4,0.45,0.6333333,0.3,0.4,0.4,-0.35,-0.36666667,0.33333334,0.0058688936,0.674726,0.73954284,0.7380464,0.65622854,0.9730057,0.47336656,0.3515581,0.5351286,0.28611606,0.6,0.6,0.45,0.43333334,0.43333334,0.4,0.4,0.55,0.56666666,0.55,0.2,0.2,-0.1,-0.13333334,-0.11666667,0.81632674,0.75949377,0.45086712,0.4551495,0.5098425,0.18367328,0.24050622,0.5491329,0.54485047,0.49015746,0.6326535,0.51898754,-0.09826574,-0.08970098,0.019685077,1.3911936,1.1786032,1.1246678,1.4958462,1.4273278,0.2741675,0.31917813,0.28782022,0.77207834,0.78771406,0.7783033,0.88212913,0.8308765,1.1954136,1.2149343,0.43679458,0.55946296,0.43591166,0.4125222,0.49558452,0.5632054,0.44053704,0.56408834,0.5874778,0.5044155,-0.12641084,0.11892595,-0.1281767,-0.17495559,-0.008830994
SH600999,0.04736135428340443,1.0,,2026-04-27,-0.0012986881,0.020779246,-0.06249929,0.01818187,0.87500143,0.0012986881,0.06249929,-0.01818187,-0.87500143,1.0013003,1.0195059,0.9986996,1.0059416,1.016253,1.0286644,0.99527186,1.0390071,1.0921985,1.00461,1.015662,1.0162234,1.0148937,1.048818,0.005919788,0.013332474,0.012810738,0.017288443,0.041410334,-0.0033392562,-0.0043233717,-0.00024218252,-0.00014200112,-0.0020506578,0.7954761,0.963907,0.012508503,0.005228457,0.7479435,0.0020685736,0.003793239,-0.013922661,-0.012834589,0.011676458,1.0226359,1.039539,1.0526619,1.0603428,1.1278951,0.9916062,0.9916062,0.98569643,0.9706265,0.9706265,1.0068558,1.0304374,1.0304374,1.0326241,1.0957447,0.9998818,1.0035461,1.0043144,0.9998818,1.0109338,0.4,0.2,0.15,0.25,0.125,0.2705097,0.17511669,0.21359605,0.32740435,0.1867728,0.4,0.2,0.45,0.06666667,0.1,0.8,0.9,0.05,0.2,0.6,-0.4,-0.7,0.4,-0.13333334,-0.5,-0.70802486,-0.6328019,-0.025554487,0.12623334,0.5851117,-0.5211164,-0.22449532,0.37301406,0.11256516,0.08127392,0.4,0.3,0.35,0.36666667,0.38333333,0.6,0.6,0.55,0.56666666,0.56666666,-0.2,-0.3,-0.2,-0.2,-0.18333334,0.06349489,0.17449749,0.51503766,0.43096244,0.41702127,0.93650514,0.8255025,0.48496237,0.56903756,0.5829787,-0.8730102,-0.651005,0.030075267,-0.13807511,-0.16595745,0.74633104,0.6341758,0.61256564,0.6251928,0.8129892,0.282491,0.23634765,0.2481545,0.2596586,0.3948254,1.3375424,1.0588694,1.2051022,1.3687,1.1168782,0.59333146,0.5961834,0.56105393,0.5111743,0.50721043,0.40666854,0.40381655,0.43894607,0.48882565,0.49278954,0.18666293,0.19236688,0.122107886,0.022348687,0.014420917
SH600039,0.04420433589363108,0.875,,2026-04-27,-0.068437204,0.072522976,-0.94366246,0.0020428833,0.028168777,0.0020428833,0.028168777,-0.068437204,-0.94366246,1.073465,1.075658,0.997807,1.0249113,1.0822439,1.0132259,1.089921,1.0910611,1.1162968,1.0778809,1.0661523,1.0594102,1.0633374,1.0734456,0.043601993,0.033937506,0.032330576,0.029603744,0.029126313,-0.018972332,0.0026484027,0.00031878622,-0.0004189318,-0.0003708316,0.47333512,0.055823833,0.0034028296,0.01552012,0.04944044,-0.039936163,-0.07807016,-0.062438656,-0.05726291,-0.06250607,1.1272253,1.1272253,1.1272253,1.1272253,1.1656379,0.997807,0.997807,0.997807,0.997807,0.997807,1.098267,1.0967468,1.0967468,1.0947704,1.0967468,1.0754637,1.0401946,1.033612,1.0366677,1.0517939,0.2,0.1,0.05,0.033333335,0.016666668,0.01694478,0.01694478,0.01694478,0.01694478,0.013066513,0.2,0.6,0.8,0.8666667,0.41666666,1.0,1.0,1.0,1.0,1.0,-0.8,-0.4,-0.2,-0.13333334,-0.5833333,-0.96588975,-0.5375898,-0.29248145,-0.3030326,-0.010301479,-0.9624614,-0.8155874,-0.63645744,-0.58728707,-0.43404695,0.6,0.8,0.55,0.53333336,0.51666665,0.4,0.2,0.4,0.4,0.43333334,0.2,0.6,0.15,0.13333334,0.083333336,0.15628934,0.46494746,0.37940872,0.41935918,0.43960205,0.84371066,0.53505254,0.6205913,0.5806408,0.5603979,-0.6874213,-0.07010508,-0.24118255,-0.16128162,-0.120795876,0.42651218,0.34328374,0.31967896,0.3100753,0.31469023,0.32519433,0.2364649,0.17761269,0.14659719,0.13229741,2.0396924,2.39822,2.248344,2.1273854,2.0365036,0.8457385,0.7845269,0.6615751,0.61826706,0.56814754,0.15426153,0.21547312,0.3384249,0.38173294,0.43185246,0.69147694,0.56905377,0.3231502,0.2365341,0.1362951
SH601728,0.04262942047883991,0.875,,2026-04-27,0.015254259,0.020339046,0.74999875,0.0016948951,0.083332084,0.003389892,0.16666918,0.016949257,0.8333358,0.9849749,1.0016694,0.981636,0.99319226,0.97520655,0.9683195,0.95179063,1.0316805,0.9738292,0.9950413,0.98484844,0.97059226,0.97681355,0.9759641,0.005972324,0.01193757,0.017882764,0.022894934,0.021944147,-0.00055095175,0.0033057895,0.0028987767,-0.00028651356,0.00015549923,0.021275532,0.702959,0.91966194,0.0121370545,0.015315069,0.0060606096,0.0002755014,0.0018693794,0.027340898,0.019448625,1.0042223,1.0042223,1.0042223,1.0457183,1.0457183,0.96253717,0.961932,0.9332174,0.9332174,0.9332174,1.0002755,0.9966942,0.98815423,0.9966942,0.9961432,0.98980707,0.9749311,0.95151514,0.95619833,0.95730025,0.8,0.9,0.95,0.8333333,0.8333333,0.898709,0.90015846,0.94053465,0.5936184,0.5936184,0.6,0.8,0.9,0.033333335,0.51666665,0.8,0.1,0.05,0.36666667,0.68333334,-0.2,0.7,0.85,-0.33333334,-0.16666667,0.23114586,0.6573402,0.41151258,0.48383448,0.36762196,0.62254536,0.5943868,0.45631292,0.16227733,0.37626573,0.6,0.6,0.65,0.5,0.48333332,0.4,0.4,0.35,0.5,0.48333332,0.2,0.2,0.3,0.0,0.0,0.69565195,0.68852484,0.6804123,0.4357542,0.5244216,0.30434802,0.31147513,0.3195877,0.5642458,0.4755784,0.39130393,0.3770497,0.3608246,-0.1284916,0.048843194,1.293062,1.1468233,1.0880399,1.2610518,1.6374964,0.33006406,0.29425532,0.25987345,0.4298992,0.8687626,0.9375459,1.2020333,1.2025946,1.2567036,1.6814309,0.47995436,0.5138956,0.4928245,0.36385992,0.4775224,0.52004564,0.48610443,0.5071755,0.63614005,0.5224776,-0.040091302,0.027791154,-0.014351011,-0.27228013,-0.044955205
SH601988,0.04249729344274275,1.0,,2026-04-27,-0.0068965172,0.015517284,-0.444441,0.0068965773,0.44444486,0.0017241896,0.11111414,-0.012068905,-0.7777717,1.0069444,1.0138888,0.99826384,1.0041372,1.0248655,0.98790324,0.96706986,0.9361559,0.9206989,1.0126344,1.0096102,1.0061492,0.98911285,0.95891577,0.010809227,0.010771559,0.014574874,0.027911985,0.03664015,-0.006451604,0.0008105274,0.00024203847,0.0024247381,0.001831938,0.890607,0.051902674,0.009652221,0.58485734,0.7624421,0.00026881075,-0.013257568,-0.008448532,-0.024271576,-0.012957916,1.0365148,1.0365148,1.036796,1.036796,1.036796,0.99826384,0.9813997,0.96370614,0.923998,0.90815157,1.0172043,1.0162634,1.0194892,1.0114247,1.0026882,1.0069892,1.0016129,0.99381715,0.9596774,0.92741936,0.2,0.2,0.35,0.56666666,0.78333336,0.045388807,0.3374809,0.4965649,0.6737883,0.71397114,0.2,0.6,0.2,0.46666667,0.73333335,1.0,0.1,0.05,0.2,0.033333335,-0.8,0.5,0.15,0.26666668,0.7,0.7579633,0.4322357,0.27636045,-0.2516117,-0.06872626,-0.09986309,0.7144053,0.71116954,0.46904004,0.3029846,0.2,0.4,0.4,0.46666667,0.5,0.8,0.5,0.5,0.43333334,0.38333333,-0.6,-0.1,-0.1,0.033333335,0.11666667,0.13725604,0.57758635,0.5824917,0.6128267,0.58404565,0.862744,0.42241365,0.4175083,0.3871733,0.41595435,-0.7254879,0.15517268,0.16498338,0.22565342,0.16809131,1.0083573,1.1150033,1.4518087,1.5726323,1.5715412,0.13084415,0.216794,0.6708165,0.61481714,0.59495044,0.75216097,1.0906521,1.6460704,1.4548286,1.4268049,0.14377165,0.45429966,0.48253775,0.48439005,0.49015284,0.85622835,0.5457004,0.51746225,0.5156099,0.50984716,-0.7124567,-0.09140068,-0.034924507,-0.031219881,-0.019694349
SH601919,0.039857187849571915,0.875,,2026-04-27,-0.0138888415,0.014583369,-0.9523754,0.00069452706,0.047624595,0.0,0.0,-0.014583369,-1.0,1.0140845,1.0147887,1.0,1.0056181,1.0267726,1.0626655,1.0682553,1.1112092,1.024713,1.015887,1.0322154,1.0498382,1.0677454,1.0606452,0.010574973,0.021738505,0.023994733,0.0361916,0.043219842,-0.0062959604,-0.006991361,-0.0035724787,-0.003782438,0.00044852405,0.8861463,0.9481467,0.77584594,0.8465055,0.0328477,-0.0032950866,-0.0007542155,-0.015899615,-0.012900041,-0.07387673,1.033645,1.0740501,1.0901753,1.1564178,1.1957617,1.0,1.0,1.0,1.0,0.9950611,1.0204766,1.0528978,1.0703148,1.084672,1.0962048,1.0112975,1.0169461,1.0250663,1.0350691,1.0189468,0.2,0.1,0.05,0.033333335,0.033333335,0.0,0.0,0.0,0.0,0.024608286,0.2,0.2,0.1,0.1,0.36666667,1.0,1.0,1.0,1.0,0.11666667,-0.8,-0.8,-0.9,-0.9,0.25,-0.7928903,-0.37667495,0.1190523,0.61983734,0.56685203,-0.73103845,-0.55543154,-0.0061434964,-0.13497062,0.35257354,0.2,0.2,0.35,0.4,0.43333334,0.8,0.8,0.55,0.53333336,0.51666665,-0.6,-0.6,-0.2,-0.13333334,-0.083333336,0.0825669,0.08880264,0.2851848,0.30909076,0.48395726,0.9174331,0.91119736,0.7148152,0.69090927,0.51604277,-0.8348662,-0.8223947,-0.4296304,-0.3818185,-0.032085497,0.8291219,0.83883286,0.89296305,1.0819502,1.4647616,0.10215124,0.12975837,0.18696153,0.359457,1.1233389,1.0033141,0.7379742,0.89255244,1.0614965,3.2154446,0.5551223,0.4435341,0.50649405,0.4522685,0.50344527,0.44487768,0.55646586,0.49350595,0.5477315,0.49655476,0.110244624,-0.112931766,0.012988112,-0.095463,0.0068904962
SZ000725,0.037764604254823815,0.75,,2026-04-27,0.014457754,0.021686751,0.666663,0.002409706,0.1111142,0.004819291,0.22222283,0.01686734,0.7777716,0.9857483,1.0023754,0.9809977,0.9939846,0.9951861,0.95711166,0.9382933,1.0354486,1.0450767,0.99842453,0.9804377,0.9623852,0.9624654,1.0004668,0.012067166,0.023998786,0.026270282,0.026747044,0.045148782,-0.0037636848,0.006028777,0.0038100712,0.0008132548,-0.0018678904,0.24319571,0.57848394,0.73621523,0.07164788,0.52204806,0.009102812,-0.0075671854,0.0014191444,0.025742395,0.054635897,1.0306865,1.0306865,1.0306865,1.030944,1.0926523,0.97599465,0.9452368,0.9237935,0.9142877,0.9142877,1.0045515,1.0004376,0.9951861,0.9951861,1.0390372,0.99229765,0.95492345,0.9377681,0.9377681,0.9522977,0.6,0.8,0.9,0.9,0.46666667,0.4389205,0.6408827,0.7129236,0.7347422,0.4805453,0.2,0.6,0.8,0.033333335,0.05,0.8,0.3,0.05,0.2,0.6,-0.6,0.3,0.75,-0.16666667,-0.55,0.47291866,0.6683139,0.7530443,0.57071114,0.6626304,0.08093477,0.69170207,0.7180707,0.19023435,0.30801877,0.6,0.5,0.4,0.36666667,0.41666666,0.4,0.5,0.6,0.6333333,0.56666666,0.2,0.0,-0.2,-0.26666668,-0.15,0.5337419,0.6678082,0.6353166,0.4558342,0.47341245,0.4662581,0.3321918,0.3646834,0.5441658,0.52658755,0.06748376,0.3356164,0.2706332,-0.08833156,-0.0531751,1.4305892,1.3150872,1.0936664,1.1173598,1.3155634,0.5619995,0.6252274,0.5061073,0.46858326,0.49969232,0.26214007,1.4190967,1.4404337,1.3483047,1.0998908,0.041761387,0.51934355,0.52025175,0.4952591,0.48417288,0.9582386,0.48065647,0.47974822,0.5047409,0.5158271,-0.9164772,0.038687076,0.04050353,-0.009481795,-0.031654254
SH600941,0.037731998442561254,0.75,,2026-04-27,-0.003963315,0.00792663,-0.5,0.0,0.0,0.003963315,0.5,0.0,0.0,1.0039791,1.0039791,0.9960209,0.9996828,0.9769956,0.9807144,0.97820634,1.02508,1.00787,1.003736,0.9915939,0.98585576,0.99104327,0.9924414,0.005110688,0.013292226,0.011126495,0.017224645,0.015486002,-0.0028366353,0.0032423162,0.0013065408,-0.0005443884,-7.7654164e-05,0.770173,0.54541457,0.482611,0.07741387,0.007669212,0.0019372045,-0.0061843097,0.0017321131,0.01685036,0.009849392,1.014682,1.014682,1.014682,1.0353812,1.0353812,0.9839205,0.97594845,0.96641004,0.96641004,0.9582082,1.0054139,1.003442,0.9995157,1.004549,1.003442,0.99987894,0.97941715,0.9779815,0.97817177,0.97941715,0.4,0.7,0.85,0.73333335,0.7,0.52271426,0.6209483,0.69584775,0.48701468,0.54153425,0.4,0.7,0.85,0.13333334,0.56666666,0.2,0.5,0.05,0.36666667,0.11666667,0.2,0.2,0.8,-0.23333333,0.45,0.9925454,0.7408716,0.6545678,0.4922456,0.31993985,0.9971532,0.9793735,0.92751354,0.57981014,0.26776463,0.6,0.4,0.45,0.46666667,0.45,0.4,0.6,0.55,0.53333336,0.53333336,0.2,-0.2,-0.1,-0.06666667,-0.083333336,0.733333,0.6712743,0.61977154,0.42609614,0.49119756,0.26666698,0.3287257,0.3802285,0.57390386,0.5088025,0.466666,0.34254864,0.23954304,-0.14780769,-0.017604902,1.6403667,1.291135,1.1734012,1.3157119,1.6566443,1.0515195,0.7970524,0.58039445,0.5925864,0.813754,1.8952515,2.5967772,2.9581714,2.2878194,1.8038077,0.5189439,0.5126672,0.49278367,0.4368999,0.49355674,0.48105612,0.4873328,0.50721633,0.5631001,0.50644326,0.037887774,0.02533441,-0.0144326715,-0.12620018,-0.012886524
SH601006,0.037488350764889766,1.0,,2026-04-27,-0.0075471285,0.0075471285,-1.0,0.0,0.0,0.0,0.0,-0.0075471285,-1.0,1.0076045,1.0076045,1.0,1.0033405,0.99640286,0.9906475,1.0100719,1.0158273,0.95107913,1.0028777,1.0008633,1.0000719,1.0026858,0.9880456,0.003907477,0.004353698,0.010629616,0.010421919,0.022007408,0.0005036005,0.0006627446,-0.000302915,-0.0004100479,0.00093509204,0.04152594,0.21241607,0.028423294,0.119970806,0.5506439,-0.0038848887,-0.0038456458,0.0028057676,0.00325986,-0.01563076,1.0117171,1.0117171,1.0308359,1.0308359,1.0325803,0.9945518,0.98524696,0.981551,0.981551,0.9432159,1.0061871,1.0057554,1.0090648,1.0107913,1.0079137,0.9997122,0.9981295,0.9903597,0.99453235,0.9640288,0.4,0.6,0.6,0.45,0.675,0.31739807,0.5573468,0.3743341,0.3743341,0.6354224,0.8,0.9,0.1,0.4,0.48333332,0.2,0.1,0.3,0.53333336,0.13333334,0.6,0.8,-0.2,-0.13333334,0.35,0.4177592,0.5479409,0.41903922,0.543686,0.044284027,0.5412613,0.83952206,0.19766192,0.27968803,0.45902744,0.6,0.5,0.5,0.46666667,0.51666665,0.4,0.5,0.45,0.5,0.43333334,0.2,0.0,0.05,-0.033333335,0.083333336,0.56756777,0.5802469,0.46111125,0.46308735,0.5590278,0.43243223,0.41975307,0.53888875,0.5369127,0.44097218,0.13513552,0.16049387,-0.07777751,-0.07382532,0.11805562,1.2637824,1.3330879,1.533348,2.0293612,2.4176524,0.21674046,0.42072722,0.57685816,1.0401688,1.1778369,0.48749572,0.8110594,1.2960837,1.3932033,1.2384747,0.535688,0.5172785,0.40265918,0.44813713,0.49292627,0.464312,0.48272148,0.5973408,0.55186284,0.50707376,0.07137601,0.034557026,-0.19468163,-0.10372572,-0.014147481
SZ000333,0.03190872159853809,0.75,,2026-04-27,0.003281181,0.014386668,0.22807094,0.008202952,0.5701774,0.0029025346,0.2017517,-0.0020192368,-0.14035472,0.99672955,1.0081761,0.9938365,1.0027497,1.0010036,0.9532115,0.9406334,0.96679306,0.97471005,1.000776,0.9911686,0.97393066,0.96497774,0.9724718,0.0025821344,0.014087933,0.023777917,0.024691284,0.023257446,0.0004527189,0.0040672543,0.003378544,0.002051828,-0.00016041988,0.07684923,0.76404613,0.7066097,0.53517556,0.014510829,-0.0016815453,-0.009471262,-0.00602684,0.0052707638,0.0322606,1.0087996,1.0087996,1.0087996,1.0087996,1.0208845,0.99030554,0.94968283,0.9027626,0.9027626,0.9027626,1.0024844,1.0012043,1.0,0.99095005,1.0,0.999496,0.9788493,0.9603703,0.944108,0.9574398,0.5,0.65,0.825,0.8833333,0.80833334,0.5241935,0.85114884,0.9170139,0.9170139,0.8231956,0.8,0.9,0.95,0.96666664,0.16666667,0.6,0.1,0.05,0.36666667,0.68333334,0.2,0.8,0.9,0.6,-0.51666665,0.7547584,0.18113706,-0.22625197,-0.17110547,-0.044541035,0.8121607,0.5595263,0.299139,0.05243599,-0.011230361,0.2,0.6,0.5,0.46666667,0.46666667,0.8,0.4,0.5,0.53333336,0.53333336,-0.6,0.2,0.0,-0.06666667,-0.06666667,0.4661651,0.87357545,0.649921,0.5586082,0.52380353,0.53383493,0.12642455,0.35007897,0.44139183,0.47619647,-0.06766981,0.7471509,0.29984206,0.11721636,0.047607064,0.9418559,0.97626734,1.0780978,1.038842,1.1258292,0.14590307,0.15831701,0.45695812,0.4174877,0.4478816,0.95592034,0.7621277,2.1650693,2.0783036,1.8162961,0.4689349,0.56932473,0.4834892,0.51374286,0.49029383,0.5310651,0.43067527,0.51651084,0.48625717,0.5097062,-0.062130213,0.13864948,-0.033021647,0.027485693,-0.019412354
SH600795,0.021301570958219454,0.625,,2026-04-27,-0.002040803,0.016326562,-0.124998935,0.006122478,0.37500107,0.008163281,0.5,0.0,0.0,1.002045,1.00818,0.99182004,1.0017823,0.9877307,0.98159605,1.0265834,1.0408976,0.9897756,1.0065436,0.99775064,0.991616,1.0015677,0.9921271,0.0052930373,0.010491294,0.012374662,0.019270288,0.03339588,-0.0014314208,0.00239189,0.0010516521,-0.0009576132,0.00085882045,0.18283728,0.47647017,0.2527817,0.19138397,0.20170602,-0.0036807763,-0.008514135,-0.0016066856,0.012317656,-0.017462302,1.0245395,1.0245395,1.0245395,1.0552123,1.0797523,0.9856845,0.9754609,0.9611472,0.9611472,0.9263772,1.0106333,1.0085884,1.0020449,1.0184039,1.0188129,1.0016359,0.98732173,0.98323196,0.9856859,0.9566485,0.2,0.6,0.75,0.53333336,0.5833333,0.36843386,0.49999645,0.6128953,0.4130418,0.48001793,0.8,0.9,0.95,0.3,0.5,0.2,0.1,0.3,0.53333336,0.13333334,0.6,0.8,0.65,-0.23333333,0.36666667,0.53732055,0.7121148,0.49728552,0.72187036,0.21734467,0.87418157,0.78343797,0.60599744,0.47289634,0.3006529,0.4,0.5,0.4,0.4,0.45,0.6,0.5,0.55,0.56666666,0.53333336,-0.2,0.0,-0.15,-0.16666667,-0.083333336,0.6153848,0.6097564,0.43434343,0.43827158,0.5079869,0.38461518,0.3902436,0.5656566,0.5617284,0.49201313,0.23076963,0.2195128,-0.13131317,-0.12345682,0.01597377,1.227331,1.1150856,1.1235801,1.356198,1.77504,0.18420595,0.28033683,0.28312218,0.4543332,0.86634636,0.84028316,0.9319458,0.8983008,0.9192246,0.946318,0.5693825,0.5428075,0.42502487,0.40950188,0.47309977,0.43061748,0.45719248,0.57497513,0.59049815,0.52690023,0.13876502,0.08561504,-0.14995027,-0.18099625,-0.053800434
SH600011,0.019083514556276094,0.875,,2026-04-27,-0.0042979703,0.010028628,-0.42857018,0.0014326862,0.14285965,0.0042979703,0.42857018,-0.0014326862,-0.14285965,1.0043166,1.0057554,0.9956835,1.0003134,0.9940169,0.9956486,1.0775088,1.1294533,1.0674464,1.0045146,1.002774,1.0001224,1.0273774,1.033152,0.003741806,0.00473798,0.013758969,0.04142799,0.042737383,-0.0018765279,4.9447375e-05,-0.00016460712,-0.0036934642,-0.0003245996,0.62876385,0.0009984159,0.00500949,0.61600155,0.01759462,-0.0007614896,-0.002996511,0.0014413898,0.026177842,-0.02357633,1.0172567,1.0172567,1.0675967,1.1366752,1.1510352,0.98991877,0.98991877,0.9581885,0.9581885,0.9581885,1.0065814,1.0059831,1.0100626,1.0775088,1.0775088,1.0021757,0.99967366,0.990427,0.9953223,0.99836826,0.2,0.35,0.475,0.31666666,0.25833333,0.3687626,0.3687626,0.38216087,0.23425558,0.2168122,0.2,0.6,0.05,0.033333335,0.5,0.2,0.6,0.3,0.53333336,0.76666665,0.0,0.0,-0.25,-0.5,-0.26666668,0.81838244,0.20761257,0.29738903,0.57609177,0.5818186,0.87647456,0.15754661,-0.17902604,0.15538903,0.049385652,0.4,0.4,0.4,0.36666667,0.4,0.6,0.6,0.6,0.6,0.51666665,-0.2,-0.2,-0.2,-0.23333333,-0.11666667,0.59322035,0.53846157,0.32075474,0.33120576,0.45212355,0.40677965,0.46153846,0.6792453,0.6687943,0.5478765,0.18644068,0.07692308,-0.35849053,-0.3375885,-0.09575291,1.3859334,1.1353027,1.118565,1.3032804,1.2175574,0.24609648,0.34215084,0.3736956,0.5415433,0.55535084,1.0534413,1.0606064,1.3872269,1.138596,1.142938,0.39397714,0.48122558,0.46626243,0.455567,0.50598997,0.6060229,0.51877445,0.5337376,0.544433,0.49401003,-0.21204573,-0.037548862,-0.06747516,-0.08886602,0.0119799115
SH600000,0.018423294303442108,0.625,,2026-04-27,-0.008474564,0.016949207,-0.4999977,0.0063559427,0.37499943,0.0021186995,0.12500288,-0.012711808,-0.7499943,1.008547,1.0149573,0.9978632,1.0054218,1.0448722,1.0534346,1.070495,1.0961179,1.1356467,1.0187987,1.0414473,1.0578445,1.0674757,1.0686324,0.014887994,0.027620247,0.027452247,0.028249219,0.025659923,-0.009399341,-0.009024771,-0.0040309993,-0.002651314,-0.0005618668,0.996466,0.9786529,0.7546364,0.68267053,0.14623654,0.0,-0.0008357615,-0.01955008,-0.029031629,-0.052057285,1.0544595,1.0865328,1.1079084,1.1175379,1.1388605,0.9978632,0.9978632,0.9978632,0.9978632,0.9978632,1.0290607,1.0694393,1.0803064,1.0942123,1.0880448,1.007674,1.017318,1.0360909,1.0517222,1.0456963,0.2,0.1,0.05,0.033333335,0.016666668,0.037755266,0.02409852,0.019417545,0.01785514,0.015154957,0.2,0.3,0.2,0.16666667,0.016666668,1.0,1.0,1.0,1.0,1.0,-0.8,-0.7,-0.8,-0.8333333,-0.98333335,-0.8595519,-0.9514838,-0.5933648,-0.24034831,-0.06328437,0.7763925,-0.04849874,0.34111202,-6.798654e-05,-0.11865885,0.0,0.2,0.3,0.33333334,0.38333333,1.0,0.8,0.7,0.6666667,0.6,-1.0,-0.6,-0.4,-0.33333334,-0.21666667,0.0,0.24969812,0.32252836,0.34038913,0.38434514,1.0,0.7503019,0.67747164,0.65961087,0.6156548,-1.0,-0.50060374,-0.35494325,-0.3192217,-0.23130971,0.90329915,0.7552704,0.6600652,0.68221545,0.88714236,0.09087054,0.18555857,0.21211532,0.2100942,0.3714037,0.23899636,0.34704337,0.6710788,1.1576484,0.92753553,0.84609926,0.8110181,0.6170769,0.48227596,0.47305954,0.15390074,0.1889819,0.3829231,0.51772404,0.52694046,0.6921985,0.62203616,0.23415379,-0.035448052,-0.05388093
SH600674,0.017529839323962158,0.5,,2026-04-27,0.010060366,0.019450037,0.5172415,0.0020120854,0.10344892,0.007377586,0.3793096,0.0154258665,0.79310215,0.9900398,1.001992,0.98273575,0.9965218,0.9993557,0.9581808,1.0232524,1.0438399,0.93826693,0.99814916,0.9856708,0.9858055,1.0003924,0.98144543,0.0059650685,0.017427629,0.016130866,0.025180107,0.04476373,-0.0019269678,0.0044813366,6.0375543e-05,-0.0019302391,0.0013516224,0.26089036,0.6061079,0.00049031456,0.45541656,0.27807254,0.0057047503,-0.005836796,0.013620942,0.027596049,-0.02131828,1.0179296,1.0279087,1.0279087,1.057114,1.0863372,0.98273575,0.9462385,0.9462385,0.9462385,0.8977481,1.0014642,0.99948454,1.0001347,1.0277681,1.0245878,0.9950918,0.9705274,0.9726594,0.97346765,0.93161917,0.8,0.9,0.8,0.53333336,0.6333333,0.4905476,0.6582755,0.6582755,0.4848817,0.542194,0.4,0.5,0.75,0.033333335,0.5,1.0,0.1,0.55,0.7,0.083333336,-0.6,0.4,0.2,-0.6666667,0.41666666,0.698932,0.6194755,0.60502434,0.47589502,0.5772128,-0.11303869,0.6999898,0.64261836,0.4993717,0.47748187,0.4,0.5,0.35,0.33333334,0.41666666,0.4,0.4,0.6,0.6,0.53333336,0.0,0.1,-0.25,-0.26666668,-0.11666667,0.5099102,0.7202348,0.44741726,0.43151248,0.54827327,0.49008974,0.27976516,0.55258274,0.5684875,0.4517267,0.01982049,0.44046968,-0.105165504,-0.13697504,0.09654658,1.2579951,1.2873213,1.2276192,1.2770238,1.3717788,0.3187371,0.6488193,0.52001655,0.45573038,0.68568426,0.7100398,1.8136786,1.4804746,1.3415916,1.3339432,0.029577475,0.5131322,0.48769102,0.44876623,0.50665605,0.9704225,0.48686782,0.51230896,0.55123377,0.49334398,-0.9408451,0.026264397,-0.024617966,-0.10246757,0.013312062
SH601800,0.014592312000887954,0.75,,2026-04-27,-0.011220245,0.014025269,-0.80000216,0.0,0.0,0.0028050237,0.19999786,-0.008415221,-0.60000426,1.0113475,1.0113475,0.9971631,1.0024502,1.052531,1.0706781,1.0907356,1.2053486,1.2015282,1.0221586,1.0459408,1.0617479,1.0820758,1.1201051,0.018451205,0.028918963,0.026462026,0.03967221,0.04937147,-0.011652356,-0.0093832305,-0.0036775318,-0.0041242903,-0.0024871868,0.99705255,0.96505207,0.6759814,0.83758193,0.77404207,0.0011461312,-0.003716271,-0.026811322,-0.022273593,-0.04673308,1.0571977,1.0849471,1.0982388,1.2044946,1.2129616,0.9971631,0.9971631,0.9971631,0.9971631,0.9971631,1.0366763,1.0764089,1.079274,1.1075454,1.1589303,1.0076408,1.0187201,1.0435531,1.0617001,1.0758357,0.2,0.1,0.05,0.033333335,0.016666668,0.047253653,0.03231633,0.028066635,0.013682698,0.013145855,0.2,0.2,0.15,0.033333335,0.033333335,1.0,1.0,1.0,1.0,1.0,-0.8,-0.8,-0.85,-0.96666664,-0.96666664,0.26888725,-0.6620754,-0.48216683,0.35794085,0.4801485,-0.3702073,-0.1558557,0.21443792,-0.03938353,0.11214667,0.0,0.2,0.3,0.26666668,0.36666667,1.0,0.8,0.65,0.7,0.6166667,-1.0,-0.6,-0.35,-0.43333334,-0.25,0.0,0.097825654,0.2564103,0.20547958,0.35035464,1.0,0.90217435,0.7435897,0.79452044,0.6496454,-1.0,-0.8043487,-0.4871794,-0.5890408,-0.29929072,1.0454423,0.89989066,0.8115497,0.9736558,1.2220094,0.11518112,0.2773191,0.25218728,0.5139209,0.7668578,0.31508502,0.6122634,0.747862,1.5197841,1.467211,0.37696108,0.64696544,0.542691,0.3000917,0.4945558,0.62303895,0.35303453,0.45730904,0.69990826,0.5054442,-0.24607785,0.29393095,0.08538195,-0.39981654,-0.010888405
SH601229,0.013308383064057244,0.875,,2026-04-27,-0.015321748,0.024514832,-0.62499917,0.008171583,0.3333322,0.0010214996,0.04166864,-0.022471832,-0.9166627,1.0155602,1.0238589,0.9989626,1.0084835,1.0165563,0.9936534,1.0154525,1.0237306,0.99254966,1.012362,1.014542,1.0137693,1.0172461,1.0094371,0.0085438425,0.007066326,0.0115029495,0.0124931615,0.02313594,-0.002538628,-0.001118801,-0.0006016672,-0.0007397835,0.0005346254,0.2207149,0.22978924,0.0957552,0.27174798,0.16286385,-0.0072847744,-0.009507335,-0.008053458,-0.006519256,-0.025208516,1.0341028,1.0341904,1.0425358,1.0456064,1.0518867,0.9989626,0.99263334,0.98743016,0.98743016,0.94483155,1.0162251,1.0179912,1.0250552,1.0280905,1.0259382,1.0081677,1.0102097,1.0015452,1.0078918,0.9947571,0.2,0.1,0.2,0.13333334,0.25,0.029521603,0.17726581,0.22810483,0.21606523,0.5153272,0.6,0.3,0.15,0.06666667,0.23333333,1.0,0.1,0.5,0.6666667,0.083333336,-0.4,0.2,-0.35,-0.6,0.15,0.21250565,-0.036926657,0.0603294,0.018158466,-0.3585176,0.8115143,0.62038344,0.27860507,0.081585675,0.24429935,0.2,0.4,0.35,0.33333334,0.4,0.8,0.6,0.65,0.6333333,0.55,-0.6,-0.2,-0.3,-0.3,-0.15,0.3101265,0.53314126,0.4539475,0.4542553,0.50648105,0.68987346,0.4668587,0.54605246,0.54574466,0.49351898,-0.37974694,0.06628255,-0.09210496,-0.091489345,0.012962048,0.857384,0.673354,0.5726286,0.5682082,0.6482716,0.27685124,0.28873435,0.23515879,0.19656815,0.24103808,0.7722036,0.84391254,0.9604649,0.9789801,1.2906471,0.69094825,0.6280125,0.5512407,0.52758616,0.51106375,0.30905172,0.37198752,0.44875935,0.47241384,0.48893628,0.38189656,0.25602496,0.102481335,0.055172328,0.02212746
SH600886,0.010677750406739128,0.625,,2026-04-27,0.00449776,0.018740598,0.24000087,0.0052473187,0.27999738,0.00899552,0.48000175,0.008245961,0.4400052,0.9955224,1.0052239,0.98656714,0.9986271,1.0007491,0.9917865,1.0925411,1.1029884,0.99253565,1.0068678,1.0000013,1.0138444,1.0382841,1.0177872,0.008802331,0.010429715,0.025510589,0.04152088,0.04848331,-0.005073822,0.0016466565,-0.0030068823,-0.004117047,0.0010358946,0.83064437,0.22849287,0.48625034,0.7619742,0.13923438,0.0032799246,-0.0074113235,0.014720992,0.021413073,-0.048346106,1.0253776,1.0253776,1.0902982,1.1164229,1.1305988,0.98656714,0.9776144,0.9776144,0.9776144,0.94776815,1.0105999,1.0082135,1.0359758,1.0865616,1.0750735,0.9995532,0.99314046,0.99716955,0.99970037,0.9728397,0.4,0.6,0.35,0.23333333,0.45,0.34611374,0.4686777,0.1986583,0.16126947,0.2856844,0.4,0.7,0.05,0.3,0.48333332,1.0,0.1,0.55,0.7,0.083333336,-0.6,0.6,-0.5,-0.4,0.4,0.9477035,0.6362695,-0.14293906,0.38659352,0.41417587,0.32400054,0.47009623,0.12626158,0.030927373,0.117453255,0.4,0.4,0.3,0.33333334,0.43333334,0.4,0.5,0.65,0.6333333,0.51666665,0.0,-0.1,-0.35,-0.3,-0.083333336,0.49148884,0.5454959,0.29466897,0.35802007,0.5055687,0.5085112,0.4545041,0.705331,0.64197993,0.49443132,-0.017022336,0.09099181,-0.41066206,-0.28395984,0.011137381,1.2210354,1.1812276,1.0693324,1.1859311,1.3973696,0.26001084,0.3270088,0.27881593,0.3377307,0.66938794,1.0667083,0.92763966,0.8264138,0.79587275,0.99689275,0.0,0.4735716,0.48504913,0.38749656,0.49814317,1.0,0.5264284,0.5149509,0.61250347,0.5018568,-1.0,-0.052856784,-0.029901762,-0.2250069,-0.0037136634
SH600426,0.009956194173727097,0.75,,2026-04-27,0.012543426,0.029623771,0.42342436,0.0058713634,0.19819771,0.011208981,0.37837794,0.017881043,0.60360456,0.98761195,1.0057986,0.9765418,0.9955792,0.92330563,1.0163447,0.9570328,1.0914624,1.0192384,0.9641015,0.9536361,0.9682246,0.9649337,0.98208433,0.030687908,0.027867246,0.03450092,0.035023272,0.045910712,0.019028911,0.0039734785,-0.00072778005,-0.00012611141,-0.0004070764,0.96124333,0.18636528,0.015574247,0.0010048402,0.023978593,-0.0021593384,0.028483223,0.038689304,0.036894906,0.029924426,1.0147525,1.0147525,1.0395405,1.1431139,1.1623554,0.8977353,0.8977353,0.8977353,0.8950992,0.8950992,0.99324656,0.9843897,1.0070528,1.0011575,1.0165561,0.9391673,0.9311527,0.93589044,0.9312565,0.9391115,1.0,1.0,0.75,0.8,0.71666664,0.8739288,0.8739288,0.7211632,0.4229621,0.3925102,0.8,0.9,0.4,0.033333335,0.43333334,0.2,0.6,0.8,0.26666668,0.6333333,0.6,0.3,-0.4,-0.23333333,-0.2,-0.38579613,-0.004074677,0.29216728,0.32402635,0.43168944,0.011348798,-0.370677,0.47893384,0.3406112,0.02938639,1.0,0.6,0.55,0.5,0.51666665,0.0,0.4,0.45,0.5,0.48333332,1.0,0.2,0.1,0.0,0.033333335,1.0,0.4542715,0.5544375,0.4305248,0.49319306,0.0,0.5457285,0.4455625,0.5694752,0.5068069,1.0,-0.09145704,0.108874984,-0.1389504,-0.013613861,1.2815689,1.3155825,1.2813084,1.3818061,1.4721292,0.16963208,0.3142019,0.39650458,0.42988065,0.5603908,0.81606245,1.0397373,1.4310039,1.1841254,1.1899922,0.56101495,0.49346882,0.48206177,0.45195177,0.49633092,0.43898505,0.5065312,0.5179382,0.5480482,0.5036691,0.1220299,-0.013062328,-0.035876434,-0.096096456,-0.0073381825
SH601166,0.007897480982509414,0.5,,2026-04-27,-0.0032912504,0.013713627,-0.23999855,0.009873851,0.7200029,0.0005485252,0.03999855,-0.012616577,-0.9200029,1.0033021,1.0132086,0.9994497,1.0049458,1.0104825,1.0137879,1.0291812,1.0363585,1.0341864,1.0037585,1.0117385,1.0201057,1.0244373,1.0208597,0.005704841,0.010633639,0.012923846,0.013779226,0.01400952,-0.0029747833,-0.003258384,-0.001932208,-0.0011978553,6.847307e-05,0.67977244,0.86070067,0.78233397,0.5856806,0.007286063,0.0021909585,0.0029241417,-0.0017497832,-0.0070683933,-0.022879642,1.0280976,1.0341775,1.0506089,1.0506089,1.0506089,0.99671406,0.99671406,0.99671406,0.99671406,0.9807707,1.0049485,1.0224572,1.0300689,1.0363585,1.0357919,1.0004534,1.0014732,1.0089338,1.0122203,1.0076306,0.2,0.1,0.05,0.033333335,0.06666667,0.104702525,0.08771055,0.06096946,0.06096946,0.27534094,0.2,0.3,0.15,0.43333334,0.71666664,0.8,0.9,0.95,0.96666664,0.083333336,-0.6,-0.6,-0.8,-0.53333336,0.6333333,0.20563598,-0.8049784,-0.6254475,-0.5417515,-0.54509383,-0.2634155,-0.40832654,0.012217976,-0.36148795,-0.25964928,0.2,0.3,0.3,0.33333334,0.43333334,0.8,0.7,0.7,0.6333333,0.53333336,-0.6,-0.4,-0.4,-0.3,-0.1,0.19337027,0.3653138,0.37669596,0.41575494,0.4624014,0.8066297,0.6346862,0.62330407,0.584245,0.5375986,-0.6132595,-0.2693724,-0.2466081,-0.16849008,-0.075197235,0.9556579,0.7942418,0.6700781,0.66638696,0.8279883,0.15463458,0.24172233,0.21865083,0.19498014,0.39777803,1.4190494,1.0090455,0.8489854,1.2604759,1.1921494,0.53877765,0.6891286,0.6004716,0.55503106,0.48238838,0.46122235,0.3108714,0.39952838,0.44496894,0.5176116,0.07755528,0.3782572,0.20094325,0.110062145,-0.035223223
SZ002074,0.004596856676311673,0.625,,2026-04-27,-0.005293718,0.02672049,-0.19811456,0.012351905,0.4622634,0.009074867,0.33962205,-0.008570756,-0.32075593,1.0053219,1.0177395,0.99087685,0.99980575,1.012183,1.001057,0.95288163,0.98153096,1.0094014,1.0145193,1.0105363,0.9607254,0.9565569,0.95743865,0.012178608,0.013419677,0.062333085,0.05148183,0.04185461,-0.0071539935,0.0008158975,0.008401846,0.0029518292,0.00018125048,0.8626641,0.0338843,0.6358874,0.25478637,0.005719678,-0.00021137841,-0.01420783,-0.040542964,0.0006415707,0.037214477,1.0514575,1.0514575,1.0514575,1.0514575,1.0669035,0.99087685,0.97821176,0.84771055,0.84771055,0.84771055,1.02668,1.0208945,1.0117824,1.0086337,0.9906987,1.006097,1.006097,0.89352477,0.90920115,0.93292165,0.2,0.2,0.55,0.7,0.81666666,0.1505953,0.29746777,0.7474441,0.7474441,0.69477344,0.4,0.7,0.85,0.9,0.033333335,1.0,0.2,0.25,0.5,0.75,-0.6,0.5,0.6,0.4,-0.71666664,0.9914896,0.25259414,0.8313139,0.79127616,0.71468353,0.97314066,0.60517323,0.76998466,0.7304687,0.62588865,0.4,0.5,0.55,0.53333336,0.46666667,0.6,0.5,0.45,0.46666667,0.53333336,-0.2,0.0,0.1,0.06666667,-0.06666667,0.37765324,0.49612716,0.55806935,0.51779205,0.49510795,0.62234676,0.5038728,0.44193065,0.48220798,0.50489205,-0.2446935,-0.007745657,0.11613868,0.03558405,-0.009784094,1.3152035,1.4784431,1.277125,1.172158,1.0248108,0.27880812,0.31233624,0.66237044,0.5711262,0.49303183,0.82692987,0.7843327,1.5874996,1.6751677,1.5701202,0.39434174,0.21491759,0.49773234,0.49955726,0.49943548,0.60565823,0.7850824,0.50226766,0.50044274,0.5005645,-0.2113165,-0.5701648,-0.004535314,-0.0008854882,-0.0011290087
SH601059,-0.0002904554893990033,0.5,,2026-04-27,0.0054545887,0.009090953,0.6000019,0.002424243,0.26666543,0.0012121215,0.13333271,0.004242467,0.46666914,0.994575,1.0024111,0.99336946,0.9978437,1.0136905,1.0190476,0.9904762,1.0511905,1.0690477,1.0066667,1.0130953,1.0047321,1.0089881,1.0355357,0.008045631,0.009276721,0.013974886,0.020089256,0.031118652,-0.004345233,-0.0028138524,0.0013207115,-0.00047261544,-0.0014663135,0.7291987,0.8433835,0.31259885,0.042893335,0.67719215,0.0020238094,-0.00043289474,-0.017278899,-0.0021351676,0.007720537,1.0191295,1.0305051,1.0305576,1.056096,1.0828071,0.99336946,0.99336946,0.97544265,0.9736415,0.9736415,1.0129762,1.0191667,1.0170238,1.0229762,1.0672619,0.9992857,1.007619,0.9915476,0.99011904,0.9994047,0.4,0.2,0.45,0.43333334,0.21666667,0.25739652,0.17854938,0.4455654,0.31967324,0.24145421,0.2,0.2,0.45,0.06666667,0.21666667,1.0,1.0,0.05,0.2,0.6,-0.8,-0.8,0.4,-0.13333334,-0.38333333,0.33321467,-0.05270779,0.25003782,0.3584917,0.6351655,-0.19220778,0.13144255,0.60622334,0.18506473,-0.0032918318,0.4,0.4,0.4,0.4,0.41666666,0.6,0.6,0.6,0.56666666,0.53333336,-0.2,-0.2,-0.2,-0.16666667,-0.11666667,0.23255937,0.32222188,0.53252035,0.4057018,0.41714284,0.7674406,0.6777781,0.46747962,0.59429824,0.58285713,-0.5348813,-0.35555625,0.06504075,-0.18859643,-0.16571431,1.1028445,1.0157992,1.0914904,1.4120373,2.0695825,0.19928657,0.20341639,0.32420263,0.63247824,1.1550424,0.95527977,0.7308605,1.2130536,1.7869974,1.5323298,0.5195396,0.45479837,0.48041564,0.47393188,0.48675075,0.48046038,0.5452016,0.51958436,0.5260681,0.5132492,0.039079223,-0.090403244,-0.039168697,-0.052136224,-0.026498478
SZ002352,-0.0010021001844852018,0.625,,2026-04-27,0.009028671,0.023802932,0.3793092,0.0109439045,0.4597713,0.0038303556,0.16091949,0.0019151219,0.0804574,0.9910521,1.010846,0.98725605,1.0025098,0.99402875,1.002446,1.0051079,1.0319425,1.0756115,0.99646044,1.0019137,1.0110252,1.0055732,1.0156535,0.0042823404,0.010601984,0.014832766,0.018251423,0.021732211,-0.0007625896,-0.002402447,-0.0017927736,8.3258295e-05,-0.0006627677,0.07927923,0.4707005,0.51129866,0.0016127358,0.28367078,0.005064716,0.008897298,0.0060061268,-0.0067804246,0.0038981359,1.010846,1.0366067,1.0482613,1.0482613,1.0791348,0.98584443,0.98584443,0.98584443,0.9520092,0.9520092,0.9997698,1.0101871,1.0255395,1.021367,1.0321151,0.99401444,0.9948921,0.99637413,0.99443173,0.9973813,1.0,0.7,0.4,0.46666667,0.26666668,0.56618714,0.27885988,0.22679028,0.4985947,0.3775068,1.0,0.2,0.15,0.43333334,0.016666668,0.8,0.9,0.95,0.2,0.6,0.2,-0.7,-0.8,0.23333333,-0.5833333,0.7442759,0.36090934,0.5750898,0.18694058,0.37292388,0.7828673,-0.031186244,0.61077857,0.3025211,0.26417488,0.4,0.4,0.45,0.46666667,0.41666666,0.6,0.6,0.55,0.53333336,0.55,-0.2,-0.2,-0.1,-0.06666667,-0.13333334,0.6143255,0.4829995,0.4847966,0.44741818,0.43828535,0.38567448,0.5170005,0.5152034,0.5525818,0.56171465,0.22865105,-0.034000993,-0.030406775,-0.10516362,-0.123429276,0.7441892,0.86657286,0.97192305,0.97161865,1.1768152,0.15374754,0.2592917,0.44764122,0.40419245,0.47784084,0.86999375,1.2608225,1.8554522,1.6227082,1.2461815,0.6836243,0.51463693,0.51153606,0.46120232,0.49077168,0.31637564,0.48536307,0.4884639,0.5387977,0.50922835,0.36724868,0.02927389,0.023072165,-0.07759535,-0.018456653
SH600519,-0.002889287505969987,0.625,,2026-04-27,-0.011830979,0.012535187,-0.94382143,0.0,0.0,0.0007042088,0.05617856,-0.011126771,-0.88764286,1.0119727,1.0119727,0.99928737,1.0024263,1.0054803,1.0285842,1.0091363,1.0074395,0.9550028,1.0122861,1.0189258,1.0265708,1.0253801,1.0250909,0.015685648,0.01847353,0.0163633,0.017992195,0.033104792,0.0022355567,-0.0028837032,-0.0013797465,-0.0004792584,-3.15505e-05,0.050781608,0.22336379,0.24884269,0.05498863,0.00027703244,-0.016757192,-0.005949096,-0.013463194,-0.018430848,-0.024160167,1.0396801,1.0528855,1.0546823,1.0676093,1.1174456,0.99928737,0.99762666,0.99762666,0.9953392,0.94213885,1.0168885,1.0400221,1.0405487,1.0406513,1.0460086,1.0035918,1.0041676,1.0061188,1.0049285,0.99912745,0.2,0.1,0.05,0.06666667,0.23333333,0.01764278,0.042949814,0.041597344,0.06449092,0.3300567,0.8,0.3,0.1,0.06666667,0.18333334,1.0,0.4,0.7,0.33333334,0.06666667,-0.2,-0.1,-0.6,-0.26666668,0.11666667,0.265851,-0.30272195,-0.38119102,-0.09365576,0.046509363,0.09474799,-0.4380843,-0.23563044,-0.1306455,0.14192238,0.6,0.6,0.6,0.53333336,0.46666667,0.4,0.4,0.4,0.46666667,0.53333336,0.2,0.2,0.2,0.06666667,-0.06666667,0.46436858,0.39768422,0.47909853,0.48918408,0.5290791,0.5356314,0.6023158,0.5209015,0.5108159,0.47092092,-0.07126286,-0.20463158,-0.041802946,-0.021631816,0.05815813,0.5896457,0.59232575,0.49776995,0.49514523,0.63512266,0.28987098,0.33916003,0.2778282,0.24394806,0.4025461,1.3016639,1.4640886,1.6815498,1.5284318,2.3839483,0.77643764,0.6082594,0.5638882,0.5438391,0.50732243,0.22356233,0.39174062,0.4361118,0.4561609,0.49267754,0.55287534,0.21651876,0.12777635,0.0876782,0.014644906
SH601633,-0.006489254432436305,0.375,,2026-04-27,0.008478792,0.029426415,0.28813544,0.006483774,0.22033857,0.0144638475,0.491526,0.016458865,0.55932283,0.99159247,1.0064293,0.9772503,0.99525,1.0237918,1.0564275,1.0326358,1.0421027,1.0634031,1.0090433,1.0214001,1.0257038,1.0294344,1.0265737,0.00907165,0.015858518,0.015915189,0.014911202,0.018297592,-0.0054559056,-0.005135056,-0.0007411089,-0.00079751457,-0.00014518508,0.90427625,0.9611179,0.075894184,0.22169383,0.01920242,0.0018684585,0.0017076527,-0.018663252,-0.017870517,-0.0222907,1.0262979,1.0628012,1.0658245,1.0658245,1.073203,0.9772503,0.9772503,0.9772503,0.9772503,0.97575074,1.0135276,1.0352267,1.0363228,1.0428002,1.0421027,1.0003986,1.0092676,1.01146,1.0207026,1.01146,0.2,0.1,0.05,0.033333335,0.11666667,0.46382922,0.2659204,0.2568437,0.2568437,0.24883194,0.4,0.1,0.5,0.6666667,0.016666668,1.0,1.0,1.0,1.0,0.38333333,-0.6,-0.9,-0.5,-0.33333334,-0.36666667,-0.70106083,-0.23058158,0.2615812,0.40606079,0.24211073,-0.47573286,-0.046716917,0.3219745,0.29993212,0.361438,0.0,0.1,0.35,0.36666667,0.41666666,0.8,0.8,0.6,0.6,0.56666666,-0.8,-0.7,-0.25,-0.23333333,-0.15,0.0,0.008676797,0.4112466,0.4215413,0.4453041,1.0,0.9913232,0.5887534,0.5784587,0.5546959,-1.0,-0.9826464,-0.17750679,-0.15691742,-0.109391816,0.75242984,0.7527342,0.81399536,0.9061979,0.92194706,0.19943908,0.14341524,0.19714575,0.2978482,0.3162876,1.1987094,0.94116414,1.1675141,1.1482384,0.9810171,0.5629695,0.49949253,0.53629726,0.45429635,0.50154763,0.4370305,0.5005075,0.46370274,0.54570365,0.49845237,0.12593903,-0.001014925,0.07259453,-0.09140733,0.0030952832
SH601456,-0.009302067216518682,0.5,,2026-04-27,-0.0053937426,0.014023761,-0.38461456,0.0043150093,0.30769274,0.0043150093,0.30769274,-0.0053937426,-0.38461456,1.005423,1.0097615,0.9956616,1.000821,1.014629,1.0094044,0.9885058,1.0229884,1.062696,1.0081505,1.0102403,1.0006793,1.0014629,1.0272901,0.0061108493,0.004871373,0.013192537,0.015750898,0.030837324,-0.0021943543,-0.00087394373,0.0015893951,0.00016133061,-0.0014782635,0.32236686,0.2950364,0.5080133,0.008130637,0.70089054,-0.003761759,-0.006307589,-0.015778473,-0.003802212,0.016318625,1.0201278,1.0201278,1.0236592,1.0401841,1.092433,0.9956616,0.9956616,0.972674,0.972674,0.972674,1.0131662,1.014629,1.0117033,1.014629,1.0608151,1.0050156,1.0062696,0.98787886,0.985371,0.99916404,0.2,0.1,0.4,0.43333334,0.21666667,0.1773225,0.1773225,0.53595936,0.40476894,0.22817494,0.6,0.8,0.45,0.06666667,0.033333335,1.0,1.0,0.3,0.53333336,0.76666665,-0.4,-0.2,0.15,-0.46666667,-0.73333335,0.032666672,-0.18222001,0.38273773,0.21670392,0.6283617,-0.121609,-0.21894637,0.67809045,0.32274342,0.33757463,0.2,0.4,0.45,0.43333334,0.45,0.8,0.5,0.45,0.46666667,0.46666667,-0.6,-0.1,0.0,-0.033333335,-0.016666668,0.2812503,0.40425506,0.53956825,0.45378155,0.4305555,0.7187497,0.59574497,0.46043175,0.54621845,0.56944454,-0.43749943,-0.19148989,0.07913647,-0.09243693,-0.13888904,0.856199,0.7955214,0.8621357,0.87873554,1.1105585,0.16774996,0.14817086,0.33359513,0.3150923,0.46541312,0.48421037,0.70614195,1.2963176,1.2985666,1.1559854,0.66821855,0.486251,0.5291794,0.5066722,0.49102855,0.33178145,0.513749,0.47082058,0.4933278,0.50897145,0.33643714,-0.027497998,0.058358826,0.013344386,-0.0179429
SH600018,-0.010705570625865529,0.25,,2026-04-27,-0.0061223996,0.0081632,-0.75,0.0020408,0.25,0.0,0.0,-0.0081632,-1.0,1.0061601,1.0082135,1.0,1.0032555,1.0048603,1.0255164,1.0388821,1.0643985,1.0534629,1.0072904,1.0130012,1.0239367,1.0331308,1.0368773,0.005155078,0.009325184,0.01415956,0.01946444,0.017200844,-0.0026731377,-0.002732056,-0.0022638603,-0.0019981686,-0.00027822572,0.6722211,0.78682077,0.89467996,0.8167368,0.079798535,-0.0019441262,-0.000706953,-0.0024301303,-0.0041573537,-0.028669586,1.0154213,1.0296266,1.0585046,1.0742055,1.0779328,1.0,1.0,1.0,1.0,1.0,1.0114217,1.0235722,1.0359659,1.0503037,1.0503037,1.0048603,1.0058323,1.0099635,1.0133657,1.0230862,0.2,0.1,0.05,0.033333335,0.016666668,0.0,0.0,0.0,0.0,0.0,0.2,0.2,0.1,0.033333335,0.36666667,1.0,1.0,1.0,1.0,1.0,-0.8,-0.8,-0.9,-0.96666664,-0.6333333,0.13337299,-0.22570665,0.23994671,0.31257102,0.1839469,-0.59151995,-0.62748545,-0.26716387,-0.48200452,-0.20348978,0.4,0.3,0.3,0.3,0.43333334,0.6,0.7,0.65,0.6666667,0.53333336,-0.2,-0.4,-0.35,-0.36666667,-0.1,0.42307678,0.26666653,0.34615386,0.36683428,0.4444445,0.5769232,0.73333347,0.65384614,0.6331657,0.55555546,-0.15384643,-0.46666694,-0.30769232,-0.26633143,-0.111110955,0.9154502,1.1619946,1.2436627,1.3837957,1.9766966,0.11403896,0.5340731,0.45895252,0.48914716,1.2130258,0.3554985,0.9411644,0.851764,1.3286052,1.2473764,0.1334082,0.4961566,0.45785865,0.4688484,0.47420153,0.8665918,0.50384337,0.5421414,0.5311516,0.52579844,-0.7331836,-0.007686782,-0.084282696,-0.062303193,-0.05159694
SH600887,-0.014158679311804333,0.375,,2026-04-27,0.0003962349,0.01148974,0.034485977,0.007527748,0.65517133,0.0035657566,0.31034267,-0.0035657566,-0.31034267,0.9996039,1.0075247,0.99603957,1.0001704,1.0102986,1.0281178,1.0360388,1.0578207,1.0617833,1.0029315,1.0091094,1.0249707,1.0297168,1.0390568,0.005267122,0.009519691,0.018055057,0.01931512,0.019928306,-0.002614516,-0.0027938462,-0.0029232292,-0.0016718607,-0.0007679124,0.61599326,0.7895339,0.91747874,0.5806402,0.4528793,0.002297502,0.0034628815,0.002799972,-0.005474823,-0.016403401,1.0174286,1.0392076,1.0586131,1.0712898,1.0883156,0.99524796,0.99524796,0.99524796,0.99524796,0.99524796,1.0037241,1.014574,1.0429295,1.0457828,1.0568731,1.0,1.000634,1.0047517,1.0101402,1.0177442,0.3,0.15,0.075,0.05,0.025,0.21424288,0.108100094,0.07499457,0.062492516,0.051060114,0.2,0.1,0.1,0.06666667,0.18333334,0.6,0.8,0.9,0.93333334,0.96666664,-0.4,-0.7,-0.8,-0.8666667,-0.78333336,-0.8775975,-0.59176457,-0.69918877,-0.3187964,0.23373899,-0.8960114,-0.8552419,-0.14746976,-0.44905773,0.016529212,0.2,0.3,0.4,0.46666667,0.45,0.6,0.6,0.55,0.5,0.5,-0.4,-0.3,-0.15,-0.033333335,-0.05,0.13893254,0.1802527,0.30132586,0.33778834,0.4232318,0.8610675,0.8197473,0.69867414,0.66221166,0.57676816,-0.72213495,-0.6394946,-0.3973483,-0.32442328,-0.15353636,0.9235878,0.9433857,0.8064819,0.84057623,1.0785946,0.111142136,0.18410239,0.21125212,0.23428029,0.45655614,1.6544964,1.0719455,1.0217689,1.6488137,1.6242388,0.5587709,0.585032,0.5588603,0.48770776,0.49195492,0.44122913,0.414968,0.44113973,0.5122922,0.5080451,0.11754174,0.17006397,0.117720574,-0.02458447,-0.016090136
SZ000963,-0.015506623742568695,0.375,,2026-04-27,-0.02285065,0.029420203,-0.7766993,0.0025706908,0.08737842,0.0039988616,0.1359223,-0.02142248,-0.7281554,1.023385,1.0260159,0.9959076,1.0025353,1.0064163,1.0210261,1.0371102,1.0210261,1.104047,1.0038542,1.0129994,1.0319523,1.0278456,1.037906,0.01379221,0.01694555,0.025312863,0.027041418,0.030705966,0.0038020392,-0.003146766,-0.0033467633,-0.0006650502,-0.00094305957,0.18997894,0.31610325,0.6118367,0.046876114,0.28769517,-0.01145819,0.0011610365,-0.00015796677,-0.018202389,-0.010085761,1.0403377,1.0502594,1.0862199,1.0862199,1.1093166,0.9926799,0.9926799,0.9926799,0.96754074,0.96754074,1.0056705,1.0289944,1.0549455,1.0537794,1.0615438,0.9963714,0.9981185,1.005133,0.9985261,1.0056663,0.8,0.4,0.2,0.26666668,0.18333334,0.15359764,0.12713078,0.078256525,0.27350438,0.22894797,0.8,0.2,0.2,0.46666667,0.016666668,0.4,0.7,0.85,0.33333334,0.6666667,0.4,-0.5,-0.65,0.13333334,-0.65,0.8034027,0.55869395,0.4880281,0.47368905,0.1539313,0.8201519,0.7019539,0.6246352,0.51759976,0.23779692,0.4,0.4,0.45,0.5,0.45,0.6,0.6,0.55,0.5,0.55,-0.2,-0.2,-0.1,0.0,-0.1,0.4574466,0.42111266,0.43122283,0.47782555,0.43715635,0.5425534,0.57888734,0.5687772,0.5221745,0.5628437,-0.08510681,-0.15777467,-0.13755438,-0.044348918,-0.12568733,0.84055465,0.7846209,0.808635,0.7699452,0.7063864,0.46771201,0.34339768,0.2884526,0.2827874,0.27738097,1.255988,1.2174863,1.0726552,1.1843,1.287731,0.6362397,0.5381193,0.47358888,0.54042923,0.51047707,0.3637603,0.46188068,0.5264111,0.4595708,0.4895229,0.2724794,0.076238655,-0.052822202,0.08085844,0.020954184
SH600845,-0.017341437470180986,0.25,,2026-04-27,-0.012227039,0.030130988,-0.40579614,0.013973806,0.4637686,0.003930143,0.13043526,-0.022270702,-0.7391295,1.0123783,1.0265251,0.9960212,1.0010263,1.0088459,0.99204725,0.9770062,1.0035154,1.0393314,1.011664,1.011664,1.008967,0.99328816,1.0136306,0.017667456,0.015895857,0.01990271,0.03441715,0.037555456,0.0022590419,0.00056895113,-0.0001458916,0.0018426148,-0.0007620127,0.04087338,0.011743388,0.0018806334,0.22213711,0.12556778,-0.016182087,-0.014224284,-0.0075810184,-0.020006085,0.008848793,1.0433166,1.0455222,1.0667325,1.0667325,1.0888579,0.971686,0.971686,0.9570974,0.8992078,0.8992078,1.0244863,1.0244863,1.023691,1.0200663,1.0522404,0.9973433,0.9984959,0.992393,0.9624089,0.9902607,0.4,0.3,0.35,0.5,0.325,0.39527836,0.38347048,0.39132172,0.6016558,0.531464,0.6,0.3,0.05,0.36666667,0.45,0.2,0.6,0.05,0.23333333,0.6166667,0.4,-0.3,0.0,0.13333334,-0.16666667,0.6249579,0.75416625,0.6833517,0.40071458,0.54477715,0.4426016,0.79701287,0.69667345,0.6605424,0.57675534,0.4,0.4,0.4,0.4,0.45,0.6,0.6,0.6,0.6,0.53333336,-0.2,-0.2,-0.2,-0.2,-0.083333336,0.4523737,0.5204445,0.52539784,0.4977585,0.48547596,0.5476263,0.47955546,0.47460216,0.5022415,0.51452404,-0.09525259,0.04088906,0.05079569,-0.004482965,-0.029048087,1.3170835,1.2469187,1.2364463,1.2446973,1.3557045,0.33503902,0.4388768,0.5492472,0.49143177,0.4866043,0.908015,1.0518339,1.4568819,1.1945258,1.1474286,0.5364687,0.5117448,0.4806656,0.47815984,0.49487814,0.4635313,0.4882552,0.51933444,0.52184016,0.5051218,0.072937414,0.023489583,-0.03866883,-0.04368033,-0.010243702
SH601916,-0.019415772539338523,0.125,,2026-04-27,0.0,0.006756761,0.0,0.0033783806,0.5,0.0033783806,0.5,0.0,0.0,1.0,1.0033784,0.9966216,1.0000639,1.0121951,1.0,1.0439025,1.0463415,1.0,1.0034146,1.0097561,1.0084146,1.0200813,1.0127236,0.0040812716,0.0078824125,0.011148273,0.020623175,0.019906592,-0.0021951236,-0.0021286048,-0.0004382912,-0.0017271236,0.00035219837,0.72321427,0.66847193,0.054097645,0.54354745,0.09547304,0.0009756105,-0.00017738373,-0.0042508743,0.0049619763,-0.023113439,1.0165104,1.0228881,1.0506591,1.0628458,1.0628458,0.9966216,0.9966216,0.9893065,0.9893065,0.9733456,1.0058537,1.0195122,1.0136585,1.0443903,1.0360976,1.0,1.0019512,1.0,1.002439,1.0,0.3,0.15,0.175,0.11666667,0.25,0.16986416,0.12861964,0.17429593,0.14541207,0.29781404,0.2,0.3,0.05,0.06666667,0.53333336,1.0,1.0,0.3,0.53333336,0.083333336,-0.8,-0.7,-0.25,-0.46666667,0.45,-0.41010994,0.085800305,0.23079483,0.500126,0.29481623,0.22310904,0.6073393,-0.18379347,-0.31331968,-0.09913302,0.2,0.3,0.2,0.23333333,0.38333333,0.6,0.4,0.55,0.53333336,0.46666667,-0.4,-0.1,-0.35,-0.3,-0.083333336,0.14285715,0.5,0.3043478,0.39325842,0.5,0.85714287,0.5,0.6956522,0.60674155,0.5,-0.71428573,0.0,-0.39130434,-0.21348314,0.0,1.0103368,1.0159168,1.2538999,1.5234338,1.6732244,0.23856919,0.19998348,0.6676687,0.7239916,0.6378486,0.801422,0.95068747,2.3585806,2.0516987,1.7106308,0.5091431,0.5977711,0.47205195,0.4331346,0.49428436,0.4908569,0.40222892,0.527948,0.56686544,0.50571567,0.018286241,0.19554217,-0.055896077,-0.13373084,-0.011431302
SH600600,-0.02212926215104779,0.125,,2026-04-27,0.0016181355,0.0072815726,0.22222336,0.004854406,0.6666701,0.00080903067,0.11110658,-0.0024272404,-0.3333401,0.9983845,1.0048466,0.9975768,1.0009501,1.0001737,1.0058175,1.0092038,1.0245724,1.0007814,0.9998437,1.0004776,1.0075715,1.009172,1.0066468,0.0021649601,0.0017274886,0.010473528,0.011786341,0.012982464,-0.0006772634,-0.00028890182,-0.0011168849,-0.000649869,0.00012121429,0.24465579,0.2563785,0.39801446,0.23561087,0.02658846,0.0015108156,0.0008225011,0.0030389833,0.00025114405,-0.010222528,1.0064843,1.0089097,1.042961,1.042961,1.042961,0.9945015,0.9945015,0.9945015,0.9725008,0.969317,1.0015628,1.0017018,1.018286,1.0197273,1.0187029,0.99880177,0.99987847,1.0001389,1.0003126,0.9991665,0.6,0.3,0.2,0.16666667,0.3,0.45886773,0.38162276,0.11346655,0.3902799,0.4166396,0.6,0.1,0.25,0.5,0.75,0.8,0.9,0.95,0.23333333,0.06666667,-0.2,-0.8,-0.7,0.26666668,0.68333334,0.39595821,0.24427876,0.8233181,0.50341034,0.21536385,0.8667202,0.19926389,0.5724787,0.023157682,0.2916669,0.6,0.5,0.4,0.4,0.45,0.4,0.5,0.6,0.6,0.55,0.2,0.0,-0.2,-0.2,-0.1,0.49418554,0.38408163,0.45865822,0.44131055,0.49923116,0.5058145,0.61591834,0.5413418,0.5586894,0.50076884,-0.011628944,-0.23183672,-0.082683586,-0.11737889,-0.0015376543,0.88657093,0.8967201,1.1406624,1.2665107,1.3614378,0.14516617,0.1630463,0.37459862,0.42550886,0.55356777,0.4266378,0.7937094,1.3618858,1.3975027,2.0833497,0.628316,0.53563625,0.47839367,0.4703584,0.5019146,0.371684,0.46436372,0.5216063,0.52964157,0.49808535,0.25663197,0.07127254,-0.043212637,-0.05928317,0.0038292774
SH600030,-0.02236652727260848,0.125,,2026-04-27,0.014015141,0.02537876,0.552239,0.011363619,0.447761,0.0,0.0,0.002651522,0.104477994,0.9861786,1.0112065,0.9861786,1.0009749,0.9824394,0.9746159,0.9062307,0.9618957,1.0322508,0.98984635,0.98453873,0.9508414,0.9451736,0.9818624,0.008954772,0.008737685,0.040660277,0.037165467,0.049843326,0.0017222952,0.0020293037,0.0061837216,0.0022959795,-0.0018947858,0.092479646,0.49443907,0.80951923,0.29577303,0.44076398,0.006709047,0.0063293767,-0.009586805,0.021534657,0.07403374,1.0112065,1.0112065,1.0112065,1.0112065,1.0573575,0.9731261,0.96675056,0.8879073,0.8879073,0.8879073,0.99819887,0.9909045,0.9825182,0.98122364,1.0331964,0.98192155,0.97954637,0.90116507,0.9019756,0.92237294,1.0,1.0,1.0,1.0,0.6333333,0.7057134,0.7479179,0.9091109,0.9091109,0.6615078,1.0,1.0,1.0,1.0,0.11666667,0.8,0.1,0.3,0.53333336,0.76666665,0.2,0.9,0.7,0.46666667,-0.65,0.8823725,0.59909767,0.4774305,0.36925521,0.2410228,0.84310216,0.80511254,0.8832003,0.5689808,0.46351138,0.4,0.5,0.45,0.46666667,0.43333334,0.4,0.4,0.5,0.5,0.55,0.0,0.1,-0.05,-0.033333335,-0.11666667,0.6645573,0.6618812,0.6887177,0.5505902,0.4742055,0.33544275,0.3381188,0.31128228,0.44940975,0.5257945,0.3291145,0.32376242,0.37743545,0.10118049,-0.051589016,0.843681,0.81110585,0.8661909,0.85347724,0.8489636,0.27979535,0.21272992,0.509626,0.44383535,0.39888716,0.84570897,0.98259777,2.397783,2.2029147,2.1634824,0.61028,0.432061,0.5250196,0.52172,0.49641588,0.38972,0.567939,0.4749804,0.47828,0.5035841,0.22056001,-0.13587803,0.05003917,0.043439984,-0.007168222
SZ300628,-0.0253995527211396,0.25,,2026-04-27,0.008902087,0.021580825,0.41249985,0.012408948,0.5749988,0.00026978969,0.012501361,-0.003237071,-0.14999756,0.9911765,1.0122994,0.99090904,1.0028149,0.9606943,0.96498096,0.85748386,0.9144376,0.9633719,0.9920333,0.9734238,0.9370212,0.921393,0.9482561,0.021130148,0.02464883,0.046411578,0.045729477,0.048566088,0.0075129373,0.006634006,0.0074640955,0.004061464,-0.0012241179,0.31604898,0.6640038,0.9052525,0.61132836,0.1937671,-0.0070592007,-0.003276826,-0.007930091,0.019715775,0.08785543,1.0147076,1.0147076,1.0147076,1.0147076,1.0550842,0.9491991,0.9425133,0.8465302,0.83983684,0.83983684,1.0021393,0.9976469,0.97134376,0.9610161,0.99229974,0.9885591,0.9537433,0.88032603,0.8796823,0.904226,0.8,0.9,0.95,0.96666664,0.85,0.7754859,0.79627776,0.9125472,0.9158945,0.7440886,0.4,0.7,0.85,0.9,0.13333334,0.2,0.4,0.05,0.33333334,0.6666667,0.2,0.3,0.8,0.56666666,-0.53333336,0.8881757,0.8707866,0.7727126,0.517499,0.64084095,0.9824546,0.896352,0.90858984,0.6759557,0.49808672,0.6,0.5,0.65,0.6333333,0.53333336,0.4,0.4,0.3,0.33333334,0.45,0.2,0.1,0.35,0.3,0.083333336,0.75435287,0.65124774,0.79975605,0.62102157,0.52147686,0.24564713,0.34875223,0.20024396,0.3789784,0.47852314,0.50870574,0.3024955,0.5995121,0.2420432,0.042953704,1.275952,0.9684601,0.7964918,0.8131231,0.96414435,0.67279303,0.5581218,0.4792324,0.41472957,0.47554708,1.7894127,2.1836152,2.0245717,1.8764375,1.499151,0.56830174,0.4407427,0.5413346,0.5216923,0.504625,0.43169826,0.5592573,0.45866537,0.47830775,0.49537495,0.13660346,-0.11851461,0.08266924,0.04338452,0.009250101
SH600276,-0.026329450400711846,0.25,,2026-04-27,-0.012129779,0.015519023,-0.78160715,0.00017839951,0.011495537,0.0032108442,0.20689732,-0.009097334,-0.58620536,1.0122787,1.0124593,0.99674976,1.0001421,1.0173341,0.99674916,0.99638915,0.99512374,1.07331,1.0076557,1.0167384,1.0187064,1.0085343,1.0168496,0.007718457,0.01397526,0.015138569,0.02537168,0.028792242,-0.00023479044,-0.0030171846,-0.0006163473,0.0009352879,-0.00058195466,0.002313342,0.4272631,0.05801621,0.10531589,0.12460262,-0.0071861953,-0.0031611414,-0.012851118,-0.02209596,0.00031801604,1.0465858,1.0554336,1.0554336,1.0554336,1.0882988,0.99205416,0.9895273,0.98609596,0.92289686,0.92289686,1.0133617,1.0222813,1.0362222,1.0288904,1.0424325,1.000866,1.0055618,1.0055618,0.99667716,0.99667716,0.2,0.1,0.15,0.3,0.26666668,0.14571074,0.15890275,0.2005263,0.581749,0.46615624,0.6,0.2,0.6,0.73333335,0.016666668,0.4,0.1,0.05,0.33333334,0.6666667,0.2,0.1,0.55,0.4,-0.65,0.8209943,0.6306759,0.40068185,0.27926978,0.17331973,0.8126047,0.49651983,0.45990053,0.2390982,0.20920311,0.2,0.4,0.4,0.46666667,0.41666666,0.8,0.6,0.6,0.53333336,0.5833333,-0.6,-0.2,-0.2,-0.06666667,-0.16666667,0.3333341,0.5131994,0.50631225,0.50464803,0.46058288,0.6666659,0.48680064,0.49368772,0.49535194,0.5394171,-0.33333182,0.026398726,0.01262456,0.009296097,-0.07883421,1.2879872,1.356621,1.4045342,1.2864903,1.2320316,0.4759651,0.46295205,0.4252498,0.45982924,0.4545097,0.8656851,0.99301076,1.0942603,1.2402639,1.2011046,0.5108091,0.42977768,0.4410249,0.51794845,0.49586675,0.4891909,0.5702223,0.5589751,0.48205155,0.5041332,0.021618195,-0.14044465,-0.117950186,0.035896875,-0.008266499
SH601766,-0.027462232161118837,0.25,,2026-04-27,-0.0050847856,0.010169476,-0.50000465,0.0033898253,0.33333334,0.0016948651,0.166662,-0.0067797457,-0.66667604,1.0051107,1.008518,0.9982965,1.0025468,1.0372093,1.061628,1.072093,1.0941861,1.1465117,1.0174419,1.0344186,1.0490698,1.0568606,1.0706202,0.014754156,0.021393094,0.023020845,0.023374502,0.024328694,-0.009302324,-0.006976742,-0.003068719,-0.0020231795,-0.0010310359,0.99378896,0.9749212,0.62192756,0.58061177,0.5477847,0.0011627522,-0.003023295,-0.019916972,-0.027524406,-0.040204637,1.0406156,1.0679003,1.0989748,1.1071908,1.1550846,0.9982965,0.9982965,0.9982965,0.9982965,0.9982965,1.027907,1.0546511,1.0693023,1.0774419,1.0906978,1.0055815,1.0153489,1.0348837,1.0390698,1.0541861,0.2,0.1,0.05,0.033333335,0.016666668,0.040254306,0.024474602,0.016920492,0.015643843,0.010865156,0.2,0.1,0.1,0.033333335,0.016666668,1.0,1.0,1.0,1.0,1.0,-0.8,-0.9,-0.9,-0.96666664,-0.98333335,0.25068125,-0.47304112,0.008039415,0.01952632,0.24285135,-0.50795156,-0.19907221,0.16683659,0.15088117,0.12442385,0.0,0.1,0.25,0.3,0.31666666,0.8,0.7,0.65,0.6333333,0.6166667,-0.8,-0.6,-0.4,-0.33333334,-0.3,0.0,0.01818122,0.34951442,0.37614664,0.39739412,1.0,0.9818188,0.6504856,0.6238533,0.6026059,-1.0,-0.96363753,-0.30097112,-0.24770668,-0.20521177,1.2698972,1.1391578,1.2401879,1.2374729,1.5043298,0.3423243,0.3442641,0.6769209,0.5761419,0.8164669,0.70929396,0.8145423,1.678958,1.4865803,1.2178868,0.3822969,0.56652063,0.50288194,0.4816572,0.48451442,0.6177031,0.4334794,0.49711806,0.5183428,0.5154856,-0.23540619,0.13304122,0.0057638767,-0.036685575,-0.030971177
SZ000538,-0.02829104420549318,0.25,,2026-04-27,-0.002572115,0.00790005,-0.32558212,0.0003674103,0.04650734,0.004960525,0.62791055,0.0020209996,0.2558211,1.0025787,1.0029471,0.9950267,0.99925226,1.0130755,1.0081018,1.002021,1.0370177,1.0434678,1.004014,1.011455,1.0168885,1.0209527,1.0293703,0.0059054676,0.009550032,0.012781229,0.016358802,0.015727494,-0.0029285112,-0.002728139,-0.001227286,-0.0011276935,-0.0005618113,0.61478776,0.74805707,0.3227114,0.36828226,0.3891901,0.0018430427,0.0008215753,-0.005229297,-0.004601168,-0.0127968285,1.0169456,1.0279961,1.053601,1.0567299,1.072015,0.9950267,0.9950267,0.9929985,0.9928112,0.9928112,1.0056343,1.0192652,1.0270379,1.0409652,1.0444988,0.9999625,1.0020621,1.0071809,1.0071809,1.0138111,0.4,0.2,0.1,0.1,0.05,0.22689596,0.15084635,0.1155321,0.11246804,0.090763435,0.2,0.2,0.25,0.16666667,0.18333334,1.0,1.0,0.05,0.33333334,0.6666667,-0.8,-0.8,0.2,-0.16666667,-0.48333332,-0.82410026,-0.36509335,0.3641869,0.107411034,0.117527224,-0.720993,-0.145625,0.33731562,-0.13045852,-0.109309934,0.4,0.4,0.45,0.46666667,0.45,0.6,0.6,0.55,0.53333336,0.53333336,-0.2,-0.2,-0.1,-0.06666667,-0.083333336,0.18599172,0.4225741,0.4925172,0.41771135,0.44445127,0.8140083,0.5774259,0.50748277,0.5822886,0.5555487,-0.6280166,-0.15485181,-0.014965575,-0.1645773,-0.111097455,0.91903347,0.8798625,0.94953495,0.9816777,1.0614736,0.20371275,0.1772521,0.26216123,0.32111806,0.38100561,1.0468504,0.83873516,1.2247884,1.5331603,1.3882048,0.54086643,0.50878763,0.5227441,0.5189373,0.50188565,0.45913357,0.49121234,0.47725588,0.4810627,0.49811438,0.08173287,0.017575324,0.045488235,0.037874576,0.0037712643
SH601668,-0.03024567633127081,0.25,,2026-04-27,-0.006198377,0.0082645025,-0.75,0.0020661256,0.25,0.0,0.0,-0.0082645025,-1.0,1.006237,1.008316,1.0,1.0029333,1.0148863,1.0227671,1.0253941,1.0709282,1.0560421,1.0064799,1.017951,1.0274956,1.0302978,1.0401781,0.003796769,0.013698423,0.014523626,0.016171843,0.017137391,-0.0020140174,-0.004272144,-0.002133179,-0.0011766339,-0.00061276526,0.7034579,0.8915835,0.7550444,0.4102659,0.3899408,-0.0024518438,0.0012736655,-0.007230441,-0.013236555,-0.0221015,1.0212361,1.0400622,1.0520998,1.0773882,1.0813255,1.0,1.0,1.0,1.0,1.0,1.0087566,1.0338004,1.03993,1.0441331,1.0521892,1.0049037,1.0082312,1.0087566,1.0136603,1.0271454,0.2,0.1,0.05,0.033333335,0.016666668,0.0,0.0,0.0,0.0,0.0,0.2,0.2,0.15,0.033333335,0.5,1.0,1.0,1.0,1.0,1.0,-0.8,-0.8,-0.85,-0.96666664,-0.5,0.49473625,-0.27584136,-0.15513591,0.021794477,0.24813879,-0.70186263,-0.4678284,0.09488142,-0.13972017,0.012783645,0.0,0.2,0.4,0.36666667,0.41666666,0.6,0.5,0.45,0.5,0.43333334,-0.6,-0.3,-0.05,-0.13333334,-0.016666668,0.0,0.2678571,0.39416048,0.34362933,0.4416058,1.0,0.73214287,0.60583955,0.65637064,0.5583942,-1.0,-0.46428576,-0.21167904,-0.31274134,-0.116788365,1.2713723,1.2891922,1.2231467,1.3896202,1.8336486,0.48241058,0.5103421,0.41682798,0.53524375,0.95892763,1.2681715,1.1267825,0.9021671,1.3790978,1.3875078,0.081490055,0.4917078,0.4931643,0.4361687,0.4945436,0.91850996,0.5082922,0.5068357,0.5638313,0.5054564,-0.8370199,-0.016584383,-0.013671399,-0.12766261,-0.010912759
SH601607,-0.0329249076326142,0.25,,2026-04-27,-0.008912624,0.011289346,-0.7894721,0.002376722,0.21052787,0.0,0.0,-0.011289346,-1.0,1.0089928,1.0113909,1.0,1.0030055,1.0150083,1.0239701,1.0005939,1.0365491,1.0377909,1.0131836,1.0181667,1.0234385,1.0185229,1.0264364,0.007891924,0.009027229,0.010619705,0.016834881,0.015197773,-0.004432328,-0.0023672483,-0.0009697756,0.0001433201,-0.00044724575,0.788566,0.6303621,0.29186743,0.005616889,0.26413888,-0.0043189516,-0.00751399,-0.014225557,-0.02060106,-0.013242754,1.0233563,1.0359806,1.041388,1.042587,1.0599592,1.0,1.0,0.99159294,0.9730209,0.9730209,1.0178589,1.0218432,1.03453,1.0344113,1.0365491,1.0095881,1.0144037,1.0164336,1.005863,1.0183339,0.2,0.1,0.05,0.16666667,0.083333336,0.0,0.0,0.16883366,0.38781914,0.3103246,0.2,0.3,0.25,0.06666667,0.05,1.0,1.0,0.05,0.2,0.6,-0.8,-0.7,0.2,-0.13333334,-0.55,-0.6767867,0.43482038,0.6738512,0.33485174,0.33092967,-0.32208422,0.21821773,0.48326853,0.06924799,0.09359137,0.4,0.3,0.45,0.43333334,0.48333332,0.6,0.7,0.55,0.56666666,0.5,-0.2,-0.4,-0.1,-0.13333334,-0.016666668,0.2079833,0.30729157,0.49762818,0.4204091,0.44649947,0.7920167,0.69270843,0.50237185,0.5795909,0.55350053,-0.5840334,-0.38541687,-0.0047436375,-0.1591818,-0.10700109,0.7550678,0.8835159,1.163621,1.1248516,1.1603013,0.15437356,0.26189658,0.45842075,0.42639494,0.5030602,1.0617746,0.97371405,0.98295444,1.3373768,1.35747,0.67857534,0.54299563,0.50235283,0.4931404,0.46308076,0.32142466,0.45700437,0.49764717,0.5068596,0.53691924,0.35715064,0.08599124,0.004705696,-0.013719217,-0.07383847
SZ000876,-0.03406973223013989,0.0,,2026-04-27,-0.00931321,0.01513388,-0.6153881,0.0011641143,0.076921076,0.0046565556,0.3076908,-0.0058207684,-0.3846184,1.0094007,1.0105758,0.9952997,0.999034,1.0352532,1.0047134,0.96829814,1.0422908,1.0282154,1.0155346,1.0290419,1.0043647,1.0002885,1.0147007,0.011466977,0.01687117,0.029169222,0.03070601,0.027806843,-0.0070506358,-0.005447035,0.0034602587,0.0011991345,-0.00055707496,0.9451455,0.95552367,0.49253318,0.11819272,0.12241194,-0.0014333935,-0.0045302403,-0.037237182,-0.0176759,0.0017330307,1.0458684,1.05758,1.05758,1.0622671,1.0811082,0.9952997,0.9941619,0.9600339,0.9482958,0.9482958,1.021888,1.0470042,1.0343235,1.0331613,1.0395015,1.0066116,1.0176654,0.97839624,0.96829814,0.9845171,0.2,0.1,0.5,0.53333336,0.26666668,0.092949264,0.092056915,0.40971488,0.45365992,0.38930255,0.4,0.3,0.65,0.033333335,0.1,1.0,0.1,0.05,0.23333333,0.6166667,-0.6,0.2,0.6,-0.2,-0.51666665,0.5990996,0.8357297,0.7719069,0.6799601,0.6072074,-0.19019192,0.71255875,0.7368078,0.45079112,0.4210206,0.0,0.2,0.45,0.4,0.46666667,0.8,0.6,0.45,0.5,0.46666667,-0.8,-0.4,0.0,-0.1,0.0,0.0,0.47555235,0.58175147,0.43432915,0.47579482,1.0,0.5244476,0.41824856,0.56567085,0.5242052,-1.0,-0.048895292,0.16350287,-0.13134167,-0.048410367,1.45934,2.1132782,1.7122736,1.6908752,1.913955,0.4476864,1.1422731,0.9481271,0.8278186,1.0318052,0.7442356,2.2386575,2.1135235,1.8243518,1.6775439,0.34794864,0.41179994,0.49903575,0.4666969,0.4714451,0.6520514,0.5882001,0.5009642,0.5333031,0.5285549,-0.30410272,-0.17640014,-0.0019285002,-0.06660621,-0.057109803
SH601186,-0.034350386383823275,0.25,,2026-04-27,-0.010278997,0.010278997,-1.0,0.0,0.0,0.0,0.0,-0.010278997,-1.0,1.0103858,1.0103858,1.0,1.0029988,1.0231389,1.028169,1.0372233,1.1136822,1.1167003,1.0142857,1.0219316,1.0292253,1.0383971,1.059943,0.0092861075,0.010506555,0.01193699,0.021494558,0.028107004,-0.0055332,-0.0032559051,-0.0016800052,-0.001987677,-0.0013137172,0.88761646,0.88030696,0.6932656,0.6627295,0.6663072,-0.003219321,-0.007280041,-0.013265326,-0.009575756,-0.021188356,1.0265833,1.0366423,1.0596344,1.1173022,1.1255525,1.0,1.0,1.0,1.0,1.0,1.021328,1.0321932,1.0386318,1.0462776,1.0875251,1.0080483,1.016499,1.0219315,1.0231389,1.0321932,0.2,0.1,0.05,0.033333335,0.016666668,0.0,0.0,0.0,0.0,0.0,0.2,0.2,0.15,0.033333335,0.06666667,1.0,1.0,1.0,1.0,1.0,-0.8,-0.8,-0.85,-0.96666664,-0.93333334,-0.55591255,-0.59801257,0.13897118,0.5282971,0.6595775,-0.43206963,-0.41461593,0.448006,-0.19178128,0.07347759,0.0,0.1,0.25,0.26666668,0.36666667,1.0,0.7,0.55,0.6,0.53333336,-1.0,-0.6,-0.3,-0.33333334,-0.16666667,0.0,0.11111154,0.32710278,0.2635983,0.38973376,1.0,0.8888885,0.6728972,0.7364017,0.6102662,-1.0,-0.7777769,-0.34579444,-0.4728034,-0.22053248,0.92021364,0.8617521,0.903111,1.0849466,1.6996181,0.14349996,0.19028541,0.22318648,0.46296716,1.3168237,0.96923065,1.0207709,1.0377316,1.6236985,1.2136197,0.46469015,0.5247166,0.53759235,0.37057754,0.48808804,0.53530985,0.4752834,0.46240765,0.6294225,0.5119119,-0.07061971,0.04943319,0.075184725,-0.25884494,-0.023823911
SZ002371,-0.036335508683159906,0.125,,2026-04-27,0.072838746,0.09131338,0.7976788,0.007585203,0.08306782,0.010889425,0.11925334,0.07614297,0.8338644,0.93210655,1.0070702,0.9219564,0.97436154,0.9127937,0.91525334,0.87744385,0.8869345,0.9696084,0.9267837,0.92272377,0.90117866,0.8945187,0.90671104,0.04607453,0.03156611,0.040671658,0.035608012,0.035443623,0.024509123,0.0035945817,0.0043110317,0.002116603,-0.0006495643,0.7074141,0.118868314,0.39323008,0.27383256,0.10243962,0.024198076,0.061100602,0.057866532,0.07479057,0.11245109,1.0070702,1.0070702,1.0070702,1.0070702,1.0070702,0.8652984,0.861985,0.8179183,0.8179183,0.8179183,0.94064945,0.9272258,0.92082953,0.917866,0.9272258,0.90698594,0.9122826,0.8710668,0.86551464,0.8759663,1.0,1.0,1.0,1.0,1.0,0.95012957,0.9512685,0.9626215,0.9626215,0.9626215,1.0,1.0,1.0,1.0,1.0,0.2,0.5,0.3,0.53333336,0.76666665,0.8,0.5,0.7,0.46666667,0.23333333,0.44331184,0.20709702,0.52431583,0.56580997,0.36555022,0.6318896,0.36971173,0.5912754,0.60675263,0.4013938,0.4,0.4,0.45,0.43333334,0.45,0.6,0.6,0.55,0.56666666,0.55,-0.2,-0.2,-0.1,-0.13333334,-0.1,0.7314398,0.68325406,0.6295188,0.585245,0.5138199,0.26856017,0.3167459,0.37048122,0.414755,0.48618013,0.46287963,0.36650816,0.25903758,0.17049004,0.027639724,0.74968624,0.61152744,0.4963877,0.43813068,0.41004074,0.20144108,0.26088357,0.23170428,0.20877495,0.16665767,1.0096066,1.5002762,1.4887215,1.5367955,1.5665433,0.53885084,0.6888793,0.6175033,0.5861252,0.5398371,0.4611492,0.3111207,0.38249668,0.4138748,0.46016285,0.077701636,0.37775865,0.23500663,0.17225039,0.079674296
SH600085,-0.04049369627262641,0.125,,2026-04-27,-0.009427098,0.014865861,-0.63414407,0.00036260745,0.024391957,0.0050761565,0.34146398,-0.004713549,-0.31707203,1.0095168,1.0098829,0.99487555,0.99906456,1.015024,1.0124596,1.0351465,1.0962682,1.1229975,1.0105469,1.0158596,1.0193169,1.036307,1.0760103,0.006426918,0.008050736,0.010822664,0.030791178,0.04727547,-0.0034452497,-0.0024443904,-0.001110932,-0.0029382452,-0.0024495255,0.718416,0.84504807,0.3687862,0.7057082,0.8188268,-0.0036564223,-0.00485986,-0.008763093,0.0062976307,-0.0037493678,1.0197885,1.0303898,1.0541787,1.1153,1.1892406,0.99487555,0.99487555,0.99487555,0.99487555,0.99487555,1.0142819,1.023447,1.0269465,1.0478957,1.1194919,1.008785,1.0109813,1.011271,1.0133284,1.0184572,0.2,0.1,0.05,0.033333335,0.016666668,0.20569457,0.14429344,0.08641137,0.042553328,0.026365161,0.2,0.2,0.15,0.06666667,0.18333334,1.0,1.0,1.0,1.0,1.0,-0.8,-0.8,-0.85,-0.93333334,-0.81666666,-0.6852653,-0.11640546,0.551777,0.13588507,0.40301126,-0.8234074,-0.07261783,0.24038029,-0.0648275,0.074782185,0.4,0.4,0.35,0.3,0.4,0.6,0.5,0.6,0.6333333,0.55,-0.2,-0.1,-0.25,-0.33333334,-0.15,0.19410504,0.37671676,0.4062451,0.31863144,0.38769224,0.805895,0.6232832,0.5937549,0.6813685,0.6123077,-0.61178994,-0.24656646,-0.18750978,-0.3627371,-0.22461551,0.7931872,0.76520234,0.9508646,1.0072223,1.3022177,0.21250103,0.17464401,0.35389206,0.36726433,0.8279071,0.9562307,1.0398192,1.3050848,1.4944218,1.4100477,0.66972196,0.60380405,0.41957298,0.5202243,0.47215468,0.330278,0.39619595,0.580427,0.4797757,0.5278453,0.33944398,0.20760809,-0.16085404,0.040448587,-0.055690635
SZ000166,-0.043563686471507254,0.125,,2026-04-27,-0.0021598565,0.010799123,-0.20000297,0.0064794896,0.60000145,0.0021597766,0.19999555,-0.0064795697,-0.6000089,1.0021645,1.008658,0.9978356,1.0029386,1.0260274,1.0287671,1.0232877,1.0671233,1.1082191,1.0084932,1.0184932,1.0169178,1.026347,1.0556622,0.007712726,0.011876538,0.010970391,0.021908017,0.036296636,-0.0047945315,-0.0038107096,-0.00016994652,-0.0015856287,-0.0019078363,0.9660877,0.9437206,0.008399402,0.40597433,0.84265405,0.0010959035,-0.001344963,-0.015303327,-0.0033554288,0.00061905273,1.0280545,1.0374305,1.0392385,1.0910711,1.1239526,0.9962425,0.9962425,0.9935065,0.9935065,0.9935065,1.0156164,1.0287671,1.0265753,1.0328767,1.0961643,1.0021918,1.0060273,1.0041096,1.0101371,1.0178082,0.2,0.1,0.075,0.05,0.025,0.118115656,0.09122781,0.14199059,0.06655599,0.049779285,0.4,0.2,0.45,0.06666667,0.033333335,0.8,0.9,0.3,0.53333336,0.76666665,-0.4,-0.7,0.15,-0.46666667,-0.73333335,0.20430206,-0.31334063,0.15171231,0.24354215,0.49554,0.15945339,-0.24813959,0.46056044,0.037184123,0.0668101,0.0,0.1,0.25,0.33333334,0.38333333,1.0,0.7,0.65,0.6,0.5833333,-1.0,-0.6,-0.4,-0.26666668,-0.2,0.0,0.11111087,0.4260869,0.3816425,0.399491,1.0,0.88888913,0.5739131,0.6183575,0.600509,-1.0,-0.77777827,-0.14782622,-0.236715,-0.20101799,1.1369686,1.0613259,1.2040466,1.2678814,1.4968191,0.21524735,0.18259747,0.3667586,0.37968943,0.57781124,0.5974192,0.8466252,1.1950489,1.4428402,1.2093663,0.56685424,0.39798787,0.4992917,0.48561135,0.4904748,0.4331458,0.6020121,0.5007083,0.5143886,0.50952524,0.13370845,-0.20402424,-0.0014165965,-0.028777286,-0.019050427
SH688009,-0.047295146447056936,0.125,,2026-04-27,-0.009398484,0.020676643,-0.45454594,0.0018796741,0.090908095,0.009398484,0.45454594,-0.0018796741,-0.090908095,1.0094876,1.0113852,0.9905124,0.99688596,1.0140625,1.0265625,1.0640625,1.1625,1.090625,1.011875,1.0151563,1.027422,1.0453646,1.0658073,0.00721123,0.0065488555,0.017681131,0.036226775,0.045038246,-0.0034375002,-0.0016382613,-0.0023766474,-0.0034194244,-0.0009330283,0.5680765,0.57364994,0.63237906,0.69047564,0.13089605,-0.0050000045,-0.007784084,-0.004843746,0.004217054,-0.03828297,1.0242144,1.0316914,1.1049927,1.1706474,1.2081466,0.9905124,0.9905124,0.9905124,0.9905124,0.9905124,1.01625,1.0203125,1.038125,1.0728126,1.0940626,1.0087501,1.0134375,1.0140625,1.0181249,1.0234376,0.2,0.1,0.05,0.033333335,0.016666668,0.28151563,0.23039994,0.08287574,0.052669674,0.043594483,0.8,0.2,0.1,0.033333335,0.46666667,1.0,1.0,1.0,1.0,1.0,-0.2,-0.8,-0.9,-0.96666664,-0.53333336,-0.65370244,-0.4295345,0.4771359,0.42876768,0.5829245,-0.020250898,-0.381568,0.08052006,0.07943219,0.34446502,0.4,0.3,0.35,0.3,0.36666667,0.6,0.7,0.65,0.6333333,0.6,-0.2,-0.4,-0.3,-0.33333334,-0.23333333,0.23529564,0.24242559,0.34351173,0.3142859,0.44930074,0.76470435,0.75757444,0.6564883,0.6857141,0.55069923,-0.52940875,-0.5151488,-0.31297657,-0.37142822,-0.10139853,0.74751645,0.7770376,0.92557317,0.9960508,1.1021069,0.16963853,0.18000832,0.39283612,0.3626686,0.42143747,0.93744177,0.72666395,1.5776747,1.288324,1.1790373,0.666895,0.5840852,0.52164435,0.47016522,0.45457435,0.33310503,0.4159148,0.47835565,0.52983475,0.54542565,0.33378994,0.16817042,0.0432887,-0.059669543,-0.0908513
SH601816,-0.048990252605222294,0.25,,2026-04-27,-0.006110007,0.010183294,-0.600003,0.0020366437,0.1999985,0.0020366437,0.1999985,-0.006110007,-0.600003,1.0061476,1.0081967,0.99795085,1.00137,1.0132828,1.0094876,1.0341556,1.0436432,1.0075902,1.0102466,1.0104364,1.020683,1.025427,1.0217267,0.01000488,0.0067681675,0.014278369,0.016983764,0.016683472,-0.0058823535,-0.00070150755,-0.0020259377,-0.0013694328,0.00018701184,0.86420834,0.098476805,0.70463306,0.5038662,0.0383235,0.0015180291,-0.007279634,-0.0014366911,-0.0055701607,-0.027243592,1.0347615,1.0347615,1.0544809,1.0654242,1.0654242,0.99795085,0.99795085,0.99795085,0.9951542,0.9864193,1.0144212,1.0117646,1.0364326,1.0398482,1.0379506,1.004554,1.0072106,1.0094876,1.0094876,1.0056926,0.2,0.1,0.05,0.05,0.1,0.055667534,0.055667534,0.03624907,0.06895973,0.17189652,0.2,0.6,0.1,0.06666667,0.53333336,1.0,1.0,1.0,0.23333333,0.13333334,-0.8,-0.4,-0.9,-0.16666667,0.4,0.9168849,0.71088314,0.27718318,0.23340937,-0.1821891,0.91103715,0.751705,0.43354443,-0.08040717,0.11879108,0.2,0.3,0.35,0.4,0.46666667,0.8,0.5,0.55,0.5,0.45,-0.6,-0.2,-0.2,-0.1,0.016666668,0.33333334,0.40000063,0.36363664,0.40650427,0.49159664,0.6666667,0.59999937,0.6363634,0.5934957,0.50840336,-0.33333334,-0.1999987,-0.2727267,-0.18699147,-0.016806733,1.1738905,1.1152847,1.1075782,1.2784884,1.6492039,0.2844672,0.21436955,0.19098818,0.3692395,0.72545964,0.8588234,1.2762963,0.8854656,1.5118009,1.1839535,0.53694904,0.5203425,0.46654692,0.47211653,0.4816413,0.463051,0.47965747,0.53345305,0.52788347,0.5183587,0.073898025,0.040685058,-0.066906154,-0.055766914,-0.036717422
SZ000858,-0.053077885969670925,0.25,,2026-04-27,-0.0029851021,0.004776146,-0.62500226,0.00029853624,0.06250568,0.0014925076,0.31249204,-0.0017911306,-0.37501588,1.0029941,1.0032935,0.998503,0.99972826,1.0114813,1.0221574,1.0244509,1.0274467,1.0255487,1.0069278,1.0157405,1.0238392,1.0238541,1.0329278,0.004604946,0.011807659,0.013234951,0.013395516,0.022847721,-0.0013276995,-0.0034592217,-0.0018685176,-0.00067402486,-0.000698433,0.20782152,0.786757,0.69761825,0.1962161,0.2850123,-0.004272426,-0.00017406514,-0.0060882797,-0.014080721,-0.012323932,1.0209609,1.0379249,1.0558925,1.0560925,1.1055909,0.998503,0.998503,0.998503,0.9984048,0.9984048,1.0099628,1.029623,1.0329576,1.0337734,1.0482254,1.0035132,1.0087049,1.0105015,1.0107591,1.0122776,0.2,0.1,0.05,0.033333335,0.016666668,0.06665685,0.037973285,0.026084518,0.027652703,0.014882697,0.6,0.3,0.1,0.06666667,0.1,1.0,1.0,1.0,0.23333333,0.6166667,-0.4,-0.7,-0.9,-0.16666667,-0.51666665,-0.6074052,-0.65841013,-0.39246297,-0.14839831,0.5750948,-0.53626066,-0.60275775,-0.13242778,-0.21234965,0.4121704,0.4,0.4,0.45,0.46666667,0.48333332,0.6,0.6,0.55,0.53333336,0.51666665,-0.2,-0.2,-0.1,-0.06666667,-0.033333335,0.26140782,0.30661795,0.4119363,0.44515085,0.4796378,0.7385922,0.693382,0.5880637,0.55484915,0.5203622,-0.47718436,-0.38676408,-0.17612739,-0.1096983,-0.040724378,0.7875168,0.71355593,0.6665431,0.6790966,1.0094951,0.17106348,0.16927513,0.16664366,0.18522209,0.7754779,0.95200664,0.9553806,0.7397041,0.85355085,3.6640391,0.71735966,0.6034597,0.57314795,0.5194998,0.50056523,0.28264037,0.39654028,0.42685205,0.48050022,0.49943477,0.43471926,0.20691943,0.14629593,0.03899957,0.0011304878
SH600104,-0.05330743795615368,0.0,,2026-04-27,0.0014620116,0.010964999,0.13333441,0.003655029,0.33333603,0.005847958,0.53332955,0.0036549405,0.33332795,0.9985401,1.0036497,0.9927007,0.9987723,1.0146419,1.0329112,1.0511147,1.067933,1.0920063,1.0068856,1.0145562,1.027991,1.0344611,1.0398507,0.006163224,0.010073514,0.0205421,0.021110624,0.019375537,-0.002915188,-0.0031550226,-0.002934126,-0.0018060345,-0.00057935197,0.55931604,0.8991961,0.714062,0.56722015,0.2726951,-0.0010552604,-0.0003585411,-0.00011684379,-0.008273665,-0.022759853,1.021216,1.0357828,1.0832434,1.0832434,1.1036819,0.9927007,0.9927007,0.9927007,0.9927007,0.9927007,1.0109617,1.0250099,1.0398892,1.0511147,1.0552434,1.0006331,1.0077562,1.0131776,1.0158027,1.0245746,0.2,0.1,0.05,0.033333335,0.016666668,0.25597823,0.1694275,0.08061723,0.08061723,0.065770574,0.6,0.1,0.15,0.43333334,0.016666668,1.0,1.0,1.0,1.0,1.0,-0.4,-0.9,-0.85,-0.56666666,-0.98333335,0.49959552,0.49187475,0.66847235,0.6162676,0.41423237,0.19846278,-0.009597142,0.17968789,0.1212281,0.1037933,0.2,0.2,0.3,0.33333334,0.4,0.8,0.8,0.65,0.6,0.56666666,-0.6,-0.6,-0.35,-0.26666668,-0.16666667,0.18820177,0.119083956,0.36331576,0.38514727,0.42314053,0.8117982,0.88091606,0.63668424,0.6148527,0.5768595,-0.62359643,-0.76183206,-0.27336848,-0.22970544,-0.15371893,1.197888,1.2924489,1.5351267,1.6233346,1.8691659,0.13229054,0.18628836,0.5606755,0.5006933,0.85514086,1.1076056,1.0153372,1.5057106,1.3435982,1.0871142,0.3007412,0.49651238,0.4800549,0.39592585,0.46345803,0.6992588,0.5034876,0.51994514,0.6040741,0.536542,-0.39851764,-0.006975222,-0.039890233,-0.2081483,-0.07308394
SH601236,-0.061904978867344626,0.125,,2026-04-27,-0.0026315702,0.010526346,-0.24999845,0.0065789907,0.6250023,0.0013157851,0.124999225,-0.007894776,-0.75000155,1.0026385,1.0092349,0.9986808,1.002561,1.0265487,1.0265487,1.0365045,1.0464602,1.0873893,1.0106195,1.0192478,1.0137168,1.0274336,1.0484513,0.007607861,0.010561459,0.014172574,0.024809197,0.029832033,-0.0045354026,-0.0032850686,0.0005156701,-0.0018368495,-0.0014718323,0.8884777,0.8868547,0.046335574,0.42483807,0.74242187,-0.0015486705,-0.004465003,-0.018615698,-0.00079933257,-0.0050322996,1.0284752,1.0425992,1.0425992,1.090421,1.0986308,0.9986808,0.9986808,0.9832318,0.9832318,0.9832318,1.0168141,1.0269912,1.0265487,1.046239,1.0785398,1.0044248,1.0117257,1.0,1.0099558,1.0214602,0.2,0.1,0.225,0.15,0.075,0.044278644,0.030038772,0.2824479,0.15643564,0.14530627,0.2,0.2,0.6,0.1,0.15,1.0,1.0,0.3,0.53333336,0.76666665,-0.8,-0.8,0.3,-0.43333334,-0.6166667,0.6935571,0.43336517,0.10103945,0.6282216,0.49505553,-0.31274247,-0.24060312,0.65648293,0.41736466,0.3277756,0.2,0.3,0.4,0.46666667,0.43333334,0.8,0.6,0.55,0.46666667,0.5,-0.6,-0.3,-0.15,0.0,-0.06666667,0.03846233,0.21428601,0.40119764,0.42164186,0.41431674,0.96153766,0.785714,0.5988024,0.5783582,0.5856833,-0.9230753,-0.57142794,-0.19760473,-0.1567163,-0.17136653,1.0363266,1.05562,1.4043483,1.7757204,1.8548286,0.11424925,0.11876145,0.55485976,0.8035111,0.72789025,0.6134527,0.6636434,1.2117543,1.2414297,1.1850085,0.5946722,0.37703845,0.4574965,0.479259,0.48788562,0.40532777,0.6229616,0.5425035,0.520741,0.5121144,0.18934444,-0.2459231,-0.08500701,-0.04148197,-0.02422876
SH600196,-0.062265360576658886,0.0,,2026-04-27,0.0027668364,0.007509863,0.368427,0.0015810089,0.21052434,0.0031620178,0.42104867,0.004347845,0.57895136,0.9972408,1.0015767,0.9940875,0.9978302,1.0197111,1.0386242,1.0299524,1.0070758,1.0740829,1.0054319,1.0229324,1.0376546,1.0229847,1.033227,0.0048655435,0.021303708,0.021952303,0.031665105,0.0315105,-0.002878199,-0.0065265195,-0.003236665,0.00096393353,-0.00071493693,0.87482053,0.86032856,0.7608575,0.07181812,0.15700908,0.00032453888,0.0064368853,-0.0069062915,-0.036961805,-0.012136278,1.0267961,1.0677977,1.0780389,1.0780389,1.121405,0.9940875,0.9940875,0.9940875,0.9306111,0.9306111,1.0089858,1.0448488,1.0531961,1.0517862,1.0563669,1.0002979,1.0063735,1.0099274,0.9999202,1.0077142,0.2,0.1,0.05,0.23333333,0.15,0.18076251,0.08021271,0.07042758,0.47066355,0.36368507,0.2,0.2,0.2,0.46666667,0.05,1.0,1.0,1.0,0.2,0.6,-0.8,-0.8,-0.8,0.26666668,-0.55,0.7510062,0.72842234,0.7192535,0.50387555,0.44623533,0.4709915,0.44187397,0.5185213,0.22458515,0.24578206,0.0,0.2,0.25,0.36666667,0.4,1.0,0.8,0.75,0.6333333,0.6,-1.0,-0.6,-0.5,-0.26666668,-0.2,0.0,0.23941182,0.40105444,0.48941758,0.44512323,1.0,0.76058817,0.59894556,0.5105824,0.5548768,-1.0,-0.5211764,-0.1978911,-0.021164812,-0.10975357,1.218496,1.4630033,1.7090997,1.5751449,1.5436252,0.21622555,0.47963604,0.6045988,0.5869391,0.60250264,1.0218701,1.1063305,1.1661812,1.2557933,1.1367362,0.35195595,0.4920906,0.444577,0.5017003,0.4895619,0.64804405,0.5079094,0.555423,0.4982997,0.5104381,-0.29608807,-0.01581878,-0.110846,0.003400615,-0.020876218
SH601618,-0.06381080217175375,0.125,,2026-04-27,-0.003436459,0.006872918,-0.5,0.003436459,0.5,0.0,0.0,-0.006872918,-1.0,1.0034484,1.0068966,1.0,1.0017482,1.0239362,1.0265958,1.0478723,1.1409575,1.0664895,1.0111703,1.0202128,1.0255319,1.0370568,1.0598404,0.0094779655,0.011707493,0.012634628,0.023756476,0.035609618,-0.0058510797,-0.003707282,-0.0015037592,-0.0022022096,-0.0013233578,0.9527561,0.919168,0.4957922,0.6659704,0.42123044,0.0005319003,-0.003530026,-0.011246235,-0.005124727,-0.020801391,1.0247269,1.0388174,1.0566446,1.1474308,1.1934881,0.99921405,0.99921405,0.99921405,0.99921405,0.99921405,1.019149,1.031915,1.0324469,1.0531914,1.0904256,1.0021276,1.0111703,1.0175532,1.0207448,1.0265958,0.2,0.1,0.05,0.033333335,0.016666668,0.030805983,0.019845491,0.013685169,0.005302685,0.0040455568,0.2,0.2,0.05,0.033333335,0.06666667,0.8,0.9,0.95,0.96666664,0.98333335,-0.6,-0.7,-0.9,-0.93333334,-0.9166667,0.5227158,0.54841346,0.6323349,0.7908646,0.8655201,-0.14772102,0.120689444,0.27380317,-0.012213924,0.46762612,0.0,0.1,0.3,0.26666668,0.41666666,1.0,0.7,0.55,0.6,0.51666665,-1.0,-0.6,-0.25,-0.33333334,-0.1,0.0,0.1428563,0.32692298,0.26956514,0.46006387,1.0,0.8571437,0.673077,0.73043483,0.5399361,-1.0,-0.7142874,-0.34615403,-0.46086973,-0.079872265,1.3515754,1.4569589,1.6466,2.3578956,3.8703182,0.21963345,0.26780295,0.43984756,1.3902235,2.853648,0.79097384,0.87603045,1.2365294,1.8255221,1.7570297,0.3341309,0.4554422,0.41105893,0.3035666,0.48548442,0.6658691,0.5445578,0.58894104,0.6964334,0.5145156,-0.3317382,-0.08911565,-0.17788212,-0.39286682,-0.029031154
SZ300498,-0.06597110878963756,0.125,,2026-04-27,0.0006389372,0.017252374,0.03703474,0.0044728527,0.2592601,0.012140586,0.7037052,0.00830667,0.48147982,0.99936146,1.00447,0.98722863,0.9937939,1.0658011,1.0734731,1.0799646,1.1130128,1.0026556,1.0303334,1.05869,1.0600473,1.07006,1.0461297,0.029695055,0.037333477,0.02711026,0.028370762,0.042422246,-0.017438784,-0.011818989,-0.0016701549,-0.0020400367,0.001392702,0.8621923,0.9187032,0.13283552,0.40071508,0.3287221,0.0045441217,-0.0055044503,-0.044180773,-0.0404795,-0.08721437,1.0824536,1.1111809,1.1111809,1.1417977,1.1417977,0.98722863,0.98722863,0.98722863,0.98722863,0.9670079,1.0590734,1.0967247,1.0750664,1.0967247,1.0830333,1.0047212,1.0195928,1.0477427,1.0531721,1.0042491,0.2,0.1,0.05,0.033333335,0.2,0.13411775,0.1030345,0.1030345,0.082625635,0.18875322,0.4,0.1,0.55,0.06666667,0.53333336,1.0,1.0,1.0,1.0,0.06666667,-0.6,-0.9,-0.45,-0.93333334,0.46666667,0.21446863,0.26669514,0.24024855,0.1862179,0.14821766,0.57194954,0.5695114,0.6227609,0.38012856,0.52658933,0.2,0.2,0.3,0.36666667,0.43333334,0.8,0.8,0.7,0.6333333,0.56666666,-0.6,-0.6,-0.4,-0.26666668,-0.13333334,0.09454541,0.24223562,0.36882868,0.35970688,0.49825105,0.9054546,0.7577644,0.63117135,0.6402931,0.5017489,-0.81090915,-0.5155288,-0.26234263,-0.28058624,-0.0034978932,1.1934786,1.2099456,1.0833627,1.0969596,1.2237868,0.29155633,0.35792416,0.31772435,0.32869852,0.48262027,1.1102457,1.1128842,0.92050856,1.0041373,1.1230432,0.5849753,0.46848017,0.51620597,0.48544317,0.4988786,0.41502473,0.53151983,0.48379403,0.5145568,0.5011214,0.16995056,-0.06303963,0.032411955,-0.029113645,-0.0022428008
SH601788,-0.07130208349428592,0.125,,2026-04-27,-0.0047297846,0.0094594,-0.50000894,0.0027026373,0.28570917,0.002026978,0.21428187,-0.0054054437,-0.5714362,1.0047523,1.0074677,0.99796337,1.0017942,1.0463542,1.0625,1.0359375,1.0947917,1.1614584,1.0157292,1.0355729,1.04,1.0479515,1.0876997,0.01667239,0.024157602,0.019565744,0.025335595,0.04718424,-0.010260433,-0.0077809347,-0.0013416349,-0.001771181,-0.0025154415,0.946838,0.9509711,0.16456747,0.3787611,0.8668309,0.004791679,-0.0005587288,-0.027254486,-0.022269284,-0.013494152,1.0494851,1.0703453,1.0855831,1.1156174,1.1811266,0.99796337,0.99796337,0.99796337,0.99796337,0.99796337,1.0292709,1.0569792,1.0579166,1.0630208,1.1377083,1.0004166,1.0105208,1.0269792,1.0294791,1.0396875,0.2,0.1,0.05,0.033333335,0.016666668,0.039529208,0.028137019,0.023243759,0.017310174,0.011119104,0.4,0.2,0.45,0.06666667,0.033333335,1.0,1.0,1.0,1.0,1.0,-0.6,-0.8,-0.55,-0.93333334,-0.96666664,0.07726459,-0.63815963,-0.11902117,-0.07382468,0.30788565,0.22146143,0.1758585,0.6905944,0.29906705,0.15907283,0.0,0.2,0.35,0.36666667,0.38333333,1.0,0.8,0.6,0.6,0.5833333,-1.0,-0.6,-0.25,-0.23333333,-0.2,0.0,0.052238233,0.4094487,0.35322568,0.35594776,1.0,0.9477618,0.59055126,0.6467743,0.64405227,-1.0,-0.89552355,-0.18110256,-0.29354864,-0.28810447,1.1222912,0.89423907,0.79369974,0.7715634,0.86993766,0.36732477,0.34934685,0.3535562,0.31975108,0.39603367,0.7088281,0.9797122,1.1035165,1.2139373,1.1158541,0.5704076,0.5554923,0.54190534,0.52297574,0.4857602,0.42959237,0.44450772,0.4580947,0.4770243,0.5142398,0.14081527,0.11098455,0.08381065,0.04595144,-0.02847959
SH600905,-0.07277978913312119,0.0,,2026-04-27,0.0,0.0048780167,0.0,0.0024390083,0.5,0.0024390083,0.5,0.0,0.0,1.0,1.002439,0.997561,0.9997424,0.9976958,1.0023041,1.0829493,1.0806451,1.016129,1.0032258,1.0020736,1.0089861,1.0296466,1.0249616,0.005304532,0.00412892,0.017986657,0.035369735,0.03272381,-0.00046082513,9.775174e-05,-0.0017982756,-0.00310227,0.0001555732,0.018867666,0.005137922,0.3498482,0.59620726,0.0068935305,-0.002304115,-0.0025135803,0.008097476,0.015336249,-0.029550973,1.0144976,1.0144976,1.0836316,1.1397495,1.1397495,0.99485487,0.99485487,0.99281704,0.99281704,0.99051225,1.0059907,1.0046083,1.013364,1.0608295,1.0576036,0.99953914,0.99953914,0.99953914,1.0,1.0,0.4,0.4,0.325,0.21666667,0.23333333,0.26193604,0.26193604,0.0790945,0.048885915,0.063574836,0.8,0.9,0.05,0.26666668,0.6333333,0.2,0.6,0.3,0.53333336,0.13333334,0.6,0.3,-0.25,-0.26666668,0.5,0.9065332,0.738215,0.67453045,0.87645584,0.8781898,0.9445335,0.8598163,0.246596,0.34750953,0.44002634,0.4,0.3,0.25,0.3,0.38333333,0.6,0.6,0.55,0.56666666,0.48333332,-0.2,-0.3,-0.3,-0.26666668,-0.1,0.5294122,0.4761912,0.22727257,0.36434096,0.48275858,0.47058776,0.5238088,0.77272743,0.63565904,0.5172414,0.058824476,-0.047617603,-0.54545486,-0.27131808,-0.03448282,1.3996739,1.1970819,1.5073096,2.2094982,2.0962389,0.43899643,0.3841093,0.75598043,1.3444848,1.3625379,0.84307194,1.2748613,1.4828893,1.4314227,1.6703613,0.5337241,0.51243705,0.40208784,0.4006198,0.4974277,0.4662759,0.48756292,0.5979122,0.5993802,0.5025723,0.06744821,0.024874136,-0.19582433,-0.19876039,-0.0051445737
SH601117,-0.07735097098265549,0.0,,2026-04-27,-0.00944513,0.01770955,-0.5333354,0.0035418854,0.19999862,0.004722534,0.26666597,-0.008264481,-0.46666807,1.0095352,1.0131109,0.99523246,1.0029266,1.0253624,1.0688406,1.0842391,1.2083334,1.0552537,1.014855,1.0241848,1.0472374,1.0593901,1.0609602,0.008796035,0.014078288,0.028602002,0.03504723,0.046654493,-0.004076095,-0.0041556926,-0.003741012,-0.0028967373,0.00010746771,0.536852,0.79872745,0.5987608,0.529435,0.0016183369,-0.00670289,-0.005484185,-0.011697734,-0.017387433,-0.06413047,1.0345639,1.0737005,1.1087017,1.2196091,1.2488495,0.99523246,0.99523246,0.99523246,0.99523246,0.98226005,1.0204711,1.032971,1.0797102,1.0864131,1.092029,1.0123188,1.0161232,1.0213768,1.0248189,1.0177536,0.2,0.1,0.05,0.033333335,0.1,0.121215135,0.060757957,0.04201636,0.021248035,0.066544116,0.6,0.1,0.35,0.033333335,0.5,1.0,1.0,1.0,1.0,0.13333334,-0.4,-0.9,-0.65,-0.96666664,0.36666667,-0.30818737,0.298597,0.59862375,0.7169525,0.5930615,0.7543127,0.6187739,0.65941596,0.6419628,0.51529896,0.2,0.2,0.2,0.2,0.38333333,0.8,0.8,0.75,0.76666665,0.56666666,-0.6,-0.6,-0.55,-0.56666666,-0.18333334,0.16666639,0.11224452,0.34551474,0.31511247,0.47619045,0.8333336,0.88775545,0.6544852,0.6848875,0.52380955,-0.6666672,-0.77551097,-0.3089705,-0.3697751,-0.04761913,0.9204788,0.93121487,1.0319074,1.2178404,1.5018959,0.19632302,0.16802323,0.2769855,0.43012366,0.64335495,0.6908992,0.73643506,1.353281,1.5093639,1.278942,0.63853633,0.44247606,0.4736201,0.3886427,0.4477766,0.3614637,0.5575239,0.52637994,0.6113573,0.55222344,0.27707264,-0.11504785,-0.05275984,-0.22271459,-0.10444684
SH600027,-0.08377213932460967,0.0,,2026-04-27,0.012371125,0.020618541,0.6,0.0041237082,0.2,0.0041237082,0.2,0.012371125,0.6,0.98778003,1.0040733,0.9837067,0.9985292,0.95470697,0.93428063,1.0381882,1.0834813,1.0204263,0.9870338,0.9668739,0.95590585,0.99319124,1.0074452,0.013389394,0.02345231,0.024028467,0.058062293,0.049218345,0.007904078,0.00745466,0.0019531515,-0.0043948586,-0.00088753214,0.87120545,0.926181,0.23125324,0.44402066,0.099177696,-0.0028419155,-0.00041985273,0.025539208,0.070534214,0.018736964,1.0040733,1.0040733,1.0285623,1.1240101,1.1240101,0.94856113,0.9308344,0.9159999,0.9159999,0.9159999,0.9964476,0.99413854,0.9786856,1.0648313,1.0580817,0.97531086,0.9477797,0.9339254,0.9433392,0.95825934,1.0,1.0,1.0,0.6666667,0.53333336,0.926623,0.94438314,0.7462536,0.40382683,0.40382683,1.0,1.0,0.05,0.26666668,0.6333333,0.2,0.1,0.3,0.53333336,0.76666665,0.8,0.9,-0.25,-0.26666668,-0.13333334,-0.29344094,0.657212,0.5416938,0.6345607,0.5151121,0.8265591,0.70789856,0.35413086,0.3420917,0.32849884,0.8,0.7,0.5,0.43333334,0.45,0.2,0.2,0.4,0.46666667,0.46666667,0.6,0.5,0.1,-0.033333335,-0.016666668,0.96363634,0.93023264,0.42066428,0.39957264,0.48512292,0.036363635,0.069767356,0.57933575,0.6004273,0.5148771,0.92727274,0.8604653,-0.15867145,-0.2008547,-0.029754164,1.2808553,1.0549829,1.1722347,1.4315256,1.3064498,0.27266672,0.31779703,0.58444,0.7563003,0.7059504,0.8552649,1.0371131,1.7110857,1.4592059,1.5381318,0.5739316,0.55531555,0.31516963,0.46615198,0.5117162,0.42606843,0.44468445,0.68483037,0.533848,0.48828378,0.14786315,0.11063109,-0.3696607,-0.06769602,0.023432404
SZ300999,-0.08616841255556544,0.0,,2026-04-27,-0.0018095969,0.016648542,-0.10869402,0.0007238626,0.04347904,0.014115083,0.84782696,0.011581623,0.6956539,1.0018129,1.0025381,0.98585933,0.9930812,1.0239886,1.0250627,1.0401002,1.1457214,1.0730397,1.0114572,1.0199785,1.0254387,1.0416636,1.0616541,0.009298668,0.011379631,0.013855302,0.034938168,0.036775738,-0.005621205,-0.0033633881,-0.0015648664,-0.003102065,-0.0013003765,0.9136027,0.80077225,0.4464683,0.61094666,0.38134262,-0.00021482768,-0.0048432923,-0.010572377,0.0033162544,-0.023293028,1.0338203,1.036529,1.0642209,1.1617345,1.218469,0.98585933,0.98585933,0.98585933,0.98585933,0.98585933,1.0198354,1.028643,1.0363767,1.0474043,1.0916578,1.0028644,1.0116005,1.0170426,1.0195489,1.0294307,0.2,0.1,0.05,0.033333335,0.016666668,0.29483742,0.27907625,0.18045406,0.08040175,0.060791407,0.4,0.3,0.05,0.033333335,0.43333334,1.0,1.0,1.0,1.0,1.0,-0.6,-0.7,-0.95,-0.96666664,-0.56666666,-0.11148461,-0.38711116,0.34847707,0.7082254,0.67589253,0.69550234,0.51964545,0.26450744,-0.027026538,0.6009469,0.2,0.3,0.4,0.36666667,0.43333334,0.8,0.7,0.6,0.6333333,0.56666666,-0.6,-0.4,-0.2,-0.26666668,-0.13333334,0.02816961,0.2891567,0.4010601,0.28824154,0.4564847,0.97183037,0.7108433,0.5989399,0.7117585,0.5435153,-0.9436608,-0.4216866,-0.1978798,-0.42351696,-0.08703062,1.0444019,0.9703822,1.0811343,1.3452636,1.6986252,0.14992233,0.14322017,0.25281706,0.5149076,1.1695204,0.7479533,0.6020543,0.8481236,1.2617489,2.7244463,0.5303762,0.51799774,0.4457609,0.30082768,0.49923778,0.4696238,0.4820023,0.5542391,0.6991723,0.5007622,0.060752403,0.035995435,-0.10847822,-0.39834467,-0.0015244767
SH600918,-0.08638136247593123,0.0,,2026-04-27,-0.0033557015,0.008389284,-0.39999855,0.0016778812,0.20000291,0.0033557015,0.39999855,-0.0016778812,-0.20000291,1.003367,1.0050505,0.996633,0.999637,1.0179152,1.0276873,1.0325732,1.0504886,1.0993485,1.0065147,1.0154723,1.0173453,1.0257871,1.0485071,0.0052774833,0.0105619235,0.012017948,0.019142427,0.02922548,-0.0029316,-0.0034053866,-0.00079963706,-0.0015257628,-0.0015494261,0.7714286,0.95292395,0.15495059,0.4923589,0.85727125,-0.0006514585,-0.00014806543,-0.009748714,-0.0036636137,-0.0027989785,1.0198697,1.0345395,1.0447065,1.0752428,1.1143895,0.996633,0.996633,0.993266,0.993266,0.993266,1.0100977,1.0247557,1.0283388,1.0374593,1.0785017,1.001303,1.0081433,1.0068403,1.0094463,1.0228013,0.2,0.1,0.1,0.06666667,0.033333335,0.14490014,0.08882379,0.13090856,0.082145184,0.055596154,0.2,0.2,0.1,0.1,0.033333335,1.0,1.0,0.3,0.53333336,0.76666665,-0.8,-0.8,-0.2,-0.43333334,-0.73333335,0.8464425,-0.2931253,0.32503155,0.40984592,0.5117494,0.55123025,0.0485412,0.62921286,0.19915377,0.18782142,0.2,0.3,0.4,0.46666667,0.48333332,0.8,0.7,0.55,0.5,0.46666667,-0.6,-0.4,-0.15,-0.033333335,0.016666668,0.07692241,0.15999982,0.40566054,0.41530055,0.39999995,0.9230776,0.84000015,0.5943395,0.58469945,0.6,-0.84615517,-0.68000036,-0.18867895,-0.16939892,-0.20000009,1.0526042,1.0062954,1.1411378,1.3045278,1.4997923,0.10557419,0.1095754,0.35452187,0.48512405,0.6046542,0.8253857,0.66848797,1.2028345,1.6635787,1.4983921,0.34856582,0.4108553,0.50516087,0.49547744,0.49137416,0.6514342,0.5891447,0.49483913,0.50452256,0.50862586,-0.30286837,-0.17828943,0.010321764,-0.009045121,-0.017251674
SH603259,-0.09224517959873225,0.125,,2026-04-27,0.005602163,0.020308059,0.2758591,0.006702706,0.33005154,0.00800319,0.39408934,0.0069026463,0.3398969,0.99442905,1.0066653,0.98647046,0.9975488,0.99245596,1.0516359,0.9649768,0.9039988,0.97095734,0.992026,1.0115311,1.0156041,0.98439074,0.9715261,0.007983269,0.032634214,0.032624178,0.053926915,0.04705616,0.0047414145,-0.007870286,-0.00043420517,0.0042035184,0.00096891244,0.8818492,0.5331459,0.0061998167,0.47088674,0.12931114,-0.0015088284,0.023885142,-0.011479207,-0.045341734,-0.000108976055,1.007958,1.0818768,1.0818768,1.0818768,1.0818768,0.9710652,0.9710652,0.9412104,0.8663897,0.8663897,0.99737334,1.0529336,1.0525897,1.0364383,1.0093969,0.98598295,0.98850024,0.98850024,0.9315718,0.9279913,1.0,0.7,0.5,0.6666667,0.76666665,0.7842935,0.26111716,0.4179364,0.6200386,0.6200386,0.8,0.2,0.6,0.73333335,0.8666667,0.2,0.6,0.05,0.2,0.6,0.6,-0.4,0.55,0.53333336,0.26666668,0.6471667,-0.113949284,-0.08336198,0.1328229,0.2580317,0.7479513,-0.6475702,-0.060557634,0.062197566,0.15415372,0.6,0.6,0.6,0.6333333,0.51666665,0.4,0.4,0.4,0.36666667,0.45,0.2,0.2,0.2,0.26666668,0.06666667,0.6115599,0.28944862,0.5573329,0.60003245,0.51592433,0.3884401,0.7105514,0.4426671,0.39996755,0.48407564,0.22311981,-0.4211028,0.114665784,0.2000649,0.031848714,0.9727399,1.1619987,1.2741919,1.2398725,1.143697,0.0979145,0.45067474,0.45828354,0.46068436,0.3795696,0.64127314,2.1330109,1.617854,1.5753886,1.455676,0.3880561,0.5301825,0.47489604,0.51228005,0.49209154,0.6119439,0.4698175,0.5251039,0.48771998,0.50790846,-0.22388782,0.060365,-0.0502079,0.024560038,-0.015816916
SZ001965,-0.09776121484037578,0.0,,2026-04-27,0.0,0.020212755,0.0,0.004255305,0.21052575,0.015957449,0.78947425,0.011702144,0.5789485,1.0,1.0042553,0.9840425,0.9954166,0.97204465,0.9321086,1.066294,1.0742811,1.0095847,0.9972843,0.9825878,0.98426515,1.0160277,1.0241746,0.0059930766,0.01975139,0.042757332,0.05807475,0.04454138,0.0018370815,0.005450676,-0.0017716015,-0.0048662517,-0.00076592073,0.23490767,0.6980987,0.06008678,0.54414684,0.09018621,-0.00095846213,-0.007115854,0.032565083,0.05453301,-0.0015799386,1.0077193,1.0077193,1.0702746,1.1056944,1.1056944,0.96833444,0.92998594,0.921468,0.921468,0.921468,1.0011182,0.9974441,1.0134184,1.08115,1.0607028,0.99345046,0.97172517,0.94169325,0.96565497,0.99345046,0.8,0.9,0.75,0.5,0.26666668,0.80400413,0.9006956,0.52774525,0.4262797,0.4262797,0.6,0.8,0.05,0.13333334,0.56666666,0.2,0.1,0.5,0.6666667,0.8333333,0.4,0.7,-0.45,-0.53333336,-0.26666668,-0.5965068,-0.11345505,-0.33220172,0.0058845766,-0.0024079185,0.6005398,0.6632473,-0.23867375,-0.20806392,-0.19832127,0.8,0.8,0.55,0.53333336,0.56666666,0.2,0.2,0.45,0.43333334,0.38333333,0.6,0.6,0.1,0.1,0.18333334,0.777779,0.7852357,0.38933325,0.41560793,0.4932736,0.22222102,0.21476427,0.61066675,0.5843921,0.50672644,0.55555797,0.57047147,-0.2213335,-0.16878411,-0.013452854,1.0773742,1.3145307,1.6479152,1.7025845,1.7127954,0.28668693,0.671246,1.1587312,0.96541846,0.8113478,0.7947595,1.4920905,2.4977741,2.3769522,2.346299,0.5888161,0.495862,0.4862943,0.4873993,0.49659115,0.4111839,0.504138,0.5137057,0.51260066,0.50340885,0.1776322,-0.008275967,-0.027411398,-0.025201363,-0.006817686
SH603019,-0.10982050931211626,0.0,,2026-04-27,-0.005487517,0.03028703,-0.18118373,0.003588012,0.11846695,0.021211501,0.70034933,0.012135971,0.40069863,1.0055178,1.0091256,0.97867143,0.99707913,0.9759045,0.94429713,0.86405694,0.9454668,1.0279163,0.9760605,0.96343315,0.9132161,0.9045938,0.92526686,0.018746538,0.020928329,0.060025647,0.052882083,0.048775163,0.011249748,0.006201753,0.009579605,0.0036950784,-0.000774845,0.9002922,0.8049544,0.8914349,0.37838325,0.07697187,0.0014400111,0.008658977,-0.0042223497,0.041827556,0.09759107,1.0091256,1.0091256,1.0091256,1.0091256,1.0279269,0.9399368,0.9315675,0.8147189,0.8147189,0.8147189,0.98744017,0.97758365,0.9731753,0.94974005,0.9712986,0.9679975,0.94400084,0.8450769,0.85199624,0.8809472,1.0,1.0,1.0,1.0,0.98333335,0.86810577,0.88233846,0.9530592,0.9530592,0.8690155,1.0,1.0,1.0,1.0,0.033333335,0.2,0.1,0.25,0.5,0.75,0.8,0.9,0.75,0.5,-0.71666664,0.8571906,0.8304678,0.92611885,0.8531662,0.6513994,0.6698043,0.4856358,0.67906845,0.5547716,0.3926607,0.6,0.6,0.6,0.5,0.43333334,0.4,0.4,0.4,0.5,0.56666666,0.2,0.2,0.2,0.0,-0.13333334,0.64690995,0.7167713,0.7111938,0.55228794,0.48618475,0.35309005,0.2832287,0.2888062,0.4477121,0.5138153,0.2938199,0.43354258,0.42238757,0.10457583,-0.027630527,0.81627965,0.7412232,0.5886924,0.5232632,0.5159942,0.2203399,0.1960218,0.25261337,0.22940457,0.19509324,0.51743925,0.7206161,1.0115187,0.9474079,1.1986585,0.56888705,0.5233804,0.6198775,0.5628587,0.4890868,0.43111297,0.47661963,0.38012245,0.4371413,0.5109132,0.13777407,0.04676075,0.23975508,0.12571742,-0.021826409
