instrument,avg_score,pos_ratio,real_label,datetime,KMID,KLEN,KMID2,KUP,KUP2,KLOW,KLOW2,KSFT,KSFT2,OPEN0,HIGH0,LOW0,VWAP0,ROC5,ROC10,ROC20,ROC30,ROC60,MA5,MA10,MA20,MA30,MA60,STD5,STD10,STD20,STD30,STD60,BETA5,BETA10,BETA20,BETA30,BETA60,RSQR5,RSQR10,RSQR20,RSQR30,RSQR60,RESI5,RESI10,RESI20,RESI30,RESI60,MAX5,MAX10,MAX20,MAX30,MAX60,MIN5,MIN10,MIN20,MIN30,MIN60,QTLU5,QTLU10,QTLU20,QTLU30,QTLU60,QTLD5,QTLD10,QTLD20,QTLD30,QTLD60,RANK5,RANK10,RANK20,RANK30,RANK60,RSV5,RSV10,RSV20,RSV30,RSV60,IMAX5,IMAX10,IMAX20,IMAX30,IMAX60,IMIN5,IMIN10,IMIN20,IMIN30,IMIN60,IMXD5,IMXD10,IMXD20,IMXD30,IMXD60,CORR5,CORR10,CORR20,CORR30,CORR60,CORD5,CORD10,CORD20,CORD30,CORD60,CNTP5,CNTP10,CNTP20,CNTP30,CNTP60,CNTN5,CNTN10,CNTN20,CNTN30,CNTN60,CNTD5,CNTD10,CNTD20,CNTD30,CNTD60,SUMP5,SUMP10,SUMP20,SUMP30,SUMP60,SUMN5,SUMN10,SUMN20,SUMN30,SUMN60,SUMD5,SUMD10,SUMD20,SUMD30,SUMD60,VMA5,VMA10,VMA20,VMA30,VMA60,VSTD5,VSTD10,VSTD20,VSTD30,VSTD60,WVMA5,WVMA10,WVMA20,WVMA30,WVMA60,VSUMP5,VSUMP10,VSUMP20,VSUMP30,VSUMP60,VSUMN5,VSUMN10,VSUMN20,VSUMN30,VSUMN60,VSUMD5,VSUMD10,VSUMD20,VSUMD30,VSUMD60
SZ300308,0.21993558339265257,1.0,,2026-03-12,-0.040287063,0.06295195,-0.6399653,0.011359366,0.18044502,0.011305523,0.17958972,-0.040340904,-0.64082056,1.0419782,1.0538144,0.9882199,1.0092119,1.0415095,1.0699688,1.0471193,1.0880704,1.0658189,1.012696,1.0232472,1.0264285,1.060934,1.0932376,0.021014713,0.026606739,0.028364899,0.060934607,0.06113021,0.001370815,-0.0027043403,-0.00062273385,-0.0049665086,-0.0021596367,0.010637775,0.09470019,0.016869823,0.5148445,0.38067073,-0.015437691,-0.011077674,-0.020512486,0.011080395,-0.02952837,1.0637621,1.1201192,1.1201192,1.2314514,1.2318615,0.94614697,0.94614697,0.94614697,0.94614697,0.94614697,1.0256847,1.0440527,1.055044,1.1032903,1.1548219,0.99670506,0.99970067,0.99772155,1.0062814,1.0369182,0.4,0.3,0.3,0.2,0.1,0.4578752,0.3095495,0.3095495,0.18875638,0.1884854,0.8,0.3,0.65,0.26666668,0.21666667,0.4,0.7,0.85,0.9,0.95,0.4,-0.4,-0.2,-0.6333333,-0.73333335,-0.5645348,0.5167038,0.0929812,0.24970658,-0.00492624,-0.3181095,0.115812875,0.006519761,0.06335352,0.15338579,0.4,0.4,0.5,0.5,0.48333332,0.6,0.6,0.5,0.5,0.51666665,-0.2,-0.2,0.0,0.0,-0.033333335,0.3605229,0.40826792,0.46263435,0.46032658,0.48350608,0.63947713,0.5917321,0.5373656,0.5396734,0.5164939,-0.2789542,-0.18346414,-0.07473127,-0.07934683,-0.03298781,1.0836476,1.3446786,1.3027108,1.4119787,1.3490298,0.16239156,0.3532789,0.3069896,0.37574157,0.3449309,0.47573167,0.7406923,0.8099982,0.8844703,0.9194258,0.28826162,0.49173617,0.42113185,0.49797446,0.48229498,0.7117384,0.5082638,0.57886815,0.50202554,0.517705,-0.4234768,-0.016527679,-0.15773629,-0.0040510898,-0.03541003
SZ300502,0.21107819155030683,1.0,,2026-03-12,-0.053098597,0.07294825,-0.72789407,0.01209978,0.16586801,0.0077498714,0.10623793,-0.057448506,-0.7875241,1.0560762,1.0688545,0.99181557,1.0150189,1.0593234,1.0188233,1.0539367,1.0423214,1.0679836,1.0324633,1.0161841,1.0062585,1.0275576,1.0697129,0.025205867,0.03641705,0.03334898,0.049048062,0.06975344,-0.009829177,0.0060179327,0.0021881878,-0.001878069,-0.0028903845,0.380164,0.25032064,0.15068571,0.11362688,0.52369666,-0.0128049655,-0.043264803,-0.027046224,-0.0003255851,0.01555342,1.0877317,1.1157165,1.1157165,1.2461385,1.2461385,0.975051,0.9154376,0.9154376,0.9154376,0.9154376,1.051467,1.0510656,1.0379224,1.055099,1.133817,1.0110464,0.9950364,0.9734608,0.9820732,1.0109364,0.2,0.3,0.4,0.26666668,0.13333334,0.22141334,0.42222333,0.42222333,0.2557066,0.2557066,0.2,0.5,0.75,0.26666668,0.6333333,0.4,0.2,0.6,0.73333335,0.8666667,-0.2,0.3,0.15,-0.46666667,-0.23333333,0.26211166,0.15312973,0.050862655,0.44931242,-0.18515667,-0.4051063,0.30746254,0.109981224,0.22282168,0.15043668,0.4,0.5,0.55,0.53333336,0.46666667,0.6,0.5,0.45,0.46666667,0.53333336,-0.2,0.0,0.1,0.06666667,-0.06666667,0.2781867,0.47519782,0.46000624,0.480222,0.48223567,0.72181326,0.52480215,0.53999376,0.519778,0.51776433,-0.44362655,-0.04960433,-0.079987556,-0.03955605,-0.035528675,1.1296953,1.314597,1.2209269,1.2861795,1.2122811,0.1344753,0.33312845,0.28948423,0.34914264,0.32617757,0.77155226,0.97260153,0.9664658,0.8802111,0.93787944,0.10241342,0.511608,0.4480697,0.4934774,0.48032343,0.8975866,0.488392,0.5519303,0.5065226,0.51967657,-0.79517317,0.023216007,-0.10386064,-0.0130451685,-0.039353114
SZ002028,0.2076163443789831,1.0,,2026-03-12,-0.024310958,0.044638827,-0.5446146,0.008378426,0.18769369,0.011949442,0.26769167,-0.02073994,-0.46461663,1.0249166,1.0335039,0.9877528,1.0058669,1.0825406,1.0666813,0.94707096,0.92417216,0.7274664,1.055334,1.0494404,1.0182217,0.97746956,0.8642032,0.03745063,0.03198624,0.058437508,0.076722905,0.13609706,-0.0229462,0.0009896012,0.007293852,0.0077450485,0.0073436764,0.9385194,0.008774159,0.54525363,0.78976864,0.8880337,-0.009441574,-0.05389363,-0.08751336,-0.08977279,-0.08084166,1.1220515,1.1220515,1.1220515,1.1220515,1.1220515,0.9877528,0.9877528,0.8821749,0.8375953,0.6766469,1.0790218,1.0763845,1.067197,1.0522376,1.0100052,1.0294698,1.0248529,0.97470826,0.89000106,0.723759,0.2,0.1,0.35,0.56666666,0.78333336,0.09119367,0.09119367,0.49119064,0.5709306,0.7259762,0.2,0.6,0.8,0.8666667,0.93333334,1.0,1.0,0.1,0.23333333,0.13333334,-0.8,-0.4,0.7,0.6333333,0.8,-0.722219,-0.59781307,0.05442951,-0.19064938,0.41783375,-0.79399854,-0.71349645,-0.024308266,0.0078610815,0.16825768,0.2,0.4,0.45,0.46666667,0.5,0.8,0.6,0.55,0.53333336,0.5,-0.6,-0.2,-0.1,-0.06666667,0.0,0.12107138,0.37881288,0.54452735,0.5495326,0.60297805,0.8789286,0.62118715,0.45547268,0.4504674,0.39702198,-0.75785726,-0.24237426,0.08905466,0.0990652,0.20595604,0.74071854,0.7699463,0.6713922,0.7067693,0.667299,0.17983826,0.17159931,0.18018852,0.18237638,0.26995462,0.77562714,0.7684741,0.783708,0.8794375,1.3056636,0.6172343,0.61088204,0.5521841,0.48923686,0.5185416,0.3827657,0.38911796,0.44781587,0.51076317,0.48145843,0.23446856,0.22176409,0.10436825,-0.021526285,0.037083156
SH601138,0.20509083505129977,1.0,,2026-03-12,-0.025231946,0.047495373,-0.53125066,0.016326532,0.34374994,0.005936894,0.12499942,-0.035621583,-0.7500012,1.0258851,1.0426342,0.9939094,1.0157521,1.0487533,1.103101,1.0166241,1.1718351,1.2004476,1.019885,1.033344,1.0457162,1.0676311,1.1223758,0.016443457,0.020381842,0.025135238,0.048404243,0.07245957,-0.0047474443,-0.005341783,-0.0017633605,-0.004062592,-0.0033639863,0.20838837,0.62964696,0.17225991,0.5459354,0.6573803,-0.010390019,-0.00930597,-0.028964195,-0.0087235,-0.023138272,1.0466726,1.100177,1.1143318,1.1991318,1.2944673,0.974722,0.974722,0.974722,0.974722,0.974722,1.0343031,1.0504156,1.0577046,1.0992647,1.1909207,1.0038363,1.0196291,1.0257033,1.0325128,1.0502877,0.2,0.1,0.05,0.033333335,0.016666668,0.3513247,0.20149043,0.18106167,0.11264211,0.07905667,0.8,0.3,0.5,0.033333335,0.016666668,0.4,0.7,0.85,0.9,0.95,0.4,-0.4,-0.35,-0.8666667,-0.93333334,-0.8172977,0.041324995,0.1015208,0.45039,0.5874628,-0.64893216,-0.22641607,0.0420482,0.019812973,0.24930213,0.2,0.2,0.5,0.46666667,0.48333332,0.8,0.8,0.5,0.53333336,0.51666665,-0.6,-0.6,0.0,-0.06666667,-0.033333335,0.27540484,0.25878832,0.47661865,0.3630572,0.4373501,0.7245951,0.74121165,0.52338135,0.6369428,0.5626499,-0.44919032,-0.48242337,-0.046762705,-0.2738856,-0.1252998,0.903164,0.96610934,0.9088849,1.0640298,1.1713141,0.21632491,0.23229921,0.24568978,0.3692563,0.34133008,0.5791121,0.6524678,0.7876015,1.0553437,0.9288959,0.51149565,0.47620544,0.46597415,0.48794717,0.47847742,0.48850438,0.5237946,0.53402585,0.51205283,0.5215226,0.022991262,-0.047589134,-0.068051666,-0.024105653,-0.043045133
SZ000157,0.18145137152120186,1.0,,2026-03-12,-0.043121096,0.053388014,-0.80769247,0.0030800854,0.057692453,0.0071868324,0.1346151,-0.039014347,-0.7307698,1.0450643,1.0482832,0.9924893,1.0084186,1.0429198,1.0729603,1.0128794,0.9635199,0.89901906,1.0319769,1.0393802,1.040506,1.0120193,0.96042585,0.027913522,0.024809295,0.024394905,0.048248958,0.064821765,-0.0065458748,-0.0042201825,0.00022684863,0.0040555513,0.0033860055,0.13748209,0.26524368,0.00302651,0.5475524,0.832211,-0.018885152,-0.020389426,-0.0426611,-0.07082471,-0.060313,1.0622373,1.0879796,1.0901276,1.0901276,1.0901276,0.98927134,0.98927134,0.9817599,0.91845894,0.8686337,1.0525793,1.0588021,1.0639539,1.0570871,1.0326163,1.0025759,1.021251,1.0216802,0.94999886,0.89588,0.2,0.1,0.05,0.3,0.65,0.14703616,0.108690366,0.16831663,0.47499108,0.59309226,0.2,0.2,0.5,0.6666667,0.8333333,0.4,0.7,0.1,0.16666667,0.18333334,-0.2,-0.5,0.4,0.5,0.65,-0.8889466,-0.6586043,-0.2867103,-0.393787,0.39683786,-0.9076327,-0.8200124,-0.43428662,-0.028337827,0.053414196,0.6,0.5,0.55,0.46666667,0.51666665,0.4,0.5,0.45,0.5,0.46666667,0.2,0.0,0.1,-0.033333335,0.05,0.37180296,0.34259534,0.48323524,0.53526884,0.5596065,0.628197,0.65740466,0.51676476,0.46473116,0.4403935,-0.25639406,-0.31480932,-0.03352954,0.070537664,0.11921298,0.7221932,0.69224024,0.69808656,0.79025704,0.6829586,0.22733107,0.18665092,0.1619182,0.26282245,0.27585098,0.8162217,1.0804657,1.0901916,1.6603826,1.6671069,0.66790926,0.5709391,0.5050285,0.5174035,0.5159696,0.33209074,0.42906088,0.4949715,0.48259652,0.48403043,0.33581853,0.14187823,0.010056977,0.034806956,0.03193912
SZ000408,0.15878460754860668,1.0,,2026-03-12,-0.018148575,0.039220445,-0.46273252,0.013398285,0.3416148,0.007673585,0.19565268,-0.023873275,-0.6086947,1.018484,1.03213,0.9921846,1.008378,1.0039693,1.0792779,1.0764323,1.1346129,0.8667645,1.0112228,1.0193464,1.0330977,1.0580931,1.0416384,0.014016751,0.027859814,0.026554257,0.049766533,0.076162085,0.0020807358,-0.0045402125,-0.0022576156,-0.0044580856,0.0015182751,0.05509081,0.24344867,0.2529879,0.62190455,0.12120573,-0.015384329,0.00108455,-0.011650353,0.0065492224,-0.086427525,1.0344927,1.0937911,1.1074384,1.2068137,1.2068137,0.9490259,0.9490259,0.9490259,0.9490259,0.837114,1.0238993,1.036728,1.0556757,1.0884527,1.1154767,0.9994816,0.9994816,1.0043753,1.0129049,0.99085784,0.4,0.3,0.15,0.1,0.26666668,0.5964195,0.35211542,0.32178065,0.19773658,0.44059002,0.8,0.1,0.5,0.1,0.55,0.4,0.7,0.85,0.9,0.016666668,0.4,-0.6,-0.35,-0.8,0.53333336,-0.39509708,-0.020654293,-0.13313743,0.18660082,0.13974468,-0.37016866,-0.3424352,-0.25535268,-0.2965362,0.04005818,0.4,0.3,0.5,0.5,0.55,0.6,0.7,0.5,0.5,0.45,-0.2,-0.4,0.0,0.0,0.1,0.47058854,0.2606697,0.38764852,0.39879546,0.5527581,0.5294115,0.7393303,0.6123515,0.6012045,0.4472419,-0.05882296,-0.47866055,-0.22470292,-0.20240906,0.1055162,1.2351696,1.4067196,1.3094826,1.4741164,1.4331048,0.48613214,0.45715338,0.40882188,0.4987224,0.39203122,0.5262344,1.6840745,1.4094615,1.216429,1.1836574,0.47121513,0.4064991,0.48545015,0.49904338,0.48213226,0.5287849,0.5935009,0.51454985,0.50095665,0.51786774,-0.057569727,-0.18700181,-0.029099686,-0.0019132526,-0.035735495
SH600183,0.15817132647788956,1.0,,2026-03-12,-0.004757337,0.06470028,-0.07352884,0.044402156,0.6862745,0.015540789,0.24019662,-0.033618703,-0.51960677,1.00478,1.0493945,0.98438495,1.0110583,1.0513008,1.1631571,1.025494,1.103088,0.94726294,1.0057057,1.0398973,1.0490103,1.0700955,1.073038,0.021894747,0.041834787,0.044761945,0.056194864,0.06396178,0.00015869003,-0.012049252,-0.0012215107,-0.0037308882,-5.4098846e-06,0.00013132865,0.7604252,0.026064219,0.34161186,2.1818996e-06,-0.006023115,0.014324283,-0.037405867,-0.015997691,-0.07287844,1.0514686,1.1567873,1.1870575,1.206816,1.2077708,0.92527246,0.92527246,0.92527246,0.92527246,0.92527246,1.021067,1.0803368,1.0803368,1.1092408,1.1295412,0.9941367,1.0094332,1.0117265,1.0229387,1.016508,0.4,0.2,0.1,0.06666667,0.15,0.5921539,0.32277653,0.28545395,0.26542097,0.2645239,0.2,0.3,0.5,0.16666667,0.35,0.4,0.7,0.85,0.9,0.95,-0.2,-0.4,-0.35,-0.73333335,-0.6,-0.34343967,0.11759913,0.47772756,0.46343917,0.41329446,-0.27013218,0.09843212,0.40575585,0.4575571,0.52478653,0.2,0.2,0.4,0.36666667,0.45,0.8,0.8,0.6,0.6333333,0.55,-0.6,-0.6,-0.2,-0.26666668,-0.1,0.34217095,0.20641933,0.4769186,0.44359237,0.514231,0.65782905,0.79358065,0.5230814,0.55640763,0.48576894,-0.3156581,-0.58716136,-0.04616279,-0.11281525,0.02846211,1.191654,1.2422519,1.1720129,1.1821738,1.153855,0.22294681,0.23781104,0.31485137,0.29609048,0.25992614,0.7647109,0.8478725,0.8759394,0.8901045,0.91728354,0.36615327,0.3691979,0.5055594,0.49552426,0.49498126,0.63384676,0.6308021,0.49444064,0.5044758,0.5050187,-0.26769346,-0.2616042,0.011118737,-0.00895149,-0.010037482
SH688506,0.1528340759510442,1.0,,2026-03-12,-0.03899735,0.057024796,-0.6838665,0.0142655345,0.2501637,0.0037619134,0.06596978,-0.04950097,-0.8680604,1.0405798,1.0554243,0.9960854,1.0108374,0.9878299,1.0703074,1.0656177,1.1743731,1.3994807,1.0250688,1.0027868,1.0510658,1.0631332,1.1856252,0.041913703,0.042270463,0.06016196,0.054263853,0.13761668,0.005340889,0.0059262468,-0.0064893146,-0.0038612888,-0.007415517,0.040593363,0.18017595,0.4072131,0.39241445,0.88560605,-0.03575059,-0.029454837,0.010582628,-0.00714453,0.03313249,1.1046084,1.1046084,1.1617768,1.1821247,1.4374636,0.9753886,0.93496376,0.93496376,0.93496376,0.93496376,1.0544398,1.029588,1.1131352,1.1131352,1.3329716,0.99771327,0.9819852,0.98851985,1.0015193,1.0628347,0.4,0.6,0.3,0.2,0.1,0.1904617,0.3833674,0.2867394,0.26313308,0.12942533,0.6,0.8,0.25,0.033333335,0.033333335,0.4,0.5,0.75,0.8333333,0.9166667,0.2,0.3,-0.5,-0.8,-0.8833333,0.9554614,0.4876809,-0.034949753,0.026175441,-0.6881267,0.8876989,0.5137006,0.37370157,0.2878739,0.13963655,0.4,0.3,0.35,0.33333334,0.35,0.6,0.7,0.65,0.6666667,0.65,-0.2,-0.4,-0.3,-0.33333334,-0.3,0.52803576,0.41003767,0.4477049,0.39147002,0.3593439,0.47196427,0.5899623,0.5522951,0.60853,0.6406561,0.056071468,-0.17992465,-0.10459019,-0.21705998,-0.28131226,1.0698832,1.1179801,1.0682468,1.0357175,0.8191407,0.33392233,0.25486642,0.35012364,0.32304212,0.35293564,1.1299531,0.8980275,1.0554967,1.1471058,1.3557813,0.44658893,0.55777043,0.4918334,0.5124465,0.5165442,0.55341107,0.4422296,0.5081666,0.48755348,0.48345575,-0.10682212,0.11554082,-0.016333207,0.024893032,0.03308848
SH603986,0.15150158159032132,1.0,,2026-03-12,-0.01804667,0.04073903,-0.44298232,0.014294357,0.3508762,0.008398003,0.20614147,-0.023943024,-0.58771706,1.0183784,1.0329354,0.9914476,1.0070248,1.0291895,1.1259915,1.0274754,1.1196252,0.77840495,1.0210576,1.030185,1.056815,1.0688263,0.9647737,0.017993229,0.030617913,0.05241649,0.053182542,0.13522422,-0.005452552,-0.0055652703,-0.0026252735,-0.0025779246,0.00631343,0.22957334,0.3028536,0.08779732,0.18209748,0.66484696,-0.010152505,-0.0051412475,-0.031874932,-0.031446405,-0.15101992,1.0584081,1.1136181,1.2051796,1.2051796,1.2051796,0.96076936,0.96076936,0.96076936,0.96076936,0.71311444,1.0374875,1.0444078,1.1075486,1.1199512,1.083777,1.0038146,1.0038146,1.0096306,1.0227729,0.7993736,0.2,0.2,0.1,0.06666667,0.46666667,0.40179363,0.25666302,0.16051142,0.16051142,0.5830236,0.8,0.1,0.4,0.6,0.8,0.4,0.7,0.85,0.9,0.11666667,0.4,-0.6,-0.45,-0.3,0.68333334,0.08868985,-0.42576948,0.30090925,0.44543678,0.21336254,-0.5667716,-0.7171799,0.13851626,0.13589555,0.33791402,0.4,0.4,0.4,0.4,0.5,0.6,0.6,0.6,0.6,0.5,-0.2,-0.2,-0.2,-0.2,0.0,0.3710577,0.27670553,0.4765519,0.44163308,0.5611952,0.6289423,0.7232945,0.5234481,0.5583669,0.43880478,-0.25788465,-0.44658893,-0.0468962,-0.11673384,0.12239044,1.2934492,1.413642,1.4342184,1.6389154,1.794398,0.23562162,0.32246456,0.29781842,0.42590833,0.57637703,0.61769885,0.86905116,0.8596661,0.89212716,1.0509168,0.32188216,0.44185445,0.4506637,0.42758027,0.48098406,0.6781179,0.5581455,0.5493363,0.57241976,0.51901597,-0.3562357,-0.1162911,-0.09867265,-0.1448395,-0.0380319
SH688187,0.14933574898364635,1.0,,2026-03-12,-0.02610508,0.03550294,-0.73529345,0.0067873187,0.19117624,0.0026105414,0.07353029,-0.030281859,-0.8529394,1.0268048,1.033774,0.99731946,1.0097363,1.0074937,1.0732722,1.0294755,1.0329725,0.89142376,1.0238135,1.0239966,1.0302081,1.0349874,0.9757396,0.01357583,0.025320072,0.026098708,0.029303111,0.069887176,-0.005994983,-0.002998504,-0.00030751247,-0.000998168,0.0033629606,0.48750967,0.12855557,0.004859097,0.089925215,0.70623374,-0.011823472,-0.010503341,-0.027286727,-0.020514019,-0.07494695,1.0496186,1.072228,1.0809563,1.1104509,1.1104509,0.98245835,0.98067135,0.98067135,0.98067135,0.8671557,1.0309075,1.0394671,1.0617818,1.0634471,1.0341715,1.0218484,1.0005329,1.0072273,1.0092256,0.89258945,0.2,0.2,0.1,0.1,0.5,0.26119116,0.21111143,0.19273719,0.14893442,0.5460211,0.2,0.2,0.5,0.16666667,0.5833333,0.4,0.4,0.7,0.8,0.1,-0.2,-0.2,-0.2,-0.6333333,0.48333332,-0.36780536,-0.17657158,-0.149575,0.17366104,0.53374666,-0.62179106,-0.20365089,0.14626014,-0.03129644,0.17522737,0.4,0.4,0.5,0.5,0.55,0.6,0.6,0.5,0.46666667,0.43333334,-0.2,-0.2,0.0,0.033333335,0.11666667,0.44332486,0.2892724,0.45482397,0.46833026,0.5617658,0.55667514,0.71072763,0.545176,0.53166974,0.43823418,-0.1133503,-0.4214552,-0.09035205,-0.06333948,0.12353162,0.8618168,0.9243645,0.900346,1.1249813,1.029373,0.2919839,0.25105628,0.21014102,0.45601588,0.4619914,0.95301384,1.2474625,1.1068329,1.1945072,1.3500636,0.54236263,0.5543949,0.49305227,0.4603475,0.5041642,0.45763737,0.44560507,0.5069477,0.53965247,0.49583575,0.084725276,0.10878986,-0.013895432,-0.07930499,0.008328487
SH688082,0.13982708317975504,1.0,,2026-03-12,-0.01715085,0.032276485,-0.53137296,0.008670318,0.26862648,0.006455316,0.2000006,-0.01936585,-0.59999883,1.0174501,1.0262717,0.99343204,1.006413,1.0387199,1.2070342,1.1717364,1.36654,1.0518378,1.0168568,1.0369835,1.1008524,1.1429806,1.1654848,0.016002977,0.03407006,0.07092197,0.089477606,0.09550254,-0.004841572,-0.009132384,-0.010220465,-0.009248228,-0.0009907854,0.22882913,0.6586185,0.726855,0.8279232,0.03282685,-0.0071736416,0.0041122106,-0.0037579227,-0.008881252,-0.13625662,1.0457274,1.1471813,1.2168863,1.397425,1.406878,0.9725018,0.9725018,0.9725018,0.9725018,0.9725018,1.0279214,1.0470469,1.1691128,1.2172496,1.2524842,1.0001521,1.0153992,1.0253612,1.0376552,1.0793536,0.2,0.1,0.05,0.033333335,0.016666668,0.37552708,0.15742072,0.11252012,0.064713255,0.06330495,0.2,0.1,0.5,0.033333335,0.45,0.4,0.7,0.85,0.9,0.95,-0.2,-0.6,-0.35,-0.8666667,-0.5,-0.74850905,0.7052205,0.14585643,0.5214958,0.58698577,-0.76341033,-0.5228826,-0.19609487,-0.2099158,0.24880183,0.2,0.2,0.3,0.3,0.46666667,0.8,0.8,0.7,0.7,0.53333336,-0.6,-0.6,-0.4,-0.4,-0.06666667,0.28591433,0.15237261,0.3199096,0.28485343,0.48455787,0.71408564,0.8476274,0.68009037,0.7151466,0.51544213,-0.4281713,-0.69525474,-0.3601808,-0.43029317,-0.030884236,1.0080974,1.4302837,1.3362268,1.5880376,1.8343681,0.2549222,0.74507934,0.57684743,0.7240022,0.74486214,0.92883784,1.4960908,1.5744506,1.2323601,1.2197902,0.38593036,0.43555215,0.4967336,0.46487054,0.49443907,0.61406964,0.5644479,0.5032664,0.5351295,0.50556093,-0.2281393,-0.1288957,-0.006532802,-0.07025894,-0.011121866
SH688981,0.13128329835182934,1.0,,2026-03-12,-0.009252298,0.033644836,-0.27499905,0.014485993,0.43055624,0.009906544,0.2944447,-0.013831747,-0.41111055,1.0093387,1.02396,0.99000096,1.0043776,1.0083953,1.1003679,1.0832939,1.1997924,1.105556,1.0037354,1.020149,1.0537732,1.085995,1.1182089,0.008188208,0.029504746,0.04158629,0.06219453,0.06760196,0.0009244618,-0.007381806,-0.005433945,-0.0063366108,-0.0017748745,0.031866934,0.57378995,0.5975829,0.8044729,0.21024062,-0.0055843857,0.013069123,-0.0021507076,0.0058858697,-0.065850124,1.0263182,1.0930101,1.1148005,1.2340344,1.2704461,0.95868313,0.95868313,0.95868313,0.95868313,0.95868313,1.0106217,1.0296575,1.0955948,1.1509857,1.1793604,0.99835867,1.0036978,1.0079992,1.0116403,1.0638618,0.4,0.2,0.1,0.06666667,0.033333335,0.6108791,0.3075844,0.26465255,0.1500514,0.1325265,0.8,0.1,0.4,0.033333335,0.35,0.4,0.7,0.85,0.9,0.95,0.4,-0.6,-0.45,-0.8666667,-0.6,-0.6584374,-0.17186512,-0.20454337,0.65711963,0.75079644,-0.8794706,-0.5557572,-0.48835567,0.030490352,0.5595435,0.2,0.2,0.45,0.4,0.41666666,0.8,0.8,0.55,0.6,0.5833333,-0.6,-0.6,-0.1,-0.2,-0.16666667,0.41392714,0.15319389,0.3413583,0.30597284,0.45338666,0.58607286,0.8468061,0.6586417,0.6940271,0.54661334,-0.17214572,-0.6936122,-0.3172834,-0.3880543,-0.093226686,1.1226174,1.2005869,1.1919222,1.4922078,1.6692263,0.15788406,0.26759675,0.22281376,0.5729764,0.6229202,0.776947,1.0787001,0.99688697,1.2209167,1.2335151,0.32837978,0.47442776,0.47239015,0.3823898,0.48539826,0.6716202,0.52557224,0.5276098,0.61761016,0.51460177,-0.3432404,-0.05114449,-0.055219684,-0.23522034,-0.029203478
SH605499,0.13093068729319274,1.0,,2026-03-12,-0.045006294,0.045006294,-1.0,0.0,0.0,0.0,0.0,-0.045006294,-1.0,1.0471274,1.0471274,1.0,1.0123184,1.0339316,1.1197754,1.1854823,1.1079786,1.1473012,1.0361577,1.0381303,1.1086129,1.1145821,1.1491348,0.021369863,0.018792711,0.07661188,0.064593226,0.061132107,-0.006649953,-0.002548085,-0.012170463,-0.0042323433,-0.0022203112,0.24208823,0.16852348,0.88326305,0.33272815,0.4023359,-0.022857862,-0.02666385,0.00700652,-0.05321312,-0.08363556,1.0678291,1.1131004,1.2311393,1.2311393,1.2422261,1.0,1.0,1.0,1.0,1.0,1.0495085,1.0495085,1.1891673,1.1828185,1.2029872,1.0295807,1.0304813,1.0369569,1.0458108,1.1061267,0.2,0.1,0.05,0.033333335,0.016666668,0.0,0.0,0.0,0.0,0.0,0.6,0.1,0.15,0.43333334,0.35,1.0,1.0,1.0,1.0,1.0,-0.4,-0.9,-0.85,-0.56666666,-0.65,-0.5628383,0.15161748,-0.32322803,-0.15559216,-0.33736306,-0.6139378,-0.6252234,-0.5844732,-0.11737741,-0.039375175,0.6,0.4,0.3,0.36666667,0.36666667,0.4,0.6,0.7,0.6333333,0.6333333,0.2,-0.2,-0.4,-0.26666668,-0.26666668,0.27689728,0.19505894,0.21471086,0.41429657,0.43430546,0.7231027,0.80494106,0.78528917,0.58570343,0.5656945,-0.4462054,-0.6098821,-0.5705783,-0.17140688,-0.13138907,0.63348883,0.7570488,0.6306244,0.7148605,0.6020006,0.25227264,0.3716123,0.3320935,0.31821004,0.28544536,1.5372766,1.3617498,1.5439183,1.1680558,1.2504748,0.68328816,0.5666736,0.49303937,0.515337,0.5293955,0.3167118,0.43332642,0.50696063,0.484663,0.47060445,0.36657634,0.13334717,-0.013921264,0.030673992,0.05879108
SH600482,0.12767711110441646,1.0,,2026-03-12,-0.05052173,0.06617247,-0.7634856,0.0027457182,0.04149336,0.012905022,0.195021,-0.04036243,-0.609958,1.05321,1.0561018,0.9864083,1.0097499,1.0320891,0.9875909,0.8031023,0.7325254,0.5725642,1.0741638,1.0279883,0.955841,0.89573115,0.76621425,0.049434718,0.06303933,0.1019924,0.12005019,0.16048212,-0.02989821,0.012036015,0.015487046,0.012613271,0.008805425,0.9144632,0.33415943,0.80699265,0.8555225,0.91822076,-0.014367421,-0.08215044,-0.10296794,-0.07862357,-0.025974274,1.1353369,1.1353369,1.1353369,1.1353369,1.1353369,0.9864083,0.9173416,0.7620086,0.732262,0.56248987,1.0983422,1.0863016,1.0378283,0.99379545,0.9427048,1.0486282,0.97349495,0.8870189,0.77818716,0.5985264,0.2,0.5,0.75,0.8333333,0.9166667,0.091263205,0.37917522,0.63748556,0.66423887,0.7637469,0.2,0.6,0.8,0.8666667,0.93333334,1.0,0.4,0.1,0.23333333,0.11666667,-0.8,0.2,0.7,0.6333333,0.81666666,-0.6735245,0.23143037,0.54318655,0.46930695,0.6745079,-0.6474863,-0.22073536,0.30809978,0.42380947,0.4706924,0.2,0.4,0.55,0.53333336,0.55,0.8,0.6,0.45,0.46666667,0.41666666,-0.6,-0.2,0.1,0.06666667,0.13333334,0.43275097,0.5161698,0.6451751,0.6480627,0.67555946,0.56724906,0.48383024,0.35482493,0.35193732,0.32444054,-0.13449809,0.032339536,0.29035017,0.29612535,0.35111892,0.9015858,0.8517088,0.8405466,0.7979302,0.644643,0.14550205,0.13299555,0.3137474,0.28675106,0.32010958,0.69948405,0.73612595,0.7957922,0.84538597,1.1261516,0.5421009,0.533812,0.54857785,0.5278727,0.5256173,0.4578991,0.466188,0.45142215,0.47212732,0.47438267,0.08420184,0.06762399,0.09715568,0.055745374,0.051234655
SH600309,0.12533704434546766,1.0,,2026-03-12,-0.03142826,0.04250084,-0.7394738,0.009954152,0.23421071,0.0011184299,0.026315479,-0.04026398,-0.94736904,1.032448,1.0427252,0.9988453,1.017972,1.0300243,1.0394924,0.97921586,0.9709011,0.80796987,1.0328417,1.0430613,1.0250648,1.0107712,0.9477379,0.02740111,0.028506776,0.031420168,0.03580623,0.078030586,-0.015369944,-0.0068438686,0.0025165062,0.0025909496,0.004160325,0.78658974,0.5283462,0.22451589,0.40579098,0.867011,-0.0021017476,-0.012263843,-0.048971612,-0.048339967,-0.07046747,1.1200938,1.1200938,1.1200938,1.1200938,1.1200938,0.9778294,0.9778294,0.9413407,0.91893965,0.77979386,1.0458212,1.0739046,1.0419637,1.0364915,1.0166531,1.0148743,1.0209017,1.0009248,0.9806943,0.88422835,0.2,0.1,0.2,0.36666667,0.68333334,0.15584064,0.15584064,0.32815817,0.40297627,0.64709425,0.4,0.7,0.85,0.9,0.95,0.8,0.9,0.1,0.26666668,0.06666667,-0.4,-0.2,0.75,0.6333333,0.8833333,-0.32121354,-0.034248505,0.44113395,0.060179695,0.53842705,0.18990329,0.171169,0.359169,0.06733653,0.34152138,0.4,0.5,0.55,0.6,0.55,0.6,0.5,0.45,0.4,0.41666666,-0.2,0.0,0.1,0.2,0.13333334,0.39747185,0.42748076,0.52194995,0.52112633,0.5842871,0.60252815,0.57251924,0.47805005,0.4788737,0.41571292,-0.20505632,-0.14503846,0.043899868,0.042252626,0.16857417,0.99823034,0.91785777,0.8309404,0.8897806,0.77959716,0.24552225,0.21274774,0.23534009,0.2755981,0.2882483,0.4188445,0.4699406,0.6344602,1.1292906,1.2620991,0.62180454,0.54534894,0.5382074,0.50591695,0.5122446,0.37819546,0.4546511,0.46179262,0.49408305,0.4877554,0.2436091,0.09069785,0.07641478,0.011833883,0.024489194
SZ002938,0.1249688943930855,1.0,,2026-03-12,-0.003807389,0.038644582,-0.09852323,0.025128474,0.6502457,0.009708718,0.25123104,-0.019227145,-0.4975379,1.003822,1.0290464,0.99025416,1.0066059,1.0498421,1.1842499,1.1797642,1.0415351,0.951487,0.99953485,1.0302376,1.0704935,1.0910174,1.0412056,0.02186294,0.049091145,0.058929708,0.060351767,0.07070306,0.0019272307,-0.0120628085,-0.0071295537,-0.004658921,0.0022982191,0.019426307,0.5534801,0.5122997,0.46184096,0.3222599,-0.0033892877,0.024045046,-0.0027626893,-0.023462988,-0.109003104,1.0435581,1.1656736,1.2096663,1.222581,1.222581,0.9245876,0.9245876,0.9245876,0.9245876,0.90593016,1.0154179,1.0595448,1.1201197,1.1323143,1.1146038,0.99252367,1.0026582,1.0133578,1.0216647,0.9792325,0.4,0.2,0.1,0.06666667,0.33333334,0.6338746,0.3128029,0.26453188,0.25306728,0.29707745,0.2,0.1,0.5,0.3,0.65,0.4,0.7,0.85,0.9,0.083333336,-0.2,-0.6,-0.35,-0.6,0.56666666,-0.7668385,0.48557696,0.5440678,0.65036803,0.37733474,-0.6803895,-0.26948962,0.0906698,0.35665816,0.45462307,0.4,0.3,0.4,0.43333334,0.46666667,0.6,0.7,0.6,0.56666666,0.53333336,-0.2,-0.4,-0.2,-0.13333334,-0.06666667,0.33905596,0.2551877,0.3701392,0.48167157,0.51332843,0.66094404,0.7448123,0.6298608,0.5183284,0.48667154,-0.32188812,-0.48962462,-0.2597216,-0.036656864,0.0266569,1.2374952,1.4740537,1.6196444,1.9086434,1.9200507,0.24102306,0.35415834,0.48295254,0.70763546,0.6106373,0.7424406,0.71282023,0.8188851,0.9817996,0.9962365,0.32445705,0.2673841,0.454136,0.46655992,0.4800933,0.67554295,0.7326159,0.545864,0.5334401,0.5199067,-0.3510859,-0.46523178,-0.091727965,-0.066880174,-0.03981338
SZ300347,0.12031111177137266,1.0,,2026-03-12,-0.0148279015,0.026654901,-0.55629176,0.009708765,0.3642394,0.0021182343,0.07946885,-0.022418432,-0.8410623,1.0150511,1.0249059,0.9978499,1.0085827,1.017207,1.0840392,1.1635989,1.0745497,0.8835425,1.0179605,1.0253597,1.0806104,1.0819278,1.0408032,0.013996004,0.021878654,0.06591212,0.058847357,0.084799446,-0.0055542476,-0.0047659706,-0.010306492,-0.0028927976,0.0028677539,0.39371532,0.4349837,0.8557743,0.18727675,0.34881696,-0.0068520764,-0.0039128405,0.017301261,-0.039982237,-0.12540193,1.0471376,1.0956888,1.2157352,1.2157352,1.2157352,0.9838814,0.9838814,0.9838814,0.9838814,0.8708111,1.0294961,1.039396,1.1521331,1.142529,1.1031804,1.010327,1.011223,1.0164199,1.0196102,0.97803986,0.2,0.1,0.05,0.033333335,0.25,0.2548144,0.14416388,0.069520466,0.069520466,0.37454295,0.6,0.1,0.2,0.46666667,0.73333335,0.4,0.7,0.85,0.9,0.033333335,0.2,-0.6,-0.65,-0.43333334,0.7,-0.20951122,-0.15608796,0.6281469,0.5211077,0.40920785,-0.6205055,-0.3856748,0.010317481,0.26829338,0.47045773,0.4,0.3,0.3,0.4,0.48333332,0.6,0.7,0.7,0.6,0.51666665,-0.2,-0.4,-0.4,-0.2,-0.033333335,0.3978458,0.26193857,0.29409483,0.44767871,0.55052614,0.6021542,0.7380614,0.70590514,0.55232126,0.44947386,-0.20430836,-0.4761229,-0.41181034,-0.10464255,0.10105229,1.1299843,1.139885,1.378749,1.6043472,1.6276501,0.14652552,0.17382,0.41970634,0.6374778,0.593962,0.35476327,0.5626001,0.8538815,1.1888429,1.2718052,0.48112512,0.4954259,0.39308816,0.4949276,0.4984019,0.5188749,0.50457406,0.60691184,0.5050724,0.5015981,-0.037749756,-0.009148166,-0.21382365,-0.010144845,-0.0031961838
SH688008,0.11967000190302998,1.0,,2026-03-12,-0.008050951,0.032204036,-0.2499982,0.013686757,0.42500126,0.01046633,0.32500055,-0.011271378,-0.34999892,1.0081162,1.0219141,0.9894487,1.0040978,1.0323554,1.1168209,1.1559361,1.0823653,0.83270985,1.0151211,1.0309576,1.0879372,1.1106452,0.983843,0.01491259,0.03527811,0.06683437,0.069739796,0.1456121,-0.003996848,-0.007821869,-0.009704711,-0.005484965,0.006494003,0.17958461,0.45063186,0.7379612,0.479389,0.60663825,-0.007127367,0.004240892,0.0042575104,-0.03111313,-0.17541613,1.0462292,1.1205953,1.2174737,1.2775137,1.2775137,0.9525189,0.9525189,0.9525189,0.9525189,0.76176995,1.0273151,1.04346,1.1397257,1.1721468,1.1359322,1.001785,1.0018507,1.0159743,1.0309772,0.8171162,0.2,0.1,0.05,0.033333335,0.5,0.5066793,0.28249705,0.17920448,0.14609799,0.46191546,0.2,0.1,0.2,0.26666668,0.6333333,0.4,0.7,0.85,0.9,0.1,-0.2,-0.6,-0.65,-0.6333333,0.53333336,-0.13872436,-0.2737828,0.27908647,0.51718193,0.557703,-0.40262395,-0.71753055,-0.0077417595,0.28093153,0.465365,0.2,0.3,0.3,0.4,0.46666667,0.8,0.7,0.7,0.6,0.53333336,-0.6,-0.4,-0.4,-0.2,-0.06666667,0.333783,0.26241338,0.37201038,0.46396372,0.54793334,0.66621697,0.7375866,0.6279896,0.53603625,0.45206663,-0.332434,-0.47517323,-0.2559792,-0.07207256,0.09586673,1.1640371,1.3477389,1.4260372,1.9997708,1.787133,0.2634117,0.3970802,0.31905487,0.95410305,0.88105184,0.63292116,1.210849,0.904968,1.1658412,1.409224,0.41129702,0.4427101,0.4096871,0.39791712,0.49429154,0.588703,0.5572899,0.5903129,0.6020829,0.50570846,-0.17740595,-0.11457978,-0.18062581,-0.20416579,-0.0114169335
SH603993,0.11963431452467307,1.0,,2026-03-12,-0.02501176,0.04955169,-0.504761,0.008494646,0.17142999,0.016045285,0.32380906,-0.01746112,-0.3523819,1.0256534,1.034366,0.9835431,1.004807,1.0953883,1.1147025,1.1457102,1.1244252,0.90461177,1.037183,1.089213,1.0935291,1.1190295,1.049873,0.025098348,0.06361637,0.047472883,0.069979906,0.116932124,-0.012008927,-0.019880313,-0.0024455104,-0.0041468567,0.0044963695,0.5723453,0.89519995,0.092878625,0.27214038,0.45097885,-0.013165208,0.0002484007,-0.07029678,-0.058900077,-0.18251592,1.0866389,1.2042401,1.2042401,1.393077,1.393077,0.9816486,0.9816486,0.9816486,0.9816486,0.82765037,1.0549994,1.1414531,1.1257129,1.1644988,1.129602,1.0224938,1.037367,1.0615426,1.0655367,0.9049534,0.2,0.1,0.05,0.033333335,0.31666666,0.17479101,0.08244414,0.08244414,0.04460401,0.30481339,0.2,0.2,0.6,0.2,0.6,0.4,0.7,0.85,0.9,0.083333336,-0.2,-0.5,-0.25,-0.7,0.51666665,-0.72675043,0.45260403,0.30189964,0.60880375,0.6184674,-0.8944722,-0.04089704,-0.14778692,0.08043046,0.116878405,0.2,0.3,0.4,0.46666667,0.56666666,0.8,0.7,0.6,0.53333336,0.43333334,-0.6,-0.4,-0.2,-0.06666667,0.13333334,0.1681901,0.32848716,0.38358173,0.44790405,0.5259917,0.8318099,0.67151284,0.61641824,0.55209595,0.47400832,-0.66361976,-0.34302568,-0.23283654,-0.104191914,0.05198338,0.7247058,0.8181321,0.7646409,0.9137792,0.8031556,0.24518147,0.27099323,0.21762368,0.35828426,0.29557833,0.65277183,0.6274529,0.7413634,1.1349492,1.2362673,0.6304279,0.5513607,0.5336499,0.52604264,0.5129681,0.36957213,0.44863924,0.4663501,0.47395736,0.48703185,0.26085576,0.10272148,0.06729979,0.05208525,0.025936283
SH688012,0.11656437061431377,1.0,,2026-03-12,-0.014593745,0.040499967,-0.36033967,0.019656204,0.48533875,0.00625002,0.1543216,-0.027999928,-0.6913568,1.0148098,1.0347571,0.9936574,1.0077978,1.079778,1.1647905,1.1074322,1.1575063,0.87607604,1.0293571,1.0564973,1.088519,1.0981312,1.0676465,0.02503801,0.038204324,0.046123262,0.043933984,0.097104974,-0.014382126,-0.011533557,-0.005738925,-0.0032191037,0.0030960497,0.82487196,0.83543557,0.54186255,0.4160739,0.29871306,-0.0005928093,-0.004596339,-0.03399913,-0.051454164,-0.14941867,1.0972642,1.1625817,1.193077,1.193077,1.2599405,0.9936574,0.9936574,0.9936574,0.9936574,0.8298757,1.0436478,1.0852647,1.1169616,1.1230663,1.131744,1.0126132,1.0244191,1.0517579,1.0571312,1.0157664,0.2,0.1,0.05,0.033333335,0.19607843,0.061217878,0.037546895,0.031805217,0.031805217,0.39557827,0.2,0.2,0.45,0.6333333,0.15,1.0,1.0,1.0,1.0,0.15,-0.8,-0.8,-0.55,-0.36666667,0.0,-0.28319606,0.22517033,0.37637994,0.4886233,0.25428545,-0.7551695,-0.1242542,0.30676976,0.18142554,0.23675685,0.2,0.2,0.3,0.4,0.38333333,0.8,0.8,0.7,0.6,0.45,-0.6,-0.6,-0.4,-0.2,-0.06666667,0.11076905,0.15178548,0.36648637,0.39475787,0.5005783,0.88923097,0.8482145,0.6335136,0.60524213,0.49942172,-0.77846193,-0.696429,-0.2670273,-0.21048425,0.0011565672,1.2098738,1.2619833,1.2996827,1.5129753,1.8164818,0.25517055,0.23728722,0.36373684,0.4784392,0.73147506,0.76658165,0.7688561,1.0572783,0.943668,1.0308697,0.4115039,0.40323097,0.48056027,0.44329524,0.41060364,0.5884961,0.59676903,0.51943976,0.55670476,0.58939636,-0.17699221,-0.19353804,-0.03887948,-0.11340951,-0.17879272
SZ000063,0.11594294544945942,1.0,,2026-03-12,0.008421623,0.038576532,0.21830949,0.026623264,0.6901415,0.0035316444,0.09154904,-0.014669997,-0.38028294,0.99164873,1.0264009,0.98814654,1.0064917,1.020473,1.0390563,1.0,1.0646477,1.1376579,0.99251,1.0029607,1.0053443,1.0192846,1.0312803,0.017924434,0.021310683,0.01916029,0.031736847,0.041315615,0.002316606,-0.0036729407,-0.0001867445,-0.0022837082,-0.00065349526,0.041759327,0.272298,0.0033247536,0.4012873,0.076305576,0.0028567798,0.0135675,-0.0035701997,0.013829163,-0.0120021505,1.0264009,1.0546863,1.0546863,1.0975156,1.1745572,0.93750113,0.93750113,0.93750113,0.93750113,0.93750113,1.0015087,1.0196037,1.0196037,1.0457937,1.0689125,0.9869571,0.992614,0.992614,0.99832124,0.9997827,0.7,0.55,0.375,0.3,0.23333333,0.703026,0.5333344,0.5333344,0.3905825,0.26364586,1.0,0.3,0.65,0.2,0.016666668,0.4,0.7,0.85,0.9,0.95,0.6,-0.4,-0.2,-0.7,-0.93333334,-0.88863355,-0.6862992,-0.15105577,0.28247905,0.40620026,-0.7991652,-0.67535377,-0.24280038,-0.12838604,-0.1291668,0.4,0.5,0.55,0.5,0.48333332,0.4,0.4,0.4,0.46666667,0.5,0.0,0.1,0.15,0.033333335,-0.016666668,0.39444634,0.39196718,0.5,0.42647845,0.43453702,0.6055536,0.6080328,0.5,0.57352155,0.56546295,-0.21110731,-0.21606563,0.0,-0.1470431,-0.13092592,1.0689366,1.046924,0.8679175,0.93688494,1.2033489,0.25811172,0.2335688,0.26738772,0.25337544,0.60779375,1.1665423,1.0084577,1.1191566,1.0187584,2.175933,0.4859323,0.50530756,0.52310157,0.48213363,0.4888115,0.5140677,0.49469241,0.47689843,0.5178664,0.5111885,-0.028135441,0.01061516,0.046203136,-0.035732735,-0.022376988
SZ002493,0.11133282646653836,1.0,,2026-03-12,-0.034965087,0.07482519,-0.46729034,0.017482476,0.23364428,0.022377623,0.29906538,-0.03006994,-0.40186924,1.036232,1.0543479,0.9768116,0.99888116,1.119592,1.1065617,1.0181313,0.94059825,0.7007188,1.0233527,1.0706005,1.072882,1.0528681,0.9229508,0.046238944,0.063511334,0.04971919,0.052325025,0.1476414,-0.019211685,-0.018139098,-0.001610867,0.002353719,0.007879441,0.43157393,0.7477224,0.036740016,0.1568166,0.86870897,0.015070689,0.011025414,-0.057578772,-0.086997025,-0.1553943,1.1594604,1.1869665,1.1869665,1.1869665,1.1869665,0.9688552,0.9688552,0.9688552,0.941301,0.66520935,1.0353814,1.1217622,1.1171064,1.104818,1.0691491,0.9985532,1.0011872,1.0148019,0.99843264,0.78262,0.4,0.2,0.15,0.26666668,0.6333333,0.16339959,0.14279316,0.14279316,0.23893875,0.6416598,0.4,0.3,0.65,0.76666665,0.8833333,0.8,0.9,0.95,0.033333335,0.1,-0.4,-0.6,-0.3,0.73333335,0.78333336,-0.5709264,-0.18652801,-0.09424024,-0.1423013,0.648515,-0.6871232,-0.39195076,-0.08132586,-0.16085315,0.1734631,0.2,0.4,0.55,0.6333333,0.6333333,0.8,0.6,0.45,0.36666667,0.36666667,-0.6,-0.2,0.1,0.26666668,0.26666668,0.14892468,0.36206475,0.4856366,0.53348666,0.6086312,0.85107535,0.6379352,0.5143634,0.46651334,0.39136878,-0.70215064,-0.27587047,-0.028726842,0.06697331,0.21726242,0.9698124,1.0064443,0.84255224,0.87204456,0.7511074,0.23138142,0.21399593,0.24497855,0.25156838,0.31387794,1.3592136,0.922173,1.0358459,1.052637,1.1607138,0.48129708,0.5832686,0.56168944,0.48161685,0.523416,0.5187029,0.41673142,0.43831056,0.51838315,0.47658402,-0.03740583,0.16653715,0.12337889,-0.036766287,0.046831977
SH600875,0.1100424469345454,0.875,,2026-03-12,-0.006871236,0.036318988,-0.1891913,0.003435513,0.09459276,0.026012238,0.71621597,0.015705489,0.43243188,1.0069188,1.010378,0.9738078,0.99325377,1.042981,0.9229256,0.64223796,0.66642386,0.52954036,1.0423982,0.9915277,0.88375103,0.8045094,0.7039691,0.03699752,0.072853066,0.13523978,0.15862344,0.15274076,-0.02327531,0.01593011,0.021544995,0.016728122,0.0075899386,0.9894316,0.4382817,0.8882842,0.86190885,0.75312394,0.004152387,-0.0632132,-0.08842849,-0.047067165,0.07212772,1.1213274,1.1213274,1.1213274,1.1213274,1.1213274,0.9738078,0.8497876,0.63748395,0.5982309,0.51542854,1.0685365,1.0468857,1.0204123,0.9585052,0.836716,1.0120639,0.92468864,0.7673636,0.6513004,0.6027537,0.2,0.5,0.75,0.8333333,0.9166667,0.1775507,0.5531875,0.7492424,0.76805925,0.79975635,0.2,0.6,0.8,0.8666667,0.93333334,1.0,0.3,0.05,0.23333333,0.033333335,-0.8,0.3,0.75,0.6333333,0.9,0.95864105,-0.1231134,0.09736484,0.64532363,0.6195046,0.9762959,0.058384467,0.3866479,0.37776485,0.44020838,0.2,0.4,0.55,0.46666667,0.5,0.8,0.6,0.45,0.53333336,0.48333332,-0.6,-0.2,0.1,-0.06666667,0.016666668,0.34902737,0.59847355,0.7191432,0.67727447,0.6770868,0.6509726,0.40152645,0.2808568,0.32272553,0.32291326,-0.30194524,0.19694711,0.43828645,0.35454896,0.3541735,1.2958329,1.2837677,1.2695268,1.0437161,0.89611983,0.2899588,0.27638605,0.308612,0.41847378,0.3904237,0.7163101,0.83033276,0.8330849,1.08462,1.2801358,0.5641039,0.45317823,0.53910357,0.49922898,0.5217446,0.4358961,0.5468218,0.4608964,0.500771,0.47825542,0.12820779,-0.09364355,0.07820718,-0.0015420092,0.04348917
SH600160,0.10989209432702886,1.0,,2026-03-12,-0.030562302,0.043276183,-0.70621526,0.0017114759,0.039547753,0.011002407,0.254237,-0.02127137,-0.491526,1.0315259,1.0332912,0.98865074,1.0011523,1.0479337,1.0418808,0.9528451,1.0044061,0.8873979,1.0362686,1.0464361,1.0250261,1.0115064,0.9749772,0.028714368,0.026725465,0.03408024,0.03673177,0.04960958,-0.016518684,-0.005856419,0.0033791328,0.0026572752,0.0024373224,0.82735586,0.4401748,0.34409097,0.40559363,0.736198,-0.0032311683,-0.020082224,-0.057127897,-0.050036963,-0.04687819,1.0895329,1.1076992,1.1076992,1.1076992,1.1076992,0.98865074,0.98865074,0.9354491,0.9354491,0.8776007,1.0508444,1.0661905,1.048183,1.0422814,1.0254802,1.0203841,1.0297171,0.9993947,0.9820015,0.93202925,0.2,0.1,0.25,0.43333334,0.7,0.11250028,0.095333196,0.37475097,0.37475097,0.5319431,0.2,0.2,0.6,0.73333335,0.8666667,1.0,1.0,0.1,0.4,0.1,-0.8,-0.8,0.5,0.33333334,0.76666665,-0.08727355,0.35168228,0.5273028,0.056311734,0.31955773,0.029424509,0.31241706,0.4853196,0.20673384,0.22711942,0.4,0.5,0.6,0.56666666,0.55,0.6,0.5,0.4,0.43333334,0.45,-0.2,0.0,0.2,0.13333334,0.1,0.316525,0.41922748,0.55781716,0.49620458,0.55506706,0.683475,0.5807725,0.44218284,0.5037954,0.44493294,-0.36695,-0.16154504,0.11563432,-0.0075908084,0.110134095,0.8962094,0.95676583,0.8689724,1.0101726,0.92821354,0.1627227,0.24534975,0.23524138,0.39410147,0.34873316,0.6102082,0.6740866,0.92873275,0.90488833,0.9374856,0.6572385,0.5512442,0.5295404,0.49461034,0.4991951,0.3427615,0.4487558,0.4704596,0.50538963,0.5008049,0.31447703,0.1024884,0.059080802,-0.010779317,-0.0016098294
SZ002916,0.1095958111664946,1.0,,2026-03-12,-0.020891467,0.05232558,-0.39925915,0.019379813,0.37036976,0.012054301,0.23037109,-0.02821698,-0.5392578,1.0213373,1.0411305,0.9876885,1.0074956,1.0615517,1.1485666,0.91048414,0.9781791,0.77712506,1.025094,1.0597287,1.0222287,1.0000722,0.94273674,0.01988638,0.047524385,0.07088648,0.070825025,0.086038634,-0.0070615644,-0.014060976,0.0061239526,0.0042756465,0.0040141596,0.31523207,0.8024341,0.26121905,0.28244364,0.66389924,-0.0109708775,0.0035456433,-0.0804063,-0.062069055,-0.06115444,1.0647182,1.1704229,1.1704229,1.1704229,1.1704229,0.95269,0.95269,0.8778292,0.8778292,0.73867726,1.0438365,1.0840842,1.0637606,1.0545119,1.0125453,1.0078824,1.0241003,0.9622197,0.92917955,0.8818383,0.2,0.1,0.4,0.53333336,0.76666665,0.42230442,0.2172847,0.41754428,0.41754428,0.60527015,0.2,0.2,0.6,0.73333335,0.8666667,0.4,0.7,0.1,0.4,0.06666667,-0.2,-0.5,0.5,0.33333334,0.8,-0.33628973,0.6144226,0.33995703,0.22672667,-0.023564793,-0.47708228,-0.06266742,0.5208525,0.4488156,0.5379729,0.2,0.3,0.45,0.43333334,0.46666667,0.8,0.7,0.55,0.56666666,0.53333336,-0.6,-0.4,-0.1,-0.13333334,-0.06666667,0.2620376,0.20584927,0.57210064,0.5113126,0.5633311,0.73796237,0.7941507,0.42789936,0.4886874,0.4366689,-0.47592476,-0.5883014,0.14420126,0.022625228,0.12666221,1.155053,1.3119949,1.4606836,1.533025,1.5748978,0.28587076,0.350601,0.5922558,0.53598946,0.4890615,0.5392988,0.84713,1.3473371,1.173607,1.0918206,0.40851042,0.36568967,0.4993007,0.46318704,0.4904877,0.5914896,0.6343103,0.50069934,0.53681296,0.5095123,-0.18297918,-0.26862064,-0.001398626,-0.07362594,-0.019024601
SZ300750,0.1029558011596508,0.875,,2026-03-12,-0.011250055,0.020500021,-0.54878265,0.002250011,0.10975652,0.0069999546,0.34146085,-0.006500112,-0.3170783,1.011378,1.0136536,0.9929204,1.0007545,0.88559127,0.874842,0.92296344,0.8844847,0.9924123,0.9511408,0.90931344,0.9154897,0.9026197,0.9196146,0.05065741,0.056042016,0.041342247,0.039650574,0.03915837,0.030531399,0.01684039,0.0007301574,0.002073333,-0.0009954951,0.9081288,0.8277291,0.010917241,0.2119048,0.19711918,-0.012203606,0.014904806,0.07757383,0.06731695,0.10975248,1.0203605,1.0203605,1.0203605,1.0203605,1.0203605,0.8714627,0.84500325,0.84500325,0.84200466,0.84200466,1.0006586,0.96116555,0.93669516,0.9308858,0.95058227,0.9025477,0.8638476,0.87386715,0.8648356,0.88167876,0.8,0.9,0.95,0.96666664,0.98333335,0.86325884,0.8838916,0.8838916,0.88584363,0.88584363,0.8,0.9,0.95,0.96666664,0.98333335,0.2,0.4,0.7,0.16666667,0.5833333,0.6,0.5,0.25,0.8,0.4,0.5872474,0.5720732,0.23902309,0.010576371,-0.3416829,0.589098,0.61674446,0.1966697,0.30719844,0.26642457,0.8,0.6,0.5,0.5,0.41666666,0.2,0.4,0.5,0.5,0.5833333,0.6,0.2,0.0,0.0,-0.16666667,0.9727815,0.83442426,0.6193567,0.6341687,0.50529253,0.027218495,0.16557577,0.3806433,0.36583132,0.49470747,0.945563,0.66884845,0.23871337,0.26833737,0.010585044,1.3053036,1.1668528,1.0439471,1.1403255,1.0360019,0.5296414,0.40673298,0.36791387,0.36206093,0.33162236,1.1604183,1.2682343,1.3282107,1.3244913,1.4023609,0.4876503,0.44406208,0.45679808,0.48448247,0.5075846,0.51234967,0.5559379,0.5432019,0.51551753,0.49241543,-0.02469938,-0.11187583,-0.08640384,-0.031035054,0.015169148
SH688041,0.10261171465892578,1.0,,2026-03-12,0.0012411985,0.046255644,0.026833449,0.040049654,0.86583275,0.004964794,0.107333794,-0.03384366,-0.7316655,0.99876034,1.04,0.9938017,1.0085353,1.0040766,1.0441837,1.0082356,1.1901586,0.9124563,1.0033437,1.0140787,1.0263888,1.0492225,0.9944939,0.013848788,0.03435126,0.034676086,0.05283649,0.08850837,0.0024665336,-0.0059173577,-0.0021036824,-0.004313231,0.0032250113,0.079303175,0.2720081,0.12881553,0.516463,0.40494278,-0.008276726,0.012549427,-0.0064037605,0.013319395,-0.08963172,1.0551734,1.1151764,1.1151764,1.2746304,1.2746304,0.9342684,0.9342684,0.9342684,0.9342684,0.8105213,1.011818,1.0322915,1.0700845,1.0857813,1.0700845,0.99671406,0.9937163,0.99883884,1.0022401,0.90663373,0.6,0.5,0.3,0.2,0.46666667,0.5436631,0.36334246,0.36334246,0.19312261,0.40826327,0.8,0.1,0.55,0.033333335,0.51666665,0.4,0.7,0.85,0.9,0.1,0.4,-0.6,-0.3,-0.8666667,0.41666666,0.06813184,0.63157386,0.25795484,0.67393094,0.45995188,-0.1826728,0.12892279,0.29259676,0.34784868,0.5410224,0.2,0.3,0.4,0.33333334,0.4,0.8,0.7,0.6,0.6666667,0.6,-0.6,-0.4,-0.2,-0.33333334,-0.2,0.474312,0.41041902,0.4916805,0.36536434,0.5305864,0.525688,0.589581,0.5083195,0.6346357,0.4694136,-0.05137601,-0.17916198,-0.016639002,-0.2692713,0.061172802,1.1045833,1.3500129,1.2395142,1.4008124,1.4942311,0.19286466,0.4318554,0.37525332,0.50834614,0.60927725,0.909458,1.0444354,0.8962692,0.9155432,1.6800896,0.40050316,0.42466104,0.5022027,0.38314882,0.4925319,0.59949684,0.57533896,0.49779734,0.61685115,0.5074681,-0.19899367,-0.1506779,0.00440532,-0.23370236,-0.014936213
SZ000938,0.10097396282670917,0.75,,2026-03-12,0.06037579,0.109955974,0.5490906,0.04918032,0.44727287,0.00039985855,0.0036365332,0.011595328,0.10545428,0.9430619,1.04638,0.9426848,1.007851,0.90874046,0.97021395,0.9355163,1.0026406,0.9589121,0.94314235,0.9336784,0.9419541,0.94884783,0.95398474,0.036133952,0.035978228,0.0287594,0.029302021,0.03455369,0.021679431,0.0031098423,-0.0002785163,-0.0013067249,1.4060818e-05,0.89992183,0.06848708,0.003282537,0.15412563,5.0504736e-05,0.013498781,0.05232731,0.06069182,0.07009966,0.04560049,1.04638,1.04638,1.04638,1.04638,1.0671091,0.8759233,0.8759233,0.8759233,0.8759233,0.8759233,0.961088,0.9567891,0.9624505,0.9713441,0.97888565,0.9137893,0.90693426,0.9137893,0.9217851,0.9237708,1.0,1.0,1.0,0.96666664,0.8666667,0.72790706,0.72790706,0.72790706,0.72790706,0.6489848,1.0,1.0,1.0,1.0,0.46666667,0.4,0.7,0.85,0.9,0.95,0.6,0.3,0.15,0.1,-0.48333332,0.9297064,0.64784944,0.42082483,0.5007501,0.7647543,0.7112056,0.44764787,0.52224064,0.47061658,0.5236902,1.0,0.7,0.55,0.43333334,0.46666667,0.0,0.3,0.45,0.56666666,0.53333336,1.0,0.4,0.1,-0.13333334,-0.06666667,1.0,0.5709255,0.6012605,0.4969189,0.5246452,0.0,0.4290745,0.39873952,0.50308114,0.4753548,1.0,0.141851,0.20252098,-0.006162244,0.049290404,0.40057278,0.34104884,0.2752601,0.28005576,0.2877596,0.34120494,0.2385953,0.18078813,0.15114927,0.1560836,1.6797608,1.4863014,1.7539531,1.7351569,1.5507436,0.88806504,0.7999271,0.72581047,0.6206717,0.5805157,0.11193496,0.20007285,0.27418953,0.3793283,0.41948435,0.7761301,0.5998543,0.45162094,0.24134338,0.16103132
SH600377,0.10044883094613533,0.875,,2026-03-12,0.01885243,0.027868822,0.6764703,0.0032787318,0.11764874,0.0057376614,0.205881,0.02131136,0.7647025,0.9814964,1.003218,0.9758649,0.9954696,0.96769196,0.9612746,0.9789777,0.9380394,0.99358267,0.98172164,0.9753707,0.97474,0.9718522,0.9673121,0.010925878,0.011257945,0.01067127,0.012178026,0.015944447,0.0047798054,0.0024261174,8.102835e-05,0.0005360133,7.253485e-05,0.47846237,0.42571288,0.0020179474,0.1501409,0.006312107,0.008718743,0.013711784,0.024490217,0.020375596,0.030548101,1.003218,1.003218,1.003218,1.003218,1.003218,0.96123916,0.9540944,0.9540944,0.93466395,0.92271316,0.9851295,0.9814119,0.98189867,0.9814119,0.98052675,0.9737995,0.96720517,0.9652578,0.9619828,0.9542377,1.0,1.0,1.0,1.0,1.0,0.9233409,0.93449056,0.93449056,0.95305806,0.9600265,1.0,1.0,1.0,1.0,1.0,0.6,0.4,0.7,0.033333335,0.46666667,0.4,0.6,0.3,0.96666664,0.53333336,0.85513526,0.4373309,0.404193,0.17337021,0.12974876,0.57326627,0.35025144,0.25616142,0.1942862,0.16470173,0.8,0.8,0.65,0.6666667,0.5,0.2,0.2,0.3,0.3,0.48333332,0.6,0.6,0.35,0.36666667,0.016666668,0.83486193,0.69751686,0.56258225,0.62216395,0.5064703,0.16513808,0.30248317,0.43741775,0.37783605,0.49352968,0.66972387,0.3950337,0.1251645,0.24432787,0.01294062,0.6016855,0.6151938,0.5338939,0.62089235,0.6657126,0.23440821,0.18800214,0.16084962,0.24071355,0.2772858,1.003366,0.89043057,0.9669084,0.9599917,0.84684104,0.77686775,0.70105165,0.6025773,0.5485846,0.51536936,0.22313225,0.29894838,0.39742264,0.4514154,0.48463064,0.5537355,0.40210325,0.2051547,0.09716921,0.0307387
SZ000977,0.09956851513982021,0.75,,2026-03-12,0.024769288,0.052452616,0.47222218,0.024931198,0.47530898,0.0027521278,0.05246884,0.0025902176,0.049382053,0.9758294,1.0243286,0.9731438,1.0040083,0.9372693,0.9963559,0.9462849,1.0398012,0.9903455,0.975788,0.96424276,0.97402865,0.98233634,1.0099981,0.022621736,0.030960033,0.03204407,0.033705704,0.0474985,0.013144826,0.0027880783,-0.00017494622,-0.0015209407,-0.0011319029,0.84410757,0.074339315,0.0010432343,0.15780452,0.17320417,-0.0020776258,0.023210866,0.027633362,0.039717317,0.023393106,1.0243286,1.0273249,1.0483391,1.0751793,1.1311072,0.92194664,0.91263926,0.91263926,0.91263926,0.91263926,0.9879792,0.9879792,1.000284,1.0119687,1.0588263,0.968424,0.9353762,0.9387269,0.9455561,0.96742076,1.0,0.9,0.8,0.7,0.48333332,0.7623742,0.7617405,0.64377916,0.537472,0.39987898,1.0,0.1,0.4,0.1,0.41666666,0.4,0.4,0.7,0.8,0.9,0.6,-0.3,-0.3,-0.7,-0.48333332,0.8934515,0.69896346,0.7320911,0.6703078,0.5801026,0.9508985,0.57699156,0.6184978,0.53812236,0.5853492,1.0,0.7,0.65,0.53333336,0.51666665,0.0,0.3,0.35,0.46666667,0.48333332,1.0,0.4,0.3,0.06666667,0.033333335,1.0,0.5101799,0.5807944,0.459853,0.50444466,0.0,0.48982012,0.4192056,0.540147,0.49555537,1.0,0.02035975,0.16158877,-0.08029403,0.008889283,0.74473256,0.7105151,0.69493186,0.6953435,0.76062953,0.2452881,0.20543672,0.21014701,0.20241834,0.25059038,1.2305077,0.94482696,1.0169634,0.9467899,0.9180499,0.6957352,0.5980275,0.5580507,0.5253194,0.5073509,0.30426478,0.4019725,0.4419493,0.47468057,0.4926491,0.39147046,0.196055,0.11610141,0.05063884,0.014701794
SH600150,0.09799221249134252,1.0,,2026-03-12,-0.015855726,0.0240568,-0.6590954,0.0019135802,0.07954426,0.0062874937,0.26136038,-0.011481811,-0.47727928,1.0161111,1.0180556,0.9936112,1.0030322,1.0766367,1.0585947,0.97525454,0.97972363,0.9371845,1.0322767,1.0460482,1.0207896,1.0022484,0.9787567,0.030696321,0.026801264,0.043992545,0.046552632,0.045877602,-0.018381204,-0.0055765854,0.004824275,0.0037149603,0.0019502302,0.8964277,0.39686024,0.42089516,0.49353912,0.55115044,0.004485622,-0.020953579,-0.0666202,-0.056115314,-0.036288492,1.095798,1.095798,1.095798,1.095798,1.095798,0.9936112,0.9936112,0.93948454,0.91808474,0.90219766,1.0456014,1.0722007,1.0587106,1.0505339,1.0109245,1.0124472,1.025358,0.97088474,0.96254253,0.93475133,0.2,0.1,0.3,0.5,0.725,0.06252071,0.06252071,0.38714156,0.46094048,0.5051764,0.2,0.6,0.8,0.8666667,0.93333334,1.0,1.0,0.1,0.26666668,0.11666667,-0.8,-0.4,0.7,0.6,0.81666666,0.53784734,0.5883858,0.666705,0.4235476,0.678924,-0.6739078,-0.070048995,0.31737798,0.36151323,0.44126874,0.2,0.4,0.6,0.5,0.48333332,0.8,0.6,0.4,0.5,0.5,-0.6,-0.2,0.2,0.0,-0.016666668,0.054806918,0.3113005,0.5405478,0.521801,0.53946954,0.94519305,0.6886995,0.45945218,0.478199,0.4605305,-0.89038616,-0.37739903,0.081095636,0.04360199,0.078939036,1.1780056,1.351934,1.3051734,1.3226445,1.0932381,0.24209107,0.31935266,0.40955392,0.35809854,0.4419401,1.1511152,0.9352791,0.8992366,0.8997663,1.1057298,0.31614846,0.47653213,0.46643457,0.4987013,0.5114915,0.68385154,0.5234679,0.53356546,0.50129867,0.48850852,-0.36770305,-0.04693576,-0.06713087,-0.00259739,0.022982925
SH600584,0.090936372070293,1.0,,2026-03-12,-0.01866952,0.04806861,-0.38839313,0.02317592,0.48214248,0.006223173,0.12946439,-0.035622265,-0.7410712,1.0190247,1.0426415,0.9936584,1.0113477,1.0649629,1.0654097,1.0030829,1.1504334,0.8152087,1.0084443,1.0269904,1.019786,1.0314419,0.9487974,0.01810715,0.025242483,0.026864346,0.032338306,0.11277994,-0.0017692691,-0.005258283,0.001361427,-0.001362906,0.0051879436,0.023868635,0.39777294,0.08988852,0.1376572,0.6453966,-0.0049057454,-0.0033281646,-0.032719538,-0.011679792,-0.10184173,1.0734671,1.1006075,1.1006075,1.1946088,1.1946088,0.9337538,0.9337538,0.9337538,0.9337538,0.7675346,1.0246359,1.0479046,1.0415245,1.0650523,1.0533018,0.99680996,1.0047181,1.0047181,1.0081851,0.8065499,0.4,0.2,0.2,0.13333334,0.5,0.4741581,0.3970316,0.3970316,0.2539579,0.5443208,0.2,0.5,0.75,0.033333335,0.51666665,0.4,0.7,0.85,0.9,0.1,-0.2,-0.2,-0.1,-0.8666667,0.41666666,-0.020977894,0.37081432,0.5068084,0.64906794,0.7906141,-0.051042143,0.30861354,0.47780955,0.32318035,0.5335976,0.4,0.5,0.5,0.46666667,0.53333336,0.6,0.5,0.5,0.53333336,0.46666667,-0.2,0.0,0.0,-0.06666667,0.06666667,0.27464357,0.3571986,0.4963066,0.40171635,0.5685631,0.7253564,0.6428014,0.5036934,0.59828365,0.4314369,-0.45071286,-0.28560284,-0.0073868246,-0.19656728,0.13712619,1.3099425,1.443534,1.1810789,1.4175757,1.2850424,0.26238474,0.42281577,0.45525634,0.691453,0.87551665,0.55392885,0.5714812,0.84013176,1.1422455,1.5022328,0.2966888,0.44479805,0.49544948,0.3916026,0.5092978,0.7033112,0.55520195,0.5045505,0.6083974,0.49070218,-0.4066224,-0.110403895,-0.009101017,-0.21679482,0.018595621
SZ000338,0.09072180617623982,1.0,,2026-03-12,-0.04581599,0.06512685,-0.70348847,0.005301025,0.08139539,0.014009838,0.21511616,-0.037107177,-0.5697677,1.0480158,1.0535715,0.98531747,1.0034021,1.1075363,1.1595274,0.99961066,0.8952392,0.6920642,1.0666711,1.0744884,1.0680208,1.0254805,0.87743664,0.04651311,0.037927702,0.058876466,0.0797707,0.16542734,-0.023891889,-0.005842125,0.0031685035,0.0068018073,0.008920971,0.6596145,0.21749036,0.101366155,0.5634606,0.88697124,-0.01888739,-0.048198875,-0.098121636,-0.124106675,-0.14060527,1.1464393,1.1464393,1.1980252,1.1980252,1.1980252,0.98531747,0.98531747,0.9297703,0.87777793,0.6746069,1.1066664,1.1059521,1.114614,1.1059521,1.050803,1.043177,1.0496927,1.0261918,0.9434189,0.6964307,0.2,0.1,0.15,0.43333334,0.71666664,0.09112687,0.09112687,0.26180223,0.3816491,0.6216693,0.2,0.6,0.45,0.6333333,0.81666666,1.0,1.0,0.1,0.033333335,0.13333334,-0.8,-0.4,0.35,0.6,0.68333334,-0.9007633,-0.4325896,0.6067364,0.222066,0.73237705,-0.8455969,-0.13221705,0.46293855,0.44994375,0.43179205,0.4,0.3,0.45,0.46666667,0.55,0.6,0.7,0.55,0.53333336,0.45,-0.2,-0.4,-0.1,-0.06666667,0.1,0.25497463,0.29530063,0.50024056,0.5472433,0.59867245,0.74502534,0.7046994,0.4997594,0.45275673,0.40132755,-0.49005073,-0.40939873,0.00048116568,0.09448656,0.19734491,0.8459462,0.79032403,0.73349667,0.75299025,0.6054519,0.095009424,0.13046856,0.1863873,0.2043942,0.28580764,0.48693037,0.6312501,0.76092887,0.73880047,1.0373799,0.7661504,0.54389066,0.54132897,0.5054273,0.5373434,0.23384961,0.45610937,0.45867103,0.49457273,0.4626566,0.5323008,0.08778126,0.08265794,0.010854564,0.074686795
SH603259,0.08961669931323203,1.0,,2026-03-12,-0.010550112,0.028205352,-0.37404647,0.007966373,0.2824419,0.009688866,0.3435116,-0.008827619,-0.31297675,1.0106626,1.018714,0.99020785,1.0033107,1.0058566,1.0663903,1.0402701,1.0722469,0.99606705,1.0082678,1.017972,1.0540698,1.0508949,1.0440229,0.012960173,0.022720776,0.044078074,0.03711085,0.045464817,-0.0010815642,-0.0050693345,-0.0057785967,-0.0014214186,0.000767899,0.017410975,0.4563174,0.6015443,0.11369565,0.08700759,-0.0061046467,0.0048400555,0.0008269045,-0.030284317,-0.066675894,1.0330575,1.0780323,1.1596091,1.1596091,1.1640594,0.969433,0.969433,0.969433,0.969433,0.96290195,1.0169802,1.0284798,1.0924333,1.0763766,1.0788475,0.99823874,1.0009576,1.0096871,1.014911,1.001026,0.4,0.2,0.1,0.06666667,0.18333334,0.48042798,0.28146598,0.16072994,0.16072994,0.18442293,0.8,0.1,0.3,0.53333336,0.41666666,0.4,0.7,0.85,0.9,0.1,0.4,-0.6,-0.55,-0.36666667,0.31666666,-0.5598873,-0.2566047,0.41840193,0.30283144,0.4813041,-0.6775548,-0.5273854,0.26256394,0.29903105,0.48369008,0.4,0.3,0.45,0.4,0.48333332,0.6,0.6,0.5,0.53333336,0.46666667,-0.2,-0.3,-0.05,-0.13333334,0.016666668,0.46773452,0.29331896,0.44018292,0.42339075,0.50218487,0.5322655,0.706681,0.5598171,0.57660925,0.49781513,-0.064530954,-0.41336206,-0.119634144,-0.15321852,0.0043697217,1.0411519,1.0627577,1.1536347,1.2502308,1.3799757,0.13613434,0.1571614,0.25883895,0.28536594,0.45446345,0.6313914,0.6894325,0.7139223,0.7386318,1.3251395,0.53189147,0.53426117,0.48021036,0.4718504,0.49150154,0.4681085,0.46573883,0.51978964,0.5281496,0.5084985,0.06378299,0.06852231,-0.039579246,-0.056299232,-0.016996944
SZ002600,0.08757344665523781,0.875,,2026-03-12,-0.015509108,0.033041112,-0.46938822,0.012137518,0.36734596,0.005394485,0.16326584,-0.02225214,-0.6734683,1.0157534,1.0280821,0.99452055,1.005569,0.9822595,1.0638033,1.0308124,1.0547775,1.0328354,0.9981015,0.9993464,1.0198879,1.0258689,1.0557215,0.020640766,0.029495563,0.032255355,0.032130346,0.049705382,0.007391854,-0.0020069953,-0.0025951907,-0.0018439065,-0.0013711922,0.32062337,0.042441506,0.2265703,0.25523996,0.23210774,-0.01288517,0.00968508,0.0047663595,0.0008677822,-0.015271374,1.0588953,1.0588953,1.079466,1.0993292,1.2898448,0.95078564,0.95078564,0.95078564,0.95078564,0.95078564,1.0065982,1.027949,1.053657,1.054155,1.0889511,0.9873949,0.97208214,0.9898537,0.99835044,1.022658,0.6,0.6,0.3,0.23333333,0.11666667,0.4552264,0.4552264,0.38245457,0.33131257,0.14514986,0.8,0.9,0.4,0.1,0.4,0.4,0.7,0.85,0.9,0.95,0.4,0.2,-0.45,-0.8,-0.55,0.73995954,0.2541505,0.15421762,0.38379702,0.7644844,0.45927742,0.1418704,0.32585102,0.4366532,0.40658805,0.6,0.4,0.5,0.5,0.51666665,0.4,0.6,0.5,0.5,0.48333332,0.2,-0.2,0.0,0.0,0.033333335,0.5764076,0.36333334,0.4550816,0.44768128,0.48828688,0.42359236,0.63666666,0.54491836,0.5523187,0.5117131,0.15281527,-0.27333334,-0.089836754,-0.10463743,-0.023426227,1.0167886,0.9542589,0.8890279,0.9889726,1.7711781,0.3775601,0.32087654,0.26923886,0.3165798,1.0882823,0.53956616,0.83233356,1.0142596,0.9090159,1.6393535,0.6007026,0.50860316,0.5271841,0.49800214,0.48177013,0.39929745,0.4913968,0.47281584,0.5019979,0.51822984,0.20140512,0.017206343,0.054368302,-0.0039957333,-0.036459718
SH603296,0.08559218750510814,0.875,,2026-03-12,0.021324353,0.02704832,0.78838,0.0025814294,0.095437706,0.0031425357,0.11618229,0.02188546,0.8091246,0.97912085,1.0025275,0.97604394,0.9928578,0.9718062,1.0131419,0.91037595,1.015434,1.0258253,0.96089554,0.96747404,0.9595355,0.9575693,0.99444914,0.029243892,0.026829995,0.03231875,0.032078803,0.04672983,0.016029943,-0.0014118868,0.0024151155,0.00059741054,-0.0016819461,0.7511619,0.025384583,0.19544958,0.026878878,0.39512596,0.0070446054,0.038879443,0.017520925,0.033768244,0.055168264,1.0146619,1.0247041,1.0247041,1.030706,1.1085544,0.89208823,0.89208823,0.89062226,0.8883407,0.8883407,0.9838631,0.98636925,0.98320603,0.9832671,1.04239,0.9427568,0.94938874,0.93016505,0.92474025,0.9500764,1.0,0.9,0.9,0.93333334,0.53333336,0.88038325,0.8137169,0.81575364,0.7843154,0.50704986,0.8,0.1,0.55,0.033333335,0.016666668,0.4,0.7,0.1,0.3,0.65,0.4,-0.6,0.45,-0.26666668,-0.6333333,0.50190026,0.4994845,0.6993328,0.5843275,0.46137366,-0.07946525,0.09216721,0.61648196,0.4832339,0.57489556,0.6,0.5,0.5,0.4,0.43333334,0.4,0.5,0.5,0.6,0.56666666,0.2,0.0,0.0,-0.2,-0.13333334,0.61625713,0.46814802,0.624022,0.4846224,0.48808178,0.38374284,0.53185195,0.375978,0.51537764,0.51191825,0.23251432,-0.06370395,0.248044,-0.030755231,-0.023836443,0.8694378,0.83068013,0.79744697,0.86440283,0.90008295,0.21187961,0.17511527,0.26875922,0.27496046,0.33825672,0.2804126,0.58313704,1.1519893,1.0836226,1.0502092,0.63682497,0.41852424,0.5273327,0.500996,0.49645513,0.36317503,0.58147573,0.47266728,0.499004,0.50354487,0.27364993,-0.16295151,0.054665435,0.0019919754,-0.007089736
SH601628,0.08466185040344035,1.0,,2026-03-12,-0.008695644,0.017861307,-0.48684257,0.0035252108,0.19736579,0.005640451,0.31579164,-0.0065804045,-0.36841676,1.0087719,1.012328,0.9943101,1.001965,1.0105727,1.0620264,1.1545374,1.1360352,1.0789428,1.0069427,1.0189427,1.0723876,1.095113,1.1074802,0.0061429287,0.01891723,0.060947027,0.061431408,0.05340751,-0.0014625404,-0.005159254,-0.009693484,-0.0056577004,-0.00087903504,0.1417114,0.6818207,0.8853658,0.6573561,0.08262426,-0.0040176315,0.00427394,0.019700458,-0.013076383,-0.08154861,1.0221165,1.068673,1.1774007,1.2019106,1.2309688,0.97705644,0.97705644,0.97705644,0.97705644,0.97705644,1.0118766,1.0359824,1.1355771,1.1507312,1.1564758,1.0004228,1.008282,1.0105022,1.0120881,1.0615683,0.2,0.1,0.05,0.033333335,0.016666668,0.5091767,0.25043023,0.114520594,0.10203748,0.09036011,0.2,0.1,0.25,0.23333333,0.4,0.4,0.7,0.85,0.9,0.95,-0.2,-0.6,-0.6,-0.6666667,-0.55,-0.2611049,0.282073,-0.40937483,0.046103902,0.19036064,-0.5676737,-0.30288142,-0.18443675,-0.29316932,0.20004702,0.4,0.4,0.3,0.36666667,0.41666666,0.6,0.6,0.7,0.6333333,0.56666666,-0.2,-0.2,-0.4,-0.26666668,-0.15,0.35436946,0.22670779,0.23015378,0.35902107,0.45944965,0.64563054,0.7732922,0.7698462,0.64097893,0.54055035,-0.29126108,-0.5465844,-0.5396924,-0.28195786,-0.08110068,1.102518,1.4634769,1.3215928,1.5923016,1.4624509,0.13832034,0.50704557,0.45030466,0.67076486,0.55411994,0.7689776,1.2039621,0.94076085,1.0245255,1.1077203,0.22135052,0.43096623,0.48816234,0.4824932,0.4938323,0.7786495,0.56903374,0.51183766,0.51750684,0.5061677,-0.55729896,-0.13806751,-0.023675326,-0.03501364,-0.012335449
SZ002371,0.08395332793426658,1.0,,2026-03-12,0.0021662505,0.024420176,0.08870741,0.008774669,0.35932043,0.013479257,0.55197215,0.006870839,0.2813591,0.99783844,1.0087557,0.9843883,0.9949471,1.0180992,1.0674468,1.0275326,1.1128858,1.0109379,1.0022053,1.0030606,1.027484,1.0389019,1.0408223,0.010646849,0.01823362,0.030702988,0.03610388,0.047643967,-0.0011854343,-0.001149298,-0.0032216562,-0.002865063,0.0002523224,0.030992227,0.036419243,0.38535866,0.4880478,0.008554522,0.00016566568,0.0021112189,0.0031216778,0.002641448,-0.048265737,1.0291917,1.0524253,1.0910283,1.1290432,1.1659636,0.9508939,0.9508939,0.9508939,0.9508939,0.9508939,1.0102137,1.0172607,1.0577186,1.0705562,1.086348,0.99593526,0.98664117,0.9995679,1.0085766,0.99864286,0.6,0.5,0.25,0.16666667,0.23333333,0.6271704,0.48365447,0.35042143,0.2756459,0.2283265,0.2,0.1,0.45,0.033333335,0.45,0.4,0.7,0.85,0.9,0.95,-0.2,-0.6,-0.4,-0.8666667,-0.5,-0.7871658,0.019735496,-0.010190244,0.2541897,0.51521516,-0.6918276,-0.24529536,-0.007329153,-0.010594533,0.14641775,0.4,0.4,0.5,0.46666667,0.48333332,0.6,0.6,0.5,0.53333336,0.51666665,-0.2,-0.2,0.0,-0.06666667,-0.033333335,0.34643397,0.3280639,0.45538324,0.3896713,0.4947315,0.653566,0.6719361,0.54461676,0.6103287,0.5052685,-0.30713207,-0.34387216,-0.089233495,-0.2206574,-0.010537022,0.979104,1.0734274,1.0520784,1.1713132,1.2353276,0.278217,0.23009036,0.25946075,0.32230282,0.41902784,1.0770059,0.84504986,0.9663413,1.0636649,1.1568214,0.4555254,0.4989758,0.50865537,0.4621094,0.49382618,0.5444746,0.5010242,0.49134463,0.5378906,0.50617385,-0.08894921,-0.0020483965,0.017310742,-0.075781256,-0.012347666
SH601127,0.08268616566656875,0.875,,2026-03-12,-0.01615443,0.024822682,-0.65079314,0.0,0.0,0.008668251,0.34920686,-0.0074861795,-0.30158624,1.0164196,1.0164196,0.9911894,1.0014056,1.011237,1.0620893,1.1042758,1.184173,1.2573088,0.99914294,1.0186363,1.0557566,1.0722439,1.1460559,0.013474998,0.029526595,0.04421004,0.05010181,0.08384389,0.0029806774,-0.007648908,-0.006894581,-0.0046714344,-0.0042883595,0.12232424,0.6151536,0.8512203,0.67374474,0.79788345,-0.0051042945,0.01578377,0.009741928,-0.0045081154,-0.019549327,1.0393032,1.0810726,1.1358619,1.194423,1.3115488,0.9624188,0.9624188,0.9624188,0.9624188,0.9624188,1.006266,1.0328349,1.0936863,1.1051328,1.2173316,0.9928769,0.9992572,1.0097324,1.0164555,1.0722979,0.6,0.3,0.15,0.1,0.05,0.4888012,0.3167299,0.21667743,0.16198505,0.10764242,0.8,0.1,0.15,0.06666667,0.33333334,0.4,0.7,0.85,0.9,0.95,0.4,-0.6,-0.7,-0.8333333,-0.6166667,0.21580592,-0.022100441,-0.44371408,0.18136962,0.08299583,0.18312033,-0.05411528,-0.030307544,-0.08920725,0.24678293,0.4,0.3,0.35,0.4,0.4,0.6,0.7,0.65,0.6,0.6,-0.2,-0.4,-0.3,-0.2,-0.2,0.43444446,0.30778307,0.30849957,0.331298,0.36438465,0.5655555,0.69221693,0.6915004,0.668702,0.63561535,-0.13111107,-0.38443387,-0.38300085,-0.337404,-0.27123073,1.2011222,1.1893458,1.0588784,1.2977664,1.2705309,0.3247898,0.31847802,0.27844936,0.4559448,0.502055,0.550643,0.83517724,0.95049995,0.9431971,1.0990058,0.5236701,0.48394355,0.42834237,0.49957037,0.5027353,0.4763299,0.5160564,0.57165766,0.50042963,0.49726468,0.0473402,-0.032112874,-0.14331527,-0.0008592388,0.0054706126
SZ000708,0.08227394736541642,1.0,,2026-03-12,-0.0017074399,0.022766046,-0.07499941,0.010244729,0.4500004,0.010813876,0.4750002,-0.0011382932,-0.049999602,1.0017104,1.0119727,0.98916763,0.9997881,1.0033683,0.98795176,0.88133174,0.9087964,0.8859956,0.9984713,1.0040549,0.9549747,0.9351384,0.91514015,0.0057196314,0.010654865,0.056627203,0.05635484,0.046775438,-0.00050524,-0.0025415425,0.0082658045,0.0048807804,0.0018131593,0.019507399,0.5215672,0.7457411,0.58132344,0.45828545,0.0025391867,0.0073820255,-0.03349988,-0.0059097195,0.031371675,1.0176203,1.0455258,1.0455258,1.0455258,1.0455258,0.97603047,0.9736958,0.86205447,0.8420754,0.8420754,1.0016582,1.0104676,1.0039383,1.0001036,0.93623525,0.99300426,0.9948957,0.8973961,0.88529605,0.8806581,0.6,0.4,0.7,0.8,0.9,0.5763321,0.36620095,0.7518644,0.7762316,0.7762316,0.2,0.1,0.55,0.7,0.85,0.4,0.1,0.1,0.3,0.65,-0.2,0.0,0.45,0.4,0.2,-0.6426762,0.640707,0.6033625,0.11590562,0.11118304,-0.78250337,-0.10537441,0.5693806,0.09935893,1.3725479e-06,0.4,0.4,0.5,0.53333336,0.56666666,0.6,0.6,0.5,0.46666667,0.43333334,-0.2,-0.2,0.0,0.06666667,0.13333334,0.43299076,0.55705535,0.6872446,0.5860636,0.5733089,0.5670092,0.44294462,0.31275538,0.41393638,0.4266911,-0.13401847,0.11411076,0.37448925,0.17212728,0.14661783,1.0499774,1.5535134,1.3528101,1.5231197,1.3658674,0.184079,0.6612432,0.61970305,0.68707126,0.60226476,1.2489859,1.5300231,1.3315138,1.7589356,1.9674376,0.4204343,0.21466623,0.4627347,0.49091527,0.48300943,0.5795657,0.78533375,0.5372653,0.50908476,0.5169906,-0.15913142,-0.57066756,-0.07453062,-0.01816948,-0.03398115
SZ300433,0.07828557542141393,0.875,,2026-03-12,-0.0095886,0.03309619,-0.28971913,0.014228345,0.4299088,0.009279246,0.28037202,-0.014537699,-0.43925592,1.0096815,1.0240475,0.9906309,1.0036656,1.0115801,1.1096243,1.1542975,1.1789501,0.9175502,1.0051982,1.0212919,1.0559393,1.0987648,1.0607703,0.01442586,0.03354423,0.043548293,0.07832725,0.12087101,0.00081316323,-0.0075986856,-0.0063895443,-0.008028958,0.002618306,0.007943503,0.4703841,0.75346935,0.8143183,0.14311871,-0.006824513,0.012902231,0.0047613773,0.017655069,-0.13801034,1.0397049,1.1062124,1.1402628,1.3304684,1.3566815,0.9556468,0.9556468,0.9556468,0.9556468,0.87195826,1.0151519,1.0255687,1.0985899,1.1593103,1.1800206,0.9964385,1.0010294,1.0120741,1.0152136,0.9235615,0.4,0.2,0.1,0.06666667,0.31666666,0.5276491,0.29457727,0.2402457,0.118331514,0.26415431,0.8,0.1,0.05,0.06666667,0.38333333,0.4,0.7,0.85,0.9,0.26666668,0.4,-0.6,-0.8,-0.8333333,0.11666667,-0.3169087,0.34767625,0.23957588,0.80432165,0.52783734,-0.5211215,-0.39546236,-0.026590677,0.5128669,0.49987352,0.4,0.3,0.4,0.33333334,0.43333334,0.6,0.7,0.6,0.6666667,0.56666666,-0.2,-0.4,-0.2,-0.33333334,-0.13333334,0.42955524,0.22706307,0.2798177,0.3906947,0.52339506,0.57044476,0.77293694,0.7201823,0.60930526,0.47660497,-0.14088953,-0.5458738,-0.4403646,-0.21861058,0.046790086,1.1539873,1.3258195,1.3254871,1.808693,2.3818846,0.19452076,0.33502784,0.338951,1.0883446,1.5544732,1.0177631,0.92422116,0.9802117,2.429952,1.9770281,0.47227004,0.32735583,0.45336264,0.46124154,0.49028805,0.52773,0.67264414,0.54663736,0.53875846,0.509712,-0.055459935,-0.3452883,-0.093274735,-0.07751692,-0.019423923
SH601111,0.0767011318303307,1.0,,2026-03-12,0.0150891645,0.02057617,0.73333204,0.0027434626,0.13333204,0.0027435427,0.13333592,0.015089245,0.7333359,0.98513514,1.0027027,0.98243237,0.99327564,1.0330578,1.1582054,1.2195985,1.2184179,1.12987,1.0044864,1.0410862,1.1144627,1.1282959,1.1582054,0.020456057,0.048881497,0.08655261,0.075763024,0.068731464,-0.007319947,-0.014997672,-0.014305242,-0.0062107574,-0.0019399986,0.3201194,0.8629193,0.9560886,0.5208063,0.24299169,0.010153494,0.026403368,0.021437027,-0.03823993,-0.10097544,1.0469046,1.1775111,1.2699159,1.2699159,1.27764,0.9503421,0.9503421,0.9503421,0.9503421,0.9503421,1.0080284,1.0755608,1.1978748,1.1940968,1.2195985,0.99386066,0.99811095,1.0264462,1.0505313,1.1121606,0.8,0.4,0.2,0.13333334,0.06666667,0.5142565,0.21859452,0.15538785,0.15538785,0.15172078,0.2,0.1,0.15,0.43333334,0.28333333,0.4,0.7,0.85,0.9,0.95,-0.2,-0.6,-0.7,-0.46666667,-0.6666667,-0.29880413,-0.21700528,-0.60938436,-0.43073994,-0.20851403,-0.77262187,-0.6825665,-0.55206627,-0.061690774,0.10678603,0.6,0.3,0.3,0.26666668,0.33333334,0.4,0.7,0.65,0.6666667,0.5833333,0.2,-0.4,-0.35,-0.4,-0.25,0.28787914,0.11046527,0.19407898,0.31237328,0.44148937,0.7121209,0.8895347,0.805921,0.6876267,0.5585106,-0.42424175,-0.7790694,-0.61184204,-0.3752534,-0.117021255,1.4733295,1.3488227,1.0813004,1.0644069,0.9038458,0.75514084,0.5326944,0.47232622,0.45902663,0.41798487,1.6789119,1.2543197,1.4287494,1.5413829,1.5226623,0.48948354,0.52790684,0.41885555,0.5156314,0.51255196,0.51051646,0.47209316,0.58114445,0.4843686,0.48744804,-0.021032918,0.055813678,-0.16228889,0.031262808,0.025103917
SH688256,0.07574127261196287,1.0,,2026-03-12,0.0,0.03943588,0.0,0.020200195,0.51222885,0.019235684,0.48777112,-0.000964512,-0.024457728,1.0,1.0202003,0.9807643,0.9972459,1.0627843,1.0635123,0.9717926,1.2319108,1.290082,1.0238343,1.0385805,1.0160191,1.0571022,1.1529864,0.023788828,0.0292588,0.038313076,0.080700025,0.118940815,-0.012625118,-0.007044641,0.0034290222,-0.005372222,-0.0051063932,0.70414937,0.53139335,0.28035906,0.343449,0.5621685,0.0014158402,-0.0068796435,-0.048594825,0.020794993,-0.0023477632,1.0676433,1.10293,1.10293,1.244768,1.4103731,0.9807643,0.9807643,0.92407644,0.92407644,0.92407644,1.045183,1.0646042,1.0532339,1.1404786,1.2656742,1.0,1.0131611,0.98444045,0.98814374,1.0190719,0.3,0.15,0.375,0.28333333,0.14166667,0.2214078,0.15745582,0.4245015,0.2367495,0.15612605,0.2,0.1,0.55,0.033333335,0.38333333,1.0,1.0,0.1,0.4,0.7,-0.8,-0.9,0.45,-0.36666667,-0.31666666,-0.9275881,0.4280469,0.20294611,-0.2210196,-0.019971302,-0.685694,-0.033401165,0.45659983,-0.0034721214,0.083089486,0.2,0.4,0.5,0.4,0.43333334,0.6,0.5,0.45,0.56666666,0.55,-0.4,-0.1,0.05,-0.16666667,-0.11666667,0.18980423,0.36580017,0.5274268,0.35293984,0.41311458,0.81019574,0.6341998,0.47257322,0.64706016,0.5868854,-0.62039155,-0.26839963,0.05485357,-0.2941203,-0.17377083,0.94061667,1.1561161,1.2530202,1.2979885,1.2494189,0.19190837,0.3573761,0.37612256,0.5550349,0.4672382,1.0001559,0.84695315,1.1284548,1.5838382,1.3884566,0.39138284,0.31648794,0.44254145,0.49172828,0.4867381,0.6086171,0.6835121,0.5574586,0.50827175,0.5132619,-0.21723431,-0.36702412,-0.114917114,-0.016543478,-0.026523838
SZ000301,0.07379299639210234,1.0,,2026-03-12,-0.021594591,0.042358812,-0.5098016,0.016611377,0.3921587,0.004152844,0.09803967,-0.034053124,-0.8039206,1.0220712,1.0390493,0.9957555,1.0168464,1.1402569,1.1020699,1.0781584,0.9536045,0.8047822,1.0250535,1.089793,1.0939864,1.0813228,0.9837496,0.0419843,0.08133376,0.058465466,0.056091815,0.11202858,-0.021591699,-0.020911466,-0.002701881,0.0012181043,0.005651463,0.66121054,0.60595274,0.07474837,0.036548678,0.77618265,0.01812989,0.00430863,-0.06831852,-0.09898532,-0.1504678,1.1511116,1.2482331,1.2482331,1.2482331,1.2482331,0.9737212,0.9737212,0.9737212,0.9517116,0.7742893,1.0392576,1.1450392,1.1278372,1.1209849,1.0986438,0.9997145,1.0034261,1.0560313,1.0325481,0.88579583,0.4,0.2,0.1,0.1,0.55,0.14814095,0.09572915,0.09572915,0.16284955,0.47623938,0.4,0.4,0.7,0.8,0.9,0.8,0.9,0.95,0.033333335,0.06666667,-0.4,-0.5,-0.25,0.76666665,0.8333333,-0.73589337,0.4515712,0.22719152,0.06859773,0.68571556,-0.45403567,0.43459868,0.40548322,0.3107239,0.38185567,0.2,0.4,0.45,0.6,0.5833333,0.8,0.6,0.55,0.4,0.4,-0.6,-0.2,-0.1,0.2,0.18333334,0.037647348,0.36759275,0.44097042,0.52409196,0.56946915,0.96235263,0.63240725,0.5590296,0.47590804,0.43053085,-0.9247053,-0.2648145,-0.11805915,0.04818389,0.13893832,0.99449927,1.111464,0.8567016,0.9091203,0.70172226,0.1593679,0.3357056,0.36091444,0.340046,0.34661418,1.0632143,1.1805404,1.319722,1.2019249,1.4359771,0.40461972,0.54397696,0.56257397,0.51656014,0.5341499,0.5953803,0.45602304,0.437426,0.48343986,0.4658501,-0.19076057,0.08795392,0.125148,0.033120275,0.068299785
SZ000725,0.07291608328321873,1.0,,2026-03-12,0.0045455415,0.020454595,0.22222592,0.011363626,0.5555537,0.004545428,0.22222038,-0.0022726571,-0.11110741,0.99547505,1.0113122,0.99095017,1.0006204,1.0091704,0.97957474,0.99333054,1.0091704,0.9524801,0.98824507,0.9934555,0.9844935,0.9894261,0.97649014,0.009443087,0.015440047,0.017653264,0.020092152,0.034441855,0.0040850462,-0.0016496688,0.0008675317,-0.0005459252,0.0010525596,0.46784937,0.10464242,0.08452569,0.057215687,0.2848526,0.003584835,0.013967952,0.0072649703,0.018489828,-0.0075406516,1.0113122,1.0384644,1.0384644,1.0407296,1.0702657,0.95463014,0.95463014,0.94354796,0.94354796,0.9047283,0.99466443,1.0100042,0.99799913,1.0071696,1.0091704,0.9823259,0.97749054,0.9740725,0.97498953,0.9419758,1.0,0.7,0.85,0.73333335,0.71666664,0.8004272,0.54118526,0.5947549,0.5808918,0.5755301,1.0,0.2,0.6,0.13333334,0.41666666,0.4,0.7,0.35,0.56666666,0.2,0.6,-0.5,0.25,-0.43333334,0.21666667,-0.187949,0.51656044,0.6144368,0.6504041,0.58871996,0.13482727,0.6584661,0.53443164,0.4984317,0.5989493,0.6,0.6,0.45,0.46666667,0.48333332,0.4,0.3,0.5,0.5,0.45,0.2,0.3,-0.05,-0.033333335,0.033333335,0.4225356,0.5617131,0.5124224,0.48921573,0.5311817,0.5774644,0.43828687,0.48757765,0.51078427,0.4688183,-0.15492882,0.123426236,0.024844723,-0.021568526,0.06236336,0.9789034,1.1232913,0.9008216,0.9804682,1.0265632,0.21313725,0.25451553,0.29495844,0.28722137,0.3976803,0.65317756,0.9487395,1.1060066,0.8833673,1.568709,0.27930656,0.57088846,0.5014099,0.5009771,0.48281884,0.7206934,0.4291115,0.49859008,0.49902287,0.51718116,-0.44138688,0.14177695,0.0028198273,0.001954254,-0.03436231
SH601318,0.07114317477400423,1.0,,2026-03-12,-0.00884946,0.019468995,-0.45454118,0.004505292,0.23140855,0.0061142435,0.31405026,-0.007240509,-0.37189946,1.0089284,1.013474,0.99383116,1.0013384,1.0077716,1.0308274,1.09414,1.0690119,1.0292212,1.0075022,1.0100513,1.0436013,1.0516052,1.0782022,0.009117737,0.00853409,0.039739236,0.036435056,0.04964451,-0.001600944,-0.0014745665,-0.0061836755,-0.0026845823,-0.0014635243,0.0770758,0.27366912,0.8474661,0.42074233,0.26506793,-0.004300263,-0.003415694,0.0151435975,-0.012678777,-0.035028316,1.0283953,1.0347476,1.1217725,1.1217725,1.2156088,0.97417134,0.97417134,0.97417134,0.97417134,0.97417134,1.0158229,1.0160717,1.0875187,1.0875187,1.1154344,0.9993472,1.0024868,1.0079373,1.0147867,1.0228279,0.4,0.2,0.1,0.06666667,0.033333335,0.47633272,0.42638218,0.17498945,0.17498945,0.10697865,0.2,0.1,0.15,0.43333334,0.31666666,0.4,0.7,0.85,0.9,0.95,-0.2,-0.6,-0.7,-0.46666667,-0.6333333,-0.7340192,-0.22737151,0.026676316,0.24482696,0.20804246,-0.7912536,-0.59435076,-0.33447194,-0.11139254,0.2078383,0.6,0.5,0.35,0.4,0.43333334,0.4,0.5,0.65,0.6,0.56666666,0.2,0.0,-0.3,-0.2,-0.13333334,0.4396137,0.35162094,0.30666116,0.41670847,0.4840966,0.5603863,0.6483791,0.6933388,0.58329153,0.5159034,-0.120772615,-0.29675812,-0.38667765,-0.16658308,-0.03180681,0.94324714,1.1138998,1.1442215,1.5451782,1.5213636,0.27546066,0.35811144,0.30228493,0.7805036,0.719786,0.70731527,0.6745087,0.78539014,1.5316224,1.3337854,0.55770195,0.42568567,0.47518975,0.4850391,0.49011245,0.44229808,0.57431436,0.52481025,0.51496094,0.5098875,0.11540384,-0.14862868,-0.049620528,-0.029921835,-0.01977507
SH688396,0.07063791408407274,1.0,,2026-03-12,-0.0029268253,0.03375607,-0.086705156,0.023024378,0.6820811,0.0078048673,0.23121373,-0.018146336,-0.5375725,1.0029354,1.0260273,0.99217224,1.0057486,1.000966,1.1644126,1.1588099,1.2758887,1.0419242,0.9966383,1.0211747,1.0950735,1.1472243,1.132142,0.015263742,0.044578273,0.08300097,0.1070788,0.093008734,0.0035548739,-0.010816826,-0.012465282,-0.011223487,8.000719e-05,0.13560209,0.5397152,0.78941596,0.85143274,0.000225689,-0.003748072,0.027501063,0.023346772,0.015516196,-0.13450214,1.0271049,1.1497563,1.2279162,1.3875068,1.3875068,0.9461819,0.9461819,0.9461819,0.9461819,0.9461819,1.0054868,1.036476,1.1697836,1.2479135,1.2001932,0.9939722,1.0007728,1.0017388,1.0068779,1.0544436,0.4,0.2,0.1,0.06666667,0.033333335,0.6650538,0.2643658,0.1910243,0.121946655,0.121946655,0.8,0.1,0.3,0.16666667,0.5833333,0.4,0.7,0.85,0.9,0.95,0.4,-0.6,-0.55,-0.73333335,-0.36666667,-0.67603093,0.64741147,-0.2753846,0.4526882,0.54837537,-0.76273865,-0.3113583,0.500422,0.36274198,0.6844566,0.4,0.2,0.3,0.33333334,0.33333334,0.4,0.7,0.65,0.6333333,0.65,0.0,-0.5,-0.35,-0.3,-0.31666666,0.49363872,0.15657802,0.34324947,0.34019697,0.488746,0.5063613,0.843422,0.65675056,0.65980303,0.511254,-0.012722556,-0.686844,-0.31350106,-0.31960607,-0.022508021,1.137952,1.1912445,1.0611068,1.2539471,1.400154,0.1555725,0.22357216,0.25147337,0.45263663,0.68770444,1.1436582,0.9108114,0.9153536,0.94474745,1.67387,0.5081305,0.46748304,0.5112734,0.3974928,0.4971237,0.49186954,0.53251696,0.48872665,0.6025072,0.5028763,0.016260926,-0.06503393,0.022546733,-0.20501441,-0.0057526124
SH601077,0.07008631618326841,1.0,,2026-03-12,0.02686563,0.037313405,0.7199994,0.0074626813,0.2,0.0029850954,0.08000061,0.022388045,0.6,0.97383726,1.0072675,0.9709303,0.9949237,0.984016,0.94705296,0.9230769,0.8711289,0.9140859,0.9728272,0.9691309,0.9648851,0.94628704,0.92246085,0.016647687,0.017898262,0.015965194,0.03197415,0.034651887,0.007392616,0.0034571479,0.0008795721,0.0029285513,0.001576168,0.49297908,0.34199965,0.106233776,0.6501436,0.6310316,0.012387591,0.0153119555,0.02675894,0.011248954,0.03104217,1.0072675,1.0072675,1.0072675,1.0072675,1.0072675,0.9473262,0.9309844,0.92015743,0.8666421,0.8609147,0.98002,0.98161834,0.9762238,0.975025,0.95664334,0.96323675,0.95364636,0.94705296,0.9178821,0.8909091,1.0,1.0,1.0,1.0,1.0,0.8787573,0.9047306,0.9165717,0.94832057,0.950343,1.0,1.0,1.0,1.0,1.0,0.6,0.2,0.05,0.033333335,0.46666667,0.4,0.8,0.95,0.96666664,0.53333336,0.83322483,0.29660842,0.27521864,-0.33699128,-0.17685637,0.5475887,0.37655327,0.40816993,0.39883566,0.19492072,0.4,0.6,0.6,0.6666667,0.53333336,0.6,0.4,0.4,0.33333334,0.46666667,-0.2,0.2,0.2,0.33333334,0.06666667,0.61111075,0.7264956,0.67741936,0.6936937,0.5653495,0.38888922,0.27350438,0.32258064,0.30630627,0.43465045,0.22222154,0.45299125,0.35483873,0.38738742,0.13069907,0.8800299,0.98572797,0.88771814,0.9981776,1.0093541,0.1018304,0.25636184,0.24629535,0.2971737,0.32873827,0.67455685,1.1533064,1.1918691,1.2257141,1.0908613,0.6842914,0.58501273,0.5246233,0.49806115,0.5076819,0.31570858,0.41498724,0.47537673,0.5019388,0.4923181,0.36858287,0.17002551,0.049246557,-0.0038776738,0.015363794
SH600031,0.06882853703116487,1.0,,2026-03-12,-0.02669684,0.046606362,-0.5728154,0.001809975,0.038835365,0.018099545,0.38834924,-0.010407271,-0.22330151,1.0274291,1.0292888,0.981404,0.99866056,1.0264949,1.0855427,1.0813565,1.0497396,0.9869823,1.0145968,1.0298446,1.0632483,1.0582508,1.0288075,0.019237725,0.026456516,0.04069214,0.037224386,0.044822372,-0.00027908047,-0.006401296,-0.0055505745,-0.0010234336,0.0016747261,0.0005261281,0.5366387,0.6512127,0.05858225,0.42579228,-0.014038699,-0.0010387724,-0.010517826,-0.043410998,-0.07821188,1.0385832,1.0966986,1.1292402,1.1292402,1.1292402,0.96839,0.96839,0.96839,0.96839,0.9502572,1.0273337,1.0410935,1.1068304,1.0876817,1.0718766,0.9977691,1.0185958,1.0252883,1.0252883,0.98382056,0.4,0.2,0.1,0.1,0.36666667,0.45032898,0.24635924,0.19651847,0.19651847,0.27791917,0.8,0.1,0.45,0.6333333,0.81666666,0.4,0.7,0.85,0.9,0.18333334,0.4,-0.6,-0.4,-0.26666668,0.6333333,-0.84345657,-0.72117114,-0.4366988,-0.22289331,0.38765872,-0.8831941,-0.6488254,-0.20044048,0.1965003,0.32171154,0.4,0.3,0.5,0.5,0.51666665,0.6,0.7,0.5,0.5,0.48333332,-0.2,-0.4,0.0,0.0,0.033333335,0.38735354,0.26646784,0.38410252,0.45376322,0.50726193,0.61264646,0.73353213,0.6158975,0.54623675,0.4927381,-0.22529294,-0.4670643,-0.23179497,-0.092473544,0.014523814,0.7697802,0.68492156,0.64256275,0.7129507,0.6606211,0.16058108,0.1693514,0.14257091,0.19649522,0.20612136,0.76512396,0.9738262,0.99229336,1.3786211,1.3718355,0.7182113,0.63680047,0.526354,0.5197074,0.5180042,0.2817887,0.36319953,0.473646,0.48029265,0.48199582,0.4364226,0.27360094,0.052708037,0.03941473,0.036008332
SH600115,0.06847985240193823,1.0,,2026-03-12,0.0021367024,0.029914565,0.071426824,0.014957283,0.5,0.01282058,0.4285732,0.0,0.0,0.9978679,1.0149254,0.9850746,0.9989438,1.0844854,1.2457758,1.3379416,1.325653,1.1121352,1.0337942,1.0926267,1.1951613,1.2037379,1.2138505,0.0346219,0.075409934,0.12294593,0.106244564,0.09298889,-0.019662064,-0.024363453,-0.020501714,-0.0073080007,-0.00046868267,0.80629945,0.95682377,0.97324026,0.3666785,0.007748105,0.0055299476,0.017008785,-0.00039502338,-0.097771846,-0.20002437,1.0970201,1.2680854,1.3758922,1.3758922,1.3804017,0.98443866,0.98443866,0.98443866,0.98443866,0.98443866,1.0463902,1.1606759,1.3241167,1.2986176,1.2958525,1.0110599,1.0261137,1.0746545,1.109063,1.1437788,0.2,0.1,0.05,0.033333335,0.016666668,0.13822283,0.054861687,0.039752714,0.039752714,0.03929997,0.2,0.1,0.15,0.43333334,0.48333332,0.4,0.7,0.85,0.9,0.95,-0.2,-0.6,-0.7,-0.46666667,-0.46666667,-0.2032045,-0.40262508,-0.49804214,-0.42507577,-0.06121841,-0.8344307,-0.5547121,-0.42072916,-0.27314517,-0.06572652,0.4,0.2,0.25,0.3,0.43333334,0.6,0.8,0.75,0.7,0.55,-0.2,-0.6,-0.5,-0.4,-0.11666667,0.11267568,0.04545437,0.14516133,0.3058608,0.4625641,0.88732433,0.9545456,0.85483867,0.6941392,0.5374359,-0.77464867,-0.90909123,-0.70967734,-0.3882784,-0.07487179,1.3324403,1.1442648,0.92920154,0.9198893,0.7421679,0.55764616,0.50344026,0.43210086,0.37674412,0.3474241,1.4677314,1.1685139,1.2936732,1.2554153,1.3472339,0.53316784,0.53879386,0.49001944,0.52576303,0.52071023,0.46683213,0.46120617,0.50998056,0.474237,0.4792898,0.066335715,0.07758767,-0.019961098,0.051526014,0.041420426
SZ000807,0.06413470984232109,0.875,,2026-03-12,0.034341123,0.06251832,0.5492969,0.018491304,0.29577413,0.009685898,0.15492895,0.02553572,0.40845174,0.966799,1.0178773,0.9574347,0.9978022,1.0062633,0.87942356,0.93075883,0.93248796,0.8033813,0.9581863,0.9507512,0.9190682,0.9309997,0.9018476,0.02561142,0.036385138,0.0426303,0.0465987,0.06903253,0.009556198,0.006820246,0.005215546,-7.570311e-05,0.0024153397,0.3480511,0.3220798,0.5238789,0.00020454155,0.37337795,0.02270125,0.018557686,0.031384107,0.07009802,0.026899904,1.0178773,1.0247085,1.0247085,1.0848558,1.0848558,0.9165909,0.8697718,0.85045695,0.85045695,0.73780715,0.96391165,0.9773141,0.95375216,0.95467436,0.9529837,0.9482728,0.9279385,0.8862709,0.8928646,0.8407531,1.0,0.9,0.95,0.9,0.95,0.8234969,0.8405252,0.85820204,0.6379854,0.7554931,1.0,0.5,0.75,0.2,0.6,0.6,0.1,0.35,0.56666666,0.1,0.4,0.4,0.4,-0.36666667,0.5,0.5825952,0.36422914,0.60672647,0.64132994,0.7317256,0.8080199,0.5953184,0.3732469,0.37441286,0.3773127,0.6,0.7,0.55,0.53333336,0.53333336,0.4,0.3,0.4,0.43333334,0.45,0.2,0.4,0.15,0.1,0.083333336,0.47884753,0.70297545,0.57685095,0.54416126,0.5746506,0.52115244,0.29702452,0.42314908,0.45583874,0.42534938,-0.042304914,0.40595093,0.15370186,0.088322535,0.14930123,0.8224882,1.0072584,0.7867517,0.89137,0.787764,0.21727823,0.34278238,0.34093538,0.37595278,0.33467945,0.82670826,0.79897857,1.0316697,1.2162566,1.2335404,0.434382,0.59252244,0.5438772,0.52183,0.5147873,0.56561804,0.40747756,0.45612282,0.47816998,0.4852127,-0.13123603,0.18504491,0.087754376,0.04366005,0.029574579
SZ300628,0.06246502468288993,1.0,,2026-03-12,-0.008022974,0.017478501,-0.45901954,0.008022888,0.45901462,0.0014326401,0.08196584,-0.014613221,-0.83606833,1.0080879,1.0161756,0.9985558,1.0048336,1.013565,1.0860775,1.0860775,1.052849,0.99913085,1.0088942,1.0189439,1.0409541,1.0551759,1.0517578,0.009956026,0.027093198,0.030250525,0.035657763,0.029157778,-0.0031176584,-0.0057341787,-0.0038370385,-0.002820773,2.977125e-05,0.2451461,0.41061363,0.56311166,0.4849867,0.00031796924,-0.0026588421,0.006859913,-0.004502253,-0.014274712,-0.05263611,1.0239652,1.0875151,1.0901213,1.1397996,1.1397996,0.9771795,0.9771795,0.9771795,0.9771795,0.9771795,1.01548,1.026161,1.0644677,1.0860775,1.0713954,0.99959534,0.99959534,1.0098773,1.0138043,1.0291733,0.4,0.3,0.15,0.1,0.06666667,0.4877659,0.20682791,0.20205529,0.14033008,0.14033008,0.2,0.1,0.5,0.3,0.65,0.4,0.7,0.85,0.9,0.95,-0.2,-0.6,-0.35,-0.6,-0.3,-0.37693417,0.018886425,0.067106545,0.5955506,0.46184757,-0.72185445,-0.5832889,-0.15663037,0.29565197,0.4008437,0.4,0.3,0.4,0.43333334,0.43333334,0.6,0.7,0.6,0.56666666,0.55,-0.2,-0.4,-0.2,-0.13333334,-0.11666667,0.3907751,0.24572761,0.35335243,0.45100263,0.50051016,0.60922486,0.7542724,0.6466476,0.54899734,0.4994898,-0.21844977,-0.5085448,-0.29329515,-0.09799473,0.0010203617,1.3049048,1.5467085,1.5192076,1.8879246,1.6486324,0.30245605,0.57178307,0.43939832,0.81837827,0.6966469,0.859587,1.1376758,1.1072985,1.2472343,1.3785514,0.42491382,0.41150704,0.43782964,0.48813227,0.49846768,0.5750862,0.588493,0.5621703,0.5118677,0.5015323,-0.15017238,-0.17698593,-0.12434069,-0.023735441,-0.003064657
SZ002463,0.06140856673763866,0.875,,2026-03-12,0.0023634941,0.055015814,0.04296027,0.037683833,0.6849637,0.014968484,0.27207604,-0.020351855,-0.36992738,0.9976421,1.037595,0.9827089,1.0084363,1.0014151,1.1181418,0.8691222,0.96935266,0.9334492,0.99508345,1.0138277,0.9796789,0.9620884,0.9540721,0.015629945,0.03872624,0.06672084,0.0627026,0.05068075,0.0064367596,-0.008103021,0.0063726613,0.0038580848,0.0010731138,0.42399397,0.4013237,0.31929097,0.2934094,0.13674307,-0.007956992,0.02263594,-0.040219232,-0.01803065,0.014271007,1.037595,1.1239139,1.1239139,1.1239139,1.1239139,0.9103844,0.9103844,0.851181,0.851181,0.851181,1.0055877,1.0238953,1.0127118,1.0019407,0.9960943,0.9845954,0.99396753,0.9085675,0.90604454,0.9085675,0.6,0.5,0.65,0.75,0.84166664,0.7044665,0.4196871,0.5456584,0.5456584,0.5456584,1.0,0.1,0.55,0.7,0.85,0.4,0.7,0.05,0.36666667,0.68333334,0.6,-0.6,0.5,0.33333334,0.16666667,-0.19863597,0.6252037,0.75684553,0.6854962,0.6265761,-0.37693673,-0.1390533,0.3491575,0.20209159,0.41486707,0.4,0.3,0.5,0.46666667,0.45,0.6,0.7,0.5,0.53333336,0.55,-0.2,-0.4,0.0,-0.06666667,-0.1,0.49129808,0.21849717,0.61778617,0.520222,0.5217541,0.5087019,0.78150284,0.38221383,0.479778,0.4782459,-0.017403862,-0.5630056,0.23557237,0.04044399,0.04350816,0.95911145,1.107484,1.0606632,1.0193497,1.0112001,0.20588878,0.28744635,0.40502095,0.369931,0.32516688,0.6706315,1.0841807,1.3332729,1.3342388,1.149576,0.47908092,0.31279132,0.50483614,0.49252516,0.49777377,0.5209191,0.68720865,0.49516386,0.50747484,0.50222623,-0.04183816,-0.37441736,0.009672297,-0.0149496775,-0.0044524414
SZ000983,0.060314956897081606,0.875,,2026-03-12,0.016326528,0.0394558,0.41379285,0.006802745,0.17241432,0.016326528,0.41379285,0.02585031,0.65517133,0.9839358,1.0066935,0.9678715,0.9921612,0.97054875,0.9572229,0.9853304,0.91433376,0.8902576,0.9721613,0.981131,0.96272117,0.9542255,0.92311686,0.021456556,0.019967811,0.0250044,0.030258255,0.043363735,0.0054871175,-0.0022973297,0.0028133614,0.0020526736,0.002117697,0.1634965,0.12133811,0.44308415,0.35665944,0.7274012,0.016864484,0.029206939,0.010551881,0.01601076,0.014411092,1.0187994,1.0308365,1.0308365,1.0308365,1.0308365,0.9290396,0.9290396,0.9075955,0.88358384,0.84473157,0.9882643,0.9956999,0.986383,0.98318034,0.9638298,0.95982087,0.9670549,0.9408287,0.9301008,0.8752072,1.0,0.9,0.95,0.96666664,0.98333335,0.7905585,0.697078,0.74978685,0.79058766,0.83430576,0.4,0.3,0.65,0.76666665,0.8833333,0.8,0.9,0.2,0.3,0.11666667,-0.4,-0.6,0.45,0.46666667,0.76666665,0.4145374,0.5127686,0.6278253,0.5987922,0.8679001,0.5097172,0.63976926,0.5563951,0.67248666,0.66229314,0.6,0.6,0.5,0.6,0.5,0.4,0.4,0.5,0.4,0.5,0.2,0.2,0.0,0.2,0.0,0.6168887,0.5961731,0.5209868,0.5669291,0.5552548,0.3831113,0.40382686,0.4790132,0.4330709,0.44474518,0.2337774,0.19234626,0.041973587,0.13385819,0.11050964,0.84415185,0.8463473,0.6621664,0.6688787,0.4795036,0.24850115,0.27901945,0.28655082,0.29990652,0.32267904,0.5687878,0.5693174,0.85796607,1.3738519,1.7330121,0.63217086,0.6100253,0.47797504,0.5496707,0.5390428,0.3678291,0.3899747,0.5220249,0.4503293,0.4609572,0.26434177,0.22005057,-0.044049915,0.09934141,0.07808558
SH600039,0.05968714494597318,1.0,,2026-03-12,-0.0080402,0.022110522,-0.36363685,0.00301503,0.13636178,0.011055291,0.5000014,6.026323e-08,2.7255458e-06,1.0081054,1.0111449,0.9888551,0.9989718,1.057803,0.9949431,0.9929063,1.0466357,0.94430393,1.0210844,1.0246383,1.0065072,1.0019876,1.0090766,0.02910326,0.023331527,0.025841985,0.023961028,0.026152575,-0.01531114,-0.0017154267,0.002279983,0.0011407376,6.3123094e-05,0.69194525,0.049552944,0.27244538,0.17565571,0.0017768362,0.009537882,-0.016918842,-0.028167045,-0.018528307,-0.010938758,1.0770565,1.0770565,1.0770565,1.0770565,1.0790595,0.9888551,0.9888551,0.959479,0.959479,0.92608666,1.025748,1.0342604,1.0217165,1.0154095,1.0318583,1.0040455,1.0066863,0.98704875,0.98322797,0.9878494,0.2,0.1,0.45,0.56666666,0.40833333,0.12635733,0.12635733,0.34463224,0.34463224,0.4831795,0.2,0.6,0.8,0.8666667,0.4,1.0,1.0,0.4,0.6,0.016666668,-0.8,-0.4,0.4,0.26666668,0.38333333,0.45289454,0.4547823,0.64485055,0.21611339,0.20224243,-0.5382854,0.017629927,0.120628856,-0.09918407,0.11181986,0.2,0.5,0.5,0.46666667,0.48333332,0.6,0.4,0.45,0.5,0.5,-0.4,0.1,0.05,-0.033333335,-0.016666668,0.16462994,0.5153062,0.5132096,0.43780443,0.53639954,0.83537006,0.48469383,0.4867904,0.5621956,0.46360046,-0.6707401,0.030612376,0.026419202,-0.124391146,0.07279906,1.587784,1.7148616,1.4193535,1.5668671,1.7875028,0.61939603,0.45732027,0.5017527,0.58987975,0.8729528,1.6296897,1.2402161,1.3534595,1.1873887,1.9761132,0.3055404,0.5017056,0.47857028,0.4828776,0.48687127,0.69445956,0.4982944,0.5214297,0.5171224,0.51312876,-0.38891917,0.0034111582,-0.042859424,-0.034244798,-0.026257485
SH600010,0.05920616836219357,1.0,,2026-03-12,0.0,0.01694914,0.0,0.0067796316,0.39999855,0.010169509,0.60000145,0.0033898773,0.20000291,1.0,1.0067797,0.9898305,0.99825656,1.0508474,1.0100888,0.8337369,0.8236481,0.8305085,1.0196126,1.0440677,0.9703188,0.9320689,0.87925744,0.016861476,0.039927695,0.09257346,0.09451602,0.087927654,-0.010169484,-0.010741802,0.012266441,0.008565162,0.0039663515,0.90938264,0.6634638,0.6145146,0.6364468,0.6206279,0.0007263873,0.004270318,-0.08684999,-0.05626372,0.003735171,1.0574626,1.156015,1.156015,1.156015,1.156015,0.9898305,0.9898305,0.7965304,0.7930603,0.7627885,1.0319612,1.0603713,1.0392252,1.0277643,0.9282486,1.0025828,1.0167878,0.8874899,0.8493947,0.8066989,0.2,0.1,0.5,0.6666667,0.8333333,0.15036528,0.061194055,0.56600344,0.5701529,0.6032438,0.2,0.2,0.6,0.73333335,0.8666667,1.0,1.0,0.1,0.26666668,0.46666667,-0.8,-0.8,0.5,0.46666667,0.4,0.6662933,0.7849502,0.6981393,0.57641184,0.6939964,-0.39568108,0.4078192,0.62105906,0.5515915,0.39715117,0.0,0.4,0.55,0.56666666,0.48333332,1.0,0.6,0.45,0.43333334,0.43333334,-1.0,-0.2,0.1,0.13333334,0.05,0.0,0.4833111,0.64507043,0.60663736,0.56981385,1.0,0.51668894,0.35492957,0.39336264,0.43018618,-1.0,-0.033377852,0.29014087,0.21327475,0.13962764,1.4045804,2.3975644,2.0607028,1.9614693,1.4201424,0.23288617,1.3268497,1.15756,1.0389041,0.9992018,0.90481806,1.5094362,1.4614159,1.3682139,1.692114,0.06974983,0.23828459,0.50977594,0.48275977,0.5100768,0.93025017,0.7617154,0.49022406,0.5172402,0.48992318,-0.86050034,-0.5234308,0.019551856,-0.03448044,0.020153651
SH603799,0.058901627817502286,1.0,,2026-03-12,-0.0016270148,0.029137662,-0.055838898,0.0153823,0.52791816,0.012128346,0.41624296,-0.004880969,-0.16751409,1.0016297,1.017037,0.9878519,1.0021667,1.0586499,1.1389532,1.0773506,1.1185155,0.9502084,1.0076772,1.0536996,1.0680407,1.0849583,1.0506223,0.010867539,0.06260891,0.05337887,0.06001027,0.087352954,-0.003444892,-0.018289544,-0.0030219716,-0.003623088,0.0025426995,0.2512053,0.78224874,0.112178616,0.28249338,0.2584251,-0.0007873926,0.028603302,-0.03933204,-0.032423545,-0.12563203,1.0500898,1.1782279,1.1866566,1.2172971,1.2172971,0.9548328,0.9548328,0.9548328,0.9548328,0.84441525,1.0143816,1.0824687,1.1184344,1.1586615,1.1302918,0.99908525,1.0060213,1.0210514,1.0302802,0.9744789,0.4,0.2,0.1,0.06666667,0.28333333,0.47416106,0.2021852,0.19483422,0.17208892,0.4172495,0.2,0.2,0.5,0.1,0.55,0.4,0.7,0.85,0.9,0.1,-0.2,-0.5,-0.35,-0.8,0.45,-0.08312322,0.2887612,0.48429608,0.5464481,0.22231676,-0.9681312,-0.7390379,0.2173306,0.27856484,0.40233842,0.2,0.3,0.4,0.43333334,0.48333332,0.8,0.7,0.6,0.56666666,0.51666665,-0.6,-0.4,-0.2,-0.13333334,-0.033333335,0.18164672,0.21084331,0.4235348,0.4319255,0.515978,0.8183533,0.7891567,0.5764652,0.5680745,0.484022,-0.63670653,-0.5783134,-0.15293041,-0.136149,0.03195601,1.2181025,1.3531246,1.3363552,1.559052,1.7882398,0.30741447,0.42054585,0.42703786,0.5521141,0.59925044,0.8315875,1.5710144,1.2956798,1.1501288,1.1660212,0.48923373,0.4057929,0.4712519,0.48521873,0.48489723,0.51076627,0.5942071,0.5287481,0.5147813,0.51510274,-0.02153253,-0.1884142,-0.057496205,-0.02956255,-0.030205544
SZ000100,0.055397071529759215,1.0,,2026-03-12,0.006172906,0.0288065,0.21428865,0.012345614,0.42857045,0.010287979,0.3571409,0.004115271,0.1428591,0.99386495,1.0122699,0.9836401,0.99797595,1.0184683,0.98587716,1.0065182,1.0206409,0.9163498,0.99043995,0.99413365,0.987887,0.99541914,0.9736556,0.009766727,0.01825181,0.02285117,0.025383804,0.039127912,0.0042368355,-0.0010863646,0.0003381633,-0.0010872113,0.0014065412,0.47046265,0.032475118,0.007664859,0.14217271,0.39412266,0.001086348,0.010755018,0.008900439,0.02034542,-0.01514857,1.0122699,1.0389194,1.0389194,1.0533324,1.0698998,0.95101446,0.95101446,0.93264526,0.93264526,0.8979745,0.9986964,1.0133623,1.0042368,1.0168387,1.0124933,0.98555136,0.9747963,0.9713199,0.9747963,0.928843,1.0,0.7,0.7,0.56666666,0.68333334,0.79969317,0.5572557,0.633783,0.55809385,0.59342927,1.0,0.5,0.75,0.1,0.41666666,0.4,0.7,0.35,0.56666666,0.23333333,0.6,-0.2,0.4,-0.46666667,0.18333334,-0.46670035,0.5255665,0.45346516,0.59256816,0.64348173,0.1860241,0.73854953,0.6999621,0.6836963,0.7096818,0.6,0.5,0.4,0.4,0.45,0.4,0.5,0.55,0.56666666,0.48333332,0.2,0.0,-0.15,-0.16666667,-0.033333335,0.36290324,0.536313,0.4909091,0.48049286,0.54389966,0.63709676,0.463687,0.5090909,0.51950717,0.45610034,-0.27419353,0.072626,-0.018181778,-0.039014287,0.08779931,1.1177211,1.2288291,1.1063931,1.1909605,1.2237567,0.24340336,0.29954165,0.30748498,0.3566121,0.6199576,0.89298546,1.0473037,1.1349533,0.99902946,1.7500075,0.11089846,0.53539455,0.4824008,0.4763874,0.49648437,0.88910156,0.46460545,0.51759917,0.5236126,0.5035156,-0.77820307,0.07078908,-0.035198364,-0.04722518,-0.007031234
SH601872,0.05511542595270085,0.875,,2026-03-12,-0.020245397,0.053987693,-0.37500024,0.009202464,0.17045484,0.024539832,0.4545449,-0.0049080304,-0.090910174,1.0206637,1.0300564,0.97495306,0.99310416,1.0934917,0.9769867,0.7515282,0.6921971,0.52247393,1.0218626,1.0678533,0.9364797,0.85887575,0.72557837,0.033575702,0.07382717,0.155993,0.16899617,0.18587327,-0.010823445,-0.0135137765,0.021234587,0.016790561,0.009669692,0.25978908,0.30713725,0.648553,0.7650299,0.8254511,-0.0002157782,-0.007041326,-0.13820828,-0.102338865,-0.010834276,1.1179982,1.2304926,1.2304926,1.2304926,1.2304926,0.9688806,0.9688806,0.70347106,0.66957825,0.4973828,1.0397699,1.111183,1.0765193,1.0230134,0.85674214,0.9969076,1.013808,0.7613089,0.7101043,0.558648,0.4,0.2,0.6,0.73333335,0.8666667,0.2086904,0.11895254,0.5626505,0.58907694,0.68559605,0.2,0.3,0.65,0.76666665,0.8833333,0.4,0.7,0.1,0.06666667,0.033333335,-0.2,-0.4,0.55,0.7,0.85,0.09173862,0.7045458,0.9054517,0.8951031,0.8834536,-0.11066534,0.37993872,0.25334725,0.26719305,0.31397128,0.2,0.4,0.5,0.5,0.5,0.8,0.6,0.5,0.5,0.46666667,-0.6,-0.2,0.0,0.0,0.033333335,0.25095794,0.5199005,0.6182814,0.6224957,0.6444106,0.7490421,0.4800995,0.38171858,0.37750432,0.3555894,-0.49808413,0.03980101,0.23656282,0.24499139,0.28882125,1.3454232,1.5518538,1.1485883,0.9760995,0.7219767,0.28761786,0.39488533,0.5461062,0.5118544,0.45958322,0.9221337,0.86940724,0.91995925,1.0876278,1.4253707,0.29230562,0.43626475,0.51719475,0.54492265,0.5290954,0.70769435,0.56373525,0.48280522,0.45507735,0.47090462,-0.41538876,-0.12747051,0.034389544,0.089845315,0.058190774
SH600893,0.05483230061540431,1.0,,2026-03-12,-0.039310306,0.06586207,-0.5968581,0.005517287,0.083770335,0.021034475,0.3193716,-0.023793118,-0.36125678,1.0409188,1.0466619,0.9781048,1.0064405,1.0360794,1.0710347,0.8867298,0.8386596,0.6638295,1.068401,1.0553718,1.0049542,0.95740587,0.8410354,0.045644496,0.040525846,0.081087865,0.0963542,0.1403217,-0.023200037,0.0006274404,0.010683084,0.0094794165,0.0076770647,0.64586323,0.0021973145,0.60750455,0.7501076,0.9129364,-0.022000939,-0.05819522,-0.106443495,-0.094857424,-0.06750884,1.1446166,1.1446166,1.1446166,1.1446166,1.1446166,0.9781048,0.9781048,0.8630637,0.8086955,0.64965504,1.1012259,1.0985707,1.0734115,1.046914,1.014132,1.0374712,1.0226433,0.9024249,0.8707992,0.714223,0.2,0.1,0.35,0.56666666,0.78333336,0.13149333,0.13149333,0.48636088,0.5694925,0.7078226,0.6,0.8,0.9,0.93333334,0.96666664,1.0,1.0,0.1,0.26666668,0.1,-0.4,-0.2,0.8,0.6666667,0.8666667,-0.47759917,0.06478595,0.49700263,0.19190545,0.55424523,0.20573872,0.48353806,0.6538985,0.71108454,0.6749572,0.4,0.4,0.55,0.5,0.55,0.6,0.6,0.45,0.5,0.45,-0.2,-0.2,0.1,0.0,0.1,0.41895145,0.42307252,0.57450706,0.5732407,0.6063542,0.58104855,0.5769275,0.4254929,0.42675933,0.39364585,-0.16209708,-0.153855,0.14901416,0.14648134,0.21270831,0.88909155,0.91373575,0.9173904,0.9583058,0.8492308,0.16495147,0.22434907,0.28829283,0.28489995,0.38013157,0.5900508,0.7516809,0.99616075,0.93478566,1.1336085,0.65363663,0.4709144,0.50711364,0.4740108,0.52067775,0.34636334,0.52908564,0.49288636,0.5259892,0.47932228,0.3072733,-0.05817124,0.01422727,-0.051978383,0.04135546
SZ000425,0.05393162111764084,1.0,,2026-03-12,-0.058292314,0.083743855,-0.69607866,0.007389144,0.08823506,0.0180624,0.21568626,-0.04761906,-0.5686275,1.0619006,1.0697472,0.9808195,1.0080456,1.0566783,1.0776026,1.0165766,0.9616453,0.9581514,1.0500556,1.0524081,1.051885,1.0188134,0.9985134,0.034828596,0.02430993,0.029129317,0.055392325,0.04730036,-0.009767338,-0.002351352,0.0009688952,0.004848721,0.0017182695,0.19661674,0.085758924,0.038722288,0.59382284,0.4024885,-0.0305209,-0.04182698,-0.06108947,-0.08911981,-0.04920234,1.08894,1.08894,1.1246823,1.1246823,1.1246823,0.9808195,0.9808195,0.9808195,0.9102048,0.9102048,1.073775,1.0716827,1.0734257,1.0694115,1.0446438,1.021631,1.0409831,1.0277376,0.9503137,0.9541531,0.2,0.1,0.1,0.36666667,0.5833333,0.1773991,0.1773991,0.13332476,0.4186695,0.4186695,0.6,0.8,0.45,0.6333333,0.81666666,1.0,1.0,1.0,0.26666668,0.6333333,-0.4,-0.2,-0.55,0.36666667,0.18333334,-0.9107739,-0.8954404,-0.14380334,-0.44063136,0.077055335,-0.8679492,-0.8359962,-0.20179811,-0.065265566,0.038815178,0.4,0.4,0.45,0.46666667,0.43333334,0.6,0.6,0.55,0.53333336,0.56666666,-0.2,-0.2,-0.1,-0.06666667,-0.13333334,0.351596,0.33579776,0.48168454,0.53097945,0.51957357,0.648404,0.6642022,0.51831543,0.46902055,0.4804264,-0.29680797,-0.32840446,-0.03663091,0.061958883,0.03914718,0.48517367,0.4247367,0.40057325,0.45178935,0.37268394,0.29261965,0.20623416,0.15487017,0.17142697,0.1583104,1.1998614,1.613677,1.5268787,1.4656827,1.5117047,0.80978554,0.76254314,0.6165893,0.5523387,0.5538712,0.19021443,0.23745684,0.3834107,0.4476613,0.44612882,0.61957115,0.5250863,0.2331786,0.10467739,0.10774239
SH601058,0.05340890596905845,1.0,,2026-03-12,-0.0041096625,0.01712334,-0.24000356,0.0054793935,0.3199956,0.007534283,0.44000083,-0.0020547726,-0.11999836,1.0041267,1.0096287,0.9924346,0.99960005,1.0151404,1.0832103,1.1451256,1.1326933,1.1773757,1.0045298,1.0178114,1.0609306,1.0744543,1.1079046,0.01911483,0.03050166,0.05170517,0.047990315,0.05830789,-0.00088626554,-0.0064731515,-0.008087611,-0.0041704527,-0.0027447485,0.0053743618,0.41285357,0.8563289,0.58527625,0.6758499,-0.00275726,0.011317747,0.015901718,-0.013982746,-0.02693451,1.0315678,1.0976233,1.1643531,1.1643531,1.24136,0.9608366,0.9608366,0.9608366,0.9608366,0.9608366,1.0152388,1.0302068,1.1071147,1.1179714,1.1434515,0.9947809,0.9987691,1.011423,1.0147219,1.0665681,0.4,0.3,0.15,0.1,0.05,0.5536934,0.2863102,0.19243369,0.19243369,0.1396085,0.2,0.1,0.05,0.36666667,0.06666667,0.4,0.7,0.85,0.9,0.95,-0.2,-0.6,-0.8,-0.53333336,-0.8833333,-0.77836156,-0.6379739,-0.6164709,-0.22424659,-0.13709201,-0.8311775,-0.6937558,-0.6413934,-0.25715306,-0.11113362,0.6,0.4,0.3,0.3,0.35,0.4,0.6,0.7,0.6666667,0.6333333,0.2,-0.2,-0.4,-0.36666667,-0.28333333,0.43189323,0.31243035,0.29651347,0.38709673,0.42116204,0.5681068,0.6875696,0.70348656,0.6129033,0.578838,-0.13621356,-0.37513927,-0.40697306,-0.22580655,-0.15767594,1.4370658,1.294005,1.1129609,1.2365566,1.3076408,0.74671334,0.61423373,0.49179474,0.4925601,0.4824886,1.2373596,1.1413414,1.3087693,1.1510872,1.0433578,0.4881922,0.51019734,0.46200293,0.48678854,0.500414,0.5118078,0.48980266,0.53799707,0.5132114,0.499586,-0.023615578,0.020394692,-0.07599413,-0.026422909,0.0008280041
SH600029,0.05334038133421057,1.0,,2026-03-12,0.006369436,0.023885341,0.26666716,0.009554068,0.39999712,0.0079618385,0.33333576,0.004777207,0.2000058,0.9936709,1.0094936,0.98575944,0.9961635,1.038104,1.2007434,1.2946095,1.2676579,1.123606,1.0159851,1.051394,1.1483271,1.1637236,1.1834573,0.02106407,0.051665287,0.111648165,0.09727935,0.08355244,-0.0092007425,-0.0154950945,-0.01852447,-0.0075480393,-0.0012732779,0.47698107,0.8245219,0.96351045,0.46658275,0.07083174,0.0024163774,0.018333914,0.027655367,-0.05427706,-0.14589551,1.0589882,1.2250185,1.3382294,1.3382294,1.3382294,0.9620253,0.9620253,0.9620253,0.9620253,0.9620253,1.0291821,1.0795538,1.2620817,1.2490706,1.2624534,1.0,1.0052044,1.035316,1.052974,1.1039033,0.3,0.15,0.075,0.05,0.025,0.3916417,0.14439437,0.100941844,0.100941844,0.100941844,0.6,0.1,0.15,0.43333334,0.71666664,0.4,0.7,0.85,0.9,0.95,0.2,-0.6,-0.7,-0.46666667,-0.23333333,-0.47027853,-0.1612032,-0.5039356,-0.36993417,-0.09236648,-0.7270693,-0.59668446,-0.4441641,-0.10053692,0.13567285,0.4,0.2,0.3,0.33333334,0.41666666,0.6,0.8,0.7,0.6666667,0.5833333,-0.2,-0.6,-0.4,-0.33333334,-0.16666667,0.32478637,0.13013692,0.17319575,0.3177215,0.45442083,0.67521363,0.8698631,0.8268043,0.6822785,0.54557914,-0.35042727,-0.7397262,-0.6536085,-0.36455703,-0.09115832,1.3783815,1.2667538,1.0622971,1.0261104,0.83067125,0.49502164,0.43482822,0.3998855,0.37682253,0.36653644,1.0639045,0.87052,1.0606561,1.1365536,1.2488064,0.54321486,0.522802,0.4585318,0.51504254,0.51537263,0.45678514,0.477198,0.5414682,0.48495743,0.4846274,0.08642973,0.04560398,-0.08293643,0.03008513,0.030745216
SZ000786,0.052096088346388805,0.875,,2026-03-12,-0.029629674,0.036666688,-0.8080816,0.0025926086,0.07070746,0.0044444036,0.12121093,-0.02777788,-0.75757813,1.0305344,1.0332062,0.99541986,1.0091283,1.0721257,1.0782375,1.1278679,1.0179515,0.95801735,1.0367221,1.0649996,1.0730329,1.070241,1.0161408,0.023194192,0.0371506,0.031684354,0.030213624,0.06080655,-0.011606041,-0.010262752,-0.0030082169,-0.00038019326,0.0029298111,0.6259646,0.6995318,0.315498,0.012271704,0.70807356,-0.013509988,-0.018817179,-0.044454843,-0.064728186,-0.10257027,1.0752014,1.1381745,1.1381745,1.1381745,1.1381745,0.99541986,0.99541986,0.99541986,0.99541986,0.91910124,1.0541232,1.0964833,1.0954145,1.0940386,1.0751144,1.0268792,1.0366453,1.0490032,1.0476338,0.95068324,0.2,0.1,0.05,0.033333335,0.48333332,0.057408147,0.03208379,0.03208379,0.03208379,0.36927718,0.2,0.3,0.65,0.76666665,0.8833333,1.0,1.0,1.0,1.0,0.083333336,-0.8,-0.7,-0.35,-0.23333333,0.8,-0.6179761,0.28824162,0.28941095,0.18787348,0.68153244,-0.8539063,0.4738952,0.37029427,0.5260986,0.49187344,0.2,0.2,0.3,0.36666667,0.46666667,0.8,0.8,0.7,0.6333333,0.53333336,-0.6,-0.6,-0.4,-0.26666668,-0.06666667,0.17295419,0.3299957,0.35765162,0.48788282,0.5195459,0.8270458,0.6700043,0.6423484,0.51211715,0.4804541,-0.6540916,-0.3400086,-0.28469676,-0.024234349,0.03909181,0.797728,0.85909504,0.85303974,1.0880307,0.8333675,0.21195069,0.32808658,0.250572,0.49107614,0.48466906,0.67900383,1.07576,0.94406,1.102746,1.4414289,0.5971613,0.5458795,0.4131121,0.50722814,0.5126752,0.40283874,0.45412055,0.5868879,0.49277186,0.48732477,0.19432256,0.09175894,-0.17377582,0.014456268,0.02535048
SH688126,0.05208701545249522,0.75,,2026-03-12,-0.01512859,0.021684324,-0.697674,0.0030256787,0.13953298,0.0035300567,0.16279301,-0.014624212,-0.674414,1.015361,1.0184331,0.99641573,1.0065875,0.9984678,1.1230848,1.0827374,1.2002043,1.1103166,1.0015322,1.0175178,1.046527,1.0832993,1.1062393,0.012139813,0.03904518,0.044403855,0.069786415,0.06608335,0.0030132916,-0.008075644,-0.0046479823,-0.0067366855,-0.0013716074,0.15402752,0.39213076,0.3834914,0.72219163,0.13139395,-0.0075587486,0.018822541,-0.0023712176,0.014382683,-0.06577692,1.0255516,1.125163,1.150206,1.2534152,1.280051,0.9652189,0.9652189,0.9652189,0.9652189,0.9652189,1.0055158,1.0270685,1.0702758,1.1497446,1.1722165,0.99703777,0.9965271,1.0008172,1.0085802,1.0564861,0.4,0.4,0.2,0.13333334,0.06666667,0.57648826,0.21745798,0.18801916,0.120685436,0.1104751,0.8,0.1,0.45,0.16666667,0.35,0.4,0.7,0.85,0.9,0.95,0.4,-0.6,-0.4,-0.73333335,-0.6,-0.0128460135,0.4824034,0.5051,0.8199541,0.80159736,-0.16764925,-0.22253822,0.4071862,0.41497207,0.45762926,0.6,0.4,0.45,0.4,0.43333334,0.4,0.6,0.55,0.6,0.56666666,0.2,-0.2,-0.1,-0.2,-0.13333334,0.5103449,0.21779855,0.3808824,0.35038173,0.45200002,0.48965505,0.78220147,0.61911756,0.64961827,0.548,0.020689879,-0.5644029,-0.23823516,-0.29923654,-0.095999956,1.105872,1.4132879,1.4474697,1.903067,2.0159733,0.21607886,0.5004491,0.5895337,0.9536466,0.94876254,0.49194342,1.1005406,1.5265607,1.2154808,1.1619934,0.43915147,0.40883252,0.47449213,0.41515756,0.4955664,0.56084853,0.5911675,0.52550787,0.58484244,0.50443363,-0.12169708,-0.18233499,-0.05101576,-0.16968489,-0.0088672135
SH600016,0.05096005801788381,1.0,,2026-03-12,0.0050377687,0.012594452,0.39999902,0.0050377687,0.39999902,0.0025189149,0.20000193,0.0025189149,0.20000193,0.9949875,1.0050125,0.9924812,0.9998043,0.97241,0.97241,0.9498737,0.94236153,1.0025269,0.98544014,0.98068017,0.98106265,0.9680735,0.967032,0.012707303,0.012112736,0.01168942,0.021244392,0.017687965,0.0077716284,0.002050002,0.00021596719,0.0017994605,0.00010797887,0.93509835,0.26256424,0.011946967,0.5560294,0.011366365,-0.0009834046,0.010094797,0.016885683,0.0058343355,0.029782588,1.0050125,1.0050125,1.0075395,1.0075395,1.0075395,0.9623852,0.9548526,0.94984025,0.92729086,0.92729086,0.99595714,0.99095815,0.99095815,0.98743427,0.9829543,0.97241,0.97241,0.97241,0.94236153,0.9498737,1.0,1.0,0.95,0.96666664,0.98333335,0.88241076,0.9000693,0.8693314,0.90604854,0.90604854,1.0,1.0,0.25,0.5,0.75,0.2,0.4,0.05,0.2,0.6,0.8,0.6,0.2,0.3,0.15,0.5428662,0.32237974,0.09549743,0.021752296,0.08160701,-0.23320614,0.24847339,0.1922393,0.38467786,0.26631954,0.6,0.5,0.5,0.43333334,0.36666667,0.0,0.2,0.35,0.4,0.5,0.6,0.3,0.15,0.033333335,-0.13333334,1.0,0.6666667,0.65140253,0.6236811,0.4969058,0.0,0.33333334,0.34859744,0.3763189,0.5030942,1.0,0.33333334,0.30280513,0.24736223,-0.006188405,0.8845195,0.9043427,0.95802176,0.96929836,0.907652,0.14848852,0.2130562,0.25631028,0.26008,0.24307224,1.185928,0.99908894,0.8284323,0.99396056,0.9918126,0.7153225,0.5620736,0.48832765,0.5150729,0.5027302,0.28467748,0.4379264,0.5116724,0.48492715,0.49726978,0.43064502,0.12414715,-0.02334472,0.030145727,0.0054604164
SZ300251,0.05091876522511646,0.875,,2026-03-12,-0.014167649,0.020070842,-0.70588213,0.004722524,0.23529276,0.0011806694,0.058825105,-0.017709503,-0.8823498,1.0143713,1.0191617,0.99880236,1.0062234,1.0490985,1.1892226,1.1448904,1.0131738,0.9760355,1.0271775,1.0595715,1.2126851,1.1767968,1.0891331,0.018214298,0.049381774,0.1977164,0.1718675,0.15261449,-0.010953945,-0.014780195,-0.025019823,-0.0019137311,0.0045458367,0.9041827,0.82118005,0.5604684,0.009608951,0.27060512,-0.005269525,0.006939433,0.02500325,-0.14904766,-0.22323538,1.0526911,1.1969851,1.7891943,1.7891943,1.7891943,0.99880236,0.99880236,0.99880236,0.99880236,0.93112624,1.0380784,1.0785533,1.3258644,1.2534059,1.1722002,1.0148464,1.0314804,1.0445396,1.0464549,0.97986627,0.2,0.1,0.05,0.033333335,0.26666668,0.022224246,0.006043095,0.0015152444,0.0015152444,0.08026606,0.6,0.1,0.25,0.5,0.75,1.0,1.0,1.0,1.0,0.11666667,-0.4,-0.9,-0.75,-0.5,0.6333333,0.18212776,0.88252175,0.92014164,0.88191676,0.86932987,-0.42910904,-0.087865725,0.7213346,0.65451056,0.55685,0.2,0.1,0.3,0.5,0.51666665,0.8,0.9,0.7,0.5,0.45,-0.6,-0.8,-0.4,0.0,0.06666667,0.02355471,0.0063327807,0.4533956,0.4963575,0.505385,0.9764453,0.99366724,0.5466044,0.5036425,0.49461502,-0.9528906,-0.98733443,-0.09320877,-0.007285012,0.010769955,1.0577645,1.4254172,2.730738,2.3208349,1.5142741,0.10749873,0.5121454,1.7077184,1.5740293,1.4079456,0.7765306,1.1272217,1.3466746,1.5935674,2.2329886,0.32937604,0.12276866,0.47097868,0.5128655,0.5125479,0.67062396,0.87723136,0.5290213,0.48713455,0.4874521,-0.34124792,-0.75446266,-0.058042623,0.025730927,0.025095807
SZ300759,0.049841755145205745,0.625,,2026-03-12,-0.025085974,0.04501717,-0.5572535,0.018556688,0.41221353,0.0013745092,0.030532997,-0.042268153,-0.938934,1.0257314,1.0447656,0.9985901,1.0230807,0.948156,1.0412637,1.0704354,1.0881197,1.0267533,0.9693773,0.9738664,1.0182512,1.0339178,1.047884,0.017987197,0.030671015,0.05189576,0.04966402,0.05066261,0.007406288,-0.0033280195,-0.007545276,-0.004552217,-0.0007336195,0.4238519,0.1079262,0.7398685,0.6511243,0.06395382,0.015810134,0.04110968,0.05342889,0.03208934,-0.026242174,1.0447656,1.0659393,1.108157,1.1219631,1.217876,0.93370885,0.93370885,0.93370885,0.93370885,0.93370885,0.9756953,0.9980653,1.0651753,1.0720677,1.0903567,0.9572552,0.9515115,0.9572552,0.9685007,1.0152963,1.0,0.9,0.45,0.3,0.16666667,0.5969122,0.50133073,0.38000494,0.3521364,0.23328233,1.0,0.1,0.3,0.06666667,0.41666666,0.4,0.7,0.85,0.9,0.95,0.6,-0.6,-0.55,-0.8333333,-0.53333336,0.9542631,0.18479452,-0.08751054,0.06279996,0.47607896,0.8177492,0.3785073,0.33030158,0.32806244,0.5094616,0.6,0.5,0.4,0.4,0.41666666,0.4,0.5,0.6,0.6,0.5833333,0.2,0.0,-0.2,-0.2,-0.16666667,0.7797714,0.39209467,0.39292267,0.4117468,0.4863236,0.22022863,0.6079053,0.60707736,0.5882532,0.5136764,0.5595428,-0.21581064,-0.21415468,-0.1765064,-0.027352821,0.42442086,0.3943133,0.35874712,0.36243716,0.38453254,0.32186776,0.22627676,0.16599293,0.13877387,0.16008133,1.5395758,1.3971794,1.455209,1.2819524,1.3009311,0.9682285,0.8095825,0.6488046,0.61820674,0.56244344,0.03177148,0.19041754,0.35119542,0.3817933,0.43755656,0.93645704,0.6191649,0.29760915,0.23641345,0.12488686
SZ000963,0.04930928459765034,1.0,,2026-03-12,-0.011585196,0.0172365,-0.67213154,0.002260522,0.13114738,0.0033907827,0.19672108,-0.010454934,-0.60655785,1.011721,1.014008,0.99656945,1.0021188,0.96654725,1.0214326,1.041445,1.089483,1.2155561,1.0015433,0.99202263,1.0151047,1.0276123,1.0818441,0.011474457,0.021456063,0.028861081,0.031737152,0.06198838,0.002715656,0.001523407,-0.0036500704,-0.0029663553,-0.0034067056,0.14003135,0.046210773,0.559816,0.6770365,0.92118835,-0.0069746445,0.0011220158,0.019571036,0.015399832,0.018653722,1.0185747,1.0285757,1.0668929,1.0929027,1.2307043,0.9639794,0.9519752,0.9519752,0.9519752,0.9519752,1.011435,1.011435,1.0399016,1.0504802,1.1405313,0.9967989,0.97158426,0.9835365,1.0,1.0288059,0.5,0.65,0.325,0.21666667,0.108333334,0.65977454,0.626952,0.417906,0.3407766,0.1722991,0.6,0.1,0.05,0.033333335,0.016666668,0.2,0.4,0.7,0.8,0.9,0.4,-0.3,-0.65,-0.76666665,-0.8833333,-0.0765975,-0.22702543,-0.22872725,0.067216665,-0.36969608,0.7928286,-0.2570716,-0.12528555,-0.12599549,-0.24774492,0.4,0.4,0.4,0.4,0.38333333,0.6,0.6,0.6,0.6,0.6166667,-0.2,-0.2,-0.2,-0.2,-0.23333333,0.68460417,0.43410248,0.41233975,0.37369075,0.34292158,0.31539583,0.5658975,0.58766025,0.6263092,0.6570784,0.36920837,-0.13179505,-0.17532049,-0.2526185,-0.31415683,1.2866411,1.3263575,1.2010218,1.3069544,1.1954337,0.31049457,0.57667845,0.48115063,0.5093278,0.52261674,0.86861223,1.3260611,1.5365273,1.3637822,1.3575224,0.5269257,0.5022119,0.49540493,0.4931982,0.50207216,0.47307432,0.49778807,0.50459504,0.50680184,0.49792787,0.053851366,0.004423836,-0.009190121,-0.013603646,0.0041442565
SH603195,0.049303993790643846,0.875,,2026-03-12,-0.0054781926,0.010271586,-0.5333347,0.0015978204,0.15555732,0.0031955726,0.31110802,-0.0038804405,-0.37778398,1.0055084,1.007115,0.99678683,1.0010601,0.98414516,1.0118911,1.0061808,0.9607659,0.9823312,0.9961841,0.98977494,0.9935002,0.9872691,0.9741541,0.0083090365,0.011507235,0.011516088,0.016668431,0.019908294,0.00394357,0.0019690366,-0.0002747381,0.000872795,0.000665409,0.5631418,0.26839665,0.0199203,0.21248914,0.34072903,-0.004071233,0.001364376,0.009109823,7.5392054e-05,0.0062163468,1.0086993,1.0107759,1.0192574,1.0192574,1.0192574,0.973386,0.9604928,0.9604928,0.94284,0.93640715,1.0023649,1.0003628,1.0047028,1.0023649,0.9928788,0.9876117,0.9825865,0.9840108,0.97307354,0.9572321,0.6,0.8,0.7,0.76666665,0.8833333,0.7536545,0.7856958,0.6722961,0.7479974,0.7675638,0.8,0.1,0.05,0.36666667,0.68333334,0.4,0.4,0.7,0.2,0.26666668,0.4,-0.3,-0.65,0.16666667,0.41666666,0.46046346,-0.37426618,0.30131885,-0.087941796,0.11000978,0.34034956,0.15195309,0.25675726,0.54408586,0.27277455,0.4,0.4,0.4,0.5,0.48333332,0.6,0.6,0.55,0.46666667,0.48333332,-0.2,-0.2,-0.15,0.033333335,0.0,0.7906391,0.44315988,0.480881,0.55779886,0.51696557,0.2093609,0.5568401,0.519119,0.4422011,0.48303443,0.5812782,-0.11368022,-0.038238,0.115597785,0.033931118,1.3294297,1.6003828,1.7818865,2.2486436,2.033495,0.31974098,0.5269863,0.5808195,1.1341685,0.9543608,1.4836771,0.8190529,0.91104376,1.9586128,2.089264,0.38910228,0.360163,0.40070736,0.4781323,0.4871067,0.6108977,0.639837,0.59929264,0.5218677,0.5128933,-0.22179545,-0.279674,-0.19858527,-0.0437354,-0.025786603
SH600919,0.04787509258052741,1.0,,2026-03-12,0.011385229,0.018026577,0.6315802,0.0037950561,0.2105256,0.0028462922,0.15789421,0.010436466,0.5789488,0.98874295,1.0037524,0.98592865,0.9966445,0.99326974,0.98037016,0.95513177,0.9130679,0.95176667,0.9877734,0.98485696,0.98070663,0.96511495,0.95442134,0.008053668,0.0082258405,0.008463604,0.025015576,0.022921655,0.0025799235,0.0018015264,0.00072193885,0.0024497837,0.0007726331,0.25654656,0.4396754,0.2546585,0.7432522,0.34654093,0.007066757,0.007036168,0.012434923,-0.0006368221,0.022785952,1.0037524,1.0037524,1.0037524,1.0037524,1.0037524,0.96890223,0.96424085,0.9552291,0.9079717,0.90519625,0.9919237,0.99057764,0.98496914,0.98339874,0.97879976,0.98149186,0.9792484,0.97610766,0.9436904,0.9383062,1.0,1.0,1.0,1.0,1.0,0.8923294,0.90503186,0.9226693,0.96082366,0.96192694,1.0,1.0,1.0,1.0,1.0,0.8,0.2,0.05,0.1,0.46666667,0.2,0.8,0.95,0.9,0.53333336,0.7549476,0.33605468,0.27287146,-0.6358291,-0.4953203,0.5398567,0.32567808,0.3891276,0.4147816,0.1075021,0.4,0.6,0.55,0.5,0.43333334,0.6,0.4,0.45,0.43333334,0.51666665,-0.2,0.2,0.1,0.06666667,-0.083333336,0.59677446,0.64705884,0.65999997,0.686747,0.55168265,0.40322554,0.3529412,0.34000006,0.313253,0.44831732,0.19354889,0.29411766,0.31999987,0.37349403,0.10336535,0.7878929,0.8310075,0.7831531,0.9444819,0.9938612,0.14487994,0.17449291,0.19558848,0.32006946,0.28651395,0.7195297,0.583126,1.118958,1.3650508,1.1730064,0.6645092,0.53053504,0.5107492,0.49141878,0.49990466,0.33549082,0.46946493,0.4892508,0.5085812,0.50009537,0.32901832,0.061070126,0.021498384,-0.017162457,-0.00019070464
SZ300014,0.0455832664828023,0.75,,2026-03-12,0.007583517,0.027271356,0.2780763,0.0013124789,0.048126645,0.01837536,0.6737971,0.024646398,0.9037467,0.99247354,1.0013026,0.9742365,0.98984283,0.8762413,0.89969367,0.92560303,0.96742815,1.0435656,0.9339082,0.9108221,0.9167068,0.9191073,0.95881534,0.05510978,0.04457977,0.033459403,0.030676737,0.0484062,0.03368221,0.010346907,0.0006457365,-0.00029179853,-0.0022343372,0.93386424,0.49380657,0.013035942,0.0070121232,0.64982325,-0.0012726181,0.042616848,0.07715869,0.085123785,0.1070976,1.0083904,1.0083904,1.0083904,1.0083904,1.063823,0.844689,0.844689,0.844689,0.844689,0.844689,0.98702794,0.92600626,0.93501073,0.9392948,1.0004331,0.8956946,0.87948585,0.8906923,0.89127034,0.91141665,1.0,1.0,1.0,1.0,0.8,0.9487456,0.9487456,0.9487456,0.9487456,0.7087492,0.8,0.9,0.95,0.96666664,0.05,0.4,0.7,0.85,0.9,0.95,0.4,0.2,0.1,0.06666667,-0.9,0.874141,0.81461436,0.5376803,0.5051723,-0.008574362,0.8963587,0.7298,0.5022917,0.48010683,0.43386683,0.8,0.6,0.6,0.53333336,0.51666665,0.2,0.4,0.4,0.46666667,0.48333332,0.6,0.2,0.2,0.06666667,0.033333335,0.973429,0.8063399,0.6023843,0.5281353,0.4790426,0.026570998,0.19366005,0.39761567,0.47186467,0.5209574,0.946858,0.6126799,0.20476867,0.056270644,-0.041914813,0.8235473,0.6674281,0.5940282,0.6423094,0.6090206,0.47290924,0.37397358,0.2937713,0.26657775,0.2297295,1.4786102,1.9806105,1.7203357,1.3986809,1.3779136,0.6269752,0.51035595,0.5489399,0.52982974,0.5189081,0.37302485,0.48964402,0.45106012,0.47017026,0.4810919,0.25395033,0.020711938,0.097879775,0.05965946,0.037816197
SH601336,0.04492478897582325,1.0,,2026-03-12,-0.001111152,0.014444449,-0.07692588,0.009583324,0.6634607,0.0037499734,0.25961345,-0.0069445027,-0.4807731,1.0011123,1.0107064,0.99624586,1.0017301,1.0164261,1.0447793,1.1339194,1.1095418,0.933982,1.0049174,1.0230488,1.0579253,1.0808468,1.0591198,0.009466349,0.02548071,0.044302702,0.05229759,0.07302682,-0.0032956772,-0.007170892,-0.0072097233,-0.004976258,0.0015559938,0.30301517,0.7259968,0.9269255,0.7016882,0.13846844,0.0016739791,0.009220232,0.010567042,-0.008691054,-0.1050216,1.0331254,1.0872319,1.1453032,1.1937264,1.1937264,0.9734967,0.9734967,0.9734967,0.9734967,0.9110458,1.0077213,1.0514752,1.1080142,1.1250889,1.1250889,0.9991212,1.0030969,1.0140406,1.0198578,0.9901026,0.4,0.2,0.1,0.06666667,0.3,0.44447297,0.23302667,0.15426262,0.12034401,0.31468093,0.2,0.3,0.05,0.2,0.6,0.4,0.7,0.85,0.9,0.06666667,-0.2,-0.4,-0.8,-0.7,0.53333336,0.20068122,0.46835053,-0.09488561,0.3681019,0.48551887,-0.36742356,0.00968595,-0.07812378,0.061833132,0.51164675,0.4,0.5,0.35,0.4,0.45,0.6,0.5,0.65,0.6,0.55,-0.2,0.0,-0.3,-0.2,-0.1,0.30712533,0.3116196,0.23727421,0.38830808,0.5316418,0.69287467,0.68838036,0.7627258,0.6116919,0.46835825,-0.3857493,-0.37676078,-0.5254516,-0.22338381,0.06328352,1.470637,1.9377218,1.7833409,2.1095126,2.3214834,0.35443878,0.7872938,0.60671204,0.7850362,0.93344027,1.3257135,1.7077476,1.4123273,1.1186632,1.4806839,0.27142584,0.4088478,0.4686591,0.47266462,0.48049286,0.72857416,0.5911522,0.5313409,0.52733535,0.51950717,-0.45714828,-0.1823044,-0.06268181,-0.054670725,-0.03901428
SZ000538,0.04487968404579684,0.875,,2026-03-12,-0.006353717,0.011824938,-0.5373151,0.0024708963,0.2089564,0.0030003241,0.25372854,-0.005824289,-0.49254292,1.0063944,1.0088811,0.9969805,1.0014248,0.99271846,0.99911314,1.0008928,1.0071067,0.9964526,1.0013163,0.996805,1.0033416,1.00095,1.0028923,0.003986092,0.006206398,0.009181262,0.009151991,0.009416378,0.0013845512,0.0013411143,-0.001049746,-3.0007997e-05,-1.5576987e-05,0.3016223,0.42801967,0.45754275,0.0008331909,0.00083463953,-0.0040854407,-0.0028400193,0.0066310265,-0.000514821,-0.0024327626,1.009417,1.009417,1.0337481,1.0337481,1.0337481,0.98934597,0.97744507,0.97744507,0.9769143,0.9769143,1.004264,1.0007107,1.0128958,1.007249,1.0115842,0.9983337,0.99357265,0.9954187,0.9944957,0.9944957,0.6,0.8,0.45,0.53333336,0.43333334,0.5308157,0.7054599,0.4005988,0.40619648,0.40619648,0.4,0.7,0.1,0.4,0.7,0.4,0.4,0.7,0.2,0.6,0.0,0.3,-0.6,0.2,0.1,-0.30784234,-0.5149705,0.07443235,-0.14486246,0.1406522,-0.67013866,-0.6973492,-0.19629882,-0.0631034,0.1372247,0.8,0.5,0.4,0.43333334,0.5,0.2,0.5,0.6,0.56666666,0.5,0.6,0.0,-0.2,-0.13333334,0.0,0.669379,0.51002616,0.49500415,0.47796816,0.5061792,0.33062097,0.48997384,0.5049958,0.52203184,0.49382076,0.33875802,0.02005234,-0.009991697,-0.044063658,0.012358477,0.84040904,0.8805793,0.90887606,1.0313855,0.9533322,0.18358289,0.20468883,0.3094756,0.37077367,0.34278867,0.60624784,0.86519456,1.1822019,1.0993086,1.2008165,0.6215593,0.57796323,0.49900752,0.48819914,0.512053,0.37844068,0.4220368,0.5009925,0.5118008,0.487947,0.24311863,0.15592642,-0.0019849362,-0.023601709,0.024106005
SZ300661,0.044012642077183146,0.375,,2026-03-12,-0.028571444,0.06922075,-0.41275835,0.038701314,0.5590999,0.0019479939,0.028141761,-0.06532477,-0.94371647,1.0294118,1.0692514,0.9979947,1.0300014,0.8368951,0.93850374,0.93222463,1.017121,0.8853022,0.9488798,0.907543,0.9201828,0.9453053,0.93649125,0.073607355,0.07103473,0.05092907,0.05907937,0.052002784,0.040522203,0.014637861,0.00011539648,-0.0036485684,0.00052056456,0.75767624,0.38924697,0.00017968907,0.29557994,0.030562986,-0.029924158,0.026586592,0.07872093,0.10759897,0.048152093,1.0692514,1.0692514,1.0692514,1.1256709,1.1256709,0.8286085,0.8286085,0.8286085,0.8286085,0.8286085,1.0051349,0.9818249,0.9416582,1.0090114,0.97852874,0.87569433,0.83797383,0.87569433,0.9155124,0.88433784,0.8,0.9,0.95,0.76666665,0.8666667,0.7122235,0.7122235,0.7122235,0.5769544,0.5769544,1.0,1.0,1.0,0.16666667,0.5833333,0.2,0.6,0.8,0.8666667,0.93333334,0.8,0.4,0.2,-0.7,-0.35,0.9756326,0.8669361,0.55232143,0.68717736,0.7561943,0.9686448,0.65876,0.65236825,0.5394687,0.63265765,0.6,0.4,0.45,0.46666667,0.55,0.4,0.6,0.55,0.53333336,0.45,0.2,-0.2,-0.1,-0.06666667,0.1,0.82936335,0.587253,0.5787491,0.48765734,0.549026,0.17063664,0.41274703,0.4212509,0.51234263,0.45097402,0.6587267,0.17450598,0.1574982,-0.024685312,0.09805197,0.8630659,0.60425,0.4386297,0.51789707,0.4518705,0.47116604,0.4255226,0.339654,0.33718884,0.2813884,1.1011412,1.4546913,2.076489,1.7537065,1.8533131,0.71504503,0.6516903,0.6012737,0.5049373,0.5425658,0.28495497,0.34830973,0.39872628,0.49506268,0.4574342,0.43009007,0.30338058,0.20254743,0.009874639,0.0851316
SZ002049,0.043623139997637846,1.0,,2026-03-12,0.0026663637,0.025596593,0.1041687,0.015064576,0.5885383,0.007865654,0.307293,-0.004532558,-0.17707661,0.99734074,1.0150245,0.989496,1.0011829,0.996023,1.0660841,1.0477439,1.1482664,1.0292555,0.9972415,1.0094197,1.0239375,1.0545547,1.0526102,0.008981445,0.028130641,0.026120665,0.054020133,0.053374086,0.0024030728,-0.0058244513,-0.002471709,-0.0052134967,-5.0464023e-05,0.17897049,0.39297256,0.31339654,0.72185284,0.00030489347,-0.0020476596,0.016790325,-0.00045627402,0.021040998,-0.051222354,1.0150245,1.0696862,1.0704719,1.1848257,1.223105,0.95733345,0.95733345,0.95733345,0.95733345,0.95733345,1.0017134,1.0153407,1.0469613,1.1187358,1.1187358,0.9957819,0.9948765,0.9992638,1.0008631,1.0036173,0.6,0.6,0.3,0.2,0.18,0.7395694,0.37975523,0.3771179,0.18755168,0.16053842,1.0,0.2,0.5,0.16666667,0.26666668,0.4,0.7,0.85,0.9,0.26666668,0.6,-0.5,-0.35,-0.73333335,0.0,-0.84845084,0.21240956,0.29402712,0.8572874,0.78906673,-0.88973445,-0.4414394,-0.057281476,0.077197514,0.15075761,0.6,0.5,0.45,0.43333334,0.36666667,0.4,0.5,0.55,0.56666666,0.45,0.2,0.0,-0.1,-0.13333334,-0.083333336,0.5413378,0.25760415,0.40911663,0.37146524,0.42698446,0.4586622,0.7423959,0.5908834,0.6285348,0.5730156,0.08267555,-0.4847917,-0.18176676,-0.25706953,-0.14603111,0.98288655,1.1914794,1.1987787,1.7015694,1.7798196,0.19727327,0.3761896,0.2892729,0.8529713,1.1942072,0.9619081,1.8089635,1.4828887,1.1579248,1.2363654,0.48019978,0.42592156,0.41854176,0.36501604,0.5113408,0.51980025,0.57407844,0.5814582,0.63498396,0.4886592,-0.039600458,-0.14815688,-0.16291645,-0.26996794,0.022681607
SH601021,0.04339444542706035,0.875,,2026-03-12,0.005610985,0.020989213,0.2673271,0.008728193,0.41584185,0.0066500343,0.31683105,0.003532827,0.16831632,0.99442035,1.0086795,0.9878074,0.9980217,1.0274998,1.1479934,1.21718,1.2151394,1.1245749,1.008629,1.0396657,1.1142795,1.1356622,1.1527306,0.020851508,0.045890238,0.08607713,0.07774882,0.06599248,-0.0058109127,-0.013346171,-0.014220396,-0.0072113927,-0.0012049116,0.19415735,0.7753257,0.95524734,0.6667337,0.10167665,0.0029929087,0.020392025,0.020814281,-0.03109704,-0.11718565,1.043815,1.16101,1.2355878,1.2355878,1.2475804,0.96238965,0.96238965,0.96238965,0.96238965,0.96238965,1.0175494,1.0664659,1.2052084,1.2052084,1.2139733,0.99673504,1.0055971,1.0243515,1.0405403,1.0984161,0.4,0.2,0.1,0.06666667,0.033333335,0.46189937,0.18935792,0.1376669,0.1376669,0.13187784,0.2,0.1,0.05,0.36666667,0.33333334,0.4,0.7,0.85,0.9,0.95,-0.2,-0.6,-0.8,-0.53333336,-0.6166667,-0.7527998,-0.4706481,-0.8303485,-0.7740013,-0.54711014,-0.94733995,-0.835755,-0.7570095,-0.42982638,-0.21219517,0.4,0.2,0.25,0.33333334,0.45,0.6,0.8,0.75,0.6666667,0.55,-0.2,-0.6,-0.5,-0.33333334,-0.1,0.37511018,0.1790982,0.18741271,0.2897835,0.4345116,0.6248898,0.8209018,0.81258726,0.71021646,0.5654884,-0.24977961,-0.64180356,-0.6251746,-0.42043296,-0.13097678,1.635743,1.4192713,0.9638568,0.864798,0.80502695,1.0817714,0.7967578,0.7261059,0.61085415,0.45262513,1.5257895,1.3959749,1.8859304,1.9262896,1.8579495,0.4836944,0.52724737,0.5013268,0.51184845,0.5048133,0.5163056,0.4727526,0.4986732,0.48815155,0.49518672,-0.032611217,0.054494776,0.0026535902,0.023696916,0.009626585
SH600941,0.043142741341224984,1.0,,2026-03-12,-0.0022760017,0.0076557277,-0.29729396,0.0034140614,0.44594866,0.0019656646,0.25675738,-0.0037243986,-0.48648524,1.0022812,1.0057031,0.9980298,1.001116,0.99135053,0.97439414,0.9843282,0.99691707,1.0836687,0.9938683,0.99002314,0.98312926,0.98356885,1.0140775,0.0064895074,0.0075838533,0.010520934,0.01252417,0.036356993,0.0031600553,0.0017267818,0.0010863844,0.00017482004,-0.0018319032,0.5927969,0.47523293,0.37318704,0.015100324,0.77433515,-0.00018841149,0.0022063449,0.006550103,0.013896251,0.039963596,1.0057031,1.0057031,1.0057031,1.0120512,1.0887802,0.9801885,0.970647,0.9597453,0.94885343,0.94885343,1.0003083,0.99328595,0.99135053,0.99174446,1.0473067,0.9888156,0.9855785,0.97590137,0.97590137,0.9811253,0.8,0.9,0.95,0.93333334,0.5,0.7764788,0.8373166,0.87590677,0.8093095,0.3655239,1.0,1.0,1.0,0.23333333,0.016666668,0.6,0.1,0.35,0.26666668,0.6333333,0.4,0.9,0.65,-0.033333335,-0.6166667,0.029688142,0.16262394,0.29331738,0.05070738,0.059659544,0.31232247,0.39393044,0.18908723,-0.05362642,-0.11703075,0.4,0.6,0.45,0.43333334,0.4,0.4,0.3,0.5,0.53333336,0.56666666,0.0,0.3,-0.05,-0.1,-0.16666667,0.7167373,0.7056392,0.5601576,0.50591314,0.40216306,0.28326276,0.29436085,0.43984237,0.49408686,0.5978369,0.43347448,0.41127834,0.120315224,0.011826275,-0.19567388,1.3470836,1.4759525,1.3605556,1.7225204,1.8622856,0.41640288,0.44526792,0.38668787,0.761649,0.733847,1.3786658,1.0259808,1.0168142,1.5983008,1.556672,0.42168096,0.49869496,0.42129484,0.48098463,0.4793745,0.5783191,0.50130504,0.5787052,0.5190154,0.5206255,-0.1566381,-0.0026100932,-0.15741035,-0.038030725,-0.04125098
SZ002142,0.04225649289425401,1.0,,2026-03-12,0.011575613,0.018006487,0.64285797,0.0032154368,0.17857102,0.0032154368,0.17857102,0.011575613,0.64285797,0.98855686,1.0031786,0.9853782,0.9957124,1.007604,0.98466295,1.007604,0.91790175,0.8861967,0.9998969,1.0065472,1.0076363,0.99411863,0.94804955,0.0064707524,0.011757746,0.016621819,0.027431237,0.05148121,-0.0023843215,-0.0021230457,-0.001242602,0.001686369,0.0026606212,0.3394377,0.29886973,0.19560282,0.29289782,0.8146451,0.0048717735,0.0030065016,0.004168458,-0.018570978,-0.026537877,1.0136504,1.0355786,1.0463067,1.0463067,1.0463067,0.9802229,0.9802229,0.97797966,0.91187596,0.8664155,1.0039953,1.0167805,1.0258539,1.0167805,1.0006186,0.9969841,0.9978863,0.9916741,0.9748163,0.8947029,0.6,0.4,0.45,0.6,0.8,0.5916403,0.3572727,0.322278,0.65553457,0.7425847,0.4,0.2,0.1,0.4,0.7,0.8,0.9,0.45,0.033333335,0.06666667,-0.4,-0.7,-0.35,0.36666667,0.6333333,-0.35160246,0.530413,0.70299107,-0.3506854,0.041226204,-0.8700438,0.13940743,0.27958748,0.33257207,0.43344992,0.4,0.4,0.35,0.43333334,0.43333334,0.4,0.5,0.6,0.53333336,0.51666665,0.0,-0.1,-0.25,-0.1,-0.083333336,0.39501858,0.57880795,0.480605,0.60599005,0.5866536,0.6049814,0.42119202,0.519395,0.39400992,0.41334638,-0.20996282,0.15761594,-0.03878999,0.21198016,0.17330723,1.1211474,1.41411,1.544428,2.0166228,1.9503993,0.19180515,0.40400544,0.59957325,0.93428415,0.8789005,0.78306985,1.2326298,1.230769,1.326205,1.3940707,0.4141463,0.5175408,0.42862904,0.44322494,0.492716,0.5858537,0.48245922,0.57137096,0.5567751,0.507284,-0.1717074,0.03508159,-0.1427419,-0.11355015,-0.014567995
SH600219,0.04188132280593441,0.875,,2026-03-12,0.033829506,0.054127228,0.6249998,0.020297721,0.3750002,0.0,0.0,0.0135317845,0.24999958,0.96727747,1.0196335,0.96727747,0.9961326,1.0157444,0.9202079,0.9018649,0.8546316,0.64720273,0.9740752,0.9740752,0.9354632,0.9354632,0.81797105,0.016077265,0.029402224,0.04634974,0.05411744,0.13584605,0.003928462,0.0031924257,0.0067232433,0.0020302455,0.0071960352,0.14926597,0.10806691,0.7364293,0.109074764,0.8558396,0.018067868,0.011558876,0.0006660251,0.035098273,-0.030254114,1.0196335,1.0471592,1.0471592,1.1059787,1.1059787,0.93970793,0.9096136,0.82324916,0.82324916,0.59425586,0.98006725,1.0031489,0.9741058,0.9741058,0.9457658,0.9615408,0.9559462,0.8954754,0.89055336,0.66016513,1.0,0.8,0.9,0.8666667,0.93333334,0.75435245,0.6571377,0.78938323,0.6251586,0.7928982,1.0,0.5,0.75,0.2,0.6,0.6,0.1,0.1,0.4,0.1,0.4,0.4,0.65,-0.2,0.5,0.896427,0.6228946,0.61903703,0.46473628,0.47950584,0.88070905,0.6972521,0.5544337,0.378831,0.42595422,0.6,0.6,0.6,0.6,0.6333333,0.4,0.3,0.35,0.36666667,0.35,0.2,0.3,0.25,0.23333333,0.28333333,0.42089093,0.6595354,0.61741036,0.5787382,0.6308093,0.5791091,0.34046456,0.38258964,0.42126182,0.3691907,-0.15821818,0.31907088,0.23482074,0.15747638,0.26161864,0.7202475,0.8616765,0.7277319,0.9118005,0.84656024,0.21029742,0.26821178,0.24858351,0.41893387,0.37396356,1.0840875,1.2284939,1.2750106,1.2516525,1.3568699,0.4780039,0.60533637,0.53123003,0.5040949,0.50554645,0.52199614,0.3946636,0.46876997,0.49590507,0.49445355,-0.04399222,0.2106728,0.06246009,0.008189841,0.01109293
SZ002601,0.04132099829216062,1.0,,2026-03-12,-0.046364058,0.06002932,-0.77235687,0.0053684777,0.08943092,0.008296784,0.13821219,-0.043435752,-0.7235756,1.0486182,1.0542477,0.99129987,1.0108404,1.1023526,1.1576091,1.0741817,1.0583384,0.92768466,1.0354979,1.0857105,1.0993987,1.1036042,1.0429052,0.0392527,0.064816654,0.054686256,0.049750343,0.080392055,-0.016676785,-0.020159043,-0.0030578086,-0.0017417166,0.0035393871,0.4512587,0.8867027,0.10942896,0.09498708,0.59119356,-0.0021442766,0.005005172,-0.07034959,-0.07834925,-0.14731707,1.1115346,1.2139176,1.2174854,1.2174854,1.2174854,0.99128103,0.99128103,0.99128103,0.99128103,0.89053226,1.0581213,1.1290649,1.1486152,1.1477993,1.1254623,1.0102092,1.0172757,1.0542407,1.0610904,0.9736869,0.2,0.1,0.05,0.033333335,0.26666668,0.07250486,0.039162334,0.038544632,0.038544632,0.3348116,0.2,0.1,0.5,0.6666667,0.8333333,0.4,0.7,0.85,0.9,0.1,-0.2,-0.6,-0.35,-0.23333333,0.73333335,-0.25566003,-0.024581973,0.17066737,0.27140176,0.7456902,-0.26500094,-0.18205413,0.35843962,0.33606216,0.37019002,0.2,0.2,0.4,0.5,0.5833333,0.8,0.7,0.55,0.46666667,0.4,-0.6,-0.5,-0.15,0.033333335,0.18333334,0.20421468,0.23993677,0.43206936,0.4642401,0.5302184,0.7957853,0.76006323,0.56793064,0.53575987,0.46978158,-0.5915706,-0.52012646,-0.13586129,-0.07151979,0.060436815,0.90444535,0.8579865,0.7197454,0.741084,0.5843257,0.24103934,0.217064,0.2767549,0.26388994,0.28019893,1.0547304,0.9989589,1.0741919,1.1266496,1.4312922,0.6152522,0.49055296,0.5762123,0.53486514,0.5351343,0.38474777,0.50944704,0.42378768,0.46513483,0.4648657,0.23050444,-0.018894067,0.15242462,0.06973033,0.07026858
SZ002625,0.03966284802180123,0.875,,2026-03-12,-0.023553135,0.034095988,-0.6907891,0.0,0.0,0.010542851,0.3092109,-0.013010285,-0.3815782,1.0241213,1.0241213,0.98920286,1.0033756,1.055353,1.1091392,1.0650271,1.1394557,1.152536,1.0314678,1.0516844,1.0677112,1.0813321,1.132145,0.020805858,0.034321718,0.032560267,0.0372478,0.06525031,-0.011670131,-0.00956852,-0.0027778328,-0.0029895173,-0.0028812273,0.78653884,0.7124639,0.25474423,0.49923223,0.5946888,-0.0081275385,-0.008626102,-0.041321866,-0.0379841,-0.047148876,1.0636407,1.1412909,1.1412909,1.1642617,1.3319654,0.98920286,0.98920286,0.98920286,0.98920286,0.98920286,1.0453384,1.0647887,1.1019995,1.1106993,1.1922745,1.0215008,1.0309092,1.0422114,1.050809,1.0743809,0.2,0.1,0.05,0.033333335,0.016666668,0.14504917,0.0709928,0.0709928,0.061677307,0.0315004,0.2,0.2,0.6,0.06666667,0.38333333,1.0,1.0,1.0,1.0,1.0,-0.8,-0.8,-0.4,-0.93333334,-0.6166667,-0.7044661,0.13668501,-0.0029929976,0.32777968,0.70506424,-0.9879678,-0.16915217,-0.020560464,-0.14624618,0.18019632,0.4,0.4,0.45,0.46666667,0.45,0.6,0.6,0.55,0.53333336,0.55,-0.2,-0.2,-0.1,-0.06666667,-0.1,0.14473104,0.21963556,0.39465842,0.35432678,0.43506378,0.85526896,0.78036445,0.60534155,0.6456732,0.5649362,-0.7105379,-0.56072885,-0.21068314,-0.29134643,-0.12987244,0.7451602,0.87577426,0.7783996,0.8817102,1.1915096,0.23102032,0.31565058,0.25054199,0.28130582,0.65320337,0.8704441,1.3396575,1.4341277,1.1798145,1.7138603,0.59278756,0.5531089,0.46266815,0.50479096,0.48062858,0.40721247,0.44689116,0.5373319,0.49520904,0.51937145,0.18557508,0.106217705,-0.07466372,0.009581918,-0.03874286
SH600276,0.038761945556462445,1.0,,2026-03-12,-0.008960617,0.014516078,-0.61728907,0.004301077,0.2962975,0.001254384,0.08641343,-0.012007309,-0.8271731,1.0090417,1.0133816,0.9987343,1.0035398,0.9714294,1.0256784,1.041593,1.086799,1.1294761,1.0060769,0.99383444,1.0211308,1.0292591,1.0745093,0.010985298,0.022374323,0.03302662,0.030729495,0.054143474,0.00066856435,0.0022039122,-0.0039261864,-0.0023718255,-0.0025080468,0.009259825,0.08894063,0.49463135,0.46169624,0.6544537,-0.0074140187,-0.0037520705,0.016168013,0.005132416,-0.0005218294,1.0262225,1.0356251,1.0840873,1.0915004,1.1904154,0.9656434,0.9524409,0.9524409,0.9524409,0.9524409,1.0121882,1.0121882,1.0519707,1.0519707,1.1403991,0.99869835,0.9710317,0.9920447,1.0037626,1.0251,0.4,0.6,0.3,0.2,0.1,0.5671361,0.5717318,0.36126393,0.34200525,0.19984949,0.6,0.1,0.25,0.033333335,0.4,0.2,0.4,0.7,0.8,0.9,0.4,-0.3,-0.45,-0.76666665,-0.5,0.20812704,-0.37558565,-0.2076099,0.12548961,-0.20956779,0.96697265,-0.009347207,0.112792894,0.14436135,0.27941212,0.4,0.3,0.35,0.36666667,0.4,0.6,0.7,0.65,0.6333333,0.6,-0.2,-0.4,-0.3,-0.26666668,-0.2,0.6484877,0.42755193,0.42322767,0.39528713,0.41833904,0.3515123,0.5724481,0.57677233,0.60471284,0.5816609,0.29697537,-0.14489615,-0.15354463,-0.20942572,-0.16332191,1.5875324,1.7924782,1.7266208,2.047994,1.7677599,0.52974653,0.5489224,0.47984725,0.74067086,0.7329749,0.8687662,0.8762458,0.9899022,0.9466854,1.2574116,0.3186252,0.41402355,0.45289472,0.46474847,0.48384652,0.6813748,0.5859765,0.54710525,0.53525156,0.51615345,-0.3627496,-0.17195292,-0.09421055,-0.07050308,-0.03230694
SH600515,0.038343493301665095,1.0,,2026-03-12,0.0,0.010152278,0.0,0.007614193,0.7499985,0.0025380845,0.2500015,-0.0050761085,-0.49999702,1.0,1.0076141,0.9974619,1.0020655,1.020155,1.0806202,1.1697674,1.179845,1.2612404,1.0093023,1.0230232,1.0789148,1.1032816,1.1794703,0.012084049,0.023527136,0.06295074,0.06299373,0.10282429,-0.0055813864,-0.006516325,-0.01031416,-0.006427298,-0.004836206,0.53333396,0.70319986,0.93958074,0.8067963,0.67471117,0.0018604723,0.00630024,0.019069802,-0.010085829,-0.036802206,1.03277,1.0833689,1.1820979,1.1973214,1.4613107,0.9896379,0.9896379,0.9896379,0.9896379,0.9896379,1.0116279,1.032713,1.151938,1.1528683,1.2536434,1.0018605,1.0060465,1.0175194,1.0220155,1.1089922,0.2,0.1,0.05,0.033333335,0.016666668,0.24024072,0.110551655,0.053840343,0.049893755,0.021968855,0.2,0.1,0.05,0.06666667,0.18333334,0.4,0.7,0.85,0.9,0.95,-0.2,-0.6,-0.8,-0.8333333,-0.76666665,-0.17669238,0.13278764,0.27511877,0.4138301,0.8328257,-0.8407341,-0.76541543,-0.7393198,-0.5078223,0.29894593,0.4,0.2,0.25,0.3,0.33333334,0.4,0.6,0.65,0.6,0.6,0.0,-0.4,-0.4,-0.3,-0.26666668,0.29687503,0.13380246,0.18803395,0.28518507,0.4161274,0.703125,0.8661975,0.81196606,0.71481496,0.5838726,-0.40624997,-0.73239505,-0.62393206,-0.42962986,-0.16774519,1.1402135,1.3253025,1.4687008,1.6180607,2.523807,0.29636416,0.41687712,0.41817293,0.49275607,1.6290729,1.3507743,1.3721061,1.0803534,1.156133,1.3360221,0.4302335,0.38033178,0.42408255,0.47958443,0.4865053,0.5697665,0.6196682,0.5759174,0.52041554,0.5134947,-0.139533,-0.23933643,-0.15183489,-0.040831137,-0.026989395
SZ001979,0.03746470155362801,0.875,,2026-03-12,-0.0062827393,0.021989536,-0.28571495,0.0062827393,0.28571495,0.009424057,0.42857006,-0.0031414223,-0.14285988,1.0063225,1.0126449,0.99051636,1.0009592,1.014526,1.0535169,1.14526,1.0282874,0.9701835,1.0016819,1.0174311,1.0589832,1.0643221,1.0042049,0.013712541,0.020583281,0.048913486,0.04716862,0.07285754,-0.00298165,-0.005967935,-0.008009128,-0.002738687,0.0029874505,0.1182,0.7706024,0.93838555,0.26126435,0.51280504,0.0042813593,0.009424536,0.017103557,-0.024611143,-0.092334665,1.0253326,1.063417,1.169832,1.169832,1.169832,0.9776064,0.9776064,0.9776064,0.9776064,0.89323825,1.0099388,1.0382262,1.1018348,1.1071866,1.0674312,0.9912844,0.99847096,1.0129969,1.0270642,0.9301223,0.6,0.3,0.15,0.1,0.51666665,0.46920937,0.2609654,0.11649642,0.11649642,0.38598767,0.2,0.3,0.15,0.43333334,0.71666664,0.4,0.7,0.85,0.9,0.26666668,-0.2,-0.4,-0.7,-0.46666667,0.45,-0.7332047,0.06526441,0.3201666,0.42346102,0.33981413,-0.7201463,-0.42925057,0.0255882,0.39023572,0.36038494,0.4,0.3,0.3,0.4,0.45,0.6,0.7,0.7,0.6,0.5,-0.2,-0.4,-0.4,-0.2,-0.05,0.39560458,0.26973692,0.25765294,0.47707564,0.5141818,0.60439545,0.73026305,0.74234706,0.52292436,0.48581818,-0.20879084,-0.46052614,-0.48469415,-0.045848757,0.02836363,1.5433064,1.6667476,1.8395646,2.1900582,2.1558838,0.5372957,0.4443252,0.5751257,0.82620597,0.90063447,0.95869833,0.83712405,1.0071987,1.5083884,1.6033032,0.4242403,0.34074467,0.38881832,0.47011843,0.49933985,0.5757597,0.6592553,0.6111817,0.5298816,0.5006602,-0.15151942,-0.31851062,-0.22236338,-0.059763145,-0.001320304
SZ002241,0.035682252758228276,0.875,,2026-03-12,0.001976329,0.020158065,0.098041594,0.01185768,0.588235,0.0063240565,0.3137234,-0.0035572941,-0.17647001,0.99802756,1.0118343,0.99171597,0.9998687,0.9913138,1.068237,1.0516721,1.1558076,1.1889536,0.9945542,1.0050436,1.0251611,1.0420574,1.0970742,0.013518875,0.030504629,0.030406358,0.04429829,0.0680222,0.0030756053,-0.0055836122,-0.003447301,-0.0037967034,-0.0030031365,0.12939577,0.30712166,0.44988096,0.56929994,0.5944956,-0.0007054467,0.020082671,0.007588242,0.012994756,-0.008481585,1.0137956,1.0725706,1.0729705,1.1826316,1.2567979,0.9554241,0.9554241,0.9554241,0.9554241,0.9554241,1.0007087,1.0101663,1.0505645,1.064769,1.1596808,0.99408287,0.98815906,0.9991297,1.0003165,1.0325757,0.5,0.55,0.275,0.18333334,0.09166667,0.763659,0.3805144,0.3792197,0.19619042,0.14790918,0.8,0.1,0.5,0.033333335,0.43333334,0.4,0.7,0.85,0.9,0.95,0.4,-0.6,-0.35,-0.8666667,-0.51666665,-0.70182335,0.16970135,0.053743828,0.42026684,0.583147,-0.8032526,-0.51941824,-0.06503235,-0.21638823,0.14400631,0.6,0.5,0.5,0.46666667,0.46666667,0.4,0.5,0.5,0.53333336,0.53333336,0.2,0.0,0.0,-0.06666667,-0.06666667,0.55984575,0.31940296,0.40915677,0.33277896,0.41146663,0.44015425,0.680597,0.5908432,0.66722107,0.5885334,0.119691506,-0.36119407,-0.18168643,-0.3344421,-0.17706676,1.2819868,1.4269578,1.3365875,1.7001096,1.9863766,0.328692,0.38045588,0.35173073,0.6975756,0.82622826,1.1099831,0.98693556,1.1143744,1.1867324,1.0172254,0.45555258,0.38201198,0.43675753,0.46434525,0.48009276,0.5444474,0.61798805,0.56324244,0.5356548,0.51990724,-0.08889485,-0.23597607,-0.1264849,-0.07130954,-0.03981448
SH688111,0.03549337613523745,0.875,,2026-03-12,-0.010597328,0.023949955,-0.442478,0.006605651,0.2758106,0.0067469752,0.2817114,-0.010456003,-0.43657717,1.0107108,1.0173873,0.99318075,1.0045078,0.9977136,1.0746772,1.1216012,1.1903338,1.0905414,1.0104964,1.0206339,1.0557828,1.1075604,1.1291586,0.008906279,0.024418976,0.043312088,0.08669586,0.08873524,-0.0035140258,-0.005890702,-0.0065969615,-0.009358278,-0.0013023216,0.3891861,0.5334462,0.8119657,0.9030189,0.06569677,-0.0034682923,0.005874272,0.0068883016,0.028134659,-0.09074012,1.0375109,1.0853084,1.1246616,1.2982669,1.481686,0.9836297,0.9836297,0.9836297,0.9836297,0.9836297,1.018235,1.033107,1.0986316,1.207028,1.2203383,1.0028703,1.0028703,1.0091878,1.0202821,1.0684652,0.2,0.2,0.1,0.06666667,0.033333335,0.3038225,0.1610004,0.1160753,0.05202917,0.032868396,0.6,0.1,0.3,0.2,0.4,0.4,0.7,0.85,0.9,0.95,0.2,-0.6,-0.55,-0.7,-0.55,0.01308369,0.4254186,0.13404353,0.52610976,0.66357976,-0.29811665,-0.15114571,-0.20303799,-0.104075074,0.33507293,0.4,0.3,0.4,0.43333334,0.4,0.6,0.7,0.6,0.56666666,0.5833333,-0.2,-0.4,-0.2,-0.13333334,-0.18333334,0.51584566,0.2514637,0.32108495,0.34734532,0.46460396,0.48415434,0.7485363,0.6789151,0.65265465,0.53539604,0.031691317,-0.49707258,-0.3578301,-0.30530933,-0.07079206,1.0848591,1.2245289,1.2619953,1.3918737,1.3807986,0.21355052,0.27299973,0.28896648,0.3449357,0.67306256,0.4625881,0.6726137,0.8608041,0.77722955,1.6159396,0.46522245,0.44271356,0.44094867,0.48503053,0.502379,0.5347776,0.55728644,0.55905133,0.51496947,0.49762103,-0.06955511,-0.114572875,-0.11810268,-0.02993893,0.0047579654
SH601009,0.034390954829967936,0.875,,2026-03-12,0.008122739,0.019855637,0.40908986,0.010830358,0.5454551,0.0009025394,0.045455072,-0.0018050788,-0.090910144,0.9919427,1.0107431,0.99104744,1.0019357,1.0098411,1.0026495,0.9650518,0.9337624,1.0205653,0.9956599,1.0042518,1.0056839,0.98411137,0.98997605,0.006480468,0.01046012,0.009797723,0.032713078,0.03292183,-0.00070653995,-0.0025898672,-0.00058236095,0.0028319235,-0.00031872,0.029716711,0.56194407,0.1236523,0.58079374,0.02858582,0.005753207,0.007402549,-0.00015142502,-0.025174284,0.01942618,1.0133679,1.0349258,1.0349258,1.0349258,1.0402957,0.97399694,0.97399694,0.96865433,0.92124057,0.92124057,1.0008832,1.0139036,1.014257,1.0126672,1.0146102,0.9911936,0.9933384,0.99722433,0.9462529,0.9494323,0.8,0.4,0.3,0.53333336,0.45,0.6604626,0.4267777,0.47298867,0.6927851,0.6615375,0.2,0.3,0.65,0.76666665,0.13333334,0.8,0.9,0.05,0.033333335,0.51666665,-0.6,-0.6,0.6,0.73333335,-0.38333333,0.0646473,0.47814524,0.120481975,-0.51748925,-0.49241537,0.059561886,0.24436367,0.14996083,0.23849896,0.12913562,0.4,0.5,0.5,0.46666667,0.4,0.6,0.5,0.5,0.53333336,0.6,-0.2,0.0,0.0,-0.06666667,-0.2,0.35227168,0.47661412,0.6064566,0.63794005,0.48056278,0.6477283,0.5233859,0.39354342,0.36205995,0.5194372,-0.29545665,-0.046771757,0.21291317,0.2758801,-0.038874425,0.95917195,1.0635968,1.244912,1.4278855,1.457659,0.2489655,0.3129451,0.48127258,0.49419484,0.6772163,0.6372032,0.5564952,1.7371156,1.4327489,1.2212162,0.57864016,0.48647597,0.45189175,0.47881418,0.5006447,0.42135984,0.51352406,0.5481083,0.5211858,0.49935532,0.15728031,-0.027048063,-0.0962165,-0.042371646,0.0012893794
SZ300782,0.03436555427597281,0.875,,2026-03-12,-0.02359947,0.034684137,-0.68041104,0.008462527,0.24398841,0.002622139,0.07560053,-0.02943986,-0.84879893,1.0241699,1.0328369,0.9973145,1.0076729,1.0103755,0.93663245,0.90576106,0.9743512,0.8555777,1.0119307,0.99935937,0.95905715,0.95718396,0.9509811,0.021041756,0.024700493,0.045271877,0.040715247,0.0483399,0.0031149823,0.005153528,0.006949013,0.0019877357,0.0011891965,0.054788217,0.39903358,0.8246265,0.18471615,0.18458465,-0.018160688,-0.02255022,-0.025072763,0.013993873,0.0139376465,1.0532235,1.0532235,1.0532235,1.0532235,1.0742079,0.96679306,0.92406815,0.893297,0.893297,0.82727635,1.0297711,1.0137413,1.0038438,0.9978459,0.99474025,0.99775314,0.98610085,0.9178729,0.9178729,0.9155564,0.4,0.5,0.75,0.8333333,0.85,0.38420397,0.58791083,0.66719997,0.66719997,0.6994797,0.6,0.8,0.9,0.93333334,0.26666668,0.4,0.1,0.05,0.36666667,0.06666667,0.2,0.7,0.85,0.56666666,0.2,0.8844786,0.45717818,0.8113434,0.7486947,0.67139053,0.8718087,0.88801986,0.73631614,0.667173,0.71581906,0.2,0.5,0.55,0.5,0.46666667,0.8,0.5,0.45,0.5,0.53333336,-0.6,0.0,0.1,0.0,-0.06666667,0.45405957,0.62270784,0.6395383,0.5238424,0.56482875,0.5459404,0.3772922,0.3604617,0.4761576,0.43517125,-0.09188085,0.24541564,0.2790766,0.04768481,0.1296575,1.2191082,1.3622391,1.007156,1.1014358,1.2565912,0.5284741,0.470242,0.5026461,0.4756664,0.633392,1.2782214,1.0165886,1.4262362,1.207285,1.6096823,0.40673757,0.5279124,0.51177794,0.48136595,0.5099747,0.59326243,0.47208762,0.48822206,0.518634,0.4900253,-0.1865249,0.055824764,0.023555892,-0.037268084,0.019949393
SH601100,0.03428660087888928,0.875,,2026-03-12,-0.01858865,0.035679713,-0.52098656,0.007576436,0.21234575,0.009514627,0.26666772,-0.016650459,-0.46666458,1.0189407,1.0266607,0.9903052,1.0041081,0.9551338,1.0286541,1.0760337,1.0872691,1.0027145,1.0008848,0.9876637,1.0289279,1.0246181,1.0133723,0.030941978,0.03323874,0.052754324,0.04828145,0.04617242,0.012854082,0.0033473845,-0.006766293,-0.0015109977,0.00079990464,0.43144548,0.09296802,0.575776,0.0759047,0.09154001,-0.026592907,-0.0027269125,0.035351805,-0.0027086872,-0.036969475,1.0491999,1.0491999,1.1299162,1.1308846,1.1308846,0.9246923,0.9246923,0.9246923,0.9246923,0.9246923,1.0310669,1.0164886,1.087068,1.0743848,1.057117,0.97769004,0.95835114,0.97769004,0.9766797,0.97027016,0.6,0.6,0.3,0.3,0.41666666,0.6048439,0.6048439,0.36695394,0.36523038,0.36523038,0.6,0.8,0.2,0.06666667,0.53333336,0.4,0.7,0.85,0.9,0.95,0.2,0.1,-0.65,-0.8333333,-0.41666666,0.10997493,-0.12151069,-0.30187398,-0.1151995,0.14942794,0.53045136,0.040831763,-0.21784063,0.040945493,0.33092955,0.6,0.4,0.4,0.36666667,0.4,0.2,0.5,0.55,0.6,0.5833333,0.4,-0.1,-0.15,-0.23333333,-0.18333334,0.7096549,0.4327988,0.39871415,0.431291,0.4989756,0.2903451,0.5672012,0.6012858,0.568709,0.50102437,0.41930982,-0.13440242,-0.20257166,-0.13741799,-0.0020487728,1.4195361,1.3224721,1.2403984,1.4807088,1.5925523,0.3952412,0.33635193,0.36868733,0.55876607,0.53475714,1.1148604,0.9904863,1.0246353,1.1702564,1.0625668,0.46743923,0.47052658,0.40940183,0.42036685,0.47654092,0.53256077,0.5294734,0.59059817,0.5796332,0.5234591,-0.065121554,-0.058946874,-0.18119635,-0.15926631,-0.04691816
SH601988,0.0334249122004723,1.0,,2026-03-12,0.0037383046,0.009345794,0.3999986,0.001869185,0.20000279,0.0037383046,0.3999986,0.0056074243,0.5999944,0.9962756,1.0018622,0.9925512,0.9989179,1.0036023,0.981268,0.99567723,0.99207497,1.0648415,0.9982709,0.9971182,0.9960735,0.99507684,1.0174232,0.0041885925,0.0078409305,0.008744426,0.008684952,0.027544588,-0.00072046334,0.00085582084,-6.8795314e-05,0.00016204403,-0.0013297199,0.07396522,0.10920486,0.0021663224,0.026979443,0.71080035,0.003170018,-0.00096935994,0.0045800605,0.0025735062,0.021803582,1.0091882,1.0130906,1.0130906,1.0149529,1.0725893,0.9866688,0.97730345,0.97730345,0.97358036,0.97358036,1.0007205,1.0036023,1.0038905,1.0036023,1.0501441,0.9966859,0.99135447,0.9877522,0.9865994,0.99207497,0.8,0.7,0.65,0.7,0.38333333,0.591987,0.6342098,0.6342098,0.6385795,0.26684082,0.2,0.3,0.65,0.26666668,0.28333333,0.8,0.2,0.6,0.1,0.55,-0.6,0.1,0.05,0.16666667,-0.26666668,-0.13879628,0.4761283,0.4047961,0.15990151,0.058391567,-0.41492933,0.49026942,0.2788811,0.0797651,0.0653218,0.4,0.6,0.45,0.5,0.45,0.4,0.3,0.4,0.36666667,0.48333332,0.0,0.3,0.05,0.13333334,-0.033333335,0.40740693,0.6354166,0.5172415,0.5194346,0.43119264,0.5925931,0.36458334,0.48275852,0.48056546,0.56880736,-0.18518618,0.27083328,0.034482937,0.038869105,-0.13761473,1.1552272,1.5146357,1.3781099,1.5978628,1.640681,0.2583418,0.7260353,0.5488513,0.5937935,0.53394085,0.7773599,1.3992496,1.3538677,1.2887284,1.0499296,0.32831383,0.5045676,0.45677963,0.44907925,0.48223647,0.6716862,0.49543238,0.54322034,0.5509208,0.5177635,-0.34337232,0.009135221,-0.08644074,-0.10184152,-0.03552705
SH603893,0.03340269478132715,0.75,,2026-03-12,-0.017197438,0.026983209,-0.6373385,0.0055587683,0.20600843,0.0042270026,0.15665308,-0.018529203,-0.68669385,1.0174984,1.0231544,0.99569905,1.0073823,0.9830479,1.0762557,1.073573,1.1470319,1.0617579,1.0162328,1.0107249,1.0431678,1.0694406,1.0733695,0.018983815,0.029936917,0.04015511,0.054298878,0.047590576,0.0003481841,-0.00090389705,-0.004677274,-0.0051544583,-0.00043006585,0.0008409902,0.008356707,0.47486702,0.6983708,0.024907365,-0.016929233,-0.0066573247,0.001266321,0.0052990345,-0.060682505,1.0626415,1.0709361,1.1051098,1.2340943,1.2340943,0.97713995,0.9665713,0.9665713,0.9665713,0.9665713,1.0329795,1.0343379,1.0761187,1.1039498,1.109532,0.9985388,0.9814269,0.9985388,1.0304223,1.0340867,0.4,0.5,0.25,0.16666667,0.083333336,0.2673643,0.32030648,0.24129564,0.12495653,0.12495653,0.6,0.1,0.4,0.16666667,0.5833333,0.2,0.4,0.7,0.8,0.9,0.4,-0.3,-0.3,-0.6333333,-0.31666666,0.928569,0.27609918,-0.0986553,0.6578121,0.6979606,0.81751084,0.22472696,0.33440906,0.46661058,0.54703134,0.6,0.4,0.45,0.43333334,0.46666667,0.4,0.6,0.55,0.56666666,0.53333336,0.2,-0.2,-0.1,-0.13333334,-0.06666667,0.5990663,0.30771446,0.37896723,0.37490287,0.4725046,0.4009337,0.69228554,0.6210328,0.62509716,0.52749544,0.1981326,-0.38457105,-0.24206553,-0.25019425,-0.05499083,1.258377,1.3335896,1.2023958,1.7661386,1.9862964,0.48520696,0.46962672,0.38588974,1.0889955,1.0678815,1.2562149,1.2798645,1.4241197,1.7497072,1.5155668,0.50485075,0.46544498,0.47821847,0.4147428,0.48679066,0.49514925,0.534555,0.52178156,0.5852572,0.51320934,0.009701465,-0.06911005,-0.04356309,-0.17051439,-0.026418673
SZ300999,0.0333242827594758,0.75,,2026-03-12,-0.0071474314,0.019818058,-0.36065245,0.00519822,0.26229712,0.0074724075,0.37705043,-0.004873244,-0.24589916,1.0071989,1.0124345,0.9924738,1.0019703,0.9389338,0.9602584,0.9683359,0.9676898,0.9434572,1.0008401,0.9768013,0.9744426,0.97391486,0.96514267,0.03066712,0.03313673,0.024070753,0.021335678,0.019497152,0.004749597,0.0074215503,0.00089448184,0.00027889592,0.0006216859,0.059966337,0.45981318,0.048331663,0.013242595,0.31009835,-0.010339234,-0.010198245,0.017059801,0.022041125,0.01651759,1.0995748,1.0995748,1.0995748,1.0995748,1.0995748,0.9292283,0.9292283,0.9292283,0.9292283,0.9284929,1.0111147,1.0024555,0.9891438,0.9868821,0.9774475,0.99121165,0.9524394,0.9583844,0.95844907,0.9494022,0.4,0.7,0.85,0.8666667,0.93333334,0.41545734,0.41545734,0.41545734,0.41545734,0.41797003,0.4,0.7,0.85,0.9,0.95,0.2,0.6,0.8,0.8666667,0.06666667,0.2,0.1,0.05,0.033333335,0.8833333,0.92354345,0.8250986,0.61557853,0.57207435,0.66142756,0.8958421,0.8151691,0.77744436,0.727482,0.69007665,0.4,0.5,0.45,0.5,0.53333336,0.6,0.5,0.55,0.5,0.45,-0.2,0.0,-0.1,0.0,0.083333336,0.7086092,0.6033614,0.5597562,0.5390625,0.5466169,0.29139075,0.39663857,0.4402438,0.4609375,0.45338306,0.4172185,0.20672284,0.11951238,0.078124985,0.09323387,1.5760558,1.1620115,0.81180906,0.7936424,0.6333585,1.068538,0.84588057,0.6900477,0.58001816,0.44876224,1.6441928,2.164155,2.865309,2.702532,3.323181,0.49622983,0.55257195,0.52695924,0.5282272,0.520276,0.5037702,0.44742802,0.47304076,0.4717728,0.479724,-0.0075403485,0.10514395,0.05391849,0.056454405,0.040552046
SZ002311,0.03313474539991063,0.625,,2026-03-12,0.025780719,0.049019624,0.5259265,0.004720422,0.096296586,0.018518481,0.37777692,0.039578777,0.80740684,0.9748672,1.0046018,0.95681417,0.9917621,0.936991,0.948319,0.9499234,0.9157692,0.9662105,0.9774558,0.9671536,0.9601016,0.9439183,0.9468475,0.014702691,0.016735226,0.014816668,0.027753305,0.023075785,0.0040158527,0.0028251542,0.0013208032,0.0026472174,0.00013091059,0.18650992,0.26123577,0.278127,0.7051012,0.009816043,0.014512488,0.020133175,0.027350787,0.01769709,0.04929064,1.0046018,1.0046018,1.0046018,1.0046018,1.007799,0.9330994,0.93203527,0.9311497,0.87081254,0.87081254,0.98584247,0.97578824,0.9695359,0.96387196,0.96387196,0.9678002,0.95890796,0.94768214,0.91197705,0.9328148,1.0,1.0,1.0,1.0,1.0,0.9356415,0.93658525,0.9373498,0.96560425,0.94306684,1.0,1.0,1.0,1.0,0.28333333,0.2,0.5,0.4,0.16666667,0.5833333,0.8,0.5,0.6,0.8333333,-0.3,0.6257734,0.29037726,0.31069067,-0.30734947,-0.25216183,0.62393874,0.30884498,0.25751778,0.3283858,0.13396683,0.6,0.5,0.5,0.46666667,0.43333334,0.4,0.5,0.5,0.53333336,0.53333336,0.2,0.0,0.0,-0.06666667,-0.1,0.80069613,0.65334684,0.5901454,0.5998043,0.5219395,0.1993039,0.34665316,0.40985462,0.40019575,0.47806048,0.6013922,0.30669367,0.18029077,0.1996085,0.04387906,0.8116923,0.7717,0.7188041,0.8233917,0.7653182,0.22469811,0.18864992,0.22573972,0.28493357,0.25194308,0.84573215,0.91843265,0.924507,1.0000296,1.0187916,0.6179993,0.6157887,0.45663643,0.4994868,0.51191545,0.38200068,0.3842113,0.5433636,0.5005132,0.48808455,0.23599862,0.23157738,-0.08672714,-0.0010263692,0.02383091
SH601688,0.03166675810363605,0.875,,2026-03-12,-0.0055192583,0.015052687,-0.36666265,0.0020070854,0.13333735,0.0075263437,0.5,0.0,0.0,1.0055499,1.0075681,0.9924319,1.0000443,1.0261153,1.0841494,1.1160682,1.156692,1.1352919,1.0055132,1.0282553,1.0749546,1.0989239,1.1391912,0.01319397,0.030190019,0.054179993,0.05727374,0.06440131,-0.004207462,-0.009190931,-0.008788293,-0.0059754457,-0.002463758,0.25423154,0.84957874,0.92087203,0.8435896,0.44638175,0.0029017143,0.013103863,0.00853415,-0.012279961,-0.06651026,1.0366462,1.0898086,1.1563592,1.1952131,1.2990301,0.98820573,0.98820573,0.98820573,0.98820573,0.98820573,1.0101559,1.0581067,1.1297061,1.1503083,1.1912223,0.99854916,1.0011606,1.0220529,1.0272759,1.098005,0.4,0.2,0.1,0.06666667,0.033333335,0.24347907,0.116081804,0.07013975,0.056975,0.037945047,0.2,0.1,0.15,0.1,0.31666666,0.4,0.7,0.85,0.9,0.95,-0.2,-0.6,-0.7,-0.8,-0.6333333,-0.3885303,0.18368734,-0.31122717,0.2186823,0.43112016,-0.8174713,-0.575399,-0.2612967,-0.17763266,0.25618958,0.6,0.3,0.3,0.3,0.36666667,0.4,0.6,0.65,0.6333333,0.5833333,0.2,-0.3,-0.35,-0.33333334,-0.21666667,0.26315764,0.12820487,0.25903612,0.30817062,0.43033248,0.7368424,0.8717951,0.7409639,0.6918294,0.5696675,-0.47368473,-0.7435903,-0.48192772,-0.38365874,-0.13933502,1.2459787,1.3724285,1.2665185,1.6088759,1.7933114,0.32812518,0.40151113,0.40378013,0.77034366,0.7480741,1.5038817,1.2088866,1.0569291,1.3704313,1.4405235,0.5197555,0.45711744,0.4450714,0.4865986,0.47216836,0.48024452,0.54288256,0.5549286,0.5134014,0.5278317,0.039510973,-0.085765146,-0.109857224,-0.02680275,-0.055663314
SZ300408,0.03052649342936238,0.875,,2026-03-12,-0.0254766,0.05285966,-0.48196673,0.0025996594,0.0491804,0.024783403,0.46885285,-0.0032928544,-0.06229428,1.0261426,1.0288103,0.97456867,0.9942118,1.048889,1.1728563,0.94252825,0.9420069,0.7981471,1.0304003,1.055671,1.0472326,1.0006938,0.91490865,0.023944385,0.039755084,0.076315396,0.09244991,0.1127524,-0.0075399047,-0.011197317,0.003838044,0.0071982434,0.0057663852,0.24789305,0.7272004,0.08852452,0.4698311,0.7977293,-0.015320438,-0.0052830293,-0.083694085,-0.10506833,-0.08501703,1.0734302,1.1669779,1.2246134,1.2246134,1.2246134,0.9693894,0.9693894,0.89115924,0.8509686,0.7488713,1.049651,1.0744205,1.1207508,1.0592364,1.0192187,1.0106521,1.0289725,1.0073794,0.91230446,0.8133793,0.2,0.1,0.2,0.46666667,0.73333335,0.29421723,0.15492098,0.32640398,0.39885855,0.5278673,0.6,0.1,0.45,0.6333333,0.81666666,0.4,0.7,0.1,0.26666668,0.13333334,0.2,-0.6,0.35,0.36666667,0.68333334,-0.58739674,0.45762855,0.6247075,0.59306234,0.5945485,-0.55890894,-0.2861387,0.6539531,0.6289888,0.5467404,0.2,0.1,0.3,0.3,0.45,0.8,0.9,0.65,0.6666667,0.53333336,-0.6,-0.8,-0.35,-0.36666667,-0.083333336,0.32399654,0.1711932,0.5442093,0.53323525,0.57654285,0.67600346,0.8288068,0.4557907,0.46676475,0.42345712,-0.35200694,-0.6576136,0.08841859,0.066470526,0.15308575,0.89477575,0.95046735,1.0126462,0.95334965,0.8585281,0.11525632,0.17777081,0.33253753,0.3166997,0.28508842,0.6245501,0.8837417,1.7257308,1.6802156,1.7280787,0.6422224,0.41311422,0.472227,0.50076026,0.5014179,0.3577776,0.58688575,0.527773,0.49923974,0.4985821,0.28444484,-0.17377155,-0.055546016,0.0015205027,0.0028357855
SH601186,0.028822959691916172,0.75,,2026-03-12,0.0067934543,0.0095108105,0.71428764,0.0,0.0,0.0027173562,0.28571236,0.0095108105,1.0,0.9932524,1.0,0.9905534,0.9957187,0.9716377,0.9926807,0.9826167,1.0256176,1.0466607,0.9864593,0.98298264,0.9814273,0.9836231,1.0138304,0.010499583,0.011590496,0.00961907,0.012593682,0.032710854,0.0058554336,0.0009093681,0.0004897886,-0.00032016862,-0.0016331924,0.77752453,0.056426987,0.090744264,0.050090317,0.7603102,0.0018298115,0.012925194,0.013919713,0.021019358,0.034348708,1.0,1.0,1.0132129,1.034435,1.0616397,0.96729594,0.96070486,0.96070486,0.96022505,0.96022505,0.99560845,0.9930467,0.9919488,0.9926807,1.0494053,0.979506,0.9738335,0.9751144,0.9751144,0.9806039,1.0,1.0,1.0,0.93333334,0.46666667,1.0,1.0,0.74836344,0.53597826,0.39220127,1.0,1.0,0.45,0.033333335,0.4,0.2,0.4,0.7,0.26666668,0.6333333,0.8,0.6,-0.25,-0.23333333,-0.23333333,0.87966865,0.0092962105,0.3688108,0.42859218,-0.6245199,0.063173845,-0.0754028,0.10626374,0.13016854,-0.05201782,0.8,0.5,0.45,0.43333334,0.46666667,0.2,0.4,0.45,0.5,0.45,0.6,0.1,0.0,-0.06666667,0.016666668,0.84444416,0.54651153,0.55974823,0.45070416,0.44492432,0.15555586,0.45348847,0.44025174,0.54929584,0.55507565,0.68888825,0.09302305,0.11949652,-0.098591685,-0.11015135,0.8532971,0.9376099,0.90081865,1.1950424,0.8195228,0.14243945,0.16468096,0.54102737,0.83078897,0.751301,0.40515015,0.7346129,1.0121721,0.95993435,1.3843517,0.59982723,0.40696397,0.49847272,0.5120415,0.5170603,0.4001728,0.593036,0.5015273,0.4879585,0.48293975,0.1996544,-0.18607204,-0.0030545888,0.024082992,0.03412052
SH688169,0.02803032044005898,0.75,,2026-03-12,-7.4460986e-05,0.019867634,-0.0037478535,0.010491886,0.52808934,0.009301288,0.46816283,-0.0012650588,-0.06367435,1.0000745,1.0105672,0.99069804,0.9978939,0.99584264,1.0812656,1.0962919,1.1382763,1.1687019,0.9948396,1.0062753,1.0625412,1.0716668,1.1155438,0.010663908,0.02491982,0.061315525,0.05270744,0.0601767,0.0020824398,-0.0053983848,-0.009581334,-0.0042282008,-0.0026284119,0.095334955,0.43017915,0.85463196,0.49873412,0.58187526,0.0009955175,0.018017404,0.028481377,-0.010357895,-0.03800564,1.0105672,1.0862541,1.143769,1.143769,1.2294296,0.9562495,0.9562495,0.9562495,0.9562495,0.9562495,1.0010889,1.0109771,1.1266915,1.1255132,1.1623223,0.9913459,0.9940678,0.9991685,1.0016705,1.0731595,0.6,0.5,0.25,0.16666667,0.083333336,0.80545676,0.33653048,0.23331176,0.23331176,0.16015269,1.0,0.1,0.25,0.5,0.33333334,0.4,0.7,0.85,0.9,0.95,0.6,-0.6,-0.6,-0.4,-0.6166667,-0.5933583,0.3325304,0.0014291432,0.18300337,0.3403617,-0.85383856,-0.36840057,-0.11064543,-0.13556355,0.085538305,0.6,0.4,0.4,0.46666667,0.48333332,0.4,0.6,0.6,0.53333336,0.51666665,0.2,-0.2,-0.2,-0.06666667,-0.033333335,0.536473,0.23648897,0.33791518,0.34435722,0.41086662,0.46352702,0.763511,0.6620848,0.65564275,0.5891334,0.07294594,-0.52702206,-0.32416967,-0.31128553,-0.1782668,0.77864134,0.8401574,0.84807414,0.9576268,1.0609604,0.19952233,0.20630205,0.2748204,0.32059982,0.40195873,1.0799824,0.84644127,1.0594434,0.9528702,0.88536084,0.65355194,0.46197635,0.51096755,0.45659465,0.4972242,0.3464481,0.53802365,0.48903248,0.54340535,0.5027758,0.3071038,-0.07604729,0.021935051,-0.08681072,-0.0055515473
SZ301269,0.027583874971436884,0.875,,2026-03-12,-0.011664266,0.021974554,-0.53080785,0.0069776946,0.3175352,0.0033325942,0.15165697,-0.0153093655,-0.6966861,1.011802,1.018862,0.99662805,1.0037267,1.0008396,1.0677931,1.0324273,1.2373806,1.1216288,1.0104733,1.0138944,1.0380628,1.0666072,1.1103351,0.009622849,0.024316281,0.034970395,0.06396587,0.07183785,-0.001070416,-0.003396336,-0.0032477053,-0.0056263125,-0.002254614,0.030934129,0.1788292,0.30187017,0.59958774,0.30042598,-0.008332459,0.0013890745,-0.0072095715,0.014974314,-0.04382402,1.0292925,1.0661225,1.1253517,1.2591648,1.2731017,0.9717282,0.9717282,0.9717282,0.9717282,0.9717282,1.0142722,1.0296988,1.069619,1.1086577,1.1823276,1.0056249,0.998111,1.0057929,1.0106622,1.0415363,0.2,0.3,0.15,0.1,0.05,0.49113476,0.29950747,0.18403305,0.09835838,0.09380985,0.6,0.1,0.35,0.033333335,0.5,0.4,0.7,0.85,0.9,0.95,0.2,-0.6,-0.5,-0.8666667,-0.45,0.39200917,0.009778185,0.54604244,0.7071606,0.66212374,-0.053167388,-0.38321942,0.048297387,-0.080666766,0.3911421,0.6,0.4,0.5,0.4,0.48333332,0.4,0.6,0.5,0.6,0.51666665,0.2,-0.2,0.0,-0.2,-0.033333335,0.49180314,0.26829267,0.44428408,0.2741614,0.44120926,0.5081969,0.73170733,0.5557159,0.7258386,0.55879074,-0.016393743,-0.46341467,-0.111431815,-0.45167723,-0.117581494,1.1788679,1.3539971,1.5369455,1.8557652,2.0045366,0.32536057,0.4157835,0.49614906,0.6611689,0.93451446,0.7737865,1.513225,1.2556432,1.0833051,1.069349,0.4434926,0.4176916,0.4526661,0.3674361,0.490129,0.5565074,0.5823084,0.5473339,0.6325639,0.509871,-0.11301479,-0.16461682,-0.09466778,-0.26512775,-0.01974202
SH600089,0.026484672789248535,0.875,,2026-03-12,-0.0064432793,0.028350484,-0.2272723,0.0070875986,0.24999921,0.014819605,0.5227285,0.0012887273,0.045456976,1.0064851,1.0136186,0.9850843,0.99879235,1.062906,0.9915706,0.943579,0.9597916,0.718547,1.0293777,1.0178021,0.9745145,0.9572097,0.8731412,0.026116636,0.03325702,0.05611454,0.053192914,0.11114694,-0.014591911,0.0034134109,0.008351565,0.004779449,0.005831353,0.7804227,0.09656549,0.7752701,0.6256764,0.839544,-0.00019386738,-0.033162456,-0.05385434,-0.026511699,-0.04516612,1.0784703,1.0791187,1.0791187,1.0791187,1.0791187,0.9850843,0.9439061,0.8790528,0.8544095,0.6990895,1.0485097,1.0485097,1.0234754,1.002077,0.9806764,1.0051881,0.99675745,0.9086924,0.90842944,0.74474907,0.2,0.3,0.65,0.76666665,0.8833333,0.15972096,0.41485673,0.60453665,0.64790606,0.7918087,0.2,0.5,0.75,0.8333333,0.9166667,1.0,0.4,0.1,0.23333333,0.033333335,-0.8,0.1,0.65,0.6,0.8833333,0.89545333,0.5857725,0.79953086,0.38669273,0.6259082,0.40818176,0.71369076,0.6154108,0.60218066,0.43539706,0.2,0.4,0.45,0.4,0.5,0.8,0.6,0.55,0.6,0.5,-0.6,-0.2,-0.1,-0.2,0.0,0.1766795,0.5139763,0.558545,0.53009665,0.6043251,0.8233205,0.4860237,0.441455,0.46990335,0.39567485,-0.64664096,0.027952604,0.11708997,0.06019328,0.20865028,1.6095281,1.7426256,1.4255255,1.6109513,1.5617981,0.4040182,0.4454695,0.5041358,0.5830325,0.88583046,0.47413862,0.81658953,0.98041207,0.8827867,1.2597071,0.010172231,0.44330636,0.4736874,0.4345964,0.5055754,0.98982775,0.5566936,0.5263126,0.5654036,0.49442458,-0.97965556,-0.113387264,-0.052625168,-0.1308072,0.011150836
SZ002352,0.02595767857557478,1.0,,2026-03-12,0.0034937253,0.010481067,0.33333683,0.002418674,0.23076601,0.004568667,0.43589717,0.005643719,0.538468,0.99651843,1.0024103,0.99196565,0.99778944,0.9833724,1.0042634,1.0302707,1.0578412,1.0198252,0.99701554,0.9937895,1.0100226,1.0145621,1.0216893,0.0048556435,0.011360906,0.021887107,0.022080936,0.020995898,0.0015846016,0.0001817389,-0.0031078004,-0.0016966979,-0.000341829,0.26624817,0.0023457478,0.7056633,0.45758927,0.08084417,-0.00018472345,0.0053926953,0.019501416,0.010040009,-0.01160528,1.0037876,1.0214425,1.0594859,1.0733689,1.0733694,0.9721521,0.96489805,0.96489805,0.96489805,0.96489805,0.999602,0.999602,1.0340794,1.0381155,1.0417821,0.9957649,0.9874653,0.9916861,0.9991188,1.0023023,1.0,0.9,0.45,0.3,0.16666667,0.8802724,0.62078434,0.37110424,0.32360694,0.32360563,0.8,0.1,0.05,0.033333335,0.48333332,0.4,0.4,0.7,0.8,0.9,0.4,-0.3,-0.65,-0.76666665,-0.41666666,-0.7753077,-0.25196832,0.018276708,0.19422413,0.20728056,-0.215137,-0.6435187,-0.17376558,0.009523319,0.1870505,0.6,0.5,0.35,0.36666667,0.43333334,0.2,0.3,0.55,0.56666666,0.51666665,0.4,0.2,-0.2,-0.2,-0.083333336,0.73877674,0.47838664,0.41132396,0.40039182,0.48076662,0.2612233,0.52161336,0.58867604,0.5996082,0.51923335,0.47755346,-0.043226697,-0.17735209,-0.19921637,-0.03846674,1.1924814,1.6228459,1.662603,1.7921245,1.6765869,0.24387227,0.6094997,0.6291452,0.5904049,0.61162144,0.96062875,1.069076,1.1676611,0.96845,1.124792,0.28766,0.35160515,0.42720982,0.46149468,0.4966715,0.71234,0.6483949,0.57279015,0.5385053,0.5033285,-0.42467996,-0.29678974,-0.14558034,-0.07701063,-0.006656979
SH603288,0.02592131884040303,0.75,,2026-03-12,-0.009895661,0.015512195,-0.63792783,0.0026745265,0.17241444,0.002942008,0.18965775,-0.0096281795,-0.6206845,1.0099945,1.0126958,0.9970286,1.0023782,0.9719215,0.96813875,0.9722905,0.9781646,0.97844136,1.004976,0.98641896,0.9854087,0.9762629,0.9882222,0.004669009,0.02027957,0.01879696,0.021216724,0.022500586,0.00021527667,0.00561365,0.00017358689,0.0012841802,-0.00033699235,0.0053147716,0.7024002,0.0029848788,0.28392062,0.06841515,-0.005406546,-0.011680394,0.012942227,0.005116446,0.021719098,1.0132447,1.0132447,1.0232104,1.0232104,1.0365881,0.96974605,0.9521977,0.9521977,0.9334143,0.9334143,1.0082729,1.0072025,1.0044347,1.0003814,1.0104933,1.0,0.96969485,0.9689998,0.96017337,0.9690798,0.3,0.65,0.675,0.78333336,0.64166665,0.69551307,0.78303975,0.6731512,0.7415207,0.64537424,0.4,0.7,0.05,0.36666667,0.4,0.2,0.2,0.6,0.2,0.6,0.2,0.5,-0.55,0.16666667,-0.2,-0.09817085,0.16634607,0.5066081,0.12265341,-0.060862463,0.8001882,0.6384398,0.7758554,0.63737184,0.57541984,0.6,0.6,0.45,0.43333334,0.43333334,0.4,0.4,0.55,0.56666666,0.56666666,0.2,0.2,-0.1,-0.13333334,-0.13333334,0.78266233,0.6586039,0.5610187,0.5301512,0.51965904,0.21733768,0.34139612,0.43898132,0.46984878,0.480341,0.56532466,0.31720778,0.12203738,0.060302436,0.039318033,1.4600384,1.3759793,1.5254719,1.6438149,1.3431708,0.5518939,0.44096065,0.93053657,0.8444062,0.71035856,1.302477,1.0203917,2.0080223,1.7089843,1.9734676,0.47952938,0.5089879,0.48475462,0.4943419,0.50512856,0.5204706,0.4910121,0.5152454,0.5056581,0.49487144,-0.04094122,0.017975807,-0.03049078,-0.011316159,0.010257109
SZ300832,0.025426503762505652,1.0,,2026-03-12,-0.000930742,0.017870383,-0.052082937,0.01358895,0.7604174,0.0033506907,0.18749966,-0.011169001,-0.62500066,1.0009316,1.0145332,0.99664617,1.0043044,0.96829426,0.96702594,1.0163964,1.0585197,1.1033608,1.0058339,0.9863031,0.98722255,0.99742424,1.0453422,0.008254078,0.023321602,0.020251747,0.024952503,0.05449155,-0.0014403381,0.0059853937,-9.528797e-05,-0.0015684508,-0.0025969157,0.076125786,0.60378194,0.00077485276,0.30620715,0.6927193,-0.002953151,-0.013237344,0.0136826895,0.025318282,0.031266768,1.0169008,1.0169008,1.0240273,1.0672449,1.175861,0.9632423,0.93830246,0.93830246,0.93830246,0.93830246,1.0113416,1.009258,1.008171,1.0151281,1.0976537,0.99894917,0.97249746,0.97251564,0.97369325,0.99474585,0.4,0.7,0.7,0.53333336,0.26666668,0.68503094,0.784973,0.7197154,0.47848928,0.25971514,0.2,0.6,0.05,0.033333335,0.38333333,0.2,0.2,0.6,0.73333335,0.8666667,0.0,0.4,-0.55,-0.7,-0.48333332,0.45493308,-0.14350368,-0.10657862,0.29011965,-0.33503821,0.8662676,0.5420302,0.4022384,0.34745976,0.2457521,0.6,0.6,0.35,0.33333334,0.35,0.4,0.4,0.65,0.6666667,0.65,0.2,0.2,-0.3,-0.33333334,-0.3,0.67023367,0.59449667,0.46460685,0.41468567,0.43303204,0.3297663,0.4055033,0.5353931,0.58531433,0.56696796,0.34046736,0.18899338,-0.070786275,-0.17062864,-0.1339359,1.2506291,1.323982,1.0818837,1.3601917,1.1047941,0.518833,0.45567125,0.41674492,0.607512,0.55828243,1.3544804,1.1800992,1.569175,1.3314809,1.3040168,0.4853714,0.5120275,0.47084156,0.50009304,0.5122667,0.5146286,0.48797253,0.5291584,0.49990693,0.48773327,-0.029257204,0.024054965,-0.058316883,0.00018613986,0.024533425
SH601211,0.024920102436706452,0.875,,2026-03-12,-0.0033039178,0.012665192,-0.260866,0.0038546054,0.30434638,0.0055066682,0.4347876,-0.0016518548,-0.13042478,1.0033149,1.0071822,0.99447507,1.0009698,1.0139917,1.0481482,1.1045266,1.0999999,1.1259259,1.0047736,1.0173663,1.0549177,1.0680109,1.1063511,0.009167804,0.018673638,0.04352453,0.040279645,0.052312218,-0.0029629585,-0.005332334,-0.007154614,-0.003911432,-0.0023664779,0.26113227,0.7474606,0.9457411,0.7308057,0.6241636,0.0011522651,0.006629265,0.013051162,-0.011295182,-0.036540035,1.0230675,1.0570352,1.1236651,1.127037,1.234754,0.9871868,0.9871868,0.9871868,0.9871868,0.9871868,1.0082304,1.0405761,1.1037037,1.1045266,1.147325,0.99909467,1.0026337,1.0076543,1.0186008,1.0722634,0.4,0.2,0.1,0.06666667,0.033333335,0.35710543,0.18344276,0.09388451,0.09162085,0.05175644,0.2,0.3,0.05,0.1,0.33333334,0.4,0.7,0.85,0.9,0.95,-0.2,-0.4,-0.8,-0.8,-0.6166667,-0.6933756,0.3493168,-0.1604708,0.2497318,0.29045624,-0.94679767,-0.5782013,-0.5681458,-0.33063158,0.20988618,0.6,0.5,0.35,0.4,0.4,0.4,0.5,0.65,0.6,0.55,0.2,0.0,-0.3,-0.2,-0.15,0.34545478,0.24229082,0.22746806,0.32716936,0.40304187,0.6545452,0.75770915,0.7725319,0.67283064,0.59695816,-0.3090904,-0.51541835,-0.5450639,-0.34566125,-0.19391628,1.0811229,1.2476174,1.2429088,1.5407095,1.6156892,0.2375709,0.32169855,0.3529517,0.5730759,0.66516507,1.2159195,1.3666443,1.1570966,0.97004277,1.9388021,0.5338132,0.3306888,0.4189794,0.46455154,0.45585307,0.4661868,0.66931117,0.5810206,0.5354485,0.54414696,0.067626394,-0.33862236,-0.16204117,-0.07089692,-0.088293865
SH601166,0.024872906145356397,0.875,,2026-03-12,0.0069593214,0.009100659,0.76470524,0.0010707171,0.11765271,0.00107062,0.11764204,0.0069592246,0.7646946,0.9930888,1.0010633,0.99202555,0.997413,0.9819376,0.97026086,0.990239,1.0124065,1.0779967,0.9868272,0.98076993,0.98536766,0.9825975,1.027118,0.010704883,0.010633862,0.012773261,0.012968976,0.04848459,0.0052636373,0.0025697595,-0.000887413,7.0361355e-05,-0.002301188,0.6044328,0.5353211,0.16893357,0.0022811757,0.687063,0.0026455093,0.0076661566,0.023062795,0.016382307,0.04076712,1.0010633,1.0010633,1.008525,1.0242941,1.1140678,0.9723748,0.95804274,0.95804274,0.94739836,0.94739836,0.9957672,0.98660827,1.0005473,0.9991972,1.0838534,0.9801313,0.97334427,0.97334427,0.9729064,0.97527826,1.0,1.0,0.75,0.8333333,0.41666666,0.9629358,0.9752835,0.83112943,0.6840643,0.31560466,1.0,1.0,0.15,0.033333335,0.33333334,0.4,0.4,0.7,0.2,0.6,0.6,0.6,-0.55,-0.16666667,-0.26666668,-0.32663384,-0.5925595,-0.27770737,-0.41172203,-0.4898248,-0.55551845,-0.32040223,-0.29305926,-0.17632394,-0.13155086,0.8,0.7,0.55,0.5,0.48333332,0.2,0.2,0.4,0.46666667,0.48333332,0.6,0.5,0.15,0.033333335,0.0,0.7180616,0.67526865,0.5358819,0.4744745,0.42519692,0.28193837,0.32473132,0.4641181,0.5255255,0.57480305,0.43612322,0.35053733,0.07176378,-0.051050995,-0.14960617,1.0223914,1.2212421,1.1556163,1.5704155,1.3462694,0.19764459,0.29881722,0.31601462,0.74142224,0.640284,0.62740135,0.80144155,0.9159783,1.0008086,1.0736933,0.42028078,0.5314634,0.43558195,0.4486061,0.49788556,0.5797192,0.46853662,0.564418,0.55139387,0.5021145,-0.15943842,0.06292677,-0.1288361,-0.10278777,-0.0042289128
SH603019,0.02444183173122657,0.625,,2026-03-12,0.020670008,0.056331635,0.36693427,0.030891553,0.5483873,0.0047700764,0.08467846,-0.0054514697,-0.09677456,0.9797486,1.0302659,0.9750751,1.0065906,0.9434693,1.0240406,0.95873314,1.0921283,1.1266083,0.9723125,0.9679977,0.9858169,0.9948194,0.9957416,0.023655113,0.036731012,0.035911743,0.039000407,0.043165028,0.014244434,-5.4678956e-05,-0.0019161172,-0.0022505745,-9.321281e-06,0.9065262,2.0313562e-05,0.09964126,0.25807753,1.4222863e-05,-0.00080136646,0.03224832,0.032386195,0.037813924,0.0045333817,1.0302659,1.0402799,1.044497,1.1438305,1.1438305,0.91598576,0.8968533,0.8968533,0.8968533,0.8968533,0.98504144,1.001292,1.0185728,1.0242368,1.0320269,0.95833516,0.9347689,0.94889885,0.9627235,0.9544156,1.0,0.8,0.55,0.53333336,0.56666666,0.7351601,0.7191603,0.6986191,0.41763642,0.41763642,1.0,0.1,0.4,0.033333335,0.51666665,0.4,0.4,0.7,0.8,0.9,0.6,-0.3,-0.3,-0.76666665,-0.38333333,0.8413833,0.178313,0.21957563,0.52367026,0.43007368,0.8792236,-0.04512692,0.22363998,0.2776692,0.33444613,0.6,0.5,0.45,0.36666667,0.43333334,0.4,0.5,0.55,0.6333333,0.56666666,0.2,0.0,-0.1,-0.26666668,-0.13333334,0.8872295,0.44319925,0.5560076,0.41112748,0.44467732,0.112770505,0.5568007,0.44399238,0.58887255,0.55532265,0.774459,-0.113601506,0.11201524,-0.17774507,-0.11064534,0.6328199,0.67695254,0.6198028,0.6633902,0.8021631,0.24472108,0.25697204,0.21210639,0.2500154,0.33512765,0.83600813,1.5171783,1.5189352,1.3819683,1.421438,0.66757536,0.5647351,0.5599288,0.41674438,0.51218075,0.33242464,0.43526492,0.44007123,0.5832556,0.48781925,0.33515072,0.12947017,0.11985754,-0.16651121,0.024361467
SZ000999,0.02439971213924046,0.75,,2026-03-12,-0.004054038,0.0114865815,-0.35293686,0.0043919096,0.3823513,0.0030406339,0.26471183,-0.005405314,-0.47057638,1.0040705,1.0084803,0.996947,1.0030599,1.0058305,0.97389257,0.95831513,0.96205723,0.9549212,1.0129666,1.0049342,0.99305105,0.9809909,0.97474396,0.009589682,0.013255885,0.0175792,0.022913795,0.018541774,-0.0059698788,0.0025595794,0.0020301596,0.0021569906,0.0006658193,0.9688634,0.34176785,0.46679923,0.68675876,0.39328736,-0.0010268622,-0.016452352,-0.0123375505,-0.012267238,0.005614373,1.0342625,1.0342625,1.0342625,1.0342625,1.0342625,0.996947,0.96945995,0.95319164,0.937925,0.937925,1.0206248,1.0162561,1.006579,1.0052737,0.9875903,1.0051519,0.997894,0.9751457,0.95859367,0.95922023,0.2,0.3,0.6,0.73333335,0.8666667,0.08181599,0.4712781,0.5773754,0.64434886,0.64434886,0.4,0.7,0.85,0.9,0.95,1.0,0.1,0.05,0.2,0.6,-0.6,0.6,0.8,0.7,0.35,0.9174284,0.41227648,0.18762447,0.34421825,0.48238903,0.6968176,0.6423978,0.6625877,0.60487366,0.5376867,0.2,0.5,0.45,0.43333334,0.46666667,0.8,0.5,0.55,0.53333336,0.51666665,-0.6,0.0,-0.1,-0.1,-0.05,0.42764664,0.674419,0.61207324,0.5737983,0.55627984,0.57235336,0.32558104,0.3879268,0.4262017,0.44372013,-0.14470674,0.34883794,0.22414643,0.14759657,0.112559736,1.6202538,1.7314409,1.9505614,1.7558706,1.3625704,0.483201,0.58897305,1.1412456,0.98150146,0.8253485,0.8698416,0.8932312,2.1088645,2.1795325,2.5934818,0.39238364,0.4822696,0.4866254,0.49958783,0.5011408,0.60761636,0.5177304,0.51337457,0.50041217,0.49885926,-0.21523273,-0.03546081,-0.02674919,-0.0008243284,0.0022814886
SH601825,0.024194535536981858,0.875,,2026-03-12,0.014084415,0.021126678,0.6666649,0.0035211318,0.16666755,0.0035211318,0.16666755,0.014084415,0.6666649,0.9861112,1.0034722,0.98263896,0.99698234,0.9808028,0.96858644,0.9659686,0.9947644,1.1012217,0.98638743,0.98027927,0.98320246,0.9799884,1.0168703,0.009979721,0.009813883,0.011116749,0.012584677,0.041998263,0.0029668312,0.0023692392,-0.0005438994,0.00019529102,-0.0021109222,0.2209474,0.53425354,0.0837818,0.018663028,0.770516,0.007678881,0.009059166,0.021964574,0.017179884,0.045401897,1.0034722,1.0034722,1.0066581,1.0100904,1.1045682,0.9680801,0.9570143,0.9570143,0.9491223,0.9491223,0.9930192,0.9870855,0.9930193,0.99162304,1.0612566,0.97940665,0.9726004,0.9726004,0.9684119,0.97591627,1.0,1.0,0.925,0.95,0.49166667,0.9018926,0.9252608,0.865883,0.83449775,0.3273015,1.0,1.0,0.25,0.23333333,0.016666668,0.6,0.4,0.7,0.3,0.65,0.4,0.6,-0.45,-0.06666667,-0.6333333,0.17446305,-0.077021256,0.06076528,-0.16782135,-0.053606495,0.048958004,-0.11267811,0.13177986,0.17236441,0.060985275,0.8,0.7,0.6,0.5,0.41666666,0.2,0.3,0.4,0.46666667,0.51666665,0.6,0.4,0.2,0.033333335,-0.1,0.6774196,0.6799999,0.6054054,0.509434,0.41158527,0.32258037,0.3200001,0.3945946,0.49056602,0.5884147,0.35483924,0.3599998,0.21081078,0.018867955,-0.17682944,0.8084205,0.8512466,0.81522626,1.0808179,1.069808,0.21662161,0.23841019,0.25389346,0.5164004,0.47343415,0.66132337,0.6756456,1.1627483,1.1529329,1.0460776,0.61000097,0.6112148,0.5080033,0.481157,0.5011664,0.38999906,0.38878515,0.49199668,0.518843,0.49883363,0.22000188,0.22242968,0.016006637,-0.037685987,0.0023327684
SH600019,0.024069459157629543,0.875,,2026-03-12,0.0085348515,0.017069643,0.5000018,0.0042673955,0.24999912,0.0042673955,0.24999912,0.0085348515,0.5000018,0.9915374,1.0042313,0.9873061,0.9985006,1.0041186,0.9958814,1.0185338,1.0168864,1.0127678,0.9951401,1.0040363,1.0006796,1.0062466,1.0121019,0.005672636,0.012756337,0.0118311625,0.016318593,0.017289557,-0.0003706827,-0.0033797629,-0.00013718367,-0.0008853878,-0.00033870194,0.01067517,0.6434753,0.0047056326,0.228141,0.11704895,0.005601312,0.011172668,0.00062365393,0.006591536,-0.0021101846,1.0069263,1.0353364,1.0366592,1.0494008,1.0635285,0.9788933,0.9788933,0.97611207,0.9760111,0.9760111,1.0002471,1.0133444,1.0058484,1.021911,1.0273476,0.99184513,0.99398685,0.99242175,0.99242175,0.9958814,0.8,0.4,0.45,0.36666667,0.25833333,0.75292414,0.37394646,0.3945344,0.32687,0.27410406,0.4,0.3,0.45,0.16666667,0.25,0.8,0.9,0.35,0.3,0.65,-0.4,-0.6,0.1,-0.13333334,-0.4,-0.4557105,0.7324567,0.094775565,0.12381148,-0.18692224,-0.34465212,0.37610036,-0.045901056,0.039289843,0.10125258,0.4,0.5,0.5,0.53333336,0.53333336,0.6,0.5,0.5,0.46666667,0.46666667,-0.2,0.0,0.0,0.06666667,0.06666667,0.4305555,0.5211865,0.45341614,0.47704357,0.49060032,0.5694445,0.47881353,0.5465839,0.52295643,0.50939965,-0.138889,0.042372912,-0.093167745,-0.04591284,-0.018799353,1.0006927,1.240251,1.1916125,1.1973774,0.9219738,0.15736875,0.43434167,0.7292546,0.6408845,0.5510055,0.39616767,0.9445078,0.9838348,1.0999218,1.1512405,0.534344,0.41065565,0.49680275,0.51188654,0.5051469,0.465656,0.5893443,0.50319725,0.4881135,0.4948531,0.068688,-0.17868869,-0.006394524,0.02377302,0.010293811
SZ001965,0.023617705284147666,0.75,,2026-03-12,0.0019627374,0.013738961,0.14285924,0.008832168,0.6428556,0.002944056,0.2142852,-0.0039253742,-0.28571114,0.9980411,1.0088148,0.9951028,1.0030894,0.9411765,0.9433823,0.9492647,0.9301471,0.9610294,0.9830882,0.9638235,0.9567279,0.9483578,0.9560417,0.015371004,0.024061594,0.01856531,0.02013934,0.01955042,0.0094853025,0.0064260243,0.0016823311,0.0017063066,-0.00030754073,0.952002,0.6538037,0.2873999,0.5563209,0.07547323,-0.0020588278,0.0072593717,0.027289923,0.026900712,0.05303078,1.0088148,1.0088148,1.0088148,1.0088148,1.0088148,0.9363034,0.9208373,0.9208373,0.9183823,0.9183823,0.9982353,0.9830882,0.96647054,0.9560294,0.97161764,0.9717647,0.9476471,0.9433823,0.92882353,0.9410294,1.0,1.0,1.0,1.0,1.0,0.87843496,0.89980555,0.89980555,0.90252554,0.90252554,1.0,1.0,1.0,1.0,1.0,0.2,0.4,0.7,0.23333333,0.6166667,0.8,0.6,0.3,0.76666665,0.38333333,-0.57922727,-0.20660697,0.23783505,-0.046635572,-0.025487686,0.18333183,-0.43678012,-0.2794362,-0.15794232,0.029893551,1.0,0.8,0.6,0.6,0.51666665,0.0,0.2,0.3,0.33333334,0.4,1.0,0.6,0.3,0.26666668,0.11666667,1.0,0.74213827,0.653333,0.6452596,0.54424036,0.0,0.25786173,0.346667,0.35474035,0.45575967,1.0,0.48427653,0.30666602,0.2905193,0.08848067,1.239014,1.2147665,0.9081769,0.98923767,1.0074004,0.24322388,0.28658682,0.38911718,0.37188444,0.36633852,0.69869965,0.8557967,1.1965523,1.2050015,1.1121172,0.49774873,0.5576265,0.4926904,0.49650514,0.49794406,0.50225127,0.4423735,0.5073096,0.50349486,0.50205594,-0.00450255,0.115252994,-0.0146192005,-0.0069896947,-0.004111906
SH600362,0.023593918849977705,1.0,,2026-03-12,-0.0048262174,0.033204652,-0.14534764,0.014478745,0.4360457,0.013899689,0.41860667,-0.005405274,-0.16278666,1.0048497,1.0193986,0.9860329,1.0015959,1.0683942,1.1037595,1.1417799,1.2063509,0.8678844,1.0142523,1.0568819,1.0733061,1.114316,1.0447501,0.015535009,0.053288676,0.042083655,0.079661116,0.14317864,-0.0072960802,-0.016312655,-0.0040028654,-0.0067945793,0.0047853314,0.5514374,0.85899544,0.31665263,0.56381166,0.3406963,0.00033985553,0.01652508,-0.03527882,-0.015794627,-0.18591732,1.0616202,1.1697143,1.1697143,1.37139,1.37139,0.96215385,0.96215385,0.96215385,0.96215385,0.7762715,1.0216652,1.0914401,1.1045667,1.1590059,1.157073,1.0033984,1.0090909,1.0350467,1.0667799,0.84876806,0.2,0.1,0.05,0.033333335,0.28333333,0.38049182,0.18233794,0.18233794,0.09248001,0.3759394,0.2,0.2,0.6,0.2,0.6,0.4,0.7,0.85,0.9,0.1,-0.2,-0.5,-0.25,-0.7,0.5,-0.106939934,0.7174983,0.53057075,0.73998606,0.45682225,-0.924343,0.3198292,0.25667867,0.4921645,0.44630224,0.2,0.4,0.5,0.46666667,0.55,0.8,0.6,0.5,0.53333336,0.45,-0.6,-0.2,0.0,-0.06666667,0.1,0.13738763,0.2867746,0.3387293,0.40448335,0.5346789,0.86261237,0.71322536,0.6612707,0.5955166,0.46532112,-0.72522473,-0.42645076,-0.32254142,-0.19103329,0.06935774,1.1348313,1.3783083,1.3616076,1.7717322,1.9141555,0.31671384,0.5246506,0.44706163,0.97942805,0.9066076,0.9065575,0.9941789,1.0504911,1.4638999,1.318164,0.47432262,0.48596442,0.44069895,0.4799149,0.47954732,0.5256774,0.5140356,0.559301,0.5200851,0.5204527,-0.051354766,-0.028071182,-0.118602075,-0.04017017,-0.04090533
SH600845,0.023558163396121826,0.75,,2026-03-12,-0.0046005766,0.019657072,-0.2340418,0.012128793,0.6170193,0.0029277029,0.14893891,-0.013801666,-0.7021222,1.0046219,1.0168067,0.99705875,1.0049365,0.95043135,1.015966,0.9529508,0.989073,0.88193893,1.0002574,0.9852143,0.98475146,0.983855,0.945311,0.01725592,0.030540222,0.029606082,0.026819684,0.06737376,0.005797622,0.0029850742,0.0014830877,0.00035897404,0.0028327038,0.28220424,0.08757443,0.08782939,0.013884188,0.5391636,-0.011852655,0.001352886,0.0011592187,0.010939868,-0.028875794,1.0348847,1.0348847,1.0348847,1.0348847,1.0957965,0.944537,0.9298381,0.9243826,0.9243826,0.8239522,1.0100123,1.0100123,1.0131179,1.0085772,1.0048802,0.9941175,0.9490018,0.9490018,0.9525291,0.86143774,0.4,0.55,0.575,0.6166667,0.73333335,0.6138842,0.66791224,0.6843075,0.6843075,0.6476055,0.6,0.8,0.9,0.93333334,0.41666666,0.2,0.4,0.1,0.4,0.11666667,0.4,0.4,0.8,0.53333336,0.3,0.57083654,0.36054602,0.66573256,0.66071546,0.83765316,0.9267072,0.34847933,0.6261709,0.5932983,0.64933664,0.6,0.5,0.55,0.5,0.5,0.4,0.4,0.4,0.46666667,0.46666667,0.2,0.1,0.15,0.033333335,0.033333335,0.8276612,0.4500086,0.568283,0.5110008,0.5600669,0.17233877,0.54999137,0.43171698,0.4889992,0.43993312,0.6553225,-0.099982776,0.13656607,0.022001645,0.12013374,1.4800367,1.4980922,1.5078,1.512504,1.5377066,0.5782375,0.49839216,0.51578957,0.48152772,1.1672701,1.3738071,1.4204333,1.1587969,1.0784771,1.7375894,0.50574815,0.3660352,0.49333102,0.4721398,0.5093365,0.49425185,0.6339648,0.506669,0.5278602,0.49066356,0.011496299,-0.2679296,-0.013337987,-0.05572042,0.018672904
SH601818,0.023295150613091335,1.0,,2026-03-12,0.012158053,0.018237047,0.6666678,0.0030394972,0.16666608,0.0030394972,0.16666608,0.012158053,0.6666678,0.987988,1.003003,0.984985,0.99666727,0.973913,0.973913,0.98260874,0.9797101,1.0376811,0.9817391,0.97710145,0.9843478,0.98193234,0.9978261,0.012365648,0.010645577,0.013086641,0.0118398145,0.02172275,0.0071014557,0.0021080393,-0.00119647,-7.6092e-05,-0.0010014055,0.82451975,0.35944334,0.29256025,0.0032010311,0.6481719,0.0040579746,0.013412395,0.027018655,0.019170975,0.031715386,1.003003,1.003003,1.0087994,1.0087994,1.040662,0.96656346,0.95486414,0.95486414,0.9505858,0.9505858,0.9907246,0.98144925,0.99768114,0.99188405,1.0202899,0.97304344,0.97304344,0.973913,0.973913,0.973913,1.0,1.0,0.875,0.9166667,0.55,0.91758984,0.9376182,0.8368515,0.84884197,0.54858196,1.0,1.0,0.2,0.46666667,0.016666668,0.4,0.4,0.7,0.2,0.6,0.6,0.6,-0.5,0.26666668,-0.5833333,0.73931855,0.059481684,-0.29929104,-0.433307,-0.5703399,-0.09042357,-0.13874714,-0.3703266,-0.32261726,-0.16801596,0.6,0.5,0.4,0.43333334,0.36666667,0.2,0.2,0.35,0.4,0.48333332,0.4,0.3,0.05,0.033333335,-0.11666667,0.87500024,0.6800002,0.5652173,0.54929584,0.4525547,0.12499977,0.3199998,0.43478268,0.45070416,0.5474453,0.7500005,0.36000034,0.13043462,0.098591715,-0.094890565,0.7889545,0.9059592,0.8451101,0.9553275,0.7953917,0.17882542,0.3016239,0.32771584,0.4401302,0.36028337,0.7823828,1.0383885,1.0712839,0.955948,0.9999725,0.7060611,0.5943247,0.49509355,0.51018226,0.5093917,0.2939389,0.4056753,0.5049065,0.48981774,0.49060827,0.41212222,0.18864939,-0.009812904,0.020364543,0.018783446
SH601169,0.022587614234408034,0.875,,2026-03-12,0.00920809,0.012891346,0.7142846,0.0018416785,0.14286162,0.0018415775,0.14285378,0.009207988,0.71427673,0.9908759,1.0018249,0.98905116,0.997796,0.9855556,0.97999996,0.97444445,0.96000004,1.0274074,0.98903704,0.9868519,0.98694444,0.98014814,0.9898827,0.007363749,0.006488808,0.0061352775,0.01172771,0.018183336,0.0036666628,0.0009764291,-2.0887124e-05,0.0009483776,-0.00054894865,0.6198463,0.20756924,0.0004056551,0.50680137,0.27798167,0.0036296425,0.008754211,0.013253974,0.0061003617,0.026311258,1.0018249,1.0018249,1.0018249,1.0018249,1.0272714,0.97822857,0.97082174,0.97082174,0.95600814,0.95076776,0.99407405,0.9911111,0.9911111,0.98777777,1.0074074,0.98333335,0.98333335,0.98333335,0.9670371,0.97407407,1.0,1.0,1.0,1.0,0.6166667,0.9226627,0.94113904,0.94113904,0.96017015,0.64352834,1.0,1.0,1.0,1.0,0.016666668,0.6,0.4,0.7,0.1,0.46666667,0.4,0.6,0.3,0.9,-0.45,0.5891451,0.08095241,-0.1065475,-0.49713185,-0.46148857,0.024350105,-0.017233465,-0.105940774,0.015456049,-0.06694454,0.8,0.7,0.6,0.6,0.45,0.2,0.3,0.3,0.33333334,0.45,0.6,0.4,0.3,0.26666668,0.0,0.79104555,0.66875076,0.6219083,0.60424715,0.46421668,0.20895444,0.33124924,0.37809166,0.39575285,0.53578335,0.5820911,0.3375015,0.24381666,0.20849434,-0.07156667,0.76773196,0.85375273,0.80885816,0.9328768,0.9115473,0.17679814,0.22403237,0.21593682,0.28999957,0.38737065,0.7465648,0.6694192,0.86303294,0.8532589,1.5202682,0.60692805,0.5977875,0.50674874,0.49751252,0.501711,0.39307195,0.40221253,0.49325126,0.5024875,0.49828902,0.2138561,0.19557495,0.013497489,-0.00497497,0.0034219653
SZ300316,0.021139214442632986,0.5,,2026-03-12,-0.012785581,0.045483142,-0.28110594,0.011737571,0.2580642,0.020959988,0.46082985,-0.0035631626,-0.0783403,1.0129511,1.0248407,0.9787685,0.99640906,1.0193263,1.1832373,1.3208082,0.86326456,0.77558154,1.0084077,1.0564773,1.1034739,1.0818713,0.94279534,0.014791146,0.0734412,0.075441405,0.09731761,0.15980522,0.001420342,-0.020086937,-0.010439031,0.0006947211,0.007618907,0.023052724,0.68573976,0.67014515,0.0039494787,0.69327134,-0.011248409,0.033913918,-0.0043031196,-0.09194469,-0.16755308,1.0615672,1.2361045,1.2866344,1.3991523,1.3991523,0.95117193,0.95117193,0.95117193,0.8749553,0.705941,1.0194011,1.10073,1.1832769,1.1827272,1.1056507,0.9980476,1.005101,1.0188998,0.9958797,0.79614794,0.4,0.2,0.1,0.3,0.65,0.44230244,0.17136715,0.14555447,0.23854528,0.42419827,0.8,0.2,0.15,0.33333334,0.6666667,0.4,0.7,0.85,0.033333335,0.11666667,0.4,-0.5,-0.7,0.3,0.55,0.40496644,0.7185466,0.76580226,0.45176452,0.76813364,0.20196445,0.101881675,0.44880807,0.68528086,0.65896624,0.2,0.3,0.35,0.46666667,0.48333332,0.8,0.7,0.65,0.53333336,0.51666665,-0.6,-0.4,-0.3,-0.06666667,-0.033333335,0.39861602,0.16573082,0.25318855,0.5452008,0.55425507,0.601384,0.83426917,0.74681145,0.45479918,0.44574496,-0.20276795,-0.6685384,-0.49362287,0.09040166,0.108510084,1.0619701,1.303732,1.569168,1.8686308,1.379211,0.19549139,0.39263836,0.66297287,0.85083044,0.8443535,0.69467133,1.4783932,1.4023583,1.5187517,1.9017981,0.41775724,0.36576033,0.30102593,0.49635768,0.50825834,0.5822427,0.6342397,0.6989741,0.5036423,0.49174166,-0.16448548,-0.26847935,-0.39794812,-0.0072846687,0.016516676
SH600600,0.020911401925002116,0.625,,2026-03-12,0.0020609247,0.008084976,0.25490794,0.0014267605,0.1764706,0.004597291,0.56862146,0.005231455,0.64705884,0.99794334,1.0014238,0.99335545,0.99762666,0.97134596,0.9890315,0.98639566,0.9784882,0.9899668,0.9933849,0.9860981,0.98614913,0.98251283,0.98186946,0.0065303114,0.010070418,0.009849434,0.012995002,0.010236886,0.0036901678,0.0021400976,-4.743623e-05,0.00047951768,0.000101951766,0.7982969,0.4139841,0.0008118315,0.105525695,0.030251963,-0.0007652313,0.0042714556,0.014301523,0.010534189,0.015122986,1.0014238,1.0014238,1.0061501,1.0061501,1.0061501,0.96658146,0.9651997,0.9651997,0.949207,0.949207,0.9984355,0.9962758,0.99615675,0.99522144,0.9885554,0.98746705,0.9786242,0.9752402,0.97352266,0.9750021,1.0,1.0,0.95,0.93333334,0.96666664,0.95913523,0.96069396,0.84981525,0.8919953,0.8919953,1.0,1.0,0.1,0.4,0.7,0.2,0.4,0.7,0.16666667,0.5833333,0.8,0.6,-0.6,0.23333333,0.11666667,-0.7580893,0.050690994,0.47844508,0.061431587,0.13744588,0.5666473,0.29579446,0.38281542,0.43552968,0.34335816,0.8,0.5,0.45,0.5,0.48333332,0.2,0.5,0.55,0.5,0.51666665,0.6,0.0,-0.1,0.0,-0.033333335,0.9099765,0.5967019,0.55865115,0.5369775,0.5111405,0.0900235,0.4032981,0.44134885,0.46302247,0.48885947,0.81995296,0.19340378,0.11730228,0.07395508,0.022281028,1.0166408,1.0345733,0.9857195,1.1535325,0.94504803,0.051574837,0.17878439,0.3415371,0.5292978,0.46234816,0.94748926,0.9618844,1.1777592,2.101935,2.3854537,0.7516403,0.52962667,0.45974028,0.4962939,0.4957996,0.24835965,0.4703733,0.5402597,0.5037061,0.5042004,0.5032807,0.059253376,-0.08051945,-0.007412166,-0.008400797
SH601328,0.020499958978092127,0.75,,2026-03-12,0.0044313464,0.01033975,0.42857385,0.0059084035,0.57142615,0.0,0.0,-0.0014770571,-0.1428523,0.9955882,1.0058824,0.9955882,1.0018208,0.98810166,0.96755004,0.98053,0.98810166,1.0730125,0.9955652,0.9866955,0.98664147,0.98260325,1.0156031,0.003999966,0.012676466,0.011912665,0.011821844,0.037810054,0.0012979977,0.003592438,0.00010166022,0.0005506985,-0.0018145324,0.2632541,0.7361962,0.0025488967,0.16817407,0.7024489,0.0018388301,-0.002861495,0.012392787,0.009411646,0.037925668,1.0058824,1.0058824,1.0071149,1.0071149,1.0852996,0.9836739,0.957257,0.957257,0.95261323,0.95261323,0.998702,0.99621415,0.99621415,0.99405086,1.0584099,0.9931855,0.9770687,0.97696054,0.9715522,0.9778259,1.0,1.0,0.9,0.93333334,0.48333332,0.7351312,0.8790274,0.85729635,0.8694552,0.35713357,1.0,1.0,0.25,0.5,0.25,0.8,0.2,0.6,0.2,0.6,0.2,0.8,-0.35,0.3,-0.35,-0.3058278,-0.049118742,0.006848009,-0.3780316,-0.5713239,0.093678,0.63111085,0.376426,0.18358712,0.07269095,0.6,0.6,0.5,0.46666667,0.38333333,0.4,0.4,0.45,0.46666667,0.56666666,0.2,0.2,0.05,0.0,-0.18333334,0.75,0.71428573,0.5633803,0.52791876,0.41954705,0.25,0.2857143,0.43661973,0.4720812,0.5804529,0.5,0.42857143,0.12676056,0.055837564,-0.16090588,1.2710311,1.6163899,1.4583663,1.7062652,1.476044,0.33344284,0.73207486,0.54648244,0.6383818,0.55347794,0.6574759,1.4693209,1.2762287,1.0998985,1.0783324,0.3451785,0.48622888,0.48370588,0.4495075,0.4971473,0.6548215,0.5137711,0.5162941,0.55049247,0.5028527,-0.30964297,-0.027542245,-0.03258823,-0.10098497,-0.005705406
SH600741,0.01994092429444251,0.875,,2026-03-12,-0.0026329933,0.012638172,-0.20833655,0.003159521,0.24999824,0.006845658,0.5416652,0.0010531441,0.08333041,1.0026399,1.0058078,0.9931363,0.99877197,0.9751858,1.0311502,1.001059,1.0902824,1.042772,0.992081,0.9966221,1.0063902,1.0139049,1.0378487,0.013842417,0.018192742,0.017200958,0.028906308,0.033596184,0.0034847637,-0.002566465,-0.001518965,-0.0019101332,-0.0012628839,0.15843926,0.1824256,0.2729344,0.33841044,0.43096974,0.00094947,0.014927029,0.008039896,0.013791946,-0.00059361436,1.0095022,1.0332681,1.0332681,1.1024292,1.1024292,0.966741,0.966741,0.966741,0.966741,0.966741,1.0007395,1.0112988,1.0208063,1.0239743,1.0666332,0.98384434,0.9785674,0.997042,0.9976756,1.0058064,0.8,0.6,0.3,0.26666668,0.13333334,0.7777852,0.49993187,0.49993187,0.24511342,0.24511342,0.2,0.1,0.55,0.033333335,0.51666665,0.4,0.7,0.85,0.9,0.95,-0.2,-0.6,-0.3,-0.8666667,-0.43333334,-0.8969509,-0.50409675,-0.4213029,0.0065675904,0.0026820034,-0.925345,-0.8269086,-0.18083791,-0.42747566,0.10006348,0.6,0.4,0.5,0.46666667,0.43333334,0.4,0.6,0.5,0.53333336,0.55,0.2,-0.2,0.0,-0.06666667,-0.11666667,0.6358455,0.39574662,0.49773082,0.3888152,0.4667169,0.3641545,0.60425335,0.50226915,0.61118484,0.5332831,0.27169102,-0.20850673,-0.0045383507,-0.22236961,-0.06656623,1.2970153,1.3948878,1.27998,1.6759435,1.5423229,0.26753893,0.23000331,0.2673686,0.7879062,0.68788886,0.66664207,0.80140835,0.91481674,1.1268812,1.2594115,0.30102012,0.48740155,0.43298408,0.45804885,0.49930897,0.6989799,0.51259845,0.5670159,0.5419512,0.500691,-0.39795977,-0.02519694,-0.1340318,-0.0839023,-0.0013820372
SZ000630,0.019876631507259688,0.5,,2026-03-12,-0.0013966295,0.025139676,-0.055554792,0.01675976,0.66666573,0.006983286,0.27777946,-0.011173106,-0.44444108,1.0013986,1.0181818,0.99300694,1.0041363,1.0713298,1.0615675,1.0713298,0.8685301,0.80562717,1.019313,1.0622536,1.0409306,1.0528888,0.9271973,0.016824998,0.054663934,0.048950832,0.07657918,0.14036119,-0.009790018,-0.016268691,0.0021661383,-0.00027178664,0.006759216,0.8464415,0.8119232,0.06853623,0.0009761947,0.7072914,0.00026710265,0.010955493,-0.061508942,-0.048947882,-0.12659416,1.0671372,1.2140217,1.2140217,1.2853656,1.2853656,0.99300694,0.99300694,0.9496718,0.850388,0.7244781,1.0279979,1.0900903,1.0814146,1.0875667,1.0615675,1.0078467,1.0165131,1.0033892,1.0033892,0.7773531,0.2,0.1,0.2,0.2,0.6,0.09433454,0.031640656,0.19038475,0.34395337,0.49122483,0.2,0.2,0.6,0.2,0.6,1.0,1.0,0.1,0.033333335,0.1,-0.8,-0.8,0.5,0.16666667,0.5,0.42663908,0.9008228,0.48820952,0.4880608,0.53739715,-0.7904316,0.52179384,0.6329848,0.45433253,0.45099646,0.2,0.3,0.4,0.5,0.53333336,0.8,0.7,0.6,0.5,0.46666667,-0.6,-0.4,-0.2,0.0,0.06666667,0.06804291,0.39906394,0.43672907,0.55031544,0.5539067,0.93195707,0.60093606,0.5632709,0.44968453,0.44609332,-0.8639142,-0.2018721,-0.12654187,0.100630924,0.10781334,1.130971,1.6872869,1.8745011,2.530249,2.055517,0.17730632,0.8117336,0.69052917,1.466581,1.223939,0.68757516,1.2641102,1.1451522,1.2759984,1.5390774,0.30999744,0.40623972,0.3524233,0.48432574,0.4919507,0.69000256,0.59376025,0.6475767,0.5156743,0.5080493,-0.38000512,-0.18752055,-0.29515335,-0.031348553,-0.016098632
SH600460,0.016376227020593645,0.625,,2026-03-12,-0.0010334516,0.026868813,-0.03846287,0.018256996,0.67948645,0.0075783664,0.28205067,-0.01171208,-0.4358987,1.0010345,1.0193104,0.9924138,1.0030804,0.9975823,1.122427,1.0482846,1.0872438,0.9824085,0.99931383,1.0148677,1.051575,1.0671893,1.02962,0.010736957,0.042465467,0.05145673,0.05379927,0.059573818,0.0029979253,-0.008203935,-0.0056321574,-0.0038094728,0.001844792,0.1949033,0.34212443,0.4193081,0.3885784,0.29247168,-0.0053097033,0.0220501,0.0019305263,-0.011952011,-0.084041454,1.0203412,1.1110506,1.1379443,1.2062064,1.2062064,0.95378953,0.95378953,0.95378953,0.95378953,0.93035436,1.0065577,1.0243427,1.1053189,1.1105641,1.0879346,0.9933917,0.9892471,0.99724156,1.0041447,0.97407323,0.6,0.6,0.3,0.2,0.43333334,0.69435465,0.29384542,0.2509326,0.18307193,0.25247458,0.6,0.1,0.5,0.2,0.6,0.4,0.7,0.85,0.9,0.1,0.2,-0.6,-0.35,-0.7,0.5,-0.15948978,0.12009408,0.48966843,0.68213814,0.84092355,-0.02725475,-0.52213013,0.44968554,0.47558728,0.5156875,0.2,0.2,0.4,0.4,0.5,0.8,0.8,0.6,0.6,0.5,-0.6,-0.6,-0.2,-0.2,0.0,0.5220496,0.21410917,0.44774482,0.44453552,0.50767744,0.47795036,0.7858908,0.5522552,0.5554645,0.49232253,0.04409924,-0.57178164,-0.10451039,-0.11092898,0.015354921,1.2226061,1.5344832,1.8537468,2.2581646,1.767976,0.21487336,0.53531575,0.7027027,1.0698104,1.0645596,1.0984675,1.5758121,1.23876,1.2693691,1.5822086,0.28777963,0.38709125,0.46735492,0.45071745,0.5011331,0.7122204,0.6129088,0.5326451,0.54928255,0.49886692,-0.42444074,-0.22581752,-0.06529017,-0.098565094,0.0022661535
SH603501,0.01597453055628363,0.75,,2026-03-12,-0.010264057,0.020966738,-0.48953998,0.0052636284,0.2510466,0.0054390538,0.25941345,-0.010088631,-0.48117313,1.0103705,1.0156887,0.9945045,1.0032017,1.0119807,1.0866989,1.0396135,1.1560065,1.0723349,1.0077294,1.0232528,1.03295,1.0530971,1.0904391,0.010253782,0.028967593,0.025062623,0.041961476,0.051563606,-0.0020933957,-0.0074366895,-0.0020274362,-0.0037433621,-0.002015733,0.10420163,0.60415155,0.22903895,0.6167709,0.4661001,-0.0035426735,0.010212281,-0.0136894435,0.001181585,-0.030974975,1.0244724,1.100878,1.100878,1.1687094,1.1995457,0.9799882,0.9799882,0.9799882,0.9799882,0.9799882,1.014467,1.0358776,1.0444573,1.0894171,1.1413076,0.998905,1.0049468,1.011826,1.0184476,1.0391369,0.4,0.2,0.1,0.06666667,0.033333335,0.44986346,0.16553733,0.16553733,0.106038846,0.091145925,0.2,0.1,0.55,0.033333335,0.38333333,0.4,0.7,0.85,0.9,0.95,-0.2,-0.6,-0.3,-0.8666667,-0.56666666,-0.7303035,0.55733407,0.55655634,0.74455935,0.56034195,-0.8654639,-0.68297803,0.062617,0.16142395,0.44102797,0.6,0.5,0.55,0.5,0.53333336,0.4,0.5,0.45,0.5,0.46666667,0.2,0.0,0.1,0.0,0.06666667,0.40755463,0.22597694,0.42683795,0.33291945,0.46061036,0.5924454,0.77402306,0.573162,0.6670805,0.53938967,-0.18489078,-0.5480461,-0.14632408,-0.3341611,-0.07877928,1.1351794,1.536328,1.5109057,1.827292,1.8936937,0.28823742,0.54066384,0.55987424,0.8075076,0.73806846,0.9345591,0.9359225,1.2865732,1.2353233,1.152461,0.44019777,0.23969044,0.4640207,0.44106534,0.493676,0.55980223,0.7603096,0.5359793,0.5589347,0.506324,-0.11960449,-0.52061915,-0.071958594,-0.11786933,-0.012647995
SZ300442,0.014839513402267909,0.625,,2026-03-12,-0.026668107,0.061347608,-0.43470493,0.020412598,0.33273667,0.014266901,0.2325584,-0.032813806,-0.5348832,1.0273988,1.0483707,0.9853422,1.0133187,1.067752,1.1519607,0.9265873,0.8433706,0.554155,1.048191,1.0741888,1.050987,0.99779457,0.82192564,0.035495657,0.045439474,0.078502074,0.0899084,0.20119123,-0.015972208,-0.012749698,0.0063047577,0.007141918,0.010455934,0.50619686,0.7216799,0.16816643,0.6097378,0.8495502,-0.016246483,-0.016815165,-0.09466999,-0.09956691,-0.14664051,1.1263521,1.1988817,1.1988817,1.1988817,1.1988817,0.9853422,0.9853422,0.8541134,0.8442729,0.5542989,1.0787581,1.0929271,1.0979108,1.0806606,1.0091037,1.0218954,1.0457633,0.99147993,0.915091,0.57720584,0.2,0.1,0.2857143,0.5833333,0.7962963,0.103948735,0.06864209,0.4231439,0.4391518,0.6914567,0.6,0.1,0.1,0.4,0.7,1.0,1.0,0.1,0.4,0.7,-0.4,-0.9,0.0,0.0,0.0,0.8286677,0.8960888,0.5780912,0.43999368,0.7935935,0.7159362,0.56029105,0.7794895,0.7331466,0.51112896,0.2,0.3,0.2,0.33333334,0.45,0.8,0.7,0.4,0.4,0.41666666,-0.6,-0.4,-0.2,-0.06666667,0.033333335,0.25762016,0.20055209,0.4565011,0.52571136,0.59950686,0.74237984,0.7994479,0.54349893,0.47428864,0.40049312,-0.4847597,-0.5988958,-0.08699782,0.051422704,0.19901375,1.169217,1.4454763,1.559694,1.5157303,1.2185668,0.1923765,0.40413958,0.5182999,0.40989226,0.60454017,0.6055603,0.67095727,1.8610243,1.6271102,1.6895078,0.32714552,0.2524711,0.36608675,0.4369827,0.48434907,0.6728545,0.7475289,0.6339133,0.5630173,0.5156509,-0.345709,-0.4950578,-0.26782653,-0.12603463,-0.031301863
SH600926,0.014705463190362434,0.5,,2026-03-12,0.019795991,0.028194325,0.7021268,0.004199167,0.1489366,0.004199167,0.1489366,0.019795991,0.7021268,0.98058826,1.0041176,0.97647065,0.99515384,0.97467506,0.9576424,0.94957423,0.89309734,0.921784,0.9774541,0.9726132,0.96796286,0.9549231,0.9307934,0.014444163,0.0118683325,0.010792707,0.02280066,0.030461691,0.007126834,0.0028007517,0.0007837292,0.0021492082,0.0015066315,0.6086232,0.51048297,0.18456073,0.68859506,0.74611527,0.008292214,0.014783377,0.024591729,0.013913377,0.024760954,1.0041176,1.0041176,1.0041176,1.0041176,1.0041176,0.95587873,0.9470829,0.94601625,0.8854475,0.88351804,0.9860153,0.9762439,0.97377867,0.97032726,0.9649037,0.9664725,0.9664725,0.95818025,0.9356343,0.8989243,1.0,1.0,1.0,1.0,1.0,0.9146405,0.9278045,0.9291299,0.9653017,0.96585685,1.0,1.0,1.0,1.0,1.0,0.6,0.2,0.45,0.1,0.48333332,0.4,0.8,0.55,0.9,0.51666665,0.65902996,0.26374263,0.34879065,-0.56777304,-0.33331168,0.1296616,0.16770421,0.31739148,0.2619566,0.26583308,0.6,0.7,0.55,0.6,0.55,0.4,0.3,0.45,0.4,0.45,0.2,0.4,0.1,0.2,0.1,0.7729467,0.8160536,0.6760561,0.7079336,0.57304305,0.22705328,0.18394636,0.3239439,0.2920664,0.42695692,0.54589343,0.6321073,0.35211214,0.4158672,0.14608614,0.66424775,0.7487917,0.74459594,0.9712116,1.0373459,0.25095615,0.2972765,0.2750204,0.47502705,0.4467917,0.9453351,1.1353276,1.3819406,1.0967697,1.281797,0.69400996,0.5838834,0.5164584,0.49388573,0.508104,0.30599004,0.41611657,0.4835416,0.5061143,0.49189597,0.38801992,0.16776685,0.032916773,-0.012228556,0.016208032
SH601618,0.014665940876687468,0.5,,2026-03-12,0.012307642,0.024615383,0.499998,0.006153821,0.249999,0.0061539193,0.25000298,0.012307741,0.50000197,0.987842,1.006079,0.9817629,0.99376327,0.9484777,0.9601874,0.9437939,0.9320843,1.030445,0.9714286,0.96370023,0.94812644,0.95113194,0.9336456,0.020643461,0.01890536,0.02301231,0.025318556,0.027678646,0.011475406,0.002739339,0.0030374546,0.00038033404,0.0010941107,0.77252233,0.1924567,0.60977155,0.017488569,0.4765765,0.00562061,0.023972742,0.023017725,0.043353233,0.034078147,1.006079,1.006079,1.006079,1.0509404,1.0509404,0.9389174,0.9299925,0.91100705,0.91100705,0.87986994,0.9887588,0.9765808,0.9620609,0.97049177,0.9531616,0.9583138,0.9484777,0.9274004,0.9274004,0.91100705,1.0,1.0,1.0,0.95,0.975,0.9094869,0.920104,0.93605894,0.6359669,0.70222574,1.0,1.0,1.0,0.16666667,0.5833333,0.2,0.4,0.35,0.56666666,0.1,0.8,0.6,0.65,-0.4,0.48333332,0.870946,0.6740991,0.7182058,0.76241994,0.6286296,0.43213272,0.34670663,0.37781364,0.64525175,0.14766528,0.8,0.6,0.55,0.56666666,0.46666667,0.2,0.4,0.45,0.43333334,0.48333332,0.6,0.2,0.1,0.13333334,-0.016666668,0.8666664,0.6545453,0.625,0.5728643,0.48148146,0.13333361,0.34545472,0.375,0.4271357,0.5185185,0.73333275,0.30909058,0.25,0.14572856,-0.03703707,0.8133298,0.8112225,0.72751164,0.872136,0.7601099,0.23881738,0.19826481,0.36081636,0.5229461,0.45805356,0.7819178,0.7185791,0.9105462,1.459898,2.110888,0.80882484,0.5342699,0.54199636,0.5271869,0.51214105,0.19117518,0.4657301,0.45800364,0.47281316,0.48785892,0.6176497,0.06853981,0.08399272,0.054373685,0.024282144
SH601601,0.014663731274041882,0.75,,2026-03-12,0.002030519,0.012944198,0.15686712,0.006345192,0.4901958,0.0045684874,0.35293707,0.00025381488,0.01960839,0.9979736,1.0063323,0.99341434,0.9997895,0.99639386,1.0374726,1.1329571,1.1119473,0.9684854,0.99071807,0.9992474,1.051952,1.0741403,1.0774798,0.013429691,0.017822942,0.06084021,0.061068516,0.06818592,0.0044684866,-0.0032973147,-0.009731169,-0.0056169857,3.0992207e-05,0.27677625,0.31374255,0.8953991,0.65565234,6.301087e-05,0.00034493522,0.015590518,0.04049411,0.0073060435,-0.07839412,1.0075988,1.0430816,1.1600337,1.1856023,1.225583,0.9475352,0.9475352,0.9475352,0.9475352,0.94523215,1.0,1.012104,1.1247725,1.1330512,1.1379429,0.9872374,0.99052995,0.9958921,1.0,1.0020069,0.9,0.65,0.325,0.21666667,0.19166666,0.87348825,0.5491028,0.24689491,0.22037828,0.19535464,0.8,0.1,0.15,0.2,0.33333334,0.4,0.7,0.85,0.9,0.033333335,0.4,-0.6,-0.7,-0.7,0.3,-0.7187673,0.06280573,-0.59542686,-0.038159445,0.237579,-0.6174426,-0.6107389,-0.5325473,-0.14476863,0.2903719,0.4,0.3,0.3,0.33333334,0.38333333,0.4,0.6,0.65,0.6333333,0.5833333,0.0,-0.3,-0.35,-0.3,-0.2,0.52941185,0.35265115,0.23130533,0.38279712,0.5158793,0.47058815,0.6473489,0.76869464,0.6172029,0.4841207,0.0588237,-0.2946977,-0.53738934,-0.23440577,0.03175858,1.434401,1.7448733,1.5375357,1.7965305,1.7749199,0.3030528,0.4484921,0.46009767,0.6590276,0.6025477,1.0661242,0.96045965,1.0145193,1.1399887,1.2785592,0.30225757,0.32472253,0.47536352,0.47061026,0.46595606,0.69774246,0.6752775,0.52463645,0.52938974,0.53404397,-0.39548486,-0.35055497,-0.04927295,-0.058779463,-0.06808789
SZ300124,0.014612082992583549,0.5,,2026-03-12,0.0012663384,0.021105902,0.05999925,0.0019699147,0.09333477,0.01786965,0.846666,0.017166074,0.8133305,0.99873525,1.0019674,0.9808882,0.9928327,0.9891775,1.0370953,1.0619702,1.1253495,1.0404717,0.9994634,0.99395466,1.0261494,1.0434252,1.0535743,0.0034439715,0.019204069,0.038049158,0.041832875,0.045635942,-0.00036415082,0.00018594091,-0.00515233,-0.004088008,-0.00042360707,0.02795011,0.0008593595,0.6417787,0.7400987,0.026279202,0.001264895,0.0052086245,0.022797782,0.015850944,-0.041077867,1.0115185,1.0380784,1.1044118,1.1606183,1.1606183,0.9808882,0.9502534,0.9502534,0.9502534,0.9502534,1.0008703,1.0033414,1.0565735,1.0750102,1.1008128,0.9976067,0.98529834,0.9976067,0.9999718,1.0078373,0.8,0.7,0.35,0.23333333,0.13333334,0.62395024,0.5664279,0.32269773,0.23647745,0.23647745,0.2,0.1,0.2,0.033333335,0.51666665,1.0,0.4,0.7,0.8,0.9,-0.8,-0.3,-0.5,-0.76666665,-0.38333333,-0.37306437,-0.22002237,-0.15257573,0.2901048,0.64090985,-0.8788457,0.08340733,0.053163763,-0.057670705,0.44283304,0.8,0.5,0.45,0.46666667,0.48333332,0.2,0.5,0.55,0.53333336,0.51666665,0.6,0.0,-0.1,-0.06666667,-0.033333335,0.68079025,0.37234724,0.3923886,0.35073566,0.47719362,0.31920975,0.62765276,0.6076114,0.64926434,0.5228064,0.3615805,-0.2553055,-0.2152228,-0.29852867,-0.045612767,1.0102818,1.0918899,1.048979,1.1411103,1.2058926,0.09691231,0.1663239,0.20626801,0.2592835,0.40132034,1.0678909,0.9728858,0.990545,0.9420275,1.12838,0.24954931,0.5454542,0.517223,0.46562034,0.49125725,0.7504507,0.4545458,0.48277703,0.53437966,0.50874275,-0.5009014,0.090908386,0.03444594,-0.06875931,-0.01748551
SH600196,0.014507094299316965,0.875,,2026-03-12,-0.008471299,0.016172556,-0.5238071,0.0011552367,0.07143192,0.0065460196,0.404761,-0.0030805164,-0.19047801,1.0085437,1.0097088,0.9933981,1.0008023,0.9797935,1.0295105,1.0345687,1.064079,1.0613534,1.0059755,1.0014677,1.0198959,1.0302731,1.0470943,0.007074217,0.017380452,0.023406506,0.027548648,0.029807955,-0.00026994932,-0.00037549046,-0.0029797934,-0.002495924,-0.0011471151,0.0036403884,0.004278457,0.5672404,0.6361564,0.45169932,-0.0054355874,0.00022203726,0.0084120715,0.005917799,-0.0132545,1.0186316,1.0329912,1.06563,1.1048585,1.1308689,0.9766969,0.9677545,0.9677545,0.9677545,0.9677545,1.0100954,1.015379,1.0371999,1.0519656,1.0708355,0.99976414,0.9881801,0.99976414,1.0080774,1.028179,0.4,0.5,0.25,0.16666667,0.083333336,0.5556995,0.494285,0.32945445,0.23519008,0.19768642,0.6,0.1,0.25,0.13333334,0.05,0.2,0.4,0.7,0.8,0.9,0.4,-0.3,-0.45,-0.6666667,-0.85,-0.025766766,-0.14832354,-0.16092533,0.4589487,0.47639924,0.6868394,0.037822913,0.07901976,0.26694468,0.33522147,0.4,0.3,0.4,0.43333334,0.45,0.6,0.7,0.6,0.56666666,0.55,-0.2,-0.4,-0.2,-0.13333334,-0.1,0.6494761,0.3902107,0.40939695,0.4039897,0.45045084,0.3505239,0.6097893,0.59060305,0.5960103,0.54954916,0.2989522,-0.21957864,-0.18120609,-0.19202061,-0.09909832,1.1143558,1.2483393,1.2272561,1.4780508,1.5165675,0.11031686,0.28794459,0.36595753,0.59593356,0.6469581,0.73613054,0.7336133,0.9518517,1.0083663,1.2688273,0.5260113,0.45218402,0.4832066,0.48150894,0.4982921,0.47398874,0.547816,0.51679343,0.518491,0.5017079,0.052022543,-0.09563195,-0.033586804,-0.03698209,-0.003415841
SH601698,0.0141017577624436,0.5,,2026-03-12,-0.030238751,0.031830296,-0.9499991,0.0,0.0,0.0015915442,0.050000925,-0.028647207,-0.8999981,1.0311817,1.0311817,0.99835885,1.007685,1.01896,1.016793,1.0777355,0.9804983,0.6088841,1.029144,1.0260292,1.0120666,1.0302637,0.9694881,0.01953226,0.02822783,0.027928866,0.041258723,0.19718258,-0.0052546035,-0.0007042267,0.0017524161,-0.001966432,0.0058855354,0.1809318,0.005705339,0.13779579,0.17604676,0.27172822,-0.018634867,-0.02286022,-0.028714577,-0.0017503599,-0.14311136,1.0621711,1.1178764,1.1178764,1.1625189,1.473727,0.9913462,0.95810515,0.95810515,0.95810515,0.5944479,1.0454496,1.0454496,1.0254605,1.0542253,1.0790899,1.0162513,1.0039003,0.9846154,0.99983746,0.7080715,0.2,0.2,0.35,0.23333333,0.41666666,0.122186035,0.2622175,0.2622175,0.20495115,0.4612325,0.6,0.2,0.6,0.06666667,0.38333333,0.4,0.4,0.7,0.8,0.033333335,0.2,-0.2,-0.1,-0.73333335,0.35,0.8184642,0.47941566,0.6213973,0.8083958,0.09132854,0.7034953,0.6425384,0.66507864,0.6737347,0.3676811,0.6,0.7,0.55,0.6,0.6166667,0.4,0.3,0.45,0.4,0.38333333,0.2,0.4,0.1,0.2,0.23333333,0.37499967,0.4696079,0.41642404,0.5106446,0.5781216,0.62500036,0.5303921,0.58357596,0.4893554,0.42187837,-0.25000066,-0.06078423,-0.16715194,0.02128923,0.15624323,1.3369211,1.7050114,1.5569565,2.074245,3.2978668,0.30657703,0.7730035,0.6003432,1.0114446,1.8590233,0.93423504,1.473452,1.4722844,1.4693971,1.1717387,0.34146675,0.44616786,0.39791074,0.46454614,0.4813337,0.6585332,0.5538321,0.6020893,0.53545386,0.51866627,-0.31706646,-0.10766428,-0.20417853,-0.070907734,-0.037332594
SH601288,0.014052167989329437,0.875,,2026-03-12,0.0015083149,0.012066346,0.12500179,0.003016543,0.24999641,0.0075414875,0.6250018,0.0060332594,0.50000715,0.99849397,1.003012,0.9909638,0.9985742,1.0154465,0.96709204,1.0047011,1.0483545,1.1625252,1.0005373,0.9977166,0.9968771,1.0044997,1.0676965,0.0066382308,0.01660278,0.017341709,0.018800551,0.06846627,-0.0023505704,0.00218979,-0.00024187549,-0.0011789835,-0.003615175,0.31345984,0.15946105,0.0068087587,0.30477265,0.85036445,0.0041638836,-0.0075706406,0.005420717,0.012595598,0.03895122,1.0289876,1.0289876,1.0289876,1.0677284,1.1998844,0.9837368,0.95323426,0.95323426,0.95323426,0.95323426,1.0045668,1.0102081,1.0112828,1.0214909,1.1419744,0.99717927,0.98818,0.9795836,0.9891202,1.0044326,0.6,0.5,0.5,0.33333334,0.16666667,0.35940033,0.61734194,0.61734194,0.40845555,0.18960363,0.2,0.6,0.8,0.13333334,0.033333335,0.6,0.2,0.6,0.73333335,0.8666667,-0.4,0.4,0.2,-0.6,-0.8333333,0.14558387,0.504423,0.43116978,0.6372329,-0.32139117,-0.17768365,0.7027768,0.3820364,0.45528662,0.29236358,0.4,0.5,0.5,0.46666667,0.41666666,0.6,0.5,0.5,0.53333336,0.5833333,-0.2,0.0,0.0,-0.06666667,-0.16666667,0.26530632,0.6601306,0.4879724,0.42,0.39196423,0.73469365,0.33986938,0.5120276,0.58,0.60803574,-0.46938732,0.32026127,-0.024055187,-0.16,-0.21607152,1.4325478,1.9081049,1.704639,1.911246,1.6830817,0.36428094,0.9290704,0.7017689,0.7056609,0.63981825,0.63118416,1.6695967,1.5955123,1.2834712,1.0876203,0.23244353,0.47505024,0.47772795,0.44547307,0.50183845,0.7675565,0.5249498,0.52227205,0.5545269,0.49816158,-0.535113,-0.049899545,-0.0445441,-0.109053865,0.0036768327
SZ000333,0.01365802792220989,0.875,,2026-03-12,0.0012936017,0.010607977,0.12194612,0.0045278366,0.4268332,0.0047865384,0.4512207,0.0015523036,0.1463336,0.99870807,1.004522,0.9939277,0.9984711,0.9853858,1.0238913,1.0311298,1.004902,1.0569681,0.9904801,0.99275476,1.0108095,1.0068147,1.0128944,0.010552232,0.011637807,0.020557841,0.019744039,0.017854182,0.0048355255,-0.0010477238,-0.002953749,-0.00021625707,-0.00047433592,0.5249751,0.074295536,0.72253716,0.009297589,0.21527418,-0.00015120042,0.0119600035,0.01725107,-0.0036789463,0.0010985091,1.004522,1.0271226,1.0485721,1.0485721,1.0537401,0.96923745,0.96923745,0.96923745,0.9689901,0.9689901,0.9998901,1.0001283,1.0295997,1.0280328,1.0295997,0.9857477,0.98510176,0.98903704,0.9881758,0.9974849,1.0,0.8,0.4,0.4,0.26666668,0.8718422,0.53144103,0.38775718,0.3896604,0.36589876,1.0,0.1,0.05,0.36666667,0.016666668,0.4,0.7,0.85,0.16666667,0.5833333,0.6,-0.6,-0.8,0.2,-0.56666666,-0.45484316,-0.3113303,0.32447958,-0.118477754,-0.24039243,-0.4564765,-0.43527234,-0.18617517,-0.15576011,-0.22897854,0.8,0.5,0.5,0.46666667,0.48333332,0.2,0.5,0.5,0.53333336,0.51666665,0.6,0.0,0.0,-0.06666667,-0.033333335,0.6687824,0.35886312,0.39937782,0.49025142,0.44298747,0.3312176,0.6411369,0.6006222,0.5097486,0.55701256,0.33756486,-0.28227374,-0.20124435,-0.019497136,-0.114025064,1.1586548,1.2240125,1.3403662,1.6489786,1.7106385,0.15244843,0.20043327,0.3089156,0.6128422,0.6894017,0.79181427,0.712269,0.6607416,1.3133205,1.4563776,0.49163115,0.4322413,0.39139178,0.45232174,0.4909793,0.50836885,0.56775874,0.6086082,0.54767823,0.5090207,-0.0167377,-0.13551742,-0.21721643,-0.095356524,-0.018041387
SH600372,0.013514259950413773,0.875,,2026-03-12,-0.021476505,0.029530149,-0.7272738,0.001342286,0.045454763,0.006711359,0.22727142,-0.016107433,-0.5454572,1.0219479,1.0233196,0.99314135,1.0045184,1.0289474,1.1201755,1.0947369,1.0714912,0.8664474,1.0367105,1.0468202,1.0656798,1.075731,1.0125073,0.025330896,0.03541232,0.03556424,0.037279878,0.090552986,-0.014978067,-0.007670124,-0.0030487406,-0.0025133193,0.0039110887,0.8740786,0.43003863,0.25720647,0.35224766,0.5689704,-0.006754397,-0.012304627,-0.0367168,-0.039287876,-0.12788445,1.1057373,1.1358247,1.1358247,1.1584983,1.1639798,0.99314135,0.99314135,0.99314135,0.99314135,0.84922457,1.0525877,1.0743421,1.1033334,1.1085526,1.0948684,1.0208772,1.0244737,1.0288157,1.0387719,0.9038597,0.2,0.1,0.05,0.033333335,0.36666667,0.06091391,0.048069097,0.048069097,0.0414779,0.47902444,0.2,0.1,0.55,0.16666667,0.38333333,1.0,1.0,1.0,1.0,0.033333335,-0.8,-0.9,-0.45,-0.8333333,0.35,0.46185344,0.37160188,0.34450006,0.5948164,0.46309578,0.66924256,0.08840566,0.1964107,0.39557034,0.46685386,0.4,0.4,0.5,0.5,0.53333336,0.6,0.6,0.5,0.5,0.45,-0.2,-0.2,0.0,0.0,0.083333336,0.38043484,0.24344574,0.37628868,0.45186058,0.5463682,0.6195651,0.75655425,0.6237113,0.5481394,0.45363182,-0.2391303,-0.5131085,-0.24742262,-0.09627883,0.09273637,1.0683695,1.2049495,1.1678256,1.4955175,1.7015375,0.3216987,0.422546,0.3698054,0.6731665,1.0027406,0.73646104,1.4289932,1.402533,1.1611178,1.6721328,0.55200136,0.45999458,0.46344218,0.4614213,0.49988756,0.44799864,0.5400054,0.5365578,0.5385787,0.5001125,0.104002744,-0.080010824,-0.07311562,-0.077157386,-0.00022489009
SZ000776,0.01321297765714212,0.875,,2026-03-12,-0.0005128086,0.011794901,-0.04347714,0.0046154293,0.39130715,0.0066666636,0.5652157,0.0015384258,0.13043143,1.0005131,1.0051309,0.99332994,0.9994021,1.0220524,1.0677494,1.1093066,1.1580288,1.113924,1.0056365,1.0257941,1.0582039,1.0866174,1.1097498,0.013793418,0.027205294,0.03970215,0.053987242,0.051348563,-0.0052304813,-0.008322055,-0.006447573,-0.005923627,-0.0014723326,0.35948396,0.85776,0.9230655,0.93302834,0.2507582,0.004824455,0.011655112,0.0030479652,-0.0007247363,-0.06631596,1.0359318,1.0779843,1.1236728,1.1851861,1.2365447,0.9876424,0.9876424,0.9876424,0.9876424,0.9876424,1.0076109,1.0547727,1.0941963,1.1465011,1.1570894,0.9989651,1.0012101,1.0180559,1.0287398,1.072128,0.4,0.2,0.1,0.06666667,0.033333335,0.25590658,0.13678662,0.090844184,0.06255615,0.049648296,0.2,0.1,0.15,0.23333333,0.31666666,0.4,0.7,0.85,0.9,0.95,-0.2,-0.6,-0.7,-0.6666667,-0.6333333,-0.5706501,0.27512446,-0.20606777,0.46989086,0.5955623,-0.9917316,-0.7084735,-0.35174718,-0.14219414,0.27245623,0.6,0.4,0.25,0.33333334,0.45,0.4,0.6,0.7,0.6333333,0.53333336,0.2,-0.2,-0.45,-0.3,-0.083333336,0.28790152,0.16363613,0.20523812,0.2661955,0.42902488,0.7120985,0.83636385,0.7947619,0.73380446,0.5709751,-0.42419696,-0.67272776,-0.5895238,-0.467609,-0.14195025,1.290029,1.4800236,1.3801801,1.7450109,2.0490994,0.42982215,0.418934,0.41261044,0.7408184,0.91917616,1.6356107,1.3532168,1.2862061,1.1758755,1.2998759,0.4401105,0.48989803,0.4773584,0.47604698,0.47358698,0.5598895,0.510102,0.5226416,0.523953,0.526413,-0.11977898,-0.020203948,-0.0452832,-0.04790607,-0.052826073
SH601229,0.012288086290608045,0.625,,2026-03-12,0.0061919233,0.016511908,0.37499747,0.008255954,0.5,0.0020640302,0.12500253,0.0,0.0,0.9938462,1.0082052,0.9917948,1.000554,1.0010914,1.0010914,0.9609823,0.9948159,0.990723,0.99203277,0.9976535,1.0062892,0.9893952,1.0021282,0.008768237,0.00984131,0.014593015,0.027821211,0.026122466,0.001718971,-0.001160857,-0.0014838622,0.0017792685,-0.00037976293,0.096084304,0.12754488,0.36188045,0.3169805,0.06446093,0.00452932,0.0075703864,0.007807465,-0.01519458,0.00907476,1.0083479,1.024519,1.0401194,1.0401194,1.046274,0.97631836,0.97631836,0.9621776,0.93426186,0.93426186,0.998472,1.0031105,1.0160983,1.0114052,1.0217735,0.9831924,0.9910505,0.99787176,0.9584175,0.9845021,1.0,0.65,0.35,0.56666666,0.4,0.73936874,0.49131396,0.48526493,0.62100583,0.5868843,0.2,0.3,0.25,0.5,0.3,0.6,0.8,0.05,0.2,0.6,-0.4,-0.5,0.2,0.3,-0.3,0.06841005,0.66998446,0.13588655,-0.4229426,-0.18168874,0.31185767,0.36263198,0.5017553,0.36394683,0.27536282,0.4,0.4,0.45,0.43333334,0.43333334,0.6,0.5,0.45,0.5,0.48333332,-0.2,-0.1,0.0,-0.06666667,-0.05,0.48571458,0.4927009,0.60437953,0.5082824,0.5078704,0.5142854,0.5072991,0.39562047,0.49171758,0.4921296,-0.028570807,-0.014598215,0.2087591,0.016564816,0.015740793,1.1926954,1.355692,1.4249328,1.6099094,1.6008446,0.22214231,0.34349185,0.54014266,0.56913686,0.5772804,0.9755619,0.82025254,1.7530515,1.2954919,1.2626528,0.37958044,0.5323582,0.47763726,0.4708667,0.49320403,0.62041956,0.46764177,0.5223627,0.5291333,0.506796,-0.24083911,0.06471647,-0.04472545,-0.058266606,-0.013591967
SH600415,0.011291100495472385,0.75,,2026-03-12,-0.007052177,0.021156603,-0.3333322,0.005641813,0.26666915,0.0084626125,0.39999864,-0.0042313775,-0.2000027,1.0071023,1.0127841,0.9914773,0.9990773,1.0056831,1.0440394,1.0909121,1.1896443,1.1640627,1.0054046,1.0095235,1.0419458,1.0826536,1.1287942,0.0074806986,0.019618368,0.03731963,0.07136388,0.07309733,-0.0008548836,-0.003065091,-0.0058191167,-0.0077107917,-0.002962639,0.03264898,0.22375484,0.8509569,0.90477943,0.50101906,-0.0036947744,0.0042693936,0.01333576,0.029152868,-0.041396383,1.019892,1.060377,1.1001462,1.2556909,1.3501481,0.98082703,0.9758627,0.9758627,0.9758627,0.9758627,1.0108091,1.0162039,1.079844,1.1500025,1.182394,0.99914837,0.99914837,1.0046889,1.0093875,1.0659165,0.4,0.3,0.15,0.1,0.05,0.49079686,0.28560057,0.19421186,0.08625765,0.06448912,0.8,0.1,0.05,0.033333335,0.41666666,0.4,0.4,0.7,0.8,0.9,0.4,-0.3,-0.65,-0.76666665,-0.48333332,-0.56921923,0.016665054,0.4339725,0.61619663,0.4692407,-0.5252538,-0.53265715,-0.5181108,-0.17602797,0.22564982,0.4,0.4,0.3,0.3,0.36666667,0.6,0.6,0.65,0.6333333,0.5833333,-0.2,-0.2,-0.35,-0.33333334,-0.21666667,0.44447944,0.36161977,0.30249742,0.29237434,0.4147671,0.55552053,0.6383802,0.69750255,0.7076257,0.5852329,-0.11104113,-0.2767605,-0.39500514,-0.41525134,-0.17046584,0.95271665,1.3159746,1.5087094,1.8209264,1.9850538,0.10482515,0.44071966,0.42669916,0.7203886,1.3015631,0.63541764,0.79342663,0.9340325,1.1236111,1.7372973,0.299344,0.33935648,0.42731276,0.4656012,0.50177085,0.700656,0.6606435,0.5726872,0.5343988,0.49822918,-0.40131196,-0.32128704,-0.14537446,-0.06879758,0.003541673
SZ002422,0.010791219671686881,0.625,,2026-03-12,-0.00994578,0.022001252,-0.4520552,0.0018083075,0.08219112,0.010247164,0.4657537,-0.0015069229,-0.0684926,1.0100456,1.0118722,0.9896499,0.9994126,0.9217296,0.92783463,0.946697,0.98172706,1.0045472,1.000421,0.9560903,0.9582481,0.95603275,0.9581828,0.01992879,0.04987389,0.036341697,0.031680368,0.037941027,0.005145043,0.013503485,0.00081177347,0.00033379268,0.00015292726,0.16663113,0.6719806,0.017463341,0.008603494,0.0049550897,-0.010711134,-0.016855957,0.03404007,0.039127268,0.037305824,1.0371308,1.0371308,1.0371308,1.0371308,1.0437993,0.91354305,0.88643426,0.88643426,0.88643426,0.85660106,1.0145426,1.0024335,0.9831334,0.9776852,0.98970145,0.990072,0.9151867,0.9266136,0.9273462,0.92783463,0.6,0.8,0.9,0.93333334,0.8833333,0.6995591,0.75360537,0.75360537,0.75360537,0.7660273,0.6,0.8,0.9,0.93333334,0.4,0.2,0.4,0.7,0.8,0.26666668,0.4,0.4,0.2,0.13333334,0.13333334,0.20188114,0.4910014,0.27208218,0.36508447,0.12504275,0.9881999,0.77968353,0.5003779,0.49156263,0.24716386,0.4,0.4,0.45,0.43333334,0.41666666,0.6,0.6,0.55,0.56666666,0.5833333,-0.2,-0.2,-0.1,-0.13333334,-0.16666667,0.72511494,0.6454514,0.57755446,0.5194131,0.49753627,0.27488506,0.35454857,0.42244557,0.48058686,0.50246376,0.45022985,0.29090282,0.1551089,0.038826272,-0.0049274773,2.0785286,1.7334875,1.5049849,1.5243083,1.7297354,0.882146,0.73129636,0.6407552,0.6108871,0.7799593,1.0561478,1.3133707,1.5942466,1.5797236,1.447761,0.4762366,0.43054557,0.49555862,0.48894,0.49640608,0.52376336,0.56945443,0.5044414,0.51106,0.5035939,-0.047526777,-0.13890886,-0.008882733,-0.02211997,-0.0071878145
SH600489,0.009948758020089328,0.5,,2026-03-12,-0.008227851,0.03575953,-0.23008834,0.015189903,0.42477915,0.012341776,0.3451325,-0.011075977,-0.309735,1.0082961,1.023612,0.98755586,1.0034239,1.0178833,0.991394,1.0070238,0.95406926,0.7131488,1.0089417,1.0300348,1.0001378,1.0281633,0.8994662,0.009321396,0.037256952,0.042715237,0.08368897,0.1486528,0.000860599,-0.007296995,0.0042404993,-0.0021009615,0.006953572,0.021309817,0.35162914,0.3449343,0.04884291,0.6673743,-0.0106628295,0.0028017003,-0.040422603,0.0023005914,-0.1045966,1.0325602,1.132737,1.132737,1.3235503,1.3235503,0.96235156,0.96235156,0.8966308,0.8966308,0.67709947,1.0164114,1.0390651,1.0187128,1.0625578,1.0163491,1.0015342,1.0049863,0.96164936,0.9618411,0.74564064,0.2,0.1,0.5,0.4,0.7,0.5362361,0.22096032,0.4378079,0.24212795,0.49949738,0.8,0.3,0.65,0.2,0.6,0.4,0.7,0.1,0.4,0.016666668,0.4,-0.4,0.55,-0.2,0.5833333,-0.8220088,0.8852313,0.33817217,0.31351802,0.40068942,-0.5461903,0.836283,0.6622946,0.20416905,0.19136763,0.4,0.4,0.4,0.43333334,0.55,0.6,0.6,0.6,0.56666666,0.45,-0.2,-0.2,-0.2,-0.13333334,0.1,0.3461221,0.5151668,0.49312112,0.51895005,0.5812709,0.6538779,0.48483318,0.5068789,0.48104995,0.41872913,-0.30775583,0.030333648,-0.0137577895,0.037900086,0.16254172,0.9818158,1.5127779,1.507886,1.8334452,1.5100548,0.17977262,0.8386346,0.6774618,1.0848072,0.852658,0.61092454,1.7034175,1.5453172,1.2524517,1.4020541,0.37603948,0.49118587,0.39958784,0.47316164,0.4987774,0.62396055,0.5088141,0.60041213,0.52683836,0.5012226,-0.24792108,-0.017628234,-0.2008243,-0.053676743,-0.002445204
SH601899,0.009931502213647149,0.75,,2026-03-12,-0.0010872658,0.022016862,-0.04938332,0.010057105,0.456791,0.010872492,0.49382567,-0.0002718786,-0.012348654,1.0010885,1.0111566,0.98911566,0.99939245,1.0251281,1.071384,1.0656332,1.0376297,0.85723215,1.0047756,1.0325166,1.0433804,1.0546068,0.9931679,0.009427476,0.03757281,0.033292178,0.04512953,0.08963823,0.0003625564,-0.0105278315,-0.0022239615,-0.002110831,0.0038905079,0.0036974328,0.7196842,0.15618457,0.1695458,0.5745474,-0.0055007134,0.014858667,-0.02225279,-0.02399978,-0.10793788,1.0242616,1.1129261,1.1129261,1.222945,1.222945,0.94859314,0.94859314,0.94859314,0.94859314,0.8196605,1.0109764,1.0612576,1.0747594,1.0790348,1.0665083,0.99809974,1.0077009,1.0116764,1.0131017,0.8840355,0.4,0.2,0.1,0.1,0.38333333,0.67937034,0.3128214,0.3128214,0.18737574,0.44717693,0.8,0.2,0.6,0.2,0.6,0.4,0.7,0.85,0.9,0.1,0.4,-0.5,-0.25,-0.7,0.5,-0.77349675,0.5187369,0.13234746,0.47025594,0.6482481,-0.92025423,0.21098784,-0.14496583,-0.016500058,0.14597908,0.4,0.4,0.5,0.53333336,0.5833333,0.6,0.6,0.5,0.46666667,0.41666666,-0.2,-0.2,0.0,0.06666667,0.16666667,0.3227515,0.31521055,0.42317823,0.47808358,0.55101854,0.67724854,0.6847894,0.57682174,0.5219164,0.44898143,-0.35449705,-0.3695789,-0.15364353,-0.043832816,0.102037124,1.2511932,1.5281245,1.4730512,1.9805292,1.6917737,0.497105,0.56790954,0.44749254,0.97721934,0.8115684,0.69829196,0.9944374,0.94453007,1.2122301,1.3081259,0.4162292,0.4946129,0.45337978,0.46396714,0.49805787,0.5837708,0.50538707,0.5466202,0.53603286,0.50194216,-0.16754164,-0.01077419,-0.09324042,-0.072065696,-0.0038842608
SZ000001,0.009329772902405917,0.625,,2026-03-12,0.0064397273,0.010119571,0.6363636,0.0018399222,0.18181819,0.0018399222,0.18181819,0.0064397273,0.6363636,0.9936015,1.0018282,0.9917733,0.99794793,0.9881138,0.99360186,1.0027441,1.0118793,1.0530123,0.9912233,0.99058414,0.997348,0.997805,1.0220127,0.0064843018,0.0063338894,0.010030225,0.009107972,0.027103478,0.0033824611,0.00024900612,-0.0013072027,-0.0005018703,-0.0013653204,0.6802668,0.014167412,0.59447366,0.23531051,0.7739609,0.002011824,0.008295366,0.015070408,0.009472105,0.018264242,1.0018282,1.0018282,1.018279,1.019192,1.0804348,0.9808012,0.9753222,0.9753222,0.9744048,0.9744048,0.99634314,0.9956123,1.0102357,1.0056673,1.0521021,0.9871996,0.9871996,0.9888474,0.99067444,0.9943299,1.0,1.0,0.7,0.6166667,0.30833334,0.91305673,0.9310288,0.57447994,0.57148486,0.2413956,1.0,1.0,0.1,0.033333335,0.33333334,0.6,0.4,0.7,0.2,0.6,0.4,0.6,-0.6,-0.16666667,-0.26666668,-0.01929132,-0.3179285,-0.283554,-0.18654007,-0.11370009,-0.6783684,-0.5102037,-0.2405186,-0.14412642,-0.042790443,0.8,0.7,0.55,0.46666667,0.41666666,0.2,0.3,0.4,0.46666667,0.55,0.6,0.4,0.15,0.0,-0.13333334,0.75995195,0.5555554,0.4857041,0.46199974,0.4212046,0.24004805,0.44444457,0.5142959,0.5380003,0.57879543,0.5199039,0.111110866,-0.02859179,-0.076000534,-0.15759082,0.94794035,1.0412136,0.9955842,1.1497753,1.132294,0.18583731,0.23901975,0.27084047,0.4037031,0.3537504,0.5336513,0.9245304,1.0470771,1.0271795,0.9460341,0.5283594,0.51240337,0.50714356,0.48990396,0.4959783,0.4716406,0.48759666,0.4928564,0.5100961,0.5040217,0.056718808,0.024806697,0.014287145,-0.02019209,-0.008043387
SH600036,0.009001739334329571,0.875,,2026-03-12,0.0012674227,0.0063371137,0.2,0.0020278604,0.3199975,0.0030418304,0.48000252,0.0022813927,0.36000502,0.9987342,1.0020252,0.9956962,0.9987911,0.99113524,0.97977114,0.9876206,0.96809465,1.0656462,0.99347836,0.9887687,0.9901492,0.982661,1.0028235,0.0073722256,0.008383429,0.008938119,0.014478458,0.028266763,0.0033115896,0.0020524662,-0.00033012047,0.001018005,-0.0011236833,0.5044472,0.5494397,0.04774421,0.38313946,0.48198727,-0.00010152273,0.0019952017,0.0129869655,0.0025779319,0.03032521,1.0020252,1.0020252,1.0113991,1.0113991,1.068587,0.98102355,0.96229583,0.96229583,0.9445743,0.9445743,1.0,0.9943453,0.99959385,0.9962745,1.0311868,0.99034643,0.98061466,0.98081774,0.9726793,0.97899014,0.9,0.95,0.875,0.9166667,0.55833334,0.9035656,0.9490229,0.7678532,0.82941705,0.4469358,1.0,1.0,0.1,0.4,0.016666668,0.4,0.4,0.7,0.1,0.55,0.6,0.6,-0.6,0.3,-0.53333336,-0.4207346,-0.3356279,-0.05715477,-0.69145095,-0.5301843,-0.5777445,0.0024576834,0.07206973,0.04134515,-0.16798799,0.6,0.6,0.45,0.46666667,0.41666666,0.2,0.3,0.5,0.5,0.56666666,0.4,0.3,-0.05,-0.033333335,-0.15,0.6495383,0.6358866,0.5467964,0.5714784,0.42653617,0.3504617,0.3641134,0.45320362,0.42852157,0.57346386,0.29907662,0.27177322,0.09359278,0.14295685,-0.14692767,1.1610436,1.4602298,1.4180135,1.9850416,1.8319554,0.22892378,0.5399413,0.45746204,1.0110765,0.8585601,0.8895039,0.97759974,1.0756696,1.0292317,1.2014047,0.37327665,0.4863432,0.43649754,0.4527898,0.49749237,0.62672335,0.5136568,0.56350243,0.5472102,0.5025076,-0.25344667,-0.027313564,-0.1270049,-0.094420396,-0.005015244
SH600588,0.008046170826458698,0.375,,2026-03-12,0.0014771237,0.028065003,0.05263223,0.021418003,0.763157,0.005169875,0.18421075,-0.014771005,-0.5263141,0.9985251,1.0213864,0.9933628,1.0040376,0.97861314,1.0287572,1.0921808,1.1135678,0.9955778,1.0039799,0.9990379,1.0314862,1.0669825,1.0493827,0.0061796065,0.024722183,0.041550405,0.063261844,0.10105044,-0.00088442425,-0.0008979179,-0.005666763,-0.006701412,0.001394865,0.051208217,0.012092359,0.6510099,0.86966246,0.058114942,-0.0022110664,0.0050027166,0.022348084,0.030187944,-0.09053126,1.0361286,1.067844,1.1084011,1.2160698,1.4019163,0.9712393,0.9513234,0.9513234,0.9513234,0.9026581,1.0100235,1.0112028,1.0774273,1.132891,1.132891,0.9992629,0.9768416,0.9992629,1.007665,0.96002686,0.6,0.6,0.3,0.2,0.39166668,0.44322702,0.41775095,0.3098888,0.18386121,0.19497304,0.6,0.1,0.35,0.2,0.41666666,0.2,0.4,0.7,0.8,0.1,0.4,-0.3,-0.35,-0.6,0.31666666,0.9862813,0.3934215,0.3059615,0.76653105,0.91396093,0.6547681,0.3793721,0.07583297,0.20169185,0.4119119,0.8,0.6,0.5,0.5,0.5,0.2,0.4,0.5,0.5,0.5,0.6,0.2,0.0,0.0,0.0,0.7302347,0.41485462,0.36384135,0.40423498,0.50141966,0.26976532,0.5851454,0.63615865,0.59576505,0.49858037,0.4604694,-0.1702908,-0.27231726,-0.19153008,0.0028392905,1.1443354,1.3346608,1.4044756,1.8690981,2.1071641,0.26846796,0.39229605,0.36893836,0.8651677,1.9745349,0.81175494,1.0075487,1.0935868,1.0607218,2.1566887,0.52461964,0.46553808,0.38962352,0.4519262,0.4992484,0.47538036,0.5344619,0.6103765,0.54807377,0.5007516,0.049239293,-0.06892385,-0.22075298,-0.096147574,-0.0015032262
SH600660,0.007870636461097678,0.625,,2026-03-12,0.0033501352,0.013400338,0.25000378,0.0033500674,0.24999873,0.006700135,0.49999747,0.0067002024,0.5000025,0.99666107,1.0033389,0.98998326,0.9967594,0.9911514,1.0272118,1.0457428,1.0138566,1.0592656,0.986645,0.9922541,1.0036396,1.0110742,1.0274239,0.013500304,0.013374663,0.01920558,0.020540847,0.026199551,0.0060767136,-0.0017219955,-0.0019151948,-0.0015417518,-0.0010382565,0.50651276,0.15195319,0.34804794,0.43661022,0.4789844,0.0012016005,0.015494911,0.014554768,0.011281225,0.0032047562,1.0033389,1.025876,1.0579306,1.0589324,1.0853099,0.9492493,0.9492493,0.9492493,0.9492493,0.9492493,0.9977304,1.0016694,1.0146573,1.0309855,1.0468779,0.98113585,0.98424107,0.98998296,0.9918534,1.0075456,1.0,0.8,0.5,0.33333334,0.16666667,0.9382712,0.66231036,0.46696824,0.4627027,0.3730009,1.0,0.1,0.05,0.13333334,0.28333333,0.4,0.7,0.85,0.9,0.95,0.6,-0.6,-0.8,-0.76666665,-0.6666667,-0.59266627,-0.0267807,0.14443412,0.40867427,-0.24450369,-0.786807,-0.69741213,-0.33052745,-0.014046094,-0.09605396,0.6,0.5,0.5,0.53333336,0.5,0.4,0.5,0.5,0.46666667,0.5,0.2,0.0,0.0,0.06666667,0.0,0.57423645,0.38439602,0.40043685,0.48090172,0.4531783,0.42576358,0.615604,0.5995631,0.5190983,0.5468217,0.14847285,-0.231208,-0.19912629,-0.03819659,-0.09364344,1.0908335,1.1576216,1.4032209,1.5892372,1.33629,0.20515722,0.20618059,0.49518767,0.62201494,0.55961716,0.7398503,0.6617635,1.2302406,1.2728137,1.350711,0.5479257,0.5034503,0.43266958,0.49322549,0.5035579,0.45207432,0.49654973,0.5673304,0.5067745,0.4964421,0.09585137,0.006900554,-0.13466085,-0.013549019,0.0071157967
SH601939,0.007870564031452223,0.625,,2026-03-12,0.0066372105,0.015486735,0.42857394,0.004424807,0.28571594,0.004424717,0.28571013,0.0066371206,0.4285681,0.99340653,1.0043956,0.989011,0.99926585,0.98237884,0.9471365,0.95814985,0.97356826,1.0022026,0.99171805,0.97982377,0.9729956,0.967768,0.982768,0.0073080165,0.017393034,0.016780365,0.015768077,0.021305313,0.0027312909,0.0051154695,0.0012401046,0.0010846112,-0.0006092613,0.34920216,0.7929244,0.19115329,0.36668438,0.24941991,0.002819372,-0.0028433944,0.015223421,0.016505152,0.035205223,1.0043956,1.0043956,1.0043956,1.0043956,1.0253185,0.97712755,0.9363868,0.9363868,0.9363868,0.9363868,0.99647576,0.9948899,0.985903,0.9828193,1.0055506,0.9851982,0.9738326,0.9555066,0.95480174,0.95814985,1.0,1.0,1.0,1.0,0.76666665,0.83879924,0.9353667,0.9353667,0.9353667,0.71530366,1.0,1.0,1.0,1.0,0.28333333,0.8,0.2,0.6,0.73333335,0.8666667,0.2,0.8,0.4,0.26666668,-0.5833333,0.42233825,0.017824575,0.1435208,-0.035715427,-0.3144422,0.7652702,0.775957,0.29480866,0.28523877,0.14420547,0.8,0.7,0.55,0.53333336,0.48333332,0.2,0.2,0.4,0.43333334,0.48333332,0.6,0.5,0.15,0.1,0.0,0.7000002,0.8092787,0.6376811,0.5583658,0.49762583,0.2999998,0.19072129,0.36231887,0.44163418,0.5023742,0.4000004,0.61855745,0.27536222,0.11673163,-0.004748374,1.0830809,1.2567892,1.1210449,1.1921597,1.1118467,0.32333943,0.4516467,0.3741385,0.33646816,0.30996323,0.5467144,1.1476212,1.1253219,1.0056436,0.9660309,0.4826246,0.5076088,0.48742363,0.47991985,0.5036973,0.5173754,0.49239123,0.51257634,0.52008015,0.49630275,-0.034750834,0.015217537,-0.025152728,-0.040160313,0.007394497
SH601998,0.007702849649874276,0.75,,2026-03-12,0.012295122,0.017759621,0.6923077,0.0027322492,0.15384616,0.0027322492,0.15384616,0.012295122,0.6923077,0.9878542,1.002699,0.98515517,0.9952071,0.9743758,0.9756899,0.9914586,1.0269382,1.0308803,0.98528254,0.9788436,0.9897503,0.9890057,1.0018725,0.009785114,0.010346003,0.017902883,0.016167656,0.020491254,0.0052562463,0.0026281269,-0.0018337561,-0.0005244546,-0.00059424783,0.7213726,0.59150565,0.36720222,0.0815499,0.25650626,0.0042049936,0.009329823,0.02767037,0.018598914,0.015657797,1.002699,1.002699,1.0322651,1.0388446,1.0658787,0.96894234,0.9577408,0.9577408,0.9577408,0.9577408,0.9921156,0.983837,1.0057818,1.0010512,1.021682,0.9788436,0.9709592,0.9754271,0.9754271,0.98068327,1.0,1.0,0.725,0.78333336,0.48333332,0.9200437,0.9399651,0.5670529,0.52105093,0.3907897,1.0,1.0,0.25,0.033333335,0.48333332,0.4,0.4,0.7,0.8,0.9,0.6,0.6,-0.45,-0.76666665,-0.41666666,-0.39000136,-0.19555233,-0.28211856,-0.29544625,0.0521645,-0.75342095,-0.050046265,-0.24296471,-0.1377752,0.029495806,0.8,0.6,0.5,0.4,0.43333334,0.2,0.4,0.45,0.56666666,0.55,0.6,0.2,0.05,-0.16666667,-0.11666667,0.8545468,0.6456692,0.52363634,0.45494515,0.474317,0.1454532,0.3543308,0.47636363,0.54505485,0.525683,0.7090936,0.29133838,0.04727272,-0.09010971,-0.05136597,1.0376929,1.1554264,1.0301648,1.2804886,1.325766,0.27090234,0.40816078,0.34774175,0.5346961,0.522281,0.3342725,0.8705191,0.93728197,0.98564225,0.96277434,0.5567582,0.5445248,0.47284707,0.47054508,0.49435282,0.4432418,0.4554752,0.5271529,0.5294549,0.5056472,0.1135164,0.089049555,-0.05430584,-0.058909815,-0.011294344
SH600188,0.007412687986034667,0.25,,2026-03-12,0.081463344,0.096097544,0.84771514,0.0,0.0,0.014634199,0.15228483,0.096097544,1.0,0.924673,1.0,0.9111412,0.9735851,0.90799403,0.76637477,0.6887637,0.6242896,0.60984814,0.91439486,0.8933802,0.82148516,0.76245224,0.6882621,0.051563554,0.052634686,0.08631148,0.11060552,0.10829269,0.025482155,0.0124467425,0.013698388,0.012045497,0.005364105,0.61055756,0.51260024,0.88159657,0.9191736,0.748335,0.03464081,0.050609406,0.048380148,0.06288802,0.15349683,1.0,1.0,1.0,1.0,1.0,0.85207856,0.76006675,0.67886424,0.61929405,0.58728534,0.9317992,0.91673344,0.90817106,0.87886894,0.78403056,0.8768844,0.86577845,0.7441909,0.65018165,0.6066804,1.0,1.0,1.0,1.0,1.0,1.0,1.0,1.0,1.0,1.0,1.0,1.0,1.0,1.0,1.0,0.6,0.1,0.1,0.3,0.11666667,0.4,0.9,0.9,0.7,0.8833333,0.5399493,0.42679557,0.30600414,0.58905286,0.76793873,0.7461472,0.74390554,0.6314743,0.68134296,0.6118023,0.6,0.7,0.65,0.6333333,0.51666665,0.4,0.3,0.3,0.33333334,0.45,0.2,0.4,0.35,0.3,0.06666667,0.6910428,0.7471661,0.7478667,0.72819877,0.69490343,0.3089572,0.2528339,0.25213328,0.27180123,0.30509657,0.38208562,0.4943322,0.4957334,0.45639753,0.3898069,0.89635015,0.9966472,0.9115582,0.79860204,0.5310046,0.23945935,0.28730753,0.29365677,0.31827152,0.3605451,0.64179206,0.6385761,0.91025275,1.0131744,1.5438923,0.5104625,0.56026155,0.5082111,0.5466411,0.5311212,0.48953748,0.43973842,0.49178892,0.4533589,0.46887884,0.020925045,0.120523155,0.016422167,0.09328222,0.062242344
SZ002415,0.0073345721800250644,0.625,,2026-03-12,0.012369095,0.015223598,0.8124949,0.00031723635,0.02083846,0.0025372664,0.16666667,0.014589126,0.95832306,0.987782,1.0003134,0.98527575,0.9924922,0.96366984,0.98872745,1.0003157,1.0213088,0.9533312,0.98446304,0.97447157,0.9941934,0.9961408,0.96908367,0.011106753,0.016809415,0.024627395,0.020726776,0.037092883,0.0068595703,0.0030012445,-0.002965041,-0.001186794,0.0015437894,0.9535854,0.29221937,0.50733227,0.2540908,0.5283172,0.001817819,0.012022817,0.033974506,0.021067744,-0.014625445,1.0003134,1.0003134,1.0363431,1.0363431,1.0363431,0.95363563,0.9382921,0.9382921,0.9382921,0.8963033,0.9932338,0.98628086,1.0179257,1.0145426,1.0038224,0.97562915,0.9608497,0.97562915,0.9802013,0.93302727,1.0,1.0,0.55,0.5,0.73333335,0.9932867,0.99494755,0.62934494,0.62934494,0.74048007,1.0,1.0,0.2,0.46666667,0.73333335,0.4,0.4,0.7,0.8,0.1,0.6,0.6,-0.5,-0.33333334,0.6333333,0.3062772,-0.5262899,0.12657915,0.1953181,0.5536417,-0.38240847,-0.3922399,-0.10127411,0.12671995,0.47891974,1.0,0.6,0.5,0.53333336,0.53333336,0.0,0.4,0.5,0.46666667,0.46666667,1.0,0.2,0.0,0.06666667,0.06666667,1.0,0.5607884,0.49909517,0.46116966,0.53981143,0.0,0.43921158,0.5009048,0.53883034,0.46018857,1.0,0.12157683,-0.0018096307,-0.07766069,0.07962288,0.9972166,1.1984963,1.355455,1.5858531,1.5334604,0.16172534,0.37450486,0.46231714,0.5508221,0.8049427,0.45295507,1.2686512,1.1038024,0.9704836,1.8742012,0.47524393,0.39044848,0.4767477,0.34852403,0.49609253,0.5247561,0.60955155,0.5232523,0.65147597,0.5039075,-0.049512137,-0.21910304,-0.046504624,-0.30295193,-0.007814946
SH600104,0.006956034651559388,0.625,,2026-03-12,0.009109994,0.013314608,0.68421054,0.0014015377,0.10526316,0.0028030754,0.21052632,0.010511532,0.7894737,0.9909722,1.0013889,0.98819447,0.99586314,0.9819288,0.99309784,1.0020707,1.0500095,1.0583549,0.98403716,0.98209196,0.9919935,0.99517477,1.0320398,0.012521355,0.013765132,0.014313288,0.01688527,0.040437106,0.005684889,0.0005034999,-0.0015776403,-0.00107756,-0.0021108314,0.51532507,0.012264486,0.42521173,0.31562296,0.8310875,0.00459307,0.015642261,0.022994105,0.02044987,0.030229824,1.0013889,1.0013889,1.0138847,1.0534867,1.1090703,0.96389085,0.95419466,0.95419466,0.95419466,0.95419466,0.9938759,0.9929096,1.003928,1.0055845,1.072774,0.9743239,0.9743239,0.98110056,0.9819288,0.9929472,1.0,1.0,0.625,0.6166667,0.30833334,0.96296114,0.97057086,0.7673874,0.46131924,0.29575554,1.0,1.0,0.45,0.033333335,0.4,0.4,0.4,0.7,0.8,0.9,0.6,0.6,-0.25,-0.76666665,-0.5,0.15001929,-0.3865768,-0.51204765,0.22766052,0.013777333,-0.2721951,-0.3250508,-0.20948005,-0.046379417,0.13402003,0.8,0.6,0.5,0.43333334,0.46666667,0.2,0.4,0.5,0.56666666,0.51666665,0.6,0.2,0.0,-0.13333334,-0.05,0.6909813,0.52922416,0.4934861,0.41169953,0.44683284,0.30901867,0.47077584,0.5065139,0.58830047,0.55316716,0.3819627,0.058448337,-0.013027769,-0.17660092,-0.1063343,0.9484501,1.035658,0.9262223,1.207367,1.2362546,0.21040095,0.23186043,0.24922048,0.5990355,0.66077614,0.76617444,0.88873667,1.2079742,0.86927706,1.0150814,0.43719187,0.52439064,0.47771886,0.48187044,0.4916027,0.5628081,0.47560936,0.5222811,0.5181296,0.5083973,-0.12561624,0.04878127,-0.04456225,-0.03625912,-0.016794622
SZ300803,0.006860263417798179,0.75,,2026-03-12,-0.009755745,0.027873304,-0.35000315,0.011427998,0.40999797,0.0066895625,0.23999889,-0.01449418,-0.5200022,1.0098518,1.0213925,0.9932445,1.0045863,1.0382906,1.0897957,1.1465223,1.2075678,1.2296784,1.0212338,1.0415137,1.0748888,1.1084962,1.1822321,0.020160757,0.028379204,0.0426518,0.061138213,0.095034204,-0.0112744225,-0.008997353,-0.0069339387,-0.0068243323,-0.0040936084,0.7818348,0.92138356,0.9250247,0.96559846,0.5659167,0.0013150194,-0.001025542,-0.009016441,-0.009543342,-0.06147072,1.0712945,1.1108811,1.166638,1.234,1.447648,0.9932445,0.9932445,0.9932445,0.9932445,0.9932445,1.0276929,1.0624251,1.1116998,1.1656418,1.2626314,1.0109328,1.0163991,1.0348353,1.0534906,1.0893961,0.2,0.1,0.05,0.033333335,0.016666668,0.086553074,0.057426587,0.038960326,0.028059462,0.014866671,0.2,0.3,0.05,0.1,0.41666666,1.0,1.0,1.0,1.0,1.0,-0.8,-0.7,-0.95,-0.9,-0.5833333,0.41473785,0.08271165,-0.24066739,0.2584513,0.7809368,-0.74852675,-0.34232572,0.09919863,0.25903115,0.62742066,0.4,0.2,0.3,0.3,0.36666667,0.6,0.8,0.7,0.7,0.6333333,-0.2,-0.6,-0.4,-0.4,-0.26666668,0.25249946,0.15157552,0.2528809,0.25576466,0.4143221,0.74750054,0.8484245,0.7471191,0.74423534,0.5856779,-0.49500108,-0.6968489,-0.4942382,-0.48847067,-0.17135578,1.2021888,1.2748013,1.1598434,1.2434123,1.8215388,0.16678219,0.29179892,0.28371987,0.2969128,0.9173112,0.8140807,0.72649837,0.7386246,0.7230504,1.699349,0.18552595,0.5150906,0.4507551,0.4839468,0.45909277,0.81447405,0.48490942,0.5492449,0.5160532,0.54090726,-0.6289481,0.03018116,-0.09848979,-0.03210643,-0.08181447
SZ002179,0.006388201472824333,0.625,,2026-03-12,0.018878132,0.031823147,0.5932202,0.007551284,0.23728906,0.00539373,0.16949078,0.016720578,0.5254219,0.98147166,1.0074114,0.9761779,0.9953302,0.92668355,0.9491842,0.92668355,0.9647955,0.8867217,0.95368433,0.9453977,0.93309015,0.93462485,0.9373469,0.038130965,0.029141072,0.0252007,0.026589248,0.04473956,0.020828482,0.004243407,0.0026420841,0.00028141242,0.0006007148,0.74593264,0.19437023,0.38471234,0.008681126,0.054986127,0.0046587186,0.035506994,0.041810025,0.06129465,0.044932056,1.0074114,1.0074114,1.0074114,1.0074114,1.1101133,0.9026022,0.9026022,0.9015376,0.89385504,0.85151315,0.9900483,0.96955985,0.94261545,0.95045286,0.9746978,0.92949575,0.9262607,0.91471964,0.9131867,0.9045001,1.0,1.0,1.0,1.0,0.9,0.929287,0.929287,0.92999804,0.934734,0.5741948,1.0,1.0,1.0,1.0,0.4,0.4,0.7,0.2,0.23333333,0.06666667,0.6,0.3,0.8,0.76666665,0.33333334,0.91254497,0.8582703,0.86629856,0.740281,0.79531884,0.6722878,0.68112296,0.62863183,0.5447792,0.47418898,0.8,0.6,0.55,0.5,0.5,0.2,0.4,0.45,0.5,0.5,0.6,0.2,0.1,0.0,0.0,0.8070848,0.62868106,0.6312536,0.5408689,0.55761683,0.19291522,0.3713189,0.36874643,0.4591311,0.4423832,0.61416954,0.2573622,0.26250714,0.0817378,0.11523362,0.6803702,0.57192695,0.44004822,0.4661031,0.58273435,0.43875295,0.3362919,0.2745391,0.24411954,0.35058892,1.3089783,1.360243,1.7253371,1.493929,1.4128591,0.7571096,0.6087037,0.6185642,0.569746,0.5371223,0.24289042,0.39129633,0.38143578,0.430254,0.46287772,0.51421916,0.21740738,0.23712842,0.13949199,0.07424458
SZ000768,0.005899731245780487,0.75,,2026-03-12,-0.031216757,0.042568255,-0.7333342,0.00035470547,0.008332628,0.010996792,0.25833318,-0.02057467,-0.48333365,1.0322226,1.0325887,0.9886489,1.0036345,1.0619022,1.135496,1.1182773,1.114621,0.882488,1.0479062,1.0695846,1.0847265,1.0841079,1.0270844,0.03408287,0.042929936,0.036648117,0.035709813,0.08849536,-0.020288264,-0.011576248,-0.0030106828,-0.0010115199,0.0038756914,0.88584435,0.6665406,0.23620805,0.062183533,0.5850018,-0.0073296204,-0.017491538,-0.05612495,-0.0694408,-0.14141722,1.1201228,1.1552705,1.1552705,1.1702963,1.1702963,0.9886489,0.9886489,0.9886489,0.9886489,0.8656425,1.068339,1.0987374,1.1162536,1.1162536,1.1042898,1.0260873,1.0478467,1.060142,1.060142,0.91542023,0.2,0.1,0.05,0.033333335,0.31666666,0.08633757,0.06812527,0.06812527,0.06248993,0.441017,0.2,0.1,0.55,0.033333335,0.51666665,1.0,1.0,1.0,1.0,0.033333335,-0.8,-0.9,-0.45,-0.96666664,0.48333332,0.111912034,0.39838213,0.36170918,0.46500576,0.7464045,0.2873768,0.08476791,0.2894709,0.3801991,0.5454343,0.4,0.4,0.55,0.5,0.55,0.6,0.6,0.45,0.5,0.45,-0.2,-0.2,0.1,0.0,0.1,0.27818406,0.25778997,0.366839,0.42130762,0.5435385,0.72181594,0.74221003,0.633161,0.5786924,0.4564615,-0.4436319,-0.48442006,-0.266322,-0.15738474,0.08707701,0.94488233,1.0723895,1.0113996,1.074234,1.0951294,0.21215129,0.36067107,0.2915723,0.2900154,0.5999886,0.4522133,1.2233535,1.2565018,0.9907135,1.5129689,0.5913829,0.45664996,0.45588946,0.4666884,0.5165849,0.4086171,0.54335004,0.54411054,0.5333116,0.48341513,0.1827658,-0.08670011,-0.08822108,-0.06662323,0.03316972
SH601838,0.005669124020434197,0.5,,2026-03-12,0.0011641053,0.0087310355,0.13332957,0.0052386215,0.6,0.002328309,0.26667044,-0.0017462071,-0.2,0.99883723,1.0052326,0.99651164,1.0001134,0.9782787,0.94098365,0.93360656,0.9139344,0.97786885,0.9920492,0.97942626,0.9644058,0.9511612,0.9481967,0.009587884,0.01794233,0.020782365,0.026050728,0.021963833,0.005163928,0.005320422,0.0026435978,0.002625231,0.00027115934,0.7251951,0.80602026,0.5663291,0.7870405,0.046487126,-0.002377063,-0.0033681416,0.010480074,0.010772942,0.04380407,1.0052326,1.0052326,1.0052326,1.0052326,1.0052326,0.97204596,0.9340096,0.93128127,0.9063388,0.8935383,1.0009017,0.990164,0.9835246,0.975,0.96262294,0.9845082,0.9720492,0.9452459,0.9313115,0.93360656,0.8,0.9,0.95,0.96666664,0.98333335,0.84233,0.9265331,0.92924356,0.9470894,0.9531531,1.0,1.0,1.0,1.0,1.0,0.2,0.2,0.45,0.1,0.46666667,0.8,0.8,0.55,0.9,0.53333336,0.072365604,0.2051448,0.4788403,-0.062483426,-0.26343247,0.44857156,0.8292861,0.6161656,0.45581767,0.19687375,0.6,0.6,0.55,0.53333336,0.36666667,0.4,0.4,0.45,0.46666667,0.6,0.2,0.2,0.1,0.06666667,-0.23333333,0.81927574,0.84951335,0.72375625,0.68616974,0.52513963,0.18072425,0.15048665,0.27624375,0.31383026,0.47486037,0.6385515,0.6990267,0.4475125,0.37233952,0.050279252,1.3269775,1.4547018,1.1986794,1.3587888,1.3372728,0.29202622,0.61035866,0.5389725,0.5506161,0.52511966,1.0849259,1.7979754,1.8634844,1.5619013,1.4587655,0.47441533,0.50776076,0.4979668,0.48694164,0.49114022,0.5255847,0.49223924,0.50203323,0.51305836,0.5088598,-0.051169347,0.015521548,-0.004066436,-0.026116705,-0.017719595
SH601668,0.0044279499144016556,0.75,,2026-03-12,0.0039062984,0.009765649,0.40000394,0.0019531171,0.19999869,0.0039062342,0.39999738,0.0058594155,0.60000265,0.9961089,1.0019455,0.99221784,0.9974048,0.9729508,0.97868854,1.0,0.98852456,1.0278687,0.98704916,0.98188525,0.98368853,0.982459,0.9939071,0.011393148,0.010270103,0.009390616,0.0102526285,0.0146692395,0.00573771,0.0018926961,-0.00032417016,4.1576317e-05,-0.0006234883,0.6340589,0.31133193,0.041708633,0.0012744514,0.5509868,0.0014754182,0.009597637,0.019391112,0.016938146,0.024485819,1.0019455,1.0019455,1.0102451,1.0102451,1.0275525,0.967218,0.9613748,0.9613748,0.95389336,0.95389336,0.9986885,0.9859016,0.9896721,0.98901635,1.0098361,0.97803277,0.974918,0.97803277,0.974918,0.9811475,1.0,1.0,0.95,0.95,0.59166664,0.94397765,0.9520463,0.7903621,0.81819427,0.6259463,1.0,1.0,0.05,0.36666667,0.016666668,0.2,0.4,0.7,0.2,0.6,0.8,0.6,-0.65,0.16666667,-0.5833333,0.38526073,0.004343792,-0.21023244,-0.2029857,-0.63138956,0.58895195,0.131774,-0.1518773,0.08016066,0.033627495,0.8,0.6,0.45,0.43333334,0.43333334,0.2,0.2,0.35,0.36666667,0.38333333,0.6,0.4,0.1,0.06666667,0.05,0.82352984,0.6666667,0.5,0.5244756,0.46640325,0.17647015,0.33333334,0.5,0.47552443,0.53359675,0.64705974,0.33333334,0.0,0.048951127,-0.0671935,1.1815971,1.2285031,1.0516411,1.2207054,0.94282466,0.28785622,0.29686338,0.45450902,0.5961691,0.5288306,1.1162177,1.256534,1.20196,1.3279332,1.4917246,0.5215998,0.5364874,0.43908536,0.50301886,0.51145947,0.4784002,0.4635126,0.56091464,0.49698114,0.48854056,0.043199625,0.07297482,-0.12182929,0.0060377056,0.022918906
SH600519,0.004156681095166715,0.5,,2026-03-12,-0.0021505796,0.009275963,-0.23184435,0.0064157364,0.69165176,0.0007096471,0.07650387,-0.007856669,-0.84699225,1.0021552,1.0085847,0.9992888,1.0027308,1.0050575,1.053312,1.0955462,0.9705886,1.0017802,1.0047241,1.0139669,1.0458006,1.0312855,1.01846,0.0030137633,0.015324887,0.036849566,0.045754574,0.035803087,-0.001221236,-0.004262798,-0.0060340203,0.0006863747,0.00070416013,0.4105073,0.7092616,0.93846226,0.017440353,0.117978215,-0.002281689,0.0052156183,0.011522623,-0.041238014,-0.039232746,1.0125649,1.0604961,1.1264368,1.1264368,1.1264368,0.99367815,0.99367815,0.99367815,0.94971955,0.94971955,1.0071151,1.0265615,1.0807639,1.073415,1.0468811,1.0028735,1.0047643,1.0064256,1.0028735,0.9964668,0.2,0.1,0.05,0.2,0.26666668,0.3347258,0.09461348,0.047619313,0.28452492,0.28452492,0.6,0.1,0.1,0.4,0.7,0.4,0.7,0.85,0.16666667,0.5833333,0.2,-0.6,-0.75,0.23333333,0.11666667,-0.2879568,0.26492578,0.68598056,0.07512637,0.16689812,-0.8426601,-0.527174,-0.33544862,0.47996646,0.34616128,0.4,0.2,0.25,0.36666667,0.36666667,0.6,0.8,0.75,0.6333333,0.6333333,-0.2,-0.6,-0.5,-0.26666668,-0.26666668,0.3450773,0.08722125,0.261049,0.5345524,0.49856398,0.65492266,0.91277874,0.73895097,0.46544763,0.50143605,-0.3098454,-0.82555753,-0.477902,0.06910474,-0.0028720736,1.0386609,1.215413,1.4993343,2.076101,1.6688994,0.19220416,0.29811484,0.6159414,1.2549065,1.0234326,0.5421993,1.0458384,1.1717017,2.3380406,2.7925045,0.44333163,0.45517322,0.2561434,0.4626155,0.4958269,0.55666834,0.54482675,0.7438566,0.5373845,0.5041731,-0.113336734,-0.08965352,-0.48771325,-0.07476899,-0.008346223
SZ301236,0.003721044709847442,0.5,,2026-03-12,-0.00611689,0.024045572,-0.25438738,0.017717754,0.73684067,0.00021092725,0.008771978,-0.023623718,-0.982456,1.0061545,1.0239813,0.99978775,1.011257,0.96152073,1.0037924,0.9867727,1.0574415,0.9949126,1.0117288,1.0031357,1.0008417,1.0172355,1.0212823,0.014171504,0.02943159,0.02177548,0.037947044,0.047961365,-0.0019794628,-0.00052303856,0.0004732021,-0.0024908097,0.00014494672,0.04877563,0.002895019,0.01652821,0.33390805,0.0027856953,-0.0077698817,-0.00078204356,-0.005337175,0.01888119,-0.025558284,1.0424094,1.0738487,1.0738487,1.1650643,1.1714339,0.9541026,0.9539678,0.9539678,0.9539678,0.9407978,1.0221626,1.0221626,1.0151142,1.0459162,1.059125,0.9996485,0.97750443,0.98645824,0.99206364,0.9837203,0.4,0.5,0.5,0.4,0.43333334,0.51974946,0.38398278,0.38398278,0.21806225,0.2566909,0.6,0.1,0.55,0.1,0.41666666,0.2,0.4,0.7,0.8,0.11666667,0.4,-0.3,-0.15,-0.7,0.3,0.9273606,0.7087303,0.55020505,0.5575142,0.8001834,0.8212575,0.7955273,0.71897674,0.5363294,0.68630683,0.4,0.4,0.45,0.4,0.41666666,0.6,0.6,0.55,0.6,0.5833333,-0.2,-0.2,-0.1,-0.2,-0.16666667,0.68772537,0.49217254,0.5201465,0.44878775,0.50230026,0.3122746,0.50782746,0.47985348,0.55121225,0.4976997,0.37545076,-0.015654933,0.04029302,-0.10242453,0.004600571,1.4416615,1.5644919,1.2438879,1.3263806,1.3183429,0.4906372,0.5398613,0.5012123,0.48660612,0.7195268,0.85718644,0.86945796,1.230033,1.0829272,1.686548,0.47800344,0.49731073,0.44679952,0.4950203,0.50456953,0.52199656,0.50268924,0.5532005,0.5049797,0.4954305,-0.043993086,-0.005378523,-0.10640099,-0.009959424,0.009139009
SZ002230,0.0033339484932066697,0.375,,2026-03-12,-0.004347008,0.020412007,-0.21296328,0.009260996,0.45370337,0.0068040024,0.33333334,-0.0068040024,-0.33333334,1.004366,1.0136675,0.99316627,1.0013318,0.9906984,1.0571321,1.0806645,1.102693,0.9335524,1.0079286,1.0092765,1.0401219,1.06261,1.0348991,0.009591121,0.023243027,0.037234552,0.046106867,0.082647406,-0.00022557654,-0.0027042185,-0.00476709,-0.0044790464,0.0020431967,0.0013828948,0.12408226,0.573697,0.7313775,0.18640679,-0.0074774334,0.0028925086,0.0051653916,0.002336179,-0.09517343,1.032263,1.0681388,1.1095241,1.1968454,1.2813063,0.977589,0.9722817,0.9722817,0.9722817,0.91305506,1.0163139,1.0217083,1.0734154,1.1033752,1.1038988,0.9994291,0.9905453,0.9994291,1.0139606,0.93275875,0.4,0.5,0.25,0.16666667,0.36666667,0.40990192,0.28916293,0.20196624,0.123431906,0.23610227,0.6,0.1,0.4,0.2,0.45,0.4,0.4,0.7,0.8,0.033333335,0.2,-0.3,-0.3,-0.6,0.41666666,0.91773653,0.23692681,0.6146934,0.7943816,0.86352223,0.86011684,0.063417874,0.44430405,0.63963556,0.65112555,0.6,0.5,0.45,0.43333334,0.55,0.4,0.5,0.55,0.56666666,0.45,0.2,0.0,-0.1,-0.13333334,0.1,0.596868,0.2918319,0.361219,0.40124276,0.531525,0.40313202,0.7081681,0.638781,0.59875727,0.468475,0.19373596,-0.41633615,-0.277562,-0.19751449,0.06304998,1.3375202,1.5032219,1.7287436,2.208341,2.389798,0.3893358,0.40884873,0.46362558,1.1493814,1.7656757,0.87207043,1.1628844,0.9177528,1.7652429,1.7202652,0.4407064,0.423624,0.4291504,0.464619,0.5025041,0.5592936,0.57637596,0.5708496,0.53538096,0.49749586,-0.11858722,-0.15275195,-0.14169921,-0.07076196,0.0050082677
SH601018,0.00281309306848381,0.375,,2026-03-12,0.00700934,0.01635515,0.4285708,0.004672941,0.28571677,0.0046728696,0.28571242,0.0070092687,0.42856646,0.9930394,1.0046405,0.9883991,0.99968475,0.986733,0.9585407,0.95190716,0.8573798,0.8590382,0.99303484,0.98905474,0.97180766,0.9462134,0.89988947,0.0062492425,0.00766768,0.01908364,0.04343698,0.05596067,0.0033167494,0.0012864937,0.0028130023,0.0046113515,0.002845087,0.7042237,0.25804704,0.76047647,0.87345165,0.7883611,0.0003316679,0.0051560374,0.0014688341,-0.013077991,0.016180467,1.0099503,1.0099503,1.0099503,1.0099503,1.0099503,0.96119404,0.9333334,0.9333334,0.8517422,0.8401336,0.9986733,0.9943615,0.99170816,0.986733,0.959204,0.986733,0.9854063,0.9535655,0.90580434,0.8524047,1.0,1.0,1.0,1.0,1.0,0.7959182,0.8701298,0.8701298,0.93710655,0.94140595,0.4,0.7,0.85,0.9,0.95,0.2,0.4,0.7,0.06666667,0.26666668,0.2,0.3,0.15,0.8333333,0.68333334,-0.75348306,-0.73176247,0.07692871,-0.22776216,0.29839545,-0.210706,0.4711161,0.31290263,0.50421274,0.24993926,0.4,0.4,0.5,0.6,0.48333332,0.2,0.3,0.3,0.26666668,0.36666667,0.2,0.1,0.2,0.33333334,0.11666667,0.78571343,0.74509776,0.66292113,0.77215177,0.6793248,0.21428658,0.25490227,0.3370789,0.22784825,0.3206752,0.5714268,0.49019545,0.32584223,0.5443035,0.3586496,1.2750635,1.7890646,1.5986056,1.8532659,1.5833197,0.25451264,0.64581263,0.51749414,0.73390275,0.8001905,1.1505516,1.4106348,1.3282498,1.2735058,1.4691124,0.22451499,0.48864815,0.36068258,0.47852463,0.49377933,0.77548504,0.5113518,0.6393174,0.5214754,0.5062207,-0.55097,-0.022703702,-0.27863482,-0.04295075,-0.012441341
SH601689,0.002210387611569187,0.25,,2026-03-12,-0.0029411218,0.024767803,-0.118747786,0.014396319,0.5812514,0.007430362,0.30000085,-0.00990708,-0.3999983,1.0029498,1.0173886,0.9925477,1.0035307,0.9971835,1.0754427,1.1092409,1.2951314,1.0665907,0.9990075,1.0062366,1.056629,1.0924915,1.1116204,0.0116739785,0.022095092,0.055903915,0.07869517,0.07478167,0.0034804072,-0.003687896,-0.008409788,-0.008018879,-0.0011812916,0.22220935,0.25537428,0.792052,0.804698,0.076106854,-0.0059683356,0.010358945,0.023264097,0.023782246,-0.076772295,1.0222977,1.074335,1.1563337,1.3134251,1.3274243,0.95511943,0.95511943,0.95511943,0.95511943,0.95511943,1.0077387,1.0163493,1.1195413,1.1274544,1.1629828,0.9925161,0.9924356,0.99680793,1.0054184,1.0586507,0.6,0.6,0.3,0.2,0.1,0.6680817,0.37646568,0.22304857,0.12525775,0.120547876,0.8,0.1,0.1,0.1,0.5,0.4,0.7,0.85,0.9,0.95,0.4,-0.6,-0.75,-0.8,-0.45,0.22661354,0.5269494,0.4623849,0.6791813,0.73491067,0.0004530216,-0.13850288,0.32550144,0.14070527,0.43252036,0.2,0.2,0.25,0.26666668,0.36666667,0.8,0.8,0.75,0.73333335,0.6333333,-0.6,-0.6,-0.5,-0.46666667,-0.26666668,0.5244186,0.25404456,0.32769185,0.26068515,0.47314623,0.4755814,0.74595547,0.67230815,0.73931485,0.5268538,0.048837204,-0.49191087,-0.3446163,-0.4786297,-0.053707562,1.1915617,1.3327266,1.4653474,1.7228914,2.0183382,0.27117342,0.33353737,0.4280556,0.59513915,0.7643978,1.1597525,0.9853567,1.176254,1.2935935,1.2840557,0.498431,0.4181802,0.4839204,0.4046797,0.48078537,0.50156903,0.58181983,0.5160796,0.5953203,0.51921463,-0.0031380334,-0.16363962,-0.03215921,-0.1906406,-0.03842924
SH600048,0.0019449204009886502,0.5,,2026-03-12,0.0015673967,0.015673967,0.1,0.00940438,0.6,0.00470219,0.3,-0.0031347934,-0.2,0.9984351,1.0093896,0.9937402,1.0016023,1.0282007,1.0594822,1.1251853,1.0172404,1.0187808,1.0018959,1.0241128,1.0525239,1.0557795,1.0250272,0.011618331,0.027111577,0.037780304,0.03592206,0.042838212,-0.0037620768,-0.008440111,-0.0059914747,-0.001965031,0.0013356161,0.26212466,0.88837886,0.8802472,0.23190919,0.29648343,0.005628294,0.013867678,0.0043951343,-0.027286455,-0.06442787,1.0297456,1.0798371,1.1408685,1.1408685,1.1408685,0.9828242,0.9828242,0.9828242,0.9828242,0.95148826,1.0043842,1.0488299,1.0804551,1.0804551,1.0641626,0.9937793,0.9987559,1.0175366,1.029433,0.98281896,0.7,0.35,0.175,0.11666667,0.375,0.36605468,0.17704658,0.10867699,0.10867699,0.25616032,0.2,0.2,0.15,0.43333334,0.71666664,0.4,0.7,0.85,0.9,0.28333333,-0.2,-0.5,-0.7,-0.46666667,0.43333334,0.3255977,0.058783058,0.48369682,0.39075342,0.46674344,-0.3139365,-0.28931925,0.25690237,0.47938588,0.5270215,0.2,0.2,0.25,0.36666667,0.38333333,0.4,0.6,0.65,0.56666666,0.55,-0.2,-0.4,-0.4,-0.2,-0.16666667,0.15306076,0.1341101,0.24670322,0.48402673,0.4905322,0.8469392,0.8658899,0.7532968,0.51597327,0.50946784,-0.6938785,-0.7317798,-0.5065936,-0.031946547,-0.018935634,1.1548021,1.1787962,1.3457556,1.8777483,1.6931645,0.32625726,0.30093646,0.43757495,1.0253338,0.8913645,1.591054,1.2910252,1.0395523,1.2607657,1.3063256,0.5092836,0.41044867,0.36007854,0.47899705,0.50067466,0.4907164,0.5895513,0.6399215,0.52100295,0.49932534,0.018567208,-0.17910264,-0.27984294,-0.04200592,0.0013493029
SH601916,0.0015635795933114534,0.625,,2026-03-12,0.009803942,0.016339859,0.6000017,0.0032679576,0.19999914,0.0032679576,0.19999914,0.009803942,0.6000017,0.99029124,1.0032362,0.987055,0.99804074,0.9696261,0.96028036,0.9485981,0.9579439,0.9953271,0.98411214,0.97546726,0.9683411,0.96160436,0.9719626,0.010883947,0.012424508,0.011681637,0.0138659105,0.01593392,0.006308416,0.0033559923,0.0014528154,0.0012958333,-0.00047365218,0.83986175,0.668798,0.5413542,0.67686677,0.26950926,0.0032710305,0.009430763,0.017857157,0.019606085,0.042010143,1.0032362,1.0032362,1.0032362,1.0032362,1.0088031,0.9660482,0.9547076,0.9473473,0.9324104,0.9324104,0.9925234,0.9813084,0.9747663,0.9705607,0.9859813,0.9761682,0.9682243,0.9579439,0.9504672,0.9579439,1.0,1.0,1.0,1.0,0.98333335,0.91297656,0.933313,0.9420954,0.9543072,0.88476515,1.0,1.0,1.0,1.0,0.083333336,0.6,0.4,0.05,0.2,0.6,0.4,0.6,0.95,0.8,-0.51666665,0.8960257,0.35927734,0.5801251,0.30974227,-0.07831819,-0.019808592,0.046123333,0.22876158,0.30067635,0.217949,0.8,0.7,0.6,0.5,0.38333333,0.2,0.3,0.3,0.4,0.43333334,0.6,0.4,0.3,0.1,-0.05,0.93333334,0.75757575,0.71153843,0.6216216,0.50714284,0.06666667,0.24242425,0.28846154,0.3783784,0.49285713,0.8666667,0.5151515,0.42307693,0.24324325,0.014285714,0.7221796,0.73905915,0.622402,0.62082005,0.5651441,0.17551388,0.1309039,0.16831407,0.16877592,0.24329932,0.6678817,0.5927336,0.8537076,0.8210651,1.4036117,0.70628244,0.723573,0.6097403,0.5401192,0.5235093,0.29371756,0.276427,0.39025968,0.45988086,0.47649068,0.4125649,0.44714603,0.21948065,0.08023828,0.047018666
SZ002252,0.001442868055970943,0.5,,2026-03-12,0.0016000237,0.006400031,0.25000247,0.0031999839,0.49999502,0.0016000237,0.25000247,6.3551006e-08,9.929797e-06,0.99840254,1.0031949,0.9968051,1.0000538,0.98565817,1.0064312,1.0079747,1.0032157,1.0541513,0.99839216,0.9988938,1.0021706,1.0048578,1.0127178,0.0022738203,0.00885001,0.0076439297,0.009974129,0.012684627,0.001125486,-0.0008286572,-0.0006579733,-0.0006214667,-0.00050951145,0.6125026,0.08036626,0.25932905,0.30087596,0.49209878,-0.000643124,0.004835174,0.0040802215,0.004153536,0.0023127606,1.0047714,1.0223935,1.0223935,1.0446513,1.0541565,0.9824076,0.9808657,0.9808657,0.9808657,0.9808657,1.0003215,1.005145,1.00674,1.0099041,1.0255321,0.9967843,0.9945591,0.9967843,0.99683577,1.0032157,0.8,0.6,0.375,0.31666666,0.15833333,0.78664607,0.46075866,0.46075866,0.29997802,0.26107347,0.4,0.2,0.6,0.1,0.016666668,0.2,0.4,0.7,0.8,0.9,0.2,-0.2,-0.1,-0.7,-0.8833333,-0.23128785,0.24331199,-0.15470813,0.49935755,0.22397046,0.00052813836,0.29593933,0.2070608,0.5045962,0.4352908,0.4,0.3,0.35,0.43333334,0.41666666,0.2,0.4,0.45,0.43333334,0.5,0.2,-0.1,-0.1,0.0,-0.083333336,0.9084256,0.44407195,0.45770812,0.4914618,0.432053,0.09157436,0.55592805,0.5422919,0.5085382,0.56794703,0.81685126,-0.11185613,-0.084583774,-0.017076392,-0.13589402,1.0578536,1.3701887,1.1257268,1.4400097,1.3463889,0.17813437,0.55909103,0.47307768,0.8747856,0.6804782,1.3374339,1.3987902,1.5745907,2.0848093,1.8120186,0.48318005,0.48970675,0.49443978,0.4808755,0.5045078,0.51681995,0.51029325,0.5055602,0.5191245,0.49549222,-0.033639893,-0.020586519,-0.01112042,-0.03824903,0.009015537
SZ002736,0.000919750696956836,0.5,,2026-03-12,0.0040983204,0.013114713,0.3124979,0.0065573878,0.5000024,0.0024590048,0.1874997,-6.252873e-08,-4.7678304e-06,0.9959184,1.0065306,0.9934694,1.0003196,0.98631847,1.0087066,1.0080847,1.0373135,1.0914179,0.9926617,0.99751246,1.0051928,1.0080432,1.0356448,0.00940473,0.015207725,0.0138799185,0.014033748,0.034262963,0.0020522298,-0.002585559,-0.0015650133,-0.0009371937,-0.0013960315,0.11904175,0.26496702,0.44496956,0.3456313,0.5063379,0.003233826,0.0141225485,0.009674813,0.0055461656,0.005538202,1.0065306,1.0342051,1.0342051,1.0451741,1.1318643,0.9735318,0.97069186,0.97069186,0.97069186,0.97069186,0.9995025,1.0090796,1.0156716,1.0180348,1.0640548,0.9870647,0.9848259,0.99539804,0.99689054,1.0080847,1.0,0.7,0.35,0.3,0.15,0.8020955,0.46144992,0.46144992,0.39349192,0.18184347,1.0,0.3,0.65,0.033333335,0.33333334,0.4,0.4,0.7,0.8,0.9,0.6,-0.1,-0.05,-0.76666665,-0.56666666,-0.7744064,0.14565215,-0.05283031,0.29345492,0.27666196,-0.80231833,-0.092976145,0.022881744,0.090454124,0.30296475,0.8,0.6,0.5,0.46666667,0.5,0.2,0.4,0.5,0.53333336,0.48333332,0.6,0.2,0.0,-0.06666667,0.016666668,0.61956507,0.46601915,0.4807121,0.4431817,0.4328767,0.38043496,0.53398085,0.5192879,0.5568183,0.5671233,0.23913008,-0.06796169,-0.0385758,-0.11363659,-0.1342466,1.2303809,1.6246831,1.5022565,1.8350765,1.899942,0.26431718,0.5473115,0.4436231,0.68411463,0.7699983,0.8067732,0.9054095,0.92758316,0.76979226,1.292991,0.3358164,0.5035713,0.4372539,0.4773063,0.4581576,0.66418356,0.4964287,0.5627461,0.5226937,0.5418424,-0.32836714,0.0071425824,-0.12549219,-0.045387402,-0.083684824
SH601398,0.0006143571856167037,0.5,,2026-03-12,0.0056179417,0.011235972,0.4999961,0.0014045294,0.12500294,0.0042135003,0.37500098,0.008426913,0.7499941,0.99441344,1.0013967,0.99022347,0.99682146,0.9932848,0.9725797,1.011192,1.0268606,1.0968103,0.9928372,0.98813653,0.99549526,1.0007648,1.0440496,0.005887748,0.010610385,0.01591759,0.015261285,0.04695747,0.0016228234,0.002462224,-0.0014570577,-0.0011342581,-0.0025121537,0.18992586,0.49363312,0.29326946,0.42809805,0.87293696,0.003917189,0.0007834388,0.018346788,0.015681945,0.030058907,1.003345,1.003345,1.0265601,1.0324296,1.1187831,0.98097694,0.9572085,0.9572085,0.9572085,0.9572085,0.9959709,0.9949636,1.0145495,1.0143257,1.0926692,0.99048686,0.9815333,0.98466706,0.9888081,0.9949636,1.0,1.0,0.7,0.46666667,0.23333333,0.8504558,0.9274973,0.6170225,0.5688761,0.26484025,0.4,0.7,0.1,0.23333333,0.016666668,0.6,0.2,0.6,0.73333335,0.8666667,-0.2,0.5,-0.5,-0.5,-0.85,-0.26955876,0.018800039,-0.4169329,0.06468192,-0.3269076,-0.007170268,0.5523287,-0.08217551,-0.009660574,-0.025032507,0.4,0.5,0.4,0.4,0.4,0.4,0.4,0.55,0.56666666,0.5833333,0.0,0.1,-0.15,-0.16666667,-0.18333334,0.6304346,0.69918746,0.45867774,0.4365079,0.39714614,0.36956543,0.30081254,0.5413223,0.5634921,0.60285383,0.26086912,0.39837494,-0.082644545,-0.12698421,-0.20570771,1.0392475,1.245077,1.148044,1.3391348,1.2290775,0.17761983,0.4225381,0.36965448,0.42948678,0.40637186,0.8812481,1.4255664,1.234522,1.0380999,1.0304846,0.4786832,0.444217,0.48351684,0.45088854,0.50399774,0.5213168,0.55578303,0.5164831,0.5491114,0.49600226,-0.042633593,-0.11156604,-0.032966312,-0.098222904,0.007995498
SH601816,-0.00027814359170283366,0.625,,2026-03-12,0.00196849,0.013779504,0.14285637,0.009842523,0.7142872,0.00196849,0.14285637,-0.005905544,-0.42857447,0.9980354,1.0098232,0.99607074,1.0035553,0.98724955,0.9581057,0.9690346,0.96539164,1.021858,0.99489987,0.991439,0.98287797,0.97607774,0.99125683,0.0039488883,0.008282845,0.0125558665,0.014530541,0.021475881,0.0021857815,0.0017111016,0.0011668529,0.001224595,-0.0007476274,0.76595604,0.39120466,0.30227825,0.5504566,0.3696309,0.0007285767,0.0008610318,0.0060369126,0.0061656297,0.030798147,1.0098232,1.0098232,1.0098232,1.0098232,1.0301551,0.98288524,0.9549926,0.9549926,0.9468907,0.9468907,0.99854285,0.99854285,0.9927141,0.9908926,1.0127505,0.9923498,0.98724955,0.97122043,0.9646631,0.96684885,1.0,0.9,0.95,0.96666664,0.6,0.63534015,0.8208448,0.8208448,0.8439091,0.637839,1.0,1.0,1.0,1.0,0.16666667,0.2,0.1,0.55,0.3,0.65,0.8,0.9,0.45,0.7,-0.48333332,-0.3020625,-0.011136827,0.21507971,-0.27653807,-0.71126515,-0.48562378,0.5862959,0.36399767,0.35851958,0.15986486,0.8,0.7,0.55,0.53333336,0.46666667,0.2,0.3,0.35,0.4,0.48333332,0.6,0.4,0.2,0.13333334,-0.016666668,0.8888879,0.7804874,0.6164383,0.5826086,0.47413787,0.11111211,0.2195126,0.38356167,0.41739142,0.5258621,0.77777576,0.5609748,0.23287666,0.16521715,-0.051724255,1.0064255,1.4516901,1.2820474,1.512656,1.2151295,0.2143445,0.6878975,0.55582106,0.59627247,0.5873138,0.5373435,1.0840288,1.1400425,0.9479627,1.0898741,0.4782412,0.4991389,0.42501387,0.46563816,0.5074726,0.5217588,0.5008611,0.57498616,0.53436184,0.49252743,-0.043517604,-0.0017221997,-0.14997227,-0.068723686,0.014945132
SH688271,-0.0007435330001964148,0.5,,2026-03-12,-0.018332306,0.01841341,-0.9955954,8.110329e-05,0.004404578,0.0,0.0,-0.01841341,-1.0,1.0186746,1.0187572,1.0,1.0067573,0.99605656,1.0824844,1.0737759,1.094397,1.0718863,1.012882,1.0251726,1.0425813,1.0543708,1.0713879,0.009404139,0.0264336,0.02671945,0.029760197,0.040796906,-0.0034834123,-0.006692955,-0.003520096,-0.0028003517,-0.0007805002,0.34301388,0.5876715,0.6074661,0.6862072,0.11163269,-0.0059152264,0.0049457517,-0.009140439,-0.013765608,-0.04836315,1.0284034,1.085143,1.1033905,1.122172,1.2476621,0.99242824,0.99242824,0.99242824,0.99242824,0.99242824,1.0190274,1.0431154,1.0636708,1.0805126,1.098472,1.0051923,1.0051923,1.0163491,1.0221328,1.0474532,0.2,0.2,0.1,0.06666667,0.033333335,0.21047127,0.08166703,0.06823709,0.058359154,0.029665882,0.8,0.1,0.5,0.1,0.41666666,0.2,0.6,0.8,0.8666667,0.93333334,0.6,-0.5,-0.3,-0.76666665,-0.51666665,0.35842904,0.23630008,0.15282486,0.5277673,0.70493716,-0.69000643,-0.40536886,0.24432264,0.14835171,0.30515233,0.6,0.3,0.35,0.4,0.46666667,0.4,0.7,0.65,0.6,0.53333336,0.2,-0.4,-0.3,-0.2,-0.06666667,0.5269058,0.24176966,0.34665304,0.38008767,0.45755312,0.47309422,0.7582303,0.65334696,0.6199123,0.5424469,0.05381154,-0.5164607,-0.30669394,-0.23982465,-0.084893785,1.0992965,1.3147905,1.2932863,1.5826155,1.6837633,0.16312815,0.29364276,0.4779667,0.66608167,0.8991451,0.77721876,0.6152782,1.1334261,1.067491,1.2200488,0.025682256,0.23779275,0.46425194,0.44858104,0.50042754,0.9743177,0.76220727,0.53574806,0.55141896,0.49957246,-0.94863546,-0.5244145,-0.07149615,-0.10283792,0.00085510884
SH601600,-0.0010194818246206177,0.5,,2026-03-12,0.03943659,0.061267614,0.6436776,0.0098592015,0.16092028,0.011971821,0.19540212,0.04154921,0.6781595,0.9620597,1.0094851,0.95054203,0.9886131,1.0024861,0.91236794,0.91050345,0.9080174,0.76382846,0.9542573,0.9596023,0.9233064,0.924798,0.8734929,0.026921228,0.026599914,0.043824397,0.04872835,0.09141232,0.010254811,0.0015292718,0.0061561614,0.0016392772,0.003992529,0.36274844,0.030298445,0.690647,0.087708786,0.5818172,0.025233055,0.03351601,0.018210039,0.051432442,0.008727515,1.0094851,1.0302764,1.0302764,1.0741807,1.0741807,0.91564965,0.9026631,0.8251153,0.8251153,0.6838292,0.96022373,0.9830951,0.9536358,0.9596023,0.94655067,0.94244874,0.94269735,0.88315725,0.8893723,0.74878806,1.0,0.9,0.95,0.93333334,0.96666664,0.8989173,0.7627488,0.8524261,0.7021638,0.8099644,1.0,0.5,0.75,0.2,0.6,0.6,0.1,0.1,0.4,0.1,0.4,0.4,0.65,-0.2,0.5,0.89523804,0.86186033,0.7363656,0.55143696,0.6163493,0.928278,0.8678443,0.46166363,0.40258205,0.3802459,0.6,0.7,0.65,0.6,0.5833333,0.4,0.3,0.35,0.4,0.4,0.2,0.4,0.3,0.2,0.18333334,0.4918698,0.65426695,0.5918367,0.54920214,0.5765512,0.5081302,0.34573308,0.4081633,0.4507979,0.42344883,-0.01626041,0.30853388,0.1836734,0.09840424,0.15310237,0.70403075,0.78580636,0.63743776,0.82964736,0.7483514,0.1919417,0.20231445,0.22415954,0.4268935,0.3545422,0.94567376,0.69252694,0.863504,1.3841894,1.4125386,0.47280782,0.65894073,0.55871487,0.53617877,0.5144602,0.5271922,0.3410593,0.44128516,0.4638212,0.48553982,-0.054384362,0.31788144,0.1174297,0.07235757,0.028920352
SH601298,-0.0011642800836018082,0.625,,2026-03-12,-0.004333697,0.018418197,-0.23529433,0.0065005776,0.3529432,0.007583922,0.41176245,-0.0032503526,-0.17647508,1.0043526,1.0108814,0.99238306,1.0027932,0.9943182,1.0024351,1.0657468,0.92045456,0.9188312,0.99935067,1.0043019,1.010836,1.0114448,0.96438044,0.009696197,0.011517524,0.018014276,0.030163694,0.05240756,-0.0021915582,-0.0024449045,-0.0020572953,-0.00014969797,0.0022514143,0.1277154,0.41306368,0.4564862,0.0019088177,0.56288916,0.00503247,0.00670012,0.008708256,-0.009274197,-0.030797148,1.0209954,1.0360636,1.0837442,1.0837442,1.0837442,0.974209,0.974209,0.974209,0.9182614,0.8977096,1.002922,1.0152597,1.0253247,1.0340909,1.0186689,0.99204546,0.9939935,0.99626625,0.9939935,0.91233766,0.7,0.55,0.375,0.35,0.675,0.5512503,0.416962,0.23545825,0.49394014,0.549846,0.4,0.3,0.05,0.36666667,0.68333334,0.6,0.8,0.9,0.033333335,0.26666668,-0.2,-0.5,-0.85,0.33333334,0.41666666,0.66263896,0.50100356,0.546716,0.32313108,0.38272768,0.7620606,0.47608188,0.18404369,0.3442089,0.34535837,0.4,0.5,0.35,0.53333336,0.48333332,0.4,0.4,0.55,0.36666667,0.45,0.0,0.1,-0.2,0.16666667,0.033333335,0.55072457,0.48818877,0.33469382,0.615566,0.5791139,0.44927543,0.51181126,0.66530615,0.38443398,0.4208861,0.10144911,-0.02362247,-0.33061233,0.23113203,0.15822782,1.2220206,1.3200783,1.3379487,1.8835623,1.5828202,0.46893895,0.4301348,0.56515306,1.1185453,0.8835462,1.0919126,1.042436,1.0748148,1.7764064,1.9980907,0.515363,0.5220794,0.42787114,0.49284625,0.49620742,0.48463702,0.47792062,0.5721289,0.50715375,0.5037926,0.030725926,0.04415878,-0.14425774,-0.014307493,-0.007585147
SZ002074,-0.0014168142441010304,0.375,,2026-03-12,0.006714869,0.016787212,0.39999905,0.0010330812,0.061539777,0.009039261,0.53846115,0.014721049,0.87692046,0.99332994,1.0010262,0.984351,0.9923474,0.9358599,0.9766303,0.97358936,1.0384616,1.0084469,0.9750084,0.9588411,0.95850605,0.9710253,0.99297315,0.028248936,0.028858002,0.022145104,0.03173032,0.03757623,0.016910678,0.0056643654,0.0011981031,-0.0016572581,-0.0009727507,0.8958965,0.35316804,0.10244741,0.21141368,0.20439798,-0.008829804,0.01566926,0.030111978,0.053004965,0.03572301,1.0174513,1.0174513,1.0174513,1.080001,1.0848882,0.89504623,0.89504623,0.89504623,0.89504623,0.89504623,0.9995945,0.9810226,0.97645,0.98922175,1.0282127,0.96056986,0.9309269,0.94036496,0.9465368,0.9582048,1.0,1.0,1.0,0.8666667,0.56666666,0.8574302,0.8574302,0.8574302,0.5674564,0.5528481,0.8,0.9,0.95,0.1,0.33333334,0.4,0.7,0.85,0.9,0.95,0.4,0.2,0.1,-0.8,-0.6166667,0.7647016,0.59703285,0.5446228,0.71223235,0.6476902,0.92918324,0.4933786,0.47618383,0.48225677,0.39207825,0.8,0.5,0.45,0.4,0.48333332,0.2,0.5,0.55,0.6,0.51666665,0.6,0.0,-0.1,-0.2,-0.033333335,0.93706846,0.58146834,0.5489664,0.45796925,0.49511525,0.06293151,0.41853166,0.45103356,0.54203075,0.5048847,0.874137,0.16293667,0.09793286,-0.084061526,-0.009769479,1.1297752,0.9229483,0.81227297,0.9092596,0.9487951,0.46572724,0.40101674,0.319836,0.36406907,0.36033395,1.1610821,1.116648,1.0521972,1.09891,1.0063889,0.57156765,0.5358063,0.52350825,0.5010023,0.5046844,0.42843232,0.4641937,0.47649175,0.49899766,0.4953156,0.14313535,0.07161261,0.047016494,0.0020046772,0.009368789
SH601808,-0.0029501672529230116,0.375,,2026-03-12,-0.023293654,0.031419348,-0.7413793,0.0065005547,0.20689656,0.0016251387,0.05172414,-0.02816907,-0.8965517,1.0238491,1.0305048,0.9983361,1.0124972,1.0977377,0.93619907,0.8796381,0.8361991,0.7850679,1.020362,1.0442986,0.9704073,0.9444193,0.86672705,0.030895405,0.06651891,0.09232817,0.085568205,0.10135656,-0.013846158,-0.0035732933,0.011982444,0.0070124175,0.005157114,0.5021238,0.026452,0.58950895,0.52049005,0.78960437,0.0073302933,-0.02821887,-0.0842405,-0.046099402,-0.0188619,1.1394589,1.2114773,1.2114773,1.2114773,1.2114773,0.9702329,0.9225427,0.83676285,0.83676285,0.74512243,1.0445249,1.1046154,1.0445249,1.0102262,0.9380091,0.99837106,0.99837106,0.87493217,0.86823535,0.76895934,0.4,0.3,0.65,0.76666665,0.8833333,0.17590141,0.268079,0.43563077,0.43563077,0.54653144,0.4,0.4,0.7,0.8,0.9,0.6,0.1,0.1,0.4,0.11666667,-0.2,0.3,0.6,0.4,0.78333336,0.88119966,0.8587916,0.9459921,0.87701,0.9124598,0.8521439,0.6554034,0.6575974,0.697454,0.60182655,0.4,0.5,0.5,0.53333336,0.56666666,0.6,0.5,0.5,0.46666667,0.41666666,-0.2,0.0,0.0,0.06666667,0.15,0.22307682,0.5729059,0.59405935,0.5885518,0.58992803,0.7769232,0.4270941,0.40594062,0.41144815,0.41007197,-0.55384636,0.14581178,0.18811873,0.1771037,0.17985608,1.3383439,1.7852482,1.1564388,1.0468842,0.6668632,0.43040115,0.88629884,0.9082389,0.7790898,0.68556917,0.7669123,1.0801648,1.5051374,1.466723,2.0278864,0.2560293,0.5245204,0.52076006,0.5259067,0.5255548,0.7439707,0.47547963,0.47923994,0.47409332,0.4744452,-0.4879414,0.049040746,0.041520134,0.05181339,0.05110959
SH601901,-0.003274392860013416,0.375,,2026-03-12,0.0054347767,0.009510838,0.57142985,0.0040760613,0.42857015,0.0,0.0,0.0013587152,0.14285968,0.9945946,1.0040541,0.9945946,0.99990577,0.99748105,1.0377833,1.0528966,1.0617129,1.0604533,0.99672544,1.0031486,1.0236145,1.0370697,1.050126,0.0065805204,0.01518604,0.023906333,0.028173093,0.0259064,0.00037782558,-0.0032440233,-0.0037016326,-0.0029814818,-0.00088402664,0.008241423,0.4183024,0.839129,0.8679545,0.35515374,0.0025189156,0.011449511,0.011550928,0.0061618253,-0.02404713,1.0064802,1.0418372,1.0582962,1.0907785,1.1396908,0.9834443,0.9834443,0.9834443,0.9834443,0.9834443,1.0007557,1.0070529,1.0458438,1.061461,1.070529,0.99420655,0.9949622,0.99748105,1.0020151,1.038791,0.8,0.6,0.3,0.2,0.1,0.71869,0.28352264,0.22117947,0.15424438,0.10595893,0.2,0.1,0.05,0.16666667,0.4,0.4,0.7,0.85,0.9,0.95,-0.2,-0.6,-0.8,-0.73333335,-0.55,-0.841968,0.07449293,-0.2762912,0.48579356,0.5127019,-0.84984654,-0.6169809,-0.25094053,-0.083823755,0.3545546,0.8,0.5,0.4,0.43333334,0.45,0.2,0.4,0.5,0.46666667,0.48333332,0.6,0.1,-0.1,-0.033333335,-0.033333335,0.5333341,0.29729733,0.30909094,0.35672507,0.4351352,0.46666592,0.7027027,0.690909,0.64327496,0.5648648,0.06666815,-0.40540534,-0.38181812,-0.2865499,-0.12972963,1.0909814,1.27908,1.171393,1.6198795,1.6317847,0.25017875,0.37291458,0.38467267,0.8763187,0.9892612,1.0896106,0.9147811,1.1295174,1.1441423,1.4521025,0.5237279,0.5156438,0.46322584,0.46321055,0.46817538,0.47627208,0.48435622,0.53677416,0.5367895,0.53182465,0.04745583,0.031287577,-0.0735483,-0.07357892,-0.06364927
SH600111,-0.0033796450754670273,0.5,,2026-03-12,-0.0097700935,0.030651325,-0.3187495,0.008046056,0.2625027,0.012835176,0.4187478,-0.0049809744,-0.16250437,1.0098665,1.0179919,0.9870382,1.0007799,1.0713875,1.1433501,0.98800147,0.96633315,0.91274226,1.0300616,1.0782714,1.0690721,1.043635,0.981305,0.022072447,0.069729805,0.070153706,0.07144299,0.086687736,-0.012999077,-0.020822976,0.0014771711,0.0038179094,0.0041339165,0.86708975,0.81744796,0.015517739,0.22132662,0.69359815,-0.004063402,0.015432034,-0.08310527,-0.098994665,-0.10325555,1.0752487,1.2298236,1.2298236,1.2298236,1.2298236,0.9870382,0.9870382,0.90326524,0.90326524,0.84193873,1.0453799,1.1055852,1.1170377,1.0862783,1.05219,1.0106798,1.036565,1.0212389,0.9827382,0.8917333,0.2,0.1,0.15,0.33333334,0.65,0.14694174,0.053387932,0.29622498,0.29622498,0.40749526,0.2,0.2,0.6,0.73333335,0.8666667,1.0,1.0,0.1,0.4,0.1,-0.8,-0.8,0.5,0.33333334,0.76666665,0.34616154,0.8233217,0.7246731,0.46590886,0.72272176,-0.33289933,-0.082038395,0.5877101,0.62580764,0.61385393,0.2,0.3,0.5,0.56666666,0.5833333,0.8,0.7,0.5,0.43333334,0.41666666,-0.6,-0.4,0.0,0.13333334,0.16666667,0.02317293,0.25217044,0.50850105,0.5154172,0.52808225,0.9768271,0.74782956,0.49149895,0.48458278,0.47191778,-0.9536541,-0.49565908,0.017002083,0.03083444,0.05616447,1.0951493,1.6053361,1.7399465,1.8804387,1.5389236,0.08715038,0.68996805,0.6928025,0.85080725,0.83651316,0.76555973,1.5660521,1.2643542,1.133778,1.3996106,0.3606484,0.28167173,0.4897644,0.4987825,0.50017273,0.6393516,0.71832824,0.5102356,0.50121754,0.4998273,-0.2787032,-0.43665653,-0.020471212,-0.0024350309,0.0003454176
SH601658,-0.004896658810131783,0.5,,2026-03-12,0.007968091,0.009960138,0.79999804,0.0,0.0,0.0019920473,0.20000197,0.009960138,1.0,0.9920949,1.0,0.9901186,0.99661505,0.9840349,0.9840349,1.0101597,1.0043541,1.0769231,0.9898404,0.9872279,0.9991292,1.0001936,1.0226173,0.0072568674,0.007643299,0.017488953,0.014557423,0.026854392,0.0034832906,0.00109073,-0.0022785554,-0.0008072175,-0.0013322927,0.57599807,0.18667416,0.59410006,0.2382944,0.7507036,0.003193043,0.007863819,0.022517076,0.011511116,0.016685285,1.0,1.0015724,1.0335046,1.0335046,1.0769179,0.978107,0.96992445,0.96992445,0.96992445,0.96992445,0.99535555,0.9944847,1.0232221,1.0101597,1.0496372,0.9837446,0.9825835,0.9840349,0.9863571,0.9956458,1.0,1.0,0.65,0.56666666,0.28333333,1.0,0.9503182,0.4730337,0.4730337,0.28109723,1.0,0.3,0.2,0.46666667,0.016666668,0.6,0.4,0.7,0.8,0.9,0.4,-0.1,-0.5,-0.33333334,-0.8833333,0.312969,-0.015231981,-0.3294066,-0.22382826,-0.26407027,-0.25711668,-0.034473944,-0.077075966,0.009927349,-0.030495973,0.8,0.7,0.45,0.46666667,0.45,0.2,0.3,0.5,0.5,0.51666665,0.6,0.4,-0.05,-0.033333335,-0.06666667,0.78947294,0.6078429,0.46391732,0.4900662,0.41479087,0.21052706,0.3921571,0.5360827,0.5099338,0.58520913,0.5789459,0.21568581,-0.07216535,-0.01986762,-0.17041823,0.8194377,0.9288228,0.8727668,0.9299418,0.8820874,0.19991422,0.2896911,0.2624584,0.24370678,0.21154925,0.6227829,1.0934906,1.0478396,0.8959697,0.91938376,0.53939956,0.5256888,0.4882361,0.48540464,0.51125485,0.46060044,0.4743112,0.5117639,0.5145954,0.48874512,0.07879915,0.0513776,-0.02352779,-0.029190728,0.022509726
SH601800,-0.005222688488065835,0.5,,2026-03-12,0.0036407348,0.012135934,0.29999626,0.0036407996,0.3000016,0.0048543997,0.40000215,0.0048543345,0.3999968,0.99637246,1.0036275,0.99153566,0.997918,0.9641694,0.98289907,0.990228,1.0252444,1.0154723,0.9882736,0.9807818,0.9812704,0.9873236,0.9954669,0.009983454,0.013567864,0.010188156,0.016644502,0.017928082,0.0058631888,0.0021221987,0.000100413505,-0.0009947709,-0.00041859245,0.8622756,0.22426453,0.003399861,0.27682555,0.16627039,-1.2930519e-08,0.009668329,0.017775692,0.027100602,0.016881578,1.0036275,1.0036275,1.0050398,1.034178,1.0728842,0.9574861,0.947957,0.947957,0.947957,0.947957,0.9980456,0.98778504,0.98713356,0.99690557,1.0066775,0.9799674,0.97459286,0.976873,0.9778502,0.9820847,1.0,1.0,1.0,0.8666667,0.68333334,0.9213812,0.9348383,0.91171074,0.60359955,0.4165868,1.0,1.0,0.45,0.1,0.45,0.2,0.4,0.7,0.8,0.9,0.8,0.6,-0.25,-0.7,-0.45,0.8569681,0.08628987,0.0142895,0.30284992,0.30721915,0.87405926,-0.12754126,-0.06384797,-0.054044828,0.25413278,0.8,0.7,0.5,0.43333334,0.43333334,0.2,0.3,0.5,0.56666666,0.55,0.6,0.4,0.0,-0.13333334,-0.11666667,0.9400007,0.6039602,0.53488374,0.44951138,0.48479998,0.059999302,0.39603975,0.4651163,0.55048865,0.5152,0.8800014,0.20792048,0.069767445,-0.100977264,-0.030400041,0.8968543,0.88638335,0.7374777,0.862002,0.74323213,0.2070319,0.22544134,0.37873074,0.43749908,0.44316518,0.81924456,1.0829849,1.2062867,1.0280333,1.2919303,0.6731253,0.5797603,0.5189739,0.4989662,0.5171601,0.32687464,0.4202397,0.48102608,0.5010338,0.48283988,0.3462507,0.1595206,0.037947807,-0.0020676253,0.034320228
SH688047,-0.00585600699511778,0.25,,2026-03-12,-0.015493152,0.049050644,-0.3158603,0.024788987,0.5053753,0.008768506,0.17876434,-0.03151363,-0.6424713,1.0157369,1.0409161,0.9910935,1.0135125,0.9682582,1.0537065,1.0473448,1.1901158,0.89064485,1.0293444,1.0130583,1.037474,1.0791914,1.0159411,0.03185747,0.042306483,0.039852634,0.08331182,0.09936106,-0.006422013,0.00087502267,-0.0034691289,-0.0075932927,0.0027732598,0.101592086,0.003921355,0.265213,0.64379674,0.2376011,-0.016500369,-0.016995914,-0.0045173117,0.030911267,-0.09775235,1.0902029,1.0902029,1.1234848,1.3597401,1.3597401,0.95493203,0.94743186,0.94743186,0.94743186,0.8705551,1.0557824,1.0536797,1.0657737,1.1213286,1.080158,1.003375,0.9680975,1.003375,1.0300542,0.9183285,0.2,0.4,0.2,0.13333334,0.5,0.33316827,0.368199,0.29859278,0.12749724,0.26461336,0.4,0.7,0.15,0.033333335,0.51666665,0.2,0.4,0.7,0.8,0.033333335,0.2,0.3,-0.55,-0.76666665,0.48333332,0.99040884,0.7138543,0.43742824,0.837039,0.8272817,0.94690454,0.66426724,0.69195956,0.65415925,0.5890439,0.4,0.4,0.4,0.36666667,0.43333334,0.6,0.6,0.6,0.6333333,0.56666666,-0.2,-0.2,-0.2,-0.26666668,-0.13333334,0.5888306,0.41482583,0.45304823,0.4024868,0.5282555,0.4111694,0.58517414,0.5469518,0.5975132,0.47174448,0.1776612,-0.17034833,-0.09390352,-0.19502641,0.056511074,1.5670942,1.3047793,1.2142389,1.5939791,1.3061898,0.79856545,0.62117743,0.4909456,0.93745476,0.9062326,1.1229876,1.1676433,1.2023183,1.473012,1.7217414,0.538923,0.4608006,0.47695154,0.46443582,0.51041543,0.46107695,0.5391994,0.52304846,0.5355642,0.48958457,0.07784608,-0.078398794,-0.04609691,-0.07112838,0.020830866
SZ300760,-0.006427418691345759,0.375,,2026-03-12,-0.011758148,0.015030515,-0.78228503,0.002329467,0.1549825,0.0009429014,0.06273247,-0.013144713,-0.8745351,1.011898,1.0142553,0.9990459,1.0032539,0.98891234,1.0511037,1.0812923,1.0961093,1.1227698,1.009364,1.0109011,1.0342833,1.0477556,1.0842111,0.0074216696,0.017579833,0.027931843,0.03130115,0.04566861,-0.0025753474,-0.002640554,-0.004227191,-0.0031768542,-0.0020821434,0.30102906,0.20681027,0.8016276,0.79831773,0.6339945,-0.004213276,0.0009813927,0.005875,-0.0016911925,-0.022787845,1.02283,1.0489433,1.0859742,1.1056308,1.2017057,0.98494744,0.98494744,0.98494744,0.98494744,0.98494744,1.014303,1.0205121,1.0617276,1.0781877,1.121651,1.0027013,0.99778247,1.0103921,1.0132143,1.0484326,0.2,0.3,0.15,0.1,0.05,0.3973472,0.23521161,0.14899565,0.12472767,0.06944396,0.2,0.1,0.05,0.06666667,0.41666666,0.2,0.6,0.8,0.8666667,0.93333334,0.0,-0.5,-0.75,-0.8,-0.51666665,0.30020404,0.022432119,-0.2842586,0.28592992,0.35432345,0.5707756,0.14616774,0.012003328,0.065996625,0.25129187,0.6,0.4,0.4,0.4,0.41666666,0.4,0.6,0.6,0.6,0.5833333,0.2,-0.2,-0.2,-0.2,-0.16666667,0.58283156,0.3095419,0.29122433,0.36430907,0.41845208,0.41716847,0.69045806,0.70877564,0.6356909,0.5815479,0.1656631,-0.38091618,-0.41755134,-0.27138186,-0.16309583,1.1091633,1.2880441,1.17492,1.3827121,1.5119975,0.27664793,0.3670715,0.31271905,0.4847903,0.64603335,1.0168638,0.85979456,1.0690552,1.0021356,1.242624,0.49148375,0.47383675,0.44222683,0.47419026,0.49477416,0.50851625,0.5261633,0.5577732,0.5258097,0.50522584,-0.017032484,-0.052326515,-0.11554633,-0.051619455,-0.010451667
SZ300476,-0.006503616090423312,0.375,,2026-03-12,-0.008834257,0.04381782,-0.20161335,0.009929682,0.2266129,0.02505388,0.57177377,0.0062899394,0.14354753,1.008913,1.0189312,0.9747228,0.99332666,1.015904,1.1239296,0.91447544,0.95365375,1.0232455,1.0001936,1.0216608,0.9939083,0.9773794,1.0119826,0.0254984,0.037226543,0.060225043,0.05519357,0.062022835,0.0067597264,-0.008058342,0.005197397,0.0036145614,-0.0016963097,0.17570025,0.42953393,0.26066673,0.33238083,0.22814286,-0.013713107,0.014601762,-0.043283563,-0.029790537,0.038058594,1.0358692,1.1009319,1.1545192,1.1545192,1.1545192,0.9276623,0.9276623,0.87097704,0.87097704,0.87097704,1.0183636,1.0405382,1.0328947,1.0170949,1.0698749,0.98656005,0.9985028,0.936926,0.936926,0.94638026,0.6,0.3,0.55,0.7,0.41666666,0.6685128,0.41748625,0.45503983,0.45503983,0.45503983,0.8,0.3,0.5,0.6666667,0.8333333,0.4,0.7,0.1,0.4,0.7,0.4,-0.4,0.4,0.26666668,0.13333334,0.19125998,0.5721517,0.83910847,0.7807179,0.71621674,0.47852692,0.18622302,0.56727844,0.5351478,0.5948438,0.2,0.2,0.35,0.4,0.4,0.8,0.8,0.65,0.6,0.6,-0.6,-0.6,-0.3,-0.2,-0.2,0.44737214,0.27695274,0.5720934,0.5296873,0.49313524,0.55262786,0.72304726,0.42790657,0.47031268,0.5068648,-0.1052557,-0.44609454,0.14418684,0.059374604,-0.013729518,1.1067091,1.2913924,1.2315408,1.1534042,1.255984,0.18779188,0.27955636,0.5567039,0.47555012,0.44041115,0.95133966,0.99386096,1.3395445,1.3973397,1.275517,0.3103504,0.26577586,0.5003357,0.4988177,0.47575477,0.68964964,0.73422414,0.4996643,0.5011823,0.52424526,-0.37929925,-0.46844828,0.000671414,-0.0023645817,-0.04849047
SH600066,-0.0072075345876070175,0.375,,2026-03-12,0.013947507,0.02854365,0.48863786,0.0045409873,0.15908924,0.010055155,0.3522729,0.019461675,0.6818215,0.9862443,1.0044786,0.97632754,0.99745554,0.9942417,0.9497751,0.991683,1.0201514,1.0323089,0.9717223,0.9658035,0.98739606,0.99160796,1.0195136,0.023052258,0.02204354,0.031286694,0.027746765,0.039006658,0.00959629,0.0036974417,-0.0031724197,-0.0015244286,-0.0018577263,0.4332312,0.25790003,0.35985705,0.23393282,0.69180834,0.009085096,0.017557995,0.04274191,0.030496243,0.035289273,1.0044786,1.0044786,1.0454277,1.050543,1.1122822,0.93730277,0.93410015,0.93410015,0.93410015,0.93410015,0.9887398,0.9875881,1.0173384,1.0173384,1.0514401,0.95380855,0.9461294,0.9497751,0.9657701,0.9892504,1.0,1.0,0.6,0.6166667,0.30833334,0.93333125,0.93636507,0.5919454,0.5659421,0.36984575,1.0,1.0,0.35,0.13333334,0.11666667,0.4,0.1,0.55,0.7,0.85,0.6,0.9,-0.2,-0.56666666,-0.73333335,-0.057532318,0.35366797,-0.5310283,-0.2805294,-0.24308316,0.24244377,0.5495443,-0.04003544,-0.056419566,-0.026347147,0.6,0.5,0.5,0.46666667,0.46666667,0.4,0.4,0.45,0.5,0.51666665,0.2,0.1,0.05,-0.033333335,-0.05,0.5260135,0.61912906,0.5114235,0.4810826,0.48150846,0.47398648,0.38087097,0.48857647,0.5189174,0.5184915,0.052027028,0.23825808,0.022847045,-0.0378348,-0.036983047,1.1943073,1.2582614,1.1329395,1.2519212,1.1913308,0.25784934,0.32584205,0.4322253,0.44994175,0.39774776,0.54718614,0.99521655,1.2070062,1.0921595,1.1574829,0.32076654,0.36745393,0.44235486,0.49987435,0.49832395,0.67923343,0.63254607,0.55764514,0.50012565,0.501676,-0.35846692,-0.26509213,-0.11529031,-0.0002512742,-0.0033520944
SH600958,-0.007471652733954533,0.5,,2026-03-12,0.0030706592,0.007164754,0.42857847,0.0030705887,0.4285686,0.001023506,0.14285292,0.0010235766,0.14286277,0.99693877,1.0030612,0.9959184,0.9996081,0.997547,1.0327065,1.0490596,1.0637776,1.103843,1.0006541,1.0044154,1.0267785,1.0360043,1.070755,0.005020478,0.011558337,0.025343865,0.025513394,0.042494263,-0.0008176565,-0.0023191818,-0.0040323623,-0.0025570341,-0.002063488,0.06631194,0.36905432,0.8860158,0.77846354,0.71918905,0.0009811878,0.006020959,0.01152904,0.001072643,-0.009882075,1.0114415,1.0390334,1.0686669,1.0860356,1.1688446,0.9873326,0.98570096,0.98570096,0.98570096,0.98570096,1.0034342,1.0083401,1.0557646,1.0598528,1.1095667,0.99869174,0.9967293,1.0,1.0063777,1.03565,0.5,0.45,0.225,0.15,0.075,0.52542657,0.26811096,0.17234792,0.14251326,0.078075424,0.2,0.1,0.1,0.1,0.31666666,0.4,0.4,0.7,0.8,0.9,-0.2,-0.3,-0.6,-0.7,-0.5833333,-0.8068277,0.3103823,0.09610727,0.393743,0.49111152,-0.71193856,-0.59917843,-0.24866,-0.0949818,0.27834803,0.4,0.3,0.35,0.4,0.41666666,0.4,0.6,0.6,0.56666666,0.56666666,0.0,-0.3,-0.25,-0.16666667,-0.15,0.5348839,0.30000025,0.31012684,0.34765643,0.40967286,0.46511608,0.69999975,0.68987316,0.6523436,0.59032714,0.06976782,-0.39999947,-0.37974632,-0.30468714,-0.18065426,1.1579657,1.4462626,1.5370101,1.9456078,2.1819599,0.18339309,0.4754589,0.6329894,0.91558295,0.9411897,0.8896371,1.0510204,1.0443298,1.0232006,1.2610184,0.5226607,0.38169336,0.44016412,0.4631226,0.455774,0.47733933,0.61830664,0.55983585,0.5368774,0.544226,0.045321327,-0.23661327,-0.11967173,-0.073754765,-0.088452004
SH601919,-0.007981191035616415,0.5,,2026-03-12,0.013350295,0.021614743,0.61764765,0.0038143846,0.17647144,0.0044500637,0.20588094,0.013985974,0.6470571,0.9868256,1.0037642,0.98243415,0.9974785,0.9900393,0.9454784,0.9140236,0.90904325,0.93158585,0.9837483,0.98786366,0.95241153,0.93609434,0.93791175,0.013583714,0.032087237,0.043619893,0.04265064,0.032377213,0.003328981,0.00063703774,0.005770848,0.0038478158,0.00022215255,0.15015009,0.0036130766,0.61260164,0.63078177,0.014358976,0.009593701,0.00926965,-0.00723458,0.00811231,0.05553475,1.0189633,1.0653719,1.0653719,1.0653719,1.0653719,0.9574026,0.9380439,0.89714456,0.8865564,0.8865564,0.99245083,0.99559635,0.99014413,0.976671,0.9625164,0.9722673,0.9682831,0.91140234,0.90442985,0.9089384,1.0,0.9,0.95,0.96666664,0.98333335,0.69195706,0.4865867,0.61140746,0.634417,0.634417,0.4,0.3,0.65,0.76666665,0.8833333,0.6,0.1,0.35,0.26666668,0.6333333,-0.2,0.2,0.3,0.5,0.25,-0.17217706,0.715158,0.8315436,0.7194963,0.43200576,0.073072426,0.56450534,0.5108092,0.45223874,0.30795878,0.6,0.5,0.5,0.5,0.48333332,0.4,0.5,0.5,0.46666667,0.5,0.2,0.0,0.0,0.033333335,-0.016666668,0.58482164,0.6048387,0.62443095,0.6080997,0.5574131,0.41517836,0.3951613,0.37556902,0.3919003,0.4425869,0.1696433,0.20967741,0.24886197,0.21619941,0.114826195,1.129087,1.8137716,1.236094,1.1014591,0.807369,0.22797446,1.1878414,1.0520347,0.8921138,0.7020584,0.76949435,1.7902336,2.3899386,2.7420802,3.5461388,0.21946925,0.504292,0.49639645,0.5154032,0.5176429,0.78053075,0.495708,0.5036035,0.4845968,0.48235708,-0.5610615,0.008584043,-0.0072070784,0.030806437,0.03528583
SH601319,-0.009524659084442019,0.25,,2026-03-12,0.0,0.011682197,0.0,0.0058410987,0.5,0.0058410987,0.5,0.0,0.0,1.0,1.0058411,0.9941589,0.9995504,0.98526525,1.0039293,1.0628684,1.0717093,1.0186641,0.997446,0.99695486,1.0218074,1.0357237,1.0568926,0.00672007,0.008852363,0.030673048,0.032492355,0.04698598,0.00058938196,-0.0003750691,-0.004576274,-0.0031925892,-0.00092802994,0.019230302,0.016455673,0.7790732,0.7482132,0.11898362,0.0013752509,0.0047329753,0.021667115,0.0105688805,-0.029515734,1.0058411,1.020154,1.0826536,1.0951722,1.1895162,0.9793862,0.97025514,0.97025514,0.97025514,0.97025514,1.0007858,1.0023576,1.0542239,1.0660118,1.0850687,0.99489194,0.98605114,0.9994106,1.0,1.0035363,0.7,0.6,0.3,0.2,0.15833333,0.77920526,0.5961025,0.26463765,0.23811705,0.13565962,1.0,0.3,0.15,0.26666668,0.4,0.2,0.4,0.7,0.8,0.9,0.8,-0.1,-0.55,-0.53333336,-0.5,-0.3526867,-0.062807746,-0.18164061,0.29265174,0.45789453,-0.2980772,-0.1540684,-0.1181063,0.048566047,0.3645673,0.6,0.5,0.35,0.33333334,0.41666666,0.2,0.4,0.6,0.6333333,0.56666666,0.4,0.1,-0.25,-0.3,-0.15,0.64705867,0.4787233,0.3431373,0.38837916,0.48831484,0.3529413,0.5212767,0.65686274,0.61162084,0.51168513,0.2941174,-0.0425534,-0.3137254,-0.22324167,-0.023370313,1.2447209,1.7351259,1.710157,2.0089436,2.184974,0.3039965,0.6835113,0.6002491,0.72926015,0.7689491,0.9493617,1.2759165,1.0862625,0.9770081,1.1947949,0.086057976,0.31579837,0.4570676,0.47081533,0.47319233,0.91394204,0.68420166,0.5429324,0.5291847,0.52680767,-0.8278841,-0.3684033,-0.08586478,-0.05836937,-0.053615313
SH688036,-0.010254188122393926,0.5,,2026-03-12,0.031728998,0.053119387,0.59731483,0.019964349,0.3758392,0.0014260411,0.026845964,0.01319069,0.2483216,0.96924675,1.0193504,0.9678646,1.0035915,0.9272805,0.99721956,1.007272,1.0659823,1.1810502,0.9968987,0.9716394,1.0011069,1.015232,1.0916337,0.019528419,0.036515586,0.042166058,0.04431702,0.08724012,-0.007058071,0.00464186,-0.004708195,-0.0036705916,-0.0045132195,0.3265712,0.14812861,0.43636605,0.53165853,0.81628203,0.017217401,0.0074722143,0.043620996,0.03799167,0.041506246,1.0566993,1.0566993,1.0707955,1.1152008,1.2526292,0.9126039,0.9075855,0.9075855,0.9075855,0.9075855,1.0056037,0.99905896,1.044038,1.0500481,1.1785264,0.98693186,0.93292695,0.9708694,0.99103844,1.0060314,0.8,0.9,0.5,0.33333334,0.16666667,0.6065158,0.6197584,0.56623036,0.4451237,0.2678342,0.2,0.6,0.05,0.06666667,0.15,0.2,0.4,0.7,0.8,0.9,0.0,0.2,-0.65,-0.73333335,-0.75,0.87663317,0.4309464,-0.03404664,0.2093189,0.3169038,0.93254024,0.6665423,0.692888,0.5968825,0.5056506,0.6,0.5,0.35,0.4,0.43333334,0.4,0.5,0.65,0.6,0.56666666,0.2,0.0,-0.3,-0.2,-0.13333334,0.70070827,0.50510603,0.4909574,0.44036338,0.42728287,0.29929173,0.49489397,0.5090426,0.5596366,0.57271713,0.40141654,0.010212035,-0.018085195,-0.11927323,-0.14543428,1.0721357,0.9264846,0.7720904,0.81467074,0.8981086,0.576741,0.4454899,0.3957529,0.35199088,0.3412979,1.5316763,1.7091366,1.9978892,1.9213537,1.5442284,0.5650458,0.54988074,0.52724296,0.5025254,0.48490438,0.43495423,0.45011926,0.47275707,0.49747464,0.51509565,0.13009152,0.09976151,0.054485884,0.0050507477,-0.030191245
SZ000651,-0.01040614339065039,0.375,,2026-03-12,0.004774459,0.009018576,0.5294028,0.0010610292,0.1176493,0.0031830876,0.35294792,0.0068965177,0.76470137,0.9952482,1.001056,0.9920803,0.99629486,0.9778248,0.9923448,1.0264,1.0499467,1.0476286,0.9934005,0.9868535,1.0015182,1.009944,1.0285159,0.0065519754,0.008956533,0.017547602,0.019916398,0.023952158,0.0037750436,0.0020799309,-0.0022447237,-0.0019001558,-0.0011967954,0.82992613,0.49434417,0.5727411,0.7054374,0.76146567,-0.00095058285,0.0037868347,0.019806635,0.017608253,0.0067895027,1.001056,1.001056,1.0295671,1.0571574,1.0648828,0.9728088,0.9662091,0.9662091,0.9662091,0.9662091,0.9983106,0.9966214,1.0182683,1.0264,1.0497404,0.98695886,0.9788808,0.9847949,0.9883843,1.0125134,1.0,1.0,0.55,0.36666667,0.18333334,0.96261626,0.9696964,0.5333331,0.37153965,0.34245118,1.0,1.0,0.05,0.033333335,0.48333332,0.2,0.4,0.7,0.8,0.9,0.8,0.6,-0.65,-0.76666665,-0.41666666,-0.5823125,-0.5074496,-0.48441106,0.14063004,0.13284935,-0.07209492,0.09328218,-0.53512347,-0.43716124,-0.019435672,0.8,0.5,0.5,0.43333334,0.46666667,0.2,0.5,0.5,0.56666666,0.51666665,0.6,0.0,0.0,-0.13333334,-0.05,0.928603,0.5792315,0.37244183,0.36691192,0.42960638,0.07139704,0.42076853,0.6275582,0.63308805,0.5703936,0.8572059,0.15846294,-0.25511634,-0.26617616,-0.14078724,1.1411581,1.4261427,1.3798158,1.6560783,1.668592,0.09493992,0.4063355,0.6186769,0.7286284,0.65578824,0.9037044,0.6298865,1.899666,1.3651078,1.3908774,0.49416703,0.08737428,0.45983526,0.4277479,0.4919329,0.50583297,0.91262573,0.54016477,0.5722521,0.5080671,-0.01166592,-0.82525146,-0.08032948,-0.14450422,-0.016134199
SH601888,-0.010441533377419874,0.25,,2026-03-12,-0.006333362,0.020078147,-0.3154356,0.0039077946,0.19462925,0.00983699,0.48993516,-0.0004041665,-0.020129671,1.0063738,1.0103065,0.9901003,0.99885076,1.0367337,1.086219,1.2406995,1.289483,1.1099672,1.0175947,1.0344466,1.1343852,1.1693846,1.1821995,0.014875714,0.026693586,0.119291075,0.109587945,0.09689892,-0.008844177,-0.007756199,-0.018507823,-0.010303289,-0.0009655147,0.88368875,0.7739189,0.8424862,0.6850589,0.030281663,9.360128e-05,0.00045625254,0.041439105,-0.019986931,-0.15371683,1.045524,1.1030177,1.33872,1.33872,1.3534994,0.9901003,0.9901003,0.9901003,0.9901003,0.9901003,1.0258188,1.0445834,1.278299,1.2662845,1.2666354,1.0064108,1.016343,1.0260762,1.0385587,1.0742512,0.2,0.1,0.05,0.033333335,0.016666668,0.17861834,0.08767194,0.02839682,0.02839682,0.027241921,0.2,0.1,0.25,0.5,0.48333332,1.0,1.0,1.0,1.0,1.0,-0.8,-0.9,-0.75,-0.5,-0.51666665,-0.54157907,0.29489064,0.62452,0.62910545,0.64277226,-0.98950225,-0.8375256,-0.05675902,0.080379836,0.44063723,0.4,0.4,0.4,0.33333334,0.36666667,0.6,0.6,0.6,0.6666667,0.6333333,-0.2,-0.2,-0.2,-0.33333334,-0.26666668,0.12884115,0.19188994,0.26584738,0.29363692,0.46762195,0.87115884,0.80811006,0.7341526,0.7063631,0.5323781,-0.7423177,-0.6162201,-0.46830523,-0.41272616,-0.064756125,0.9328059,1.2030379,1.6682442,1.7944915,2.144776,0.19882782,0.41278425,0.6470022,0.6465275,0.9330047,0.9176155,1.0899394,1.2320896,1.1649189,1.2860495,0.49657577,0.35635176,0.49453357,0.47420105,0.49607733,0.5034242,0.64364827,0.5054664,0.525799,0.5039227,-0.006848453,-0.28729647,-0.010932839,-0.051597923,-0.007845367
SH600570,-0.011196062856409568,0.375,,2026-03-12,0.003603596,0.015135127,0.23809485,0.008288247,0.54761654,0.003243285,0.21428858,-0.0014413656,-0.095233135,0.99640936,1.0082585,0.9931777,1.0002345,0.9867132,1.0718108,1.0929921,1.160141,1.074678,0.99906284,1.006352,1.0473931,1.0771717,1.0914687,0.0033356382,0.030509664,0.0480465,0.06102893,0.06300911,0.000358975,-0.005216165,-0.006905949,-0.006379811,-0.0007432074,0.02895413,0.26794103,0.7230882,0.8469267,0.04243392,0.00021920606,0.017120788,0.018213456,0.015335549,-0.06954402,1.0147161,1.0811418,1.1170514,1.1834807,1.2990943,0.96875805,0.9666033,0.9666033,0.9666033,0.9666033,1.0008593,1.0101926,1.0923456,1.122509,1.1584176,0.99733627,0.99245673,0.99733627,1.0002859,1.0418619,0.6,0.6,0.3,0.2,0.1,0.67979205,0.29157615,0.22198172,0.15398884,0.10044393,0.6,0.1,0.25,0.033333335,0.41666666,0.4,0.4,0.7,0.8,0.9,0.2,-0.3,-0.45,-0.76666665,-0.48333332,-0.6606149,-0.20684172,-0.3423252,0.4763017,0.77371645,-0.8474208,-0.6405043,-0.4357418,-0.3035752,0.5057857,0.6,0.5,0.4,0.36666667,0.43333334,0.4,0.5,0.6,0.6,0.55,0.2,0.0,-0.2,-0.23333333,-0.11666667,0.68684417,0.28355995,0.33028954,0.32073906,0.46343493,0.31315583,0.7164401,0.66971046,0.67926097,0.53656507,0.37368834,-0.4328801,-0.33942094,-0.3585219,-0.07313012,1.1877904,1.5070572,1.3837898,1.7162366,2.2559335,0.17998646,0.50331837,0.38354298,0.6398317,1.9279885,0.5730245,1.1422592,1.2082613,1.0674078,2.4402344,0.32579607,0.43729514,0.43052018,0.4411796,0.4836644,0.67420393,0.56270486,0.5694798,0.5588204,0.5163356,-0.3484079,-0.1254097,-0.13895963,-0.1176408,-0.032671243
SH600000,-0.01296926400256122,0.5,,2026-03-12,0.0139442,0.01892435,0.73683906,0.00199206,0.10526438,0.00298809,0.15789656,0.01494023,0.78947127,0.98624754,1.0019647,0.98330057,0.995178,0.9606961,0.9557831,0.995087,1.0549899,1.1188588,0.98130697,0.9671659,0.97556823,0.9848171,1.061958,0.013282937,0.017889082,0.019422103,0.023668027,0.08378818,0.007866705,0.0052867983,-0.0012926679,-0.0018302827,-0.004255432,0.8768745,0.80060965,0.15504205,0.46346182,0.7867228,0.002959612,0.0090435445,0.03671209,0.041722,0.063577354,1.0019647,1.0019647,1.0098246,1.0706791,1.2258941,0.9537882,0.9262986,0.9262986,0.9262986,0.9262986,0.9913342,0.98050195,0.999195,1.0,1.1459571,0.9706878,0.9539955,0.9557831,0.9614538,0.9799456,1.0,1.0,0.9,0.8,0.4,0.9592194,0.9740351,0.88237655,0.51046634,0.24600302,1.0,1.0,0.05,0.033333335,0.3,0.2,0.4,0.7,0.8,0.9,0.8,0.6,-0.65,-0.76666665,-0.6,0.020172054,-0.35012856,-0.48305342,0.1366069,-0.26857212,-0.61280614,-0.5270134,-0.42287865,-0.2677337,-0.045625232,0.8,0.6,0.45,0.4,0.38333333,0.2,0.4,0.5,0.56666666,0.5833333,0.6,0.2,-0.05,-0.16666667,-0.2,0.91708624,0.7528773,0.51533055,0.3963863,0.41567275,0.082913764,0.2471227,0.48466945,0.6036137,0.5843273,0.8341725,0.5057546,0.030661097,-0.20722741,-0.16865452,0.99486965,1.1104352,0.9503866,1.0858544,0.98333794,0.23467103,0.32993406,0.32099384,0.39547452,0.38008463,0.30186614,0.76930237,0.84240955,0.7384596,1.0032383,0.42039412,0.52016944,0.5195629,0.4962634,0.49999994,0.5796059,0.47983056,0.48043713,0.5037366,0.50000006,-0.15921178,0.040338892,0.039125744,-0.0074731796,-1.1758434e-07
SH601117,-0.012991737968394979,0.5,,2026-03-12,0.025720205,0.05452669,0.4716994,0.028806483,0.52830064,0.0,0.0,-0.003086279,-0.056601252,0.97492474,1.0280842,0.97492474,1.0000905,0.91844505,0.89481705,0.8567073,0.8719512,0.75381094,0.94649386,0.936814,0.8966463,0.88978654,0.8317454,0.034879915,0.026819099,0.047450714,0.041537695,0.06989884,0.016844526,0.0041990024,0.007240281,0.002883964,0.0036504255,0.58305126,0.22470632,0.81487954,0.37359115,0.83185357,0.019817084,0.0442905,0.034571026,0.06839598,0.06056706,1.0280842,1.0280842,1.0280842,1.0280842,1.0280842,0.90293866,0.89962935,0.8283857,0.8265358,0.73566705,0.9689024,0.94832313,0.93612796,0.9189024,0.8929877,0.9195122,0.9176829,0.848628,0.8506097,0.7596036,1.0,1.0,1.0,1.0,1.0,0.775588,0.7813694,0.8593672,0.860658,0.9039586,1.0,1.0,1.0,1.0,1.0,0.8,0.1,0.1,0.3,0.033333335,0.2,0.9,0.9,0.7,0.96666664,0.843383,0.79832774,0.85459137,0.5546503,0.8179423,0.67104465,0.6909231,0.61136746,0.41163898,0.5243746,0.6,0.6,0.6,0.56666666,0.53333336,0.4,0.3,0.35,0.36666667,0.4,0.2,0.3,0.25,0.2,0.13333334,0.82822114,0.7593986,0.70524037,0.6276596,0.64912283,0.17177883,0.24060142,0.29475963,0.37234035,0.35087717,0.65644234,0.51879716,0.4104807,0.25531927,0.29824567,0.6546929,0.59962314,0.48304164,0.5568892,0.41750306,0.23412225,0.18568559,0.18952584,0.22791475,0.29293028,0.8558741,0.9892474,1.0964584,1.103843,1.7595725,0.7468365,0.6738737,0.6219523,0.4667224,0.5502255,0.2531635,0.32612625,0.3780477,0.53327763,0.44977447,0.49367303,0.3477475,0.24390458,-0.06655522,0.10045104
SZ002920,-0.01313056579467396,0.25,,2026-03-12,0.024739169,0.03766922,0.6567476,0.006982225,0.18535624,0.0059478255,0.15789618,0.02370477,0.6292875,0.9758581,1.0068136,0.97005385,0.9900175,0.96401787,1.0520983,1.031275,1.1104198,0.93417907,0.9792405,0.99053776,1.0075475,1.0245093,1.0401561,0.0151532125,0.025203582,0.028402869,0.039275825,0.06476628,0.0069570723,-0.004829534,-0.0025200627,-0.0033829405,-0.00019090083,0.5269672,0.33658698,0.2755284,0.5749628,0.002649827,0.0068453588,0.031195132,0.016393095,0.024543274,-0.034524567,1.0068136,1.067628,1.067628,1.1350405,1.2010807,0.9304305,0.9304305,0.9304305,0.9304305,0.90572536,0.9876815,1.002968,1.0338919,1.0512686,1.11176,0.9716133,0.9727621,0.9833573,0.9946705,0.98683584,1.0,0.7,0.4,0.26666668,0.25,0.91079634,0.5070756,0.5070756,0.34001034,0.31919056,1.0,0.1,0.55,0.06666667,0.33333334,0.4,0.7,0.85,0.9,0.06666667,0.6,-0.6,-0.3,-0.8333333,0.26666668,0.06408841,-0.19421977,-0.2962576,0.38209036,0.64557123,-0.39705014,-0.44554144,-0.34242955,-0.07582964,0.468765,0.8,0.4,0.5,0.4,0.45,0.2,0.6,0.5,0.6,0.55,0.6,-0.2,0.0,-0.2,-0.1,0.7361263,0.34142768,0.44312227,0.3900889,0.5273632,0.26387373,0.6585723,0.55687773,0.6099111,0.47263685,0.47225255,-0.3171446,-0.11375544,-0.21982221,0.054726325,0.9107793,0.9825196,0.91848147,0.9944965,1.2958729,0.16269162,0.23555328,0.23486385,0.31891423,0.62162477,0.33087292,0.5041433,0.74097854,1.0645365,1.3900545,0.3536755,0.54910696,0.53688693,0.4919562,0.5112168,0.6463245,0.450893,0.4631131,0.50804377,0.48878318,-0.29264897,0.09821395,0.07377382,-0.01608758,0.022433646
SZ001391,-0.013189903867319339,0.375,,2026-03-12,0.0,0.007017539,0.0,0.0035087212,0.49999315,0.0035088176,0.50000685,9.640403e-08,1.3737585e-05,1.0,1.0035087,0.9964912,0.99957794,1.0069565,1.0434783,1.0452174,1.053913,1.1026087,1.0034783,1.012,1.0305218,1.0351304,1.051913,0.0061487486,0.016032927,0.022246506,0.019836482,0.026287278,-0.0024347804,-0.004184449,-0.0034377214,-0.0017093372,-0.0012923885,0.392,0.6243993,0.8357681,0.57547694,0.7372162,0.001391303,0.006830033,0.002136644,-0.010345011,-0.0137875555,1.0156672,1.0521884,1.0749563,1.0749563,1.1079234,0.9894888,0.9894888,0.9894888,0.9894888,0.9894888,1.0055652,1.0212173,1.0507826,1.0507826,1.0806956,0.99965215,1.0013913,1.0031304,1.0125217,1.0396521,0.4,0.2,0.1,0.06666667,0.033333335,0.40152237,0.16764404,0.122985035,0.122985035,0.08875122,0.2,0.1,0.1,0.4,0.083333336,0.4,0.7,0.85,0.9,0.95,-0.2,-0.6,-0.75,-0.5,-0.8666667,-0.4899068,0.15466852,-0.103926174,0.04294838,-0.33063173,-0.84281725,-0.7294778,-0.5271429,-0.35344723,-0.07320406,0.4,0.4,0.5,0.46666667,0.4,0.6,0.6,0.5,0.46666667,0.5,-0.2,-0.2,0.0,0.0,-0.1,0.3888889,0.26415095,0.33333334,0.36283186,0.37552738,0.6111111,0.7358491,0.6666667,0.63716817,0.6244726,-0.22222222,-0.4716981,-0.33333334,-0.27433628,-0.2489452,0.9774226,1.2995172,1.156506,1.2291777,1.2430549,0.37204984,0.7281642,0.6077059,0.539073,0.60378253,1.3287592,1.5407732,1.816439,1.6181517,1.4323071,0.5423632,0.5174674,0.4778475,0.4858305,0.50777155,0.45763674,0.48253262,0.5221525,0.5141695,0.49222848,0.08472651,0.034934767,-0.044305,-0.028339038,0.01554307
SH600161,-0.014773435336636501,0.125,,2026-03-12,0.0024891216,0.006844994,0.36364117,0.0006222804,0.09091029,0.0037335919,0.54544854,0.0056004333,0.8181794,0.99751705,1.0006207,0.9937927,0.9968038,0.9708277,1.0285633,1.0242033,1.0366417,1.0639546,0.9951722,0.9933064,1.0082052,1.018448,1.0269833,0.005762425,0.015877066,0.019408615,0.024129681,0.023344697,0.0033499922,-0.0006392044,-0.0024298818,-0.0022286312,-0.0005530508,0.8449229,0.014857661,0.5485918,0.6611118,0.17118014,-0.0018721616,0.009569999,0.014878757,0.01386714,-0.010668304,1.0037478,1.0273362,1.0391188,1.0844334,1.0912555,0.96338785,0.95593584,0.95593584,0.95593584,0.95593584,0.99902546,1.0024877,1.0262166,1.0337821,1.0460665,0.9921973,0.9827531,0.9930628,0.9985318,1.0117972,1.0,0.8,0.4,0.26666668,0.13333334,0.90714043,0.61714196,0.5297259,0.34291813,0.3256302,0.8,0.1,0.05,0.1,0.4,0.2,0.4,0.7,0.8,0.9,0.6,-0.3,-0.65,-0.7,-0.5,-0.47952673,-0.053547982,-0.4308942,0.3201568,0.29208943,0.453978,-0.38478202,-0.22336249,0.3216363,0.16341229,1.0,0.7,0.6,0.56666666,0.48333332,0.0,0.3,0.4,0.43333334,0.48333332,1.0,0.4,0.2,0.13333334,0.0,1.0,0.36134452,0.42230925,0.4359663,0.44192138,0.0,0.6386555,0.5776907,0.5640337,0.5580786,1.0,-0.27731097,-0.15538149,-0.12806739,-0.11615721,1.4524798,1.9431545,1.5542446,1.8894144,1.8765305,0.57700545,0.8122101,0.71001726,1.1413229,1.0105244,1.0520406,1.1324157,1.4048535,1.8419511,1.6819044,0.4428602,0.4938311,0.48363715,0.47258076,0.50075334,0.5571398,0.5061689,0.51636285,0.5274192,0.4992467,-0.11427961,-0.012337828,-0.032725718,-0.054838467,0.0015066293
SH600018,-0.015115932724399624,0.375,,2026-03-12,0.011650486,0.017475728,0.6666667,0.0019417822,0.111113094,0.0038834608,0.22222024,0.013592164,0.7777738,0.98848367,1.0019194,0.98464495,0.99697864,0.97729856,0.9727583,0.9704881,0.99545974,1.0669694,0.9861521,0.98342794,0.976958,0.9717745,1.0050322,0.008806877,0.009224485,0.0096742725,0.0125363525,0.037763346,0.0043132794,0.0011694686,0.0011487288,0.0009565426,-0.0017925905,0.59966874,0.14733449,0.49347645,0.4511988,0.68726,0.005221348,0.011309471,0.012129077,0.014355634,0.047849257,1.0019194,1.0069679,1.0069679,1.0069679,1.0681576,0.9687623,0.961675,0.9594885,0.93654066,0.93654066,0.99091935,0.99001133,0.9841089,0.9813848,1.0476731,0.9800227,0.97729856,0.96935296,0.9614075,0.96935296,1.0,1.0,1.0,1.0,0.55,0.9421114,0.84615874,0.85324335,0.90106213,0.48215184,1.0,0.3,0.65,0.76666665,0.016666668,0.2,0.4,0.35,0.2,0.6,0.8,-0.1,0.3,0.56666666,-0.5833333,0.37559277,0.04900361,0.47375098,-0.08074575,-0.7244514,-0.2084352,0.1662547,0.14923793,-0.11923508,-0.30276787,0.8,0.8,0.65,0.56666666,0.48333332,0.2,0.2,0.35,0.4,0.45,0.6,0.6,0.3,0.16666667,0.033333335,0.8125009,0.6463414,0.6031747,0.509901,0.42297655,0.18749912,0.35365862,0.39682534,0.490099,0.57702345,0.6250018,0.29268277,0.20634934,0.01980195,-0.1540469,0.79906964,1.1222912,0.87259275,1.0679889,0.7623698,0.18985076,0.48941362,0.44411695,0.57834953,0.53481007,0.5577279,1.0624435,1.3308666,1.0834671,1.3719618,0.53670007,0.55630875,0.49033085,0.5202262,0.51623404,0.46329993,0.44369125,0.5096691,0.47977382,0.48376596,0.07340013,0.11261751,-0.019338287,0.040452346,0.032468062
SZ000166,-0.015277094113934873,0.25,,2026-03-12,0.014314913,0.01635989,0.8750006,0.0020449767,0.12499942,0.0,0.0,0.0122699365,0.75000113,0.9858871,1.0020161,0.9858871,0.9962884,0.9757653,1.007653,1.0242347,1.0318878,1.0561224,0.9869898,0.98890305,1.0043367,1.011522,1.0366071,0.008383514,0.013050018,0.019042484,0.019264104,0.03125787,0.0035714337,-0.0013682762,-0.0027754342,-0.0018413321,-0.0014342844,0.45370436,0.10077128,0.7435029,0.70805717,0.6421723,0.0058673606,0.017254196,0.022029905,0.01517722,0.005704264,1.0020161,1.0135694,1.0333655,1.0465375,1.1064804,0.9730118,0.96938777,0.96938777,0.96938777,0.96938777,0.98979586,1.0002551,1.022449,1.0280613,1.0627551,0.9821428,0.9767857,0.9864796,0.9954082,1.0112245,1.0,0.8,0.4,0.26666668,0.13333334,0.9304891,0.69287354,0.478483,0.39679006,0.22329602,1.0,0.3,0.15,0.1,0.33333334,0.4,0.4,0.7,0.8,0.9,0.6,-0.1,-0.55,-0.7,-0.56666666,0.47054297,0.14777347,-0.19020313,0.32733452,0.24383369,0.015051872,-0.21052468,-0.110818826,0.10194908,0.3606631,0.8,0.6,0.45,0.43333334,0.4,0.2,0.4,0.55,0.53333336,0.55,0.6,0.2,-0.1,-0.1,-0.15,0.77142894,0.4594595,0.41592908,0.43093917,0.44444442,0.22857104,0.54054046,0.5840709,0.5690608,0.5555556,0.5428579,-0.08108095,-0.16814186,-0.13812165,-0.11111114,0.76973593,0.91964704,0.86377454,1.0658642,1.0704618,0.1579172,0.28256923,0.23578605,0.40139443,0.40423626,0.5613787,1.1449231,1.2171625,1.0210141,1.3159373,0.70569545,0.5165504,0.47656694,0.49486297,0.47692695,0.29430452,0.4834496,0.5234331,0.505137,0.523073,0.41139096,0.033100802,-0.046866123,-0.010274046,-0.04614608
SH600690,-0.015289512485911172,0.25,,2026-03-12,0.0011899665,0.01904009,0.06249795,0.0035700556,0.18750206,0.014280066,0.75,0.011899977,0.6249959,0.9988114,1.0035658,0.98454833,0.9944596,0.97543937,1.0285319,1.0316961,1.025753,1.0764701,0.987008,0.9897805,1.0103829,1.0098411,1.0312089,0.013307637,0.015855834,0.024218934,0.021083428,0.03031016,0.0061392523,-0.001507818,-0.003411442,-0.0009886363,-0.0014407277,0.5320704,0.08289553,0.6944388,0.17040893,0.6891079,0.00071352103,0.017004719,0.022025865,0.0044941055,0.011292629,1.0075277,1.029713,1.0495305,1.0495305,1.0986537,0.95880264,0.9568144,0.9568144,0.9568144,0.9568144,0.99841523,1.0006347,1.031619,1.0309862,1.057924,0.9813053,0.9748047,0.98526543,0.99302983,1.0025386,1.0,0.8,0.4,0.4,0.2,0.8455056,0.5924061,0.46578318,0.46578318,0.30446845,0.8,0.1,0.45,0.6333333,0.11666667,0.4,0.4,0.7,0.8,0.9,0.4,-0.3,-0.25,-0.16666667,-0.78333336,0.069389254,-0.084694095,-0.15397796,-0.10266384,-0.4365248,-0.6138399,-0.48677084,-0.23134203,0.0718448,0.18361658,0.8,0.5,0.45,0.4,0.38333333,0.2,0.5,0.55,0.56666666,0.6,0.6,0.0,-0.1,-0.16666667,-0.21666667,0.70129275,0.38155776,0.41836706,0.4566076,0.42898992,0.29870725,0.61844224,0.5816329,0.5433924,0.5710101,0.40258554,-0.23688449,-0.16326588,-0.08678479,-0.1420202,1.070378,1.1716739,1.1037477,1.2714161,1.1536082,0.23119593,0.34000552,0.35373858,0.5080383,0.43882465,0.6492187,0.7514994,0.8257915,1.0634928,1.0768737,0.5775868,0.495278,0.41634533,0.47932014,0.4973724,0.42241317,0.504722,0.58365464,0.5206799,0.5026276,0.15517366,-0.009444018,-0.16730933,-0.04135973,-0.005255209
SH600030,-0.015797309175138646,0.375,,2026-03-12,-0.0026922822,0.01076924,-0.24999742,0.0030769415,0.28571576,0.005000016,0.4642868,-0.00076920766,-0.07142637,1.0026995,1.0057847,0.9949865,0.999613,1.0108083,1.0559591,1.0832704,1.066477,1.0954733,1.006334,1.0183741,1.0458394,1.053999,1.073759,0.008338502,0.019535694,0.031831503,0.028801467,0.031051682,-0.0030100406,-0.005532694,-0.0051125125,-0.0025528986,-0.001354605,0.32576823,0.73523647,0.9028644,0.6088911,0.5804367,-0.00031382215,0.0065230015,0.002729456,-0.016981877,-0.033798076,1.0250771,1.0601803,1.087476,1.0916424,1.1546525,0.98844093,0.98844093,0.98844093,0.98844093,0.98844093,1.0100412,1.0356674,1.075844,1.075844,1.0937881,0.9996165,1.0052531,1.0080539,1.0175954,1.0627115,0.4,0.2,0.1,0.06666667,0.033333335,0.31550917,0.16112567,0.116716646,0.112004764,0.06954421,0.2,0.1,0.05,0.26666668,0.31666666,0.4,0.7,0.85,0.9,0.95,-0.2,-0.6,-0.8,-0.6333333,-0.6333333,-0.8029971,0.11863805,-0.1352036,0.2970362,0.27640823,-0.9386747,-0.6275083,-0.583484,0.046212137,0.29563308,0.4,0.3,0.35,0.4,0.41666666,0.6,0.7,0.65,0.6,0.5833333,-0.2,-0.4,-0.3,-0.2,-0.16666667,0.3851849,0.21322176,0.22452943,0.36728522,0.40991336,0.61481506,0.7867783,0.77547055,0.63271475,0.59008664,-0.22963016,-0.5735565,-0.55094117,-0.26542953,-0.18017328,1.035725,1.1834412,1.1390648,1.4551166,1.5833285,0.20302694,0.33218336,0.2658844,0.59601724,0.7296852,0.99945194,1.0066079,1.095166,1.158615,1.4177064,0.552164,0.43023625,0.43034992,0.47652116,0.45538637,0.44783598,0.5697638,0.5696501,0.5234788,0.5446136,0.10432805,-0.13952751,-0.1393002,-0.04695765,-0.089227244
SZ002236,-0.016052777340262045,0.125,,2026-03-12,0.0049532033,0.016510738,0.2999989,0.009356031,0.5666634,0.0022015048,0.13333775,-0.0022013227,-0.13332672,0.99507123,1.0093099,0.9928806,0.99967617,0.9939745,1.0547605,1.0246444,1.1473129,1.0498316,0.9984648,1.0033383,1.0187801,1.0364324,1.0473219,0.0024920348,0.023009341,0.024138505,0.042019617,0.042675864,0.0012593543,-0.0035079822,-0.002261937,-0.0035925163,-0.000480993,0.63845104,0.21306783,0.30733234,0.5664936,0.038744736,-0.0009835116,0.012447619,0.0027083126,0.015659146,-0.03313258,1.0115018,1.0564034,1.0591416,1.1588067,1.1719568,0.9693281,0.96604675,0.96604675,0.96604675,0.96604675,1.0002193,1.0069004,1.0416129,1.056074,1.0836781,0.9963825,0.9933166,0.9963825,0.9998892,1.0129168,0.8,0.7,0.35,0.23333333,0.13333334,0.72727466,0.3757693,0.36471668,0.17614256,0.16489352,0.6,0.1,0.5,0.033333335,0.5,0.4,0.4,0.7,0.8,0.9,0.2,-0.3,-0.2,-0.76666665,-0.4,0.36200434,-0.10273316,0.035796467,0.57952756,0.7059121,0.13797618,-0.2905348,-0.16324513,-0.2097174,0.34123367,0.8,0.5,0.5,0.43333334,0.43333334,0.2,0.4,0.45,0.53333336,0.53333336,0.6,0.1,0.05,-0.1,-0.1,0.8230364,0.2619418,0.4362574,0.30015638,0.4665716,0.17696364,0.7380582,0.5637426,0.69984365,0.5334284,0.6460727,-0.47611642,-0.12748519,-0.39968723,-0.06685679,1.0946082,1.3667657,1.376594,1.69658,1.7384627,0.21638337,0.40592355,0.316305,0.61804754,0.926305,0.8938717,1.3480936,1.2710587,1.211121,1.5870692,0.350872,0.40662324,0.45636904,0.33966565,0.49687713,0.64912796,0.59337676,0.54363096,0.66033435,0.50312287,-0.29825595,-0.18675351,-0.087261915,-0.3206687,-0.006245755
SH600050,-0.016792213208402462,0.375,,2026-03-12,0.0,0.009940317,0.0,0.0019880484,0.19999851,0.007952268,0.8000015,0.0059642196,0.60000294,1.0,1.001988,0.9920477,0.99807143,0.98489755,0.9708738,0.96871626,1.0107875,1.0604099,0.9928802,0.9845739,0.97518873,0.98353106,1.0082884,0.007574326,0.011394292,0.012911822,0.02190341,0.032465592,0.0037756313,0.0029355036,0.0017779078,-0.0008246008,-0.0012958472,0.62119967,0.60841787,0.6636078,0.109841324,0.4859155,-0.0004314906,0.0022163624,0.007921117,0.028425628,0.02993913,1.0041459,1.0041459,1.0041459,1.0356594,1.0996476,0.97222817,0.95445895,0.95445895,0.95081395,0.95081395,1.0004315,0.99050695,0.98640776,1.0092772,1.0263214,0.98770225,0.97734624,0.9644013,0.9644013,0.9708738,0.8,0.9,0.95,0.73333335,0.36666667,0.8701076,0.91656005,0.91656005,0.5797131,0.33047664,0.8,0.9,0.95,0.16666667,0.38333333,0.4,0.4,0.7,0.33333334,0.6666667,0.4,0.5,0.25,-0.16666667,-0.28333333,0.33106136,-0.41030324,0.32951906,0.47778195,0.28604034,0.5856528,0.27185985,0.2407626,-0.13460496,0.1584579,0.4,0.5,0.5,0.46666667,0.41666666,0.4,0.4,0.4,0.43333334,0.5,0.0,0.1,0.1,0.033333335,-0.083333336,0.8181841,0.70769304,0.63302773,0.47641507,0.44042552,0.18181592,0.292307,0.36697224,0.5235849,0.5595745,0.63636816,0.41538605,0.26605552,-0.04716985,-0.11914896,1.2100841,1.4191753,1.2096674,1.5247972,1.4968855,0.26925603,0.37146276,0.3589298,0.7146533,0.8580589,1.6000848,1.1187623,1.1898655,2.2812786,1.9014026,0.3395528,0.496937,0.47088125,0.46211565,0.49764964,0.6604472,0.503063,0.5291187,0.53788435,0.5023504,-0.32089442,-0.0061260127,-0.058237467,-0.07576872,-0.004700722
SZ300866,-0.020605025982113247,0.25,,2026-03-12,-0.006633491,0.017309245,-0.38323396,0.004353242,0.2514981,0.006322513,0.36526796,-0.00466422,-0.26946408,1.0066777,1.0110601,0.99363524,1.002315,0.98917603,1.0195125,1.0619984,1.1253222,1.1320227,0.99544954,0.9961564,1.0242987,1.0373439,1.0952446,0.01646604,0.014485173,0.03425627,0.036306918,0.06967743,0.002709665,-0.0002329437,-0.0051580262,-0.0035165774,-0.003544753,0.06770066,0.002370642,0.7935148,0.7270484,0.78938276,-0.0008688697,0.0048918435,0.024702577,0.013646511,0.009325608,1.0279666,1.0570047,1.0954299,1.1486408,1.2415037,0.9517164,0.9517164,0.9517164,0.9517164,0.9517164,1.0077461,1.0099256,1.0577571,1.0724837,1.1550696,0.9858037,0.98732054,0.99184155,1.005596,1.030042,0.6,0.6,0.3,0.2,0.1,0.63322574,0.45858455,0.3359709,0.24518846,0.16661721,0.8,0.3,0.05,0.033333335,0.18333334,0.4,0.7,0.85,0.9,0.95,0.4,-0.4,-0.8,-0.8666667,-0.76666665,-0.45413345,0.07826356,-0.30519548,-0.06351429,0.3406663,-0.24237639,0.13720335,0.21451142,0.13007897,0.40799963,0.6,0.4,0.35,0.33333334,0.35,0.4,0.6,0.65,0.6666667,0.6333333,0.2,-0.2,-0.3,-0.33333334,-0.28333333,0.5505849,0.4521488,0.4043617,0.37039295,0.4373033,0.4494151,0.5478512,0.59563833,0.6296071,0.5626967,0.101169825,-0.095702425,-0.19127661,-0.2592141,-0.12539339,1.7392825,2.0395992,1.7003562,1.784249,2.127663,0.56203145,0.89375037,0.82130814,0.70076853,0.8708116,0.72850525,0.8626208,1.0711915,0.95034266,1.213041,0.49040332,0.436001,0.47538775,0.46840248,0.4786398,0.5095967,0.563999,0.52461225,0.53159755,0.5213602,-0.019193374,-0.127998,-0.049224503,-0.06319506,-0.042720396
SH688472,-0.020851454227654175,0.375,,2026-03-12,0.028846184,0.048717942,0.5921059,0.011538434,0.23684157,0.008333324,0.17105247,0.025641073,0.5263168,0.9719626,1.011215,0.9638629,0.9915369,0.8495737,0.90012175,1.0395858,1.003654,1.00609,0.9317905,0.89963454,0.9181486,0.95152247,0.9702801,0.05220492,0.05113118,0.044683494,0.068084806,0.060087647,0.032155912,0.011951429,-0.002302345,-0.005522443,-0.0012589098,0.948503,0.5008175,0.09292114,0.5098751,0.13388091,0.003897711,0.046584014,0.10372371,0.12855293,0.06685773,1.011215,1.011215,1.0154252,1.1430273,1.152635,0.83903825,0.8384722,0.8384722,0.8384722,0.8384722,0.97758824,0.92326427,0.95956147,1.0090133,1.0152253,0.8959805,0.86175394,0.87429965,0.89829475,0.9242387,1.0,1.0,1.0,0.76666665,0.73333335,0.93486387,0.9350773,0.9128288,0.5303731,0.5141533,1.0,1.0,0.15,0.1,0.41666666,0.2,0.4,0.7,0.8,0.9,0.8,0.6,-0.55,-0.7,-0.48333332,0.92594427,0.8271112,0.5838359,0.77312684,0.7798005,0.93502986,0.49901786,0.2696137,0.579798,0.5500732,1.0,0.7,0.55,0.5,0.5,0.0,0.3,0.45,0.5,0.5,1.0,0.4,0.1,0.0,0.0,1.0,0.7265194,0.45795605,0.49797845,0.49821174,0.0,0.27348056,0.5420439,0.50202155,0.50178826,1.0,0.45303884,-0.08408788,-0.0040430934,-0.003576509,0.6898029,0.5212,0.47326508,0.5749628,0.64092,0.37314063,0.31410238,0.24109678,0.30704573,0.2923444,1.0801696,1.3729581,1.3138254,1.4753927,1.2620519,0.7769718,0.65828454,0.5047802,0.5369065,0.51293266,0.22302817,0.34171546,0.4952198,0.46309352,0.48706734,0.55394363,0.3165691,0.0095604025,0.07381294,0.025865307
SH601788,-0.020856359067486563,0.25,,2026-03-12,-0.0012345392,0.00802466,-0.1538432,0.003703695,0.4615392,0.0030864256,0.3846176,-0.0018518089,-0.23076478,1.0012361,1.0049443,0.99690974,1.0003464,0.98767185,1.027027,1.0445709,1.059744,1.0891417,0.999431,1.0009483,1.0200095,1.0284337,1.0588667,0.0047225566,0.012654099,0.022102622,0.022609396,0.036267806,0.0010431439,-0.0016552442,-0.0033490553,-0.0022271208,-0.0018213135,0.12197593,0.15684588,0.8035726,0.7519887,0.76917785,-0.0015172891,0.006500293,0.011806556,0.0038595637,-0.0051380005,1.0049443,1.0358661,1.0529773,1.0752788,1.1309476,0.9815752,0.9815752,0.9815752,0.9815752,0.9815752,1.002276,1.0052158,1.0404931,1.0476055,1.0956851,0.99829304,0.9907065,1.0,1.0018966,1.0293977,0.5,0.45,0.225,0.15,0.075,0.7884247,0.33937156,0.2580429,0.19662872,0.12334818,1.0,0.1,0.05,0.1,0.016666668,0.4,0.7,0.85,0.9,0.95,0.6,-0.6,-0.8,-0.8,-0.93333334,-0.7558457,0.250776,-0.0009997115,0.39706334,0.5616695,-0.32886744,-0.22576356,-0.20723106,-0.11019072,0.27494884,0.4,0.4,0.35,0.4,0.4,0.6,0.6,0.6,0.56666666,0.56666666,-0.2,-0.2,-0.25,-0.16666667,-0.16666667,0.66666734,0.3459458,0.33793062,0.36123332,0.41064635,0.33333263,0.65405416,0.6620694,0.6387667,0.5893537,0.33333474,-0.3081084,-0.32413876,-0.27753338,-0.17870733,1.0663658,1.4237988,1.4349587,1.8061533,2.2015433,0.13988978,0.48334208,0.5578867,0.80968803,1.10272,0.73236626,0.9200369,0.9697204,0.95810145,1.1747681,0.46577793,0.42781678,0.4433729,0.453548,0.46980464,0.53422207,0.5721832,0.5566271,0.546452,0.53019536,-0.06844415,-0.14436644,-0.11325418,-0.09290396,-0.06039069
SH601360,-0.020911787655191506,0.125,,2026-03-12,0.016129099,0.033064518,0.48780686,0.012096799,0.36585438,0.00483862,0.14633875,0.008870919,0.2682912,0.9841269,1.0119048,0.9793651,0.99663,0.9086484,0.97828525,0.97454137,0.9625608,0.98240364,0.9733433,0.95058024,0.97575814,0.9767752,0.9488768,0.03722178,0.04291102,0.04770643,0.03965391,0.06928053,0.02089107,0.0069160406,-0.0023811886,-0.0007905128,0.0019723957,0.7875301,0.23811612,0.08719706,0.03079977,0.24720973,-0.015125429,0.018297553,0.04686318,0.03468722,-0.00706247,1.0274389,1.0274389,1.0584997,1.0584997,1.1649276,0.901522,0.8833551,0.8833551,0.8833551,0.7936675,0.9991014,0.9964807,1.0178959,1.0066642,1.0010483,0.9485585,0.90737545,0.92819166,0.9483339,0.8900786,1.0,1.0,0.7,0.76666665,0.8,0.7820876,0.8095633,0.66599214,0.66599214,0.5557627,0.6,0.8,0.35,0.56666666,0.43333334,0.2,0.4,0.7,0.8,0.11666667,0.4,0.4,-0.35,-0.23333333,0.31666666,0.8285098,0.7022576,0.73944384,0.6660749,0.65544105,0.8114332,0.431836,0.72036994,0.6930659,0.46582836,0.8,0.6,0.45,0.5,0.48333332,0.2,0.4,0.55,0.5,0.51666665,0.6,0.2,-0.1,0.0,-0.033333335,0.96923155,0.5521584,0.5266457,0.5257732,0.5063359,0.03076847,0.44784155,0.47335425,0.47422677,0.4936641,0.93846303,0.10431686,0.053291496,0.05154647,0.012671858,1.1170489,0.9131863,1.0487725,1.1519359,1.1822765,0.43652073,0.38331935,0.46502483,0.45149136,0.5999844,1.1950842,1.1114241,1.3651803,1.094055,1.2735052,0.62748533,0.5417734,0.47953358,0.5012723,0.50426525,0.37251464,0.45822662,0.52046645,0.49872765,0.49573475,0.2549707,0.08354673,-0.040932853,0.002544688,0.008530517
SH601236,-0.02106764905670816,0.125,,2026-03-12,0.0037878966,0.0075757303,0.5000042,0.0025252434,0.33333334,0.0012625903,0.16666253,0.0025252434,0.33333334,0.9962264,1.0025157,0.9949686,0.9993304,0.9894626,1.0210748,1.0389884,1.0347735,1.0790305,0.9968388,1.0031612,1.0146997,1.0200562,1.0363014,0.0039427276,0.014023512,0.016308276,0.015711313,0.021898525,0.00073761755,-0.0031420628,-0.002360221,-0.0014175682,-0.0010492614,0.087500185,0.4601799,0.7330899,0.63090605,0.70022494,0.0016859758,0.010978053,0.0077224085,0.00049853453,-0.005348169,1.0025157,1.0313064,1.0444219,1.0465356,1.0847969,0.98423135,0.9764892,0.9764892,0.9764892,0.9764892,1.0,1.0162276,1.0286617,1.0341412,1.056902,0.9947313,0.9913593,0.99747103,1.0,1.0208641,0.9,0.65,0.325,0.21666667,0.108333334,0.8624117,0.42889553,0.34609002,0.3356467,0.21707448,0.2,0.3,0.05,0.33333334,0.41666666,0.4,0.4,0.7,0.8,0.9,-0.2,-0.1,-0.65,-0.46666667,-0.48333332,0.20203027,0.10466774,0.15363152,0.35031402,0.061661206,-0.1073168,-0.24214111,0.08981893,0.18804552,0.19332168,0.8,0.5,0.4,0.43333334,0.41666666,0.2,0.4,0.55,0.5,0.51666665,0.6,0.1,-0.15,-0.06666667,-0.1,0.67857176,0.35294107,0.3543306,0.41361246,0.41339493,0.32142827,0.6470589,0.6456694,0.5863875,0.5866051,0.35714346,-0.29411784,-0.2913388,-0.17277507,-0.17321011,0.9384348,1.2637986,1.2276165,1.3843987,1.3424026,0.10709992,0.51395035,0.4012637,0.4617786,0.5206449,0.7460625,1.4275355,1.2387981,1.0231415,1.088821,0.30979088,0.49612907,0.42864022,0.49382418,0.47978234,0.69020915,0.50387096,0.5713598,0.5061758,0.52021766,-0.38041827,-0.007741885,-0.1427196,-0.012351656,-0.040435296
SH601238,-0.022034240581213924,0.0,,2026-03-12,0.0,0.00890589,0.0,0.0038168211,0.42857265,0.005089069,0.57142735,0.0012722479,0.14285466,1.0,1.0038168,0.99491096,0.99870163,0.98872447,1.0183227,1.0119803,1.0408739,1.1035941,0.99689925,0.99866104,1.0045807,1.0108292,1.0337327,0.004846722,0.012502934,0.0124992,0.018318536,0.028824452,0.0019732171,-0.0015503899,-0.0009887306,-0.0013600576,-0.0013278296,0.41437495,0.14095142,0.21900775,0.42720345,0.64723563,-0.00084566115,0.008315719,0.004812241,0.008891608,0.0054382905,1.009182,1.028151,1.0321436,1.0675956,1.1131399,0.9812252,0.9771555,0.9771555,0.9771555,0.9771555,1.0005637,1.0047921,1.0140945,1.0250881,1.0615927,0.99408036,0.989852,0.995067,0.995067,1.0056378,0.8,0.7,0.45,0.36666667,0.18333334,0.6715655,0.44797108,0.4154442,0.2525928,0.1679936,0.8,0.3,0.45,0.1,0.016666668,0.4,0.4,0.7,0.8,0.9,0.4,-0.1,-0.25,-0.7,-0.8833333,0.3836699,-0.04794811,0.18362741,0.5136274,0.8107342,-0.05242479,-0.27223864,0.21106741,0.21366295,0.4096445,0.6,0.5,0.45,0.46666667,0.45,0.4,0.5,0.55,0.53333336,0.53333336,0.2,0.0,-0.1,-0.06666667,-0.083333336,0.690476,0.3951615,0.46351928,0.43127963,0.41090912,0.309524,0.6048385,0.5364807,0.56872034,0.5890909,0.380952,-0.20967701,-0.072961465,-0.13744071,-0.1781818,1.1623443,1.4564273,1.390508,1.6522504,2.3481023,0.24909645,0.4398709,0.4464878,0.64621526,1.1566236,0.48583803,0.7992998,0.919884,0.8740048,1.7108679,0.34429672,0.4270799,0.46963453,0.45907992,0.45750287,0.65570325,0.5729201,0.53036547,0.5409201,0.5424971,-0.31140655,-0.1458402,-0.06073092,-0.08184019,-0.084994234
SH600026,-0.023009770461554932,0.375,,2026-03-12,-0.0039893,0.05363482,-0.07437893,0.014627732,0.2727283,0.03501779,0.65289277,0.016400754,0.3057856,1.0040053,1.0186915,0.96484196,0.9891692,1.1118947,0.909732,0.74588615,0.6417489,0.50470144,1.0365773,1.0385754,0.91462153,0.8378937,0.69507915,0.05019744,0.06386512,0.14345087,0.16120407,0.18643764,-0.024518091,0.0017879801,0.021537622,0.016944492,0.00988453,0.5964172,0.007184712,0.78896403,0.8562622,0.85732335,0.012458876,-0.046621334,-0.11922892,-0.083588846,0.013327253,1.1862105,1.1862105,1.1862105,1.1862105,1.1862105,0.96137726,0.8898163,0.69884205,0.6302955,0.4980098,1.0528914,1.1090738,1.0399623,1.0116125,0.8462153,1.0090268,1.0062059,0.7571697,0.6971791,0.52378935,0.2,0.2,0.6,0.73333335,0.8666667,0.17178386,0.37174714,0.61792654,0.6650377,0.72942406,0.4,0.7,0.85,0.9,0.95,0.6,0.1,0.1,0.06666667,0.05,-0.2,0.6,0.75,0.8333333,0.9,0.47130355,0.5282108,0.8754363,0.86406386,0.86413145,-0.4737466,0.040129777,0.26878405,0.25088304,0.2728935,0.4,0.6,0.6,0.6333333,0.5833333,0.6,0.4,0.4,0.33333334,0.4,-0.2,0.2,0.2,0.3,0.18333334,0.19408731,0.5932039,0.64333075,0.66717863,0.68135655,0.8059127,0.40679607,0.35666925,0.33282137,0.31864345,-0.6118254,0.18640785,0.28666148,0.33435726,0.3627131,1.439528,1.4930421,1.0767907,0.90577376,0.6459598,0.33176178,0.43916118,0.5642051,0.52243876,0.4645842,1.2710335,0.87573475,0.9601393,1.1302464,1.5313683,0.11497573,0.5069445,0.52974117,0.54773104,0.5328505,0.88502425,0.49305552,0.47025883,0.452269,0.4671495,-0.77004856,0.013888957,0.059482347,0.09546203,0.065701
SH600900,-0.024188877018469994,0.25,,2026-03-12,0.0065886118,0.01244513,0.52941287,0.0,0.0,0.005856518,0.47058716,0.01244513,1.0,0.9934545,1.0,0.9876363,0.99473006,0.9847496,0.9469595,0.95165926,0.9589488,1.0054672,0.99125266,0.9820065,0.9669432,0.9582262,0.97425824,0.005410181,0.015057003,0.01901706,0.020363288,0.024435705,0.0029733318,0.0043074163,0.0025881664,0.0019541716,-0.0007741911,0.7550978,0.75018454,0.64828455,0.71372557,0.3061586,0.0028006923,-0.0013898904,0.00846921,0.01343829,0.048580375,1.0047992,1.0047992,1.0047992,1.0047992,1.0155741,0.97206557,0.9462322,0.9429593,0.9156442,0.9156442,0.9942452,0.98989064,0.9870324,0.9848264,0.9971226,0.9872626,0.9778246,0.94726646,0.94224054,0.9488011,1.0,1.0,1.0,1.0,0.84166664,0.8533865,0.9180563,0.92239326,0.9461702,0.84415,0.4,0.7,0.85,0.9,0.083333336,0.6,0.1,0.5,0.2,0.6,-0.2,0.6,0.35,0.7,-0.51666665,-0.15382628,0.017136475,0.6047723,-0.023339823,-0.4722375,0.22248566,0.4387877,0.3211897,0.11439815,-0.3030456,0.8,0.7,0.55,0.46666667,0.43333334,0.2,0.2,0.4,0.5,0.5,0.6,0.5,0.15,-0.033333335,-0.06666667,0.90355295,0.9616015,0.75454557,0.6134676,0.49168846,0.096447036,0.03839853,0.2454544,0.38653243,0.5083115,0.80710596,0.92320293,0.5090912,0.22693518,-0.016623056,1.1348536,1.305967,0.9920632,1.2070482,1.0116338,0.45691675,0.46028057,0.46295276,0.5804907,0.5803075,0.5528576,1.3438675,1.5365131,1.1801801,1.4389893,0.45839652,0.5429285,0.50849414,0.49597025,0.50696737,0.5416035,0.45707148,0.49150583,0.50402975,0.49303266,-0.08320696,0.08585704,0.016988318,-0.0080595,0.013934686
SH688009,-0.024935169184726897,0.25,,2026-03-12,-0.012678273,0.019017458,-0.666665,0.0031695922,0.1666675,0.0031695922,0.1666675,-0.012678273,-0.666665,1.0128411,1.0160514,0.9967897,1.004045,0.9378307,0.92195773,0.9007937,0.8796296,0.84656084,0.98015875,0.95555556,0.928836,0.91754854,0.8970238,0.03174604,0.03473576,0.03765252,0.035354044,0.033807833,0.017724872,0.009684142,0.0054799686,0.0030315868,0.0014826648,0.7793402,0.7124921,0.741372,0.56985384,0.5866123,-0.015608477,0.0008658008,0.019104306,0.038493477,0.059237562,1.0227696,1.0227696,1.0227696,1.0227696,1.0227696,0.92829037,0.9054291,0.8783069,0.871411,0.8396644,1.0042328,0.9851852,0.9502645,0.939418,0.9169312,0.9510582,0.9296297,0.8965609,0.89365077,0.8727513,0.8,0.9,0.95,0.96666664,0.98333335,0.75899875,0.80595255,0.8423841,0.849565,0.8756473,0.8,0.9,0.95,0.96666664,0.98333335,0.4,0.4,0.35,0.26666668,0.016666668,0.4,0.5,0.6,0.7,0.96666664,0.6940323,0.56659734,0.76136595,0.5861231,0.564753,0.36578324,0.53799343,0.59478325,0.61797166,0.5690925,0.8,0.6,0.45,0.46666667,0.51666665,0.2,0.4,0.55,0.53333336,0.45,0.6,0.2,-0.1,-0.06666667,0.06666667,0.79746825,0.7006802,0.68472904,0.6453674,0.62133884,0.20253177,0.2993198,0.31527093,0.35463265,0.3786612,0.5949365,0.40136042,0.36945814,0.2907347,0.24267764,1.053357,0.98096293,0.7689826,0.79084957,0.6812779,0.22988579,0.28857082,0.32817993,0.330213,0.29043442,0.8027269,0.7722178,1.1694479,1.2497882,1.4314866,0.56800526,0.5876437,0.54857916,0.5110852,0.53192574,0.43199474,0.41235632,0.45142084,0.4889148,0.46807426,0.13601054,0.17528735,0.09715832,0.022170411,0.06385145
SH601728,-0.02570084305934357,0.125,,2026-03-12,-0.0016638589,0.008319494,-0.19999519,0.0,0.0,0.006655636,0.8000048,0.004991777,0.6000096,1.0016667,1.0016667,0.9933333,0.99741495,0.9903714,0.94773036,0.9587346,0.96698755,1.1375515,0.9980743,0.9885832,0.97248966,0.9718478,1.0201513,0.004306062,0.011957248,0.019226175,0.018411068,0.06011216,0.00055020396,0.003542998,0.0026062413,0.0008084792,-0.0029410964,0.04081566,0.8048053,0.6431489,0.14944501,0.73011917,0.00082531094,-0.0045267064,0.0027510298,0.016429283,0.06661105,1.0077565,1.0077565,1.0077565,1.0083333,1.1475594,0.9841965,0.9472671,0.94331276,0.9370588,0.9370588,1.0005503,1.0,0.9925722,0.9906465,1.0792297,0.9950481,0.97936726,0.95598346,0.95598346,0.9634113,0.7,0.85,0.925,0.93333334,0.53333336,0.6707774,0.8717713,0.8796395,0.88308084,0.29900718,0.4,0.7,0.85,0.23333333,0.016666668,0.2,0.1,0.35,0.33333334,0.6666667,0.2,0.6,0.5,-0.1,-0.65,0.4209624,-0.41945168,0.5928129,0.31877375,-0.32395723,0.47764394,0.669081,0.55494845,0.34018508,0.23410887,0.6,0.7,0.45,0.46666667,0.38333333,0.2,0.2,0.45,0.46666667,0.56666666,0.4,0.5,0.0,0.0,-0.18333334,0.6521732,0.8392847,0.65306103,0.56250006,0.3792271,0.34782678,0.16071531,0.34693897,0.43749994,0.6207729,0.30434644,0.6785694,0.3061221,0.12500009,-0.24154578,1.1241019,1.2422751,1.0401378,1.3944738,1.2666253,0.20829341,0.24396189,0.2887221,0.6832639,0.57078904,0.68118984,0.83276474,0.9056344,1.7144217,1.5001776,0.4679437,0.5563831,0.4641886,0.44909862,0.5091678,0.53205633,0.44361693,0.53581136,0.5509014,0.4908322,-0.0641126,0.112766154,-0.07162278,-0.10180279,0.01833557
SZ300896,-0.025883503497823694,0.25,,2026-03-12,-0.015908329,0.020284917,-0.78424424,0.0043765875,0.21575575,0.0,0.0,-0.020284917,-1.0,1.0161655,1.0206128,1.0,1.0063027,0.9803678,1.0105855,1.0470114,1.0207466,1.0081183,0.99570745,0.99095327,1.0186534,1.014673,1.0168914,0.012782435,0.013105395,0.03503909,0.031702694,0.028713193,0.004910722,0.0013178156,-0.005023172,-0.0008087363,5.431548e-05,0.3689806,0.09268735,0.71931404,0.05043398,0.0010914003,-0.0055288877,0.0031165632,0.029066758,-0.0029463023,-0.018493645,1.0217999,1.0217999,1.1209997,1.1209997,1.1209997,0.97417086,0.9704097,0.9704097,0.97028756,0.9696376,1.0028493,1.0015812,1.0532619,1.0427666,1.039392,0.9895259,0.9801449,0.98553056,0.9863636,0.9922002,0.8,0.8,0.4,0.43333334,0.33333334,0.54229826,0.575797,0.19649595,0.19714682,0.2005945,0.8,0.9,0.05,0.36666667,0.68333334,0.4,0.4,0.7,0.2,0.1,0.4,0.5,-0.65,0.16666667,0.5833333,0.8150726,0.1697101,0.7467681,0.5906432,0.6240578,0.67863387,0.2142546,0.3934364,0.49858066,0.5076353,0.6,0.4,0.35,0.4,0.5,0.4,0.6,0.65,0.6,0.5,0.2,-0.2,-0.3,-0.2,0.0,0.63000643,0.45654526,0.42268762,0.4795094,0.49521363,0.36999354,0.5434547,0.57731235,0.5204906,0.5047864,0.2600129,-0.08690945,-0.15462475,-0.040981174,-0.009572762,1.0761102,1.0976471,1.453664,1.6067495,1.5940263,0.38058904,0.32413507,0.85813016,0.7966824,0.70762736,0.6847064,0.7817937,1.3647457,1.2392977,1.2573512,0.55038583,0.46166888,0.45227262,0.49237353,0.5020369,0.4496142,0.5383311,0.5477274,0.5076265,0.4979631,0.100771606,-0.076662235,-0.09545476,-0.015252975,0.004073808
SH601012,-0.026090765835791733,0.25,,2026-03-12,0.010672373,0.03255067,0.32786953,0.0069369967,0.21311378,0.014941301,0.4590167,0.018676678,0.57377243,0.9894403,1.0068637,0.9746568,0.9901894,0.9376906,0.9646165,1.0195385,0.90918577,0.9546063,0.97866815,0.96372515,0.97000825,0.9744098,0.96941274,0.019340545,0.022423578,0.020298095,0.026716122,0.026047094,0.012036295,0.004975892,-0.00051849894,-0.00075550395,0.00024397686,0.96825147,0.45138127,0.022837747,0.061976686,0.026759535,-0.0027407387,0.013883347,0.034917478,0.036545012,0.023389941,1.0068637,1.0068637,1.0427547,1.058609,1.058609,0.9282019,0.92819405,0.92819405,0.9054931,0.9028499,0.993662,0.98235637,0.98364115,0.99492526,0.9912424,0.9668433,0.9474117,0.9554306,0.9502703,0.9502703,1.0,1.0,0.95,0.8333333,0.8833333,0.9127437,0.9127524,0.62679464,0.6172247,0.6237201,1.0,1.0,0.15,0.1,0.55,0.2,0.4,0.7,0.033333335,0.5,0.8,0.6,-0.55,0.06666667,0.05,0.93276733,0.61953294,0.57676476,0.67887694,0.56550664,0.8634634,0.312817,0.55614376,0.72110116,0.5953023,1.0,0.7,0.55,0.53333336,0.5,0.0,0.3,0.45,0.46666667,0.48333332,1.0,0.4,0.1,0.06666667,0.016666668,1.0,0.66836464,0.4681557,0.5745223,0.5209259,0.0,0.33163533,0.5318443,0.42547768,0.47907412,1.0,0.33672935,-0.06368859,0.14904463,0.04185173,0.7923081,0.7089975,0.7643408,0.94976074,0.79673034,0.20139395,0.20063217,0.31141376,0.4584,0.4141838,0.4707849,0.59349793,1.4107647,1.5600681,1.6068735,0.8679513,0.63718766,0.43140104,0.5217808,0.5189253,0.13204871,0.3628123,0.568599,0.47821918,0.48107466,0.7359026,0.27437538,-0.13719793,0.043561615,0.03785067
SH601878,-0.02623263676543574,0.125,,2026-03-12,0.0038872573,0.008746393,0.4444412,0.0019436287,0.2222206,0.0029155067,0.33333817,0.0048591355,0.5555588,0.9961278,1.0019361,0.9932236,0.99816895,0.9947552,1.027098,1.034965,1.041958,1.0673076,0.9966783,1.0032343,1.0173514,1.0242424,1.0398456,0.0051861503,0.014161257,0.017892402,0.018436039,0.021530023,0.0011363617,-0.0031521486,-0.0026703556,-0.0017976463,-0.0009857782,0.12002812,0.45417288,0.7795947,0.73684305,0.639395,0.00104896,0.010950419,0.008016995,0.0018234628,-0.010765102,1.0019361,1.034185,1.0444572,1.0611944,1.0875,0.98195183,0.98195183,0.98195183,0.98195183,0.98195183,1.0,1.0094405,1.0337412,1.0377623,1.0552448,0.9947552,0.99423075,0.9986014,1.0,1.0244756,0.9,0.65,0.325,0.21666667,0.108333334,0.90311867,0.3455302,0.28874588,0.22775847,0.17099467,0.2,0.1,0.05,0.1,0.41666666,0.4,0.7,0.85,0.9,0.95,-0.2,-0.6,-0.8,-0.8,-0.53333336,-0.52934635,0.19708645,-0.08921945,0.40226692,0.41324645,-0.65606415,-0.42032686,-0.062430404,0.15963583,0.33344844,0.8,0.6,0.5,0.56666666,0.48333332,0.2,0.4,0.5,0.43333334,0.51666665,0.6,0.2,0.0,0.13333334,-0.033333335,0.5882359,0.32967052,0.35915512,0.39380538,0.42284578,0.4117641,0.67032945,0.6408449,0.6061946,0.5771542,0.17647184,-0.34065896,-0.28168976,-0.21238925,-0.15430844,0.942044,1.1401018,1.0752275,1.3521951,1.4537514,0.13697696,0.32232898,0.27842474,0.5686774,0.66422045,0.87779844,0.8986422,0.98536515,0.9814119,1.1509593,0.55471176,0.5182424,0.48063105,0.453545,0.47737193,0.4452882,0.48175758,0.51936895,0.546455,0.52262807,0.10942356,0.03648485,-0.038737897,-0.09291,-0.04525613
SZ300015,-0.027102549111088566,0.25,,2026-03-12,-0.013605407,0.015549069,-0.8749982,0.0,0.0,0.001943661,0.12500176,-0.011661747,-0.7499965,1.0137931,1.0137931,0.99802953,1.0027848,1.0029466,1.0433469,1.1063927,1.1034462,1.115472,1.0120139,1.0149695,1.0375793,1.0581868,1.0809633,0.0073496443,0.013248571,0.033023242,0.040819403,0.039958656,-0.0030513264,-0.0025552863,-0.0046496307,-0.0041963845,-0.001469902,0.43090814,0.34099853,0.6938499,0.8190662,0.4127194,-0.0059112175,-0.0034706832,0.0065922234,0.0026608382,-0.03760119,1.0216726,1.0463045,1.1467973,1.1467973,1.188868,0.99703324,0.99703324,0.99703324,0.99703324,0.99703324,1.0171323,1.019696,1.054571,1.0967453,1.1134857,1.0086634,1.0023572,1.0131985,1.0175272,1.0451119,0.2,0.15,0.075,0.05,0.025,0.12040659,0.060212344,0.019809395,0.019809395,0.015465059,0.8,0.1,0.05,0.36666667,0.4,0.2,0.6,0.8,0.8666667,0.93333334,0.6,-0.5,-0.75,-0.5,-0.53333336,-0.8600485,-0.21185715,0.64274716,0.5440162,0.3001792,-0.54676336,-0.37750632,-0.16787924,0.062306307,0.22872567,0.4,0.4,0.4,0.43333334,0.4,0.6,0.6,0.6,0.56666666,0.5833333,-0.2,-0.2,-0.2,-0.13333334,-0.18333334,0.46817484,0.2708006,0.31634402,0.38561788,0.42554015,0.5318252,0.7291994,0.683656,0.6143821,0.57445985,-0.06365033,-0.45839882,-0.36731192,-0.22876422,-0.14891972,0.74770737,0.8264366,1.224374,1.2619475,1.1154045,0.14176472,0.22225803,0.731934,0.6312707,0.61212945,0.61045814,0.8386845,1.3282363,1.2079676,1.2958363,0.88324326,0.5928527,0.48012337,0.49783772,0.50920564,0.11675676,0.40714726,0.5198766,0.5021623,0.49079436,0.76648647,0.18570548,-0.03975325,-0.0043245736,0.018411266
SZ000876,-0.029516939727691673,0.125,,2026-03-12,0.0033670217,0.014590364,0.23077023,0.0022446495,0.15384465,0.008978693,0.6153851,0.010101065,0.6923107,0.99664426,1.0022371,0.9876957,0.99695295,0.97535485,0.96533704,0.97762895,0.98770815,1.0324503,0.9928216,0.9843218,0.97616,0.97914284,0.9987944,0.0055213124,0.010251583,0.011467311,0.013268596,0.024290964,0.0025812895,0.0030777908,0.0014679935,2.5473266e-05,-0.0010152999,0.5464228,0.8262431,0.57357883,0.00028564132,0.53284276,0.0020158584,0.0018281537,0.009894043,0.020487813,0.031157,1.0066739,1.0066739,1.0066739,1.0290827,1.0435989,0.96640706,0.9630997,0.9575071,0.957459,0.957459,0.9972958,0.9930305,0.9869952,0.9921332,1.0236986,0.98835963,0.97424865,0.96799207,0.96976215,0.97292113,1.0,1.0,1.0,0.93333334,0.53333336,0.83425736,0.8468374,0.86425936,0.5939523,0.49385947,0.4,0.7,0.85,0.23333333,0.26666668,0.2,0.2,0.35,0.1,0.55,0.2,0.5,0.5,0.13333334,-0.28333333,-0.36030757,0.3267057,0.7480417,0.64543194,-0.15787335,0.43151587,0.3985911,0.45466605,0.29448923,0.15080196,0.8,0.7,0.55,0.53333336,0.48333332,0.2,0.3,0.45,0.43333334,0.48333332,0.6,0.4,0.1,0.1,0.0,0.8439116,0.7460732,0.6064324,0.5246428,0.46487492,0.15608841,0.2539268,0.39356762,0.4753572,0.5351251,0.6878232,0.4921464,0.21286477,0.04928562,-0.07025013,1.0418656,0.98075837,0.7412471,0.99540776,0.8452323,0.23119669,0.25738445,0.3079555,0.54313487,0.45963368,0.9052349,0.7638727,1.0594357,1.5416516,1.5599939,0.57517797,0.59969854,0.5461755,0.5144156,0.51040846,0.42482206,0.40030146,0.45382452,0.4855844,0.48959154,0.15035589,0.19939707,0.09235096,0.028831199,0.020816933
SH601766,-0.029766578831962848,0.25,,2026-03-12,0.0015527942,0.01086956,0.14285715,0.0031055885,0.2857143,0.006211177,0.5714286,0.004658383,0.42857143,0.9984496,1.0031008,0.99224806,0.9985714,0.96931213,0.984127,1.0042328,1.0592592,1.0941799,0.98328036,0.97629625,0.9839153,0.9884303,1.030388,0.012462564,0.012700382,0.012677984,0.01803537,0.045337845,0.006666681,0.0025012067,-0.0008942997,-0.001083391,-0.0022438043,0.7153927,0.35553065,0.17415412,0.27965465,0.74704725,0.003386253,0.012448315,0.024580535,0.027278867,0.035804246,1.0031008,1.0031008,1.0189583,1.0743933,1.1024249,0.96383166,0.9472379,0.9472379,0.9472379,0.9472379,0.99407405,0.9807407,0.99407405,0.9991534,1.0730159,0.9746031,0.9701587,0.97502637,0.97566134,0.98201054,1.0,1.0,0.95,0.8333333,0.41666666,0.92103785,0.9444931,0.7356637,0.41494194,0.33999047,1.0,1.0,0.45,0.033333335,0.4,0.2,0.4,0.7,0.8,0.9,0.8,0.6,-0.25,-0.76666665,-0.5,0.6491513,-0.16718948,-0.3126154,0.14941008,-0.5442782,0.3406965,0.10233664,0.18793106,0.027735723,-0.05724772,0.8,0.5,0.35,0.33333334,0.4,0.2,0.4,0.55,0.6,0.56666666,0.6,0.1,-0.2,-0.26666668,-0.16666667,0.83720917,0.5862068,0.48823544,0.4060404,0.42179266,0.16279083,0.4137932,0.5117645,0.5939596,0.5782073,0.67441833,0.1724136,-0.02352911,-0.18791921,-0.15641467,0.8872827,1.0917343,0.9615639,1.2271757,0.9173828,0.23072654,0.28212807,0.38435262,0.64156866,0.58500326,0.7588407,0.81996685,0.89280593,0.9147657,1.2408587,0.46882865,0.45933065,0.44423288,0.5111015,0.51096606,0.5311713,0.5406693,0.5557671,0.48889855,0.48903394,-0.062342677,-0.0813387,-0.11153427,0.022202928,0.021932118
SH601633,-0.02995338926780303,0.0,,2026-03-12,0.007823973,0.0151589215,0.5161299,0.0024449828,0.16129002,0.0048899655,0.32258004,0.0102689555,0.67741996,0.9922368,1.002426,0.98738474,0.995455,0.9684712,1.0092876,1.0097764,1.0480264,1.0563363,0.98408896,0.98157156,0.99836856,1.0050186,1.040578,0.012958405,0.012921979,0.019977096,0.021583503,0.04046,0.0065012816,0.0005717685,-0.0025889908,-0.0018575636,-0.0021037622,0.6292669,0.017947081,0.587847,0.57404405,0.8245962,0.0029084678,0.015855486,0.02622684,0.021916136,0.02148296,1.0033636,1.010273,1.0325856,1.0528747,1.1300868,0.9645511,0.95726836,0.95726836,0.95726836,0.95726836,0.9964805,0.9949163,1.017573,1.0213858,1.0784798,0.9733594,0.97081757,0.977661,0.9885861,1.0023463,1.0,1.0,0.5,0.4,0.2,0.91333747,0.8061878,0.5673546,0.4469538,0.2472632,0.8,0.1,0.05,0.06666667,0.23333333,0.2,0.4,0.7,0.8,0.9,0.6,-0.3,-0.65,-0.73333335,-0.6666667,0.6935277,0.35361597,-0.12190299,0.12109888,0.17732015,0.48003486,-0.006375609,0.30195692,0.30757192,0.4904585,0.8,0.5,0.45,0.43333334,0.43333334,0.2,0.5,0.55,0.56666666,0.56666666,0.6,0.0,-0.1,-0.13333334,-0.13333334,0.8290818,0.45377123,0.47322622,0.4165605,0.4493518,0.17091826,0.54622877,0.5267738,0.58343947,0.5506482,0.6581635,-0.09245752,-0.053547572,-0.16687897,-0.10129643,0.9672791,1.2313123,1.0802892,1.176177,1.2314569,0.33964297,0.42342764,0.4015893,0.38950232,0.50310564,1.16811,0.80528975,0.90611136,0.7728411,1.2708831,0.5201004,0.53443265,0.48580638,0.49618855,0.5003562,0.4798996,0.46556738,0.5141936,0.5038115,0.49964383,0.040200848,0.068865255,-0.028387232,-0.007622919,0.0007123489
SH600009,-0.029956976556369693,0.125,,2026-03-12,0.0013638586,0.006818989,0.20000893,0.0013637826,0.19999777,0.0040913476,0.5999933,0.0040914235,0.60000443,0.998638,1.001362,0.9945522,0.99763954,1.0003252,1.0381655,1.0620189,1.0882576,1.0946547,1.0005205,1.0079366,1.0310527,1.0387365,1.0714753,0.0068476913,0.01424404,0.02660412,0.025193661,0.042959977,-0.0015071008,-0.0036233456,-0.0042719278,-0.0023848095,-0.0019044256,0.1210978,0.59315014,0.9024394,0.69442695,0.5993766,0.002493782,0.008368415,0.009530548,-0.0041567124,-0.015294703,1.0112914,1.0405184,1.0685208,1.0994229,1.1631066,0.9881227,0.9881227,0.9881227,0.9881227,0.9881227,1.0030576,1.0190393,1.0576818,1.0623658,1.1156673,0.99733275,0.9986989,1.0002601,1.0089775,1.0396833,0.6,0.4,0.2,0.13333334,0.06666667,0.51264554,0.22668494,0.14773138,0.10671423,0.067876674,0.2,0.1,0.05,0.033333335,0.21666667,0.4,0.7,0.85,0.9,0.95,-0.2,-0.6,-0.8,-0.8666667,-0.73333335,-0.44183114,0.0003356123,0.22121605,0.4813648,0.33095735,-0.7653511,-0.69102657,-0.63868576,-0.39794886,0.20274109,0.6,0.5,0.4,0.36666667,0.36666667,0.4,0.5,0.6,0.6333333,0.6333333,0.2,0.0,-0.2,-0.26666668,-0.26666668,0.49618402,0.27551028,0.27337575,0.31087372,0.4207373,0.50381595,0.72448975,0.72662425,0.68912625,0.5792627,-0.007631954,-0.44897947,-0.45324847,-0.37825257,-0.15852538,1.3776432,1.648362,1.7510315,2.3890076,2.5816731,0.37855574,0.6356588,0.57023877,1.1777471,1.3953606,1.0728003,1.1785208,1.1697252,1.1048832,2.307573,0.41910315,0.43711305,0.3241786,0.4732715,0.49322096,0.58089685,0.56288695,0.6758214,0.5267285,0.506779,-0.1617937,-0.12577392,-0.35164282,-0.053457,-0.0135580655
SH600918,-0.031196502623352804,0.125,,2026-03-12,0.0064411853,0.011272162,0.5714241,0.003220651,0.28571725,0.0016103255,0.14285862,0.0048308596,0.4285655,0.9936,1.0032,0.99200004,0.99959046,0.9969041,1.0170279,1.0294118,1.0402477,1.0851393,0.99473685,1.0013932,1.0123066,1.019711,1.0423375,0.006344837,0.011754055,0.014620729,0.016815122,0.027156346,0.0010835909,-0.0028051394,-0.0021776573,-0.0017301643,-0.0014344801,0.072917156,0.5220895,0.7764421,0.8204958,0.8510327,0.0030959407,0.011229908,0.008381212,0.0053763115,-2.0329819e-05,1.0048001,1.0263158,1.0357624,1.0591875,1.0919689,0.98291934,0.98291934,0.98291934,0.98291934,0.98291934,1.0,1.0099071,1.0266254,1.0312693,1.069969,0.9919505,0.9950465,0.9965945,1.0,1.0195047,0.9,0.65,0.325,0.21666667,0.108333334,0.78062606,0.39359522,0.3232338,0.22395507,0.156632,0.2,0.1,0.05,0.1,0.41666666,0.4,0.7,0.85,0.9,0.95,-0.2,-0.6,-0.8,-0.8,-0.53333336,-0.012888161,0.0041570105,-0.20520729,0.361052,0.22248554,0.25424573,-0.05711073,0.085883886,0.15015407,0.2545573,0.8,0.6,0.5,0.53333336,0.45,0.2,0.4,0.45,0.4,0.5,0.6,0.2,0.05,0.13333334,-0.05,0.54545426,0.3877546,0.39080435,0.39516136,0.40213537,0.45454577,0.6122454,0.60919565,0.60483867,0.5978646,0.09090847,-0.22449079,-0.21839131,-0.20967731,-0.19572927,1.1772543,1.2200661,1.1165625,1.3961284,1.4143922,0.37606043,0.34711248,0.28823206,0.5308871,0.5041197,0.90147,0.8313159,0.83517325,0.96481615,1.0528706,0.5461172,0.50397646,0.44882318,0.4685298,0.44202587,0.45388278,0.4960235,0.5511768,0.5314702,0.55797416,0.09223442,0.00795296,-0.102353625,-0.0629404,-0.11594828
SH601066,-0.0316188892954269,0.125,,2026-03-12,-0.0026053085,0.015197524,-0.17142981,0.0069474163,0.45714134,0.0056447987,0.37142885,-0.0039079264,-0.2571423,1.0026121,1.0095776,0.9943405,1.0013865,1.0007889,1.0327417,1.0591716,1.078501,1.1187377,1.0012623,1.0087968,1.0301973,1.0399343,1.0917292,0.004938049,0.014048219,0.025358044,0.02592659,0.059020724,-0.0006706091,-0.0035502948,-0.004127774,-0.0026474297,-0.0031586464,0.04610714,0.58546066,0.9274028,0.8080901,0.87356013,7.889087e-05,0.0071794805,0.009016619,-0.001546521,0.0014509466,1.0118079,1.0394199,1.078925,1.0836995,1.196274,0.9866399,0.9866399,0.9866399,0.9866399,0.9866399,1.0044181,1.0216174,1.0574359,1.0624063,1.1561341,0.99889547,0.9996844,1.0007101,1.0070217,1.0398422,0.4,0.3,0.15,0.1,0.05,0.5308371,0.25312835,0.14476985,0.13764836,0.063730545,0.2,0.3,0.05,0.1,0.11666667,0.4,0.7,0.85,0.9,0.95,-0.2,-0.4,-0.8,-0.8,-0.8333333,-0.3578317,0.24752945,0.11618152,0.46571344,0.67751527,-0.29752454,-0.21053697,-0.09478105,0.09211838,0.21245879,0.6,0.6,0.45,0.4,0.45,0.4,0.4,0.55,0.56666666,0.53333336,0.2,0.2,-0.1,-0.16666667,-0.083333336,0.48809478,0.30516386,0.30158696,0.3304939,0.39555863,0.5119052,0.69483614,0.698413,0.66950613,0.60444134,-0.02381042,-0.38967228,-0.39682606,-0.33901224,-0.20888272,0.9382546,1.0821676,1.1145288,1.3547871,1.8401753,0.15142797,0.30619547,0.3733198,0.5118925,0.8534471,0.77396876,1.1427267,1.0127437,0.91330415,1.2000648,0.61772203,0.47424647,0.45977023,0.4625413,0.4576898,0.38227794,0.52575356,0.54022974,0.5374587,0.5423102,0.2354441,-0.051507074,-0.080459505,-0.07491738,-0.08462041
SH600999,-0.03193263577930036,0.0,,2026-03-12,0.001863402,0.0074533815,0.2500076,0.0012422303,0.16666667,0.0043477495,0.58332574,0.004968921,0.6666667,0.99814004,1.0012399,0.9938004,0.99830467,0.9901381,1.0290222,1.0459284,1.0383207,1.042829,0.99650604,1.0024514,1.0260918,1.0340941,1.0404668,0.0048049856,0.01404147,0.027635397,0.025984704,0.02376085,0.0011834387,-0.0029935895,-0.0042981487,-0.0023375268,-0.00045708698,0.15165174,0.41664937,0.84664136,0.6271614,0.11286873,0.0011270931,0.011019774,0.014740579,-0.00019995015,-0.026982717,1.0019165,1.0346012,1.0724714,1.0754571,1.1060612,0.9781911,0.9781911,0.9781911,0.9781911,0.9781911,0.99954915,1.0145956,1.0504367,1.0571991,1.0605804,0.99368834,0.9898563,0.99853474,0.9998873,1.0290222,1.0,0.7,0.35,0.23333333,0.11666667,0.91922194,0.3866136,0.23132032,0.22421962,0.17055547,0.8,0.1,0.2,0.23333333,0.33333334,0.4,0.7,0.85,0.9,0.95,0.4,-0.6,-0.65,-0.6666667,-0.6166667,-0.61386746,0.21946564,0.18398666,0.45259058,0.5744772,-0.70062315,-0.61271375,-0.18896963,0.056954104,0.3561361,0.8,0.5,0.4,0.43333334,0.4,0.2,0.4,0.55,0.53333336,0.55,0.6,0.1,-0.15,-0.1,-0.15,0.65765715,0.30115867,0.34823096,0.4246118,0.4595744,0.34234282,0.69884133,0.65176904,0.5753882,0.5404256,0.31531435,-0.39768267,-0.30353805,-0.15077636,-0.080851175,1.0843914,1.4545975,1.5624543,1.9056469,1.8937532,0.1954509,0.5319675,0.5597419,0.8049297,0.9117734,0.7528597,1.3901533,1.0930209,0.95908076,1.654786,0.42142507,0.39214987,0.45174095,0.4842034,0.46892932,0.57857496,0.60785013,0.548259,0.5157966,0.5310707,-0.15714987,-0.21570025,-0.09651808,-0.031593192,-0.062141363
SH600023,-0.03234961118440176,0.25,,2026-03-12,0.021699904,0.032549664,0.66667056,0.00542488,0.1666647,0.00542488,0.1666647,0.021699904,0.66667056,0.97876096,1.0053097,0.9734513,0.9913622,0.97168136,0.91858405,0.879646,0.8814159,0.9061947,0.9776991,0.96778756,0.9276991,0.9110914,0.9033923,0.013280242,0.015289241,0.04348774,0.04260403,0.03256111,0.0065486752,0.004440872,0.007043715,0.0042875563,0.00075699476,0.607904,0.77335,0.9182014,0.7849103,0.16484937,0.0092035625,0.012228506,0.0053856256,0.02673902,0.07427636,1.0053097,1.0053097,1.0053097,1.0053097,1.0053097,0.94513273,0.91858405,0.87433624,0.86548674,0.86548674,0.9830088,0.97451323,0.97026545,0.9621239,0.9136283,0.9692035,0.9571681,0.8810619,0.8775221,0.8778761,1.0,1.0,1.0,1.0,1.0,0.9117658,0.9387763,0.95946,0.9620258,0.9620258,1.0,1.0,1.0,1.0,1.0,0.8,0.1,0.05,0.3,0.46666667,0.2,0.9,0.95,0.7,0.53333336,0.7745542,-0.35767046,0.7477111,0.4967186,0.25669372,0.819174,0.65781236,0.5617313,0.34483844,-0.1034753,0.6,0.7,0.7,0.6,0.53333336,0.4,0.3,0.3,0.36666667,0.38333333,0.2,0.4,0.4,0.23333333,0.15,0.807693,0.8709678,0.8400001,0.76377976,0.61883414,0.19230698,0.12903221,0.15999992,0.23622024,0.38116583,0.615386,0.7419356,0.6800002,0.5275595,0.23766832,0.7682914,0.9528495,0.723062,0.7338394,0.59591347,0.17293045,0.26048988,0.33241788,0.28471538,0.29858938,1.0437111,0.8885541,1.0627148,1.0901948,1.2512358,0.55951506,0.5353816,0.56227046,0.54580253,0.528784,0.44048494,0.46461836,0.4377295,0.4541975,0.47121605,0.11903013,0.070763275,0.12454098,0.09160503,0.05756791
SZ000895,-0.03377611483875069,0.375,,2026-03-12,0.007982608,0.014876629,0.5365872,0.0029027169,0.19511926,0.003991304,0.2682936,0.0090711955,0.6097615,0.9920806,1.0028797,0.9881209,0.9974664,0.9553696,0.9456419,0.9470904,0.9247627,0.95824176,0.98704296,0.9708079,0.9624026,0.9506256,0.9499948,0.008235416,0.018529864,0.016054807,0.021891836,0.020039875,0.004642862,0.0057967096,0.001753003,0.0021525333,8.4593514e-05,0.79458517,0.89707774,0.41727582,0.7492678,0.0054348046,0.0036713255,0.003106887,0.020943891,0.018162658,0.047509708,1.0028797,1.0028797,1.0028797,1.0028797,1.0028797,0.95356923,0.9398855,0.9398855,0.9074884,0.9074884,0.9922278,0.9848102,0.9804221,0.96192056,0.9637188,0.9810664,0.9543606,0.95017976,0.9260664,0.9260664,1.0,1.0,1.0,1.0,1.0,0.9416001,0.9542858,0.9542858,0.96981144,0.96981144,1.0,1.0,1.0,1.0,1.0,0.2,0.2,0.6,0.1,0.55,0.8,0.8,0.4,0.9,0.45,-0.43543103,0.23708361,0.41197532,-0.31789663,-0.40974873,0.6702711,0.64424235,0.3461107,0.37300858,0.20132154,0.8,0.7,0.55,0.53333336,0.46666667,0.2,0.3,0.45,0.46666667,0.53333336,0.6,0.4,0.1,0.06666667,-0.06666667,0.95586824,0.8612454,0.71681535,0.69033945,0.5583514,0.044131767,0.13875458,0.28318468,0.30966055,0.4416486,0.9117365,0.72249085,0.43363068,0.38067886,0.116702795,1.1533558,1.1331247,1.0120407,1.1959678,1.1389649,0.22361399,0.2578388,0.27684432,0.38925108,0.3647072,1.0245975,1.0694321,1.1582992,0.9888204,1.018813,0.48652998,0.557903,0.42849633,0.4836161,0.5002572,0.51347005,0.442097,0.5715037,0.5163839,0.4997428,-0.026940053,0.11580597,-0.14300734,-0.03276778,0.0005144081
SZ002304,-0.034835937257598815,0.25,,2026-03-12,-0.004487761,0.014048843,-0.3194399,0.003512231,0.25000143,0.006048851,0.43055868,-0.0019511404,-0.13888264,1.004508,1.008036,0.9939239,0.9997421,0.9951071,1.0437247,1.0899736,1.2383504,1.2299238,1.005848,1.0073974,1.0391483,1.0671456,1.1455297,0.005134096,0.015236865,0.036040165,0.06203718,0.09076065,-0.0024658276,-0.0023033156,-0.005706746,-0.0059350915,-0.0046036798,0.57668346,0.20947257,0.8775496,0.70933676,0.7847203,-0.0009164111,0.002967478,0.015065715,0.018913276,-0.009721206,1.0162556,1.0468701,1.1044853,1.2658061,1.2681509,0.9917557,0.98276603,0.98276603,0.98276603,0.98276603,1.0082401,1.0144532,1.07879,1.0914181,1.226196,1.0023609,0.9990214,1.0032618,1.0066402,1.0580926,0.2,0.3,0.15,0.1,0.05,0.33650145,0.26884344,0.14158763,0.060888708,0.060388424,0.2,0.1,0.05,0.033333335,0.48333332,0.2,0.4,0.7,0.8,0.9,0.0,-0.3,-0.65,-0.76666665,-0.41666666,-0.11126723,-0.07224713,0.3784755,0.4412777,-0.35203585,0.34405217,-0.27459002,-0.28651056,-0.080587804,0.073446296,0.4,0.3,0.3,0.36666667,0.38333333,0.6,0.7,0.7,0.6333333,0.6,-0.2,-0.4,-0.4,-0.26666668,-0.21666667,0.56092894,0.29527315,0.2490797,0.29891232,0.3741659,0.43907106,0.7047268,0.7509203,0.7010877,0.6258341,0.12185788,-0.40945366,-0.5018406,-0.40217537,-0.25166824,0.8404321,0.97833437,1.080334,1.8908024,1.3084518,0.13710338,0.316633,0.32541764,1.6587366,1.3186841,0.92415774,0.9656031,0.906856,2.4777393,3.24297,0.67979646,0.45734954,0.41619062,0.4997673,0.5069046,0.32020354,0.54265046,0.5838094,0.5002327,0.49309543,0.35959294,-0.08530093,-0.16761872,-0.00046538858,0.013809163
SH600346,-0.035477248162066266,0.25,,2026-03-12,0.008976676,0.080341116,0.11173203,0.027378783,0.34078172,0.043985654,0.54748625,0.025583547,0.31843656,0.9911032,1.0271353,0.9475089,0.9965704,1.129026,1.125,1.1054506,1.1699442,0.84476614,1.0230566,1.0781279,1.0951416,1.1095463,1.0364425,0.0604562,0.0770885,0.05794787,0.054884695,0.113537304,-0.029540874,-0.022085363,-0.004701285,-0.003645821,0.004702057,0.59690464,0.75238717,0.23037021,0.3419715,0.52311665,0.036025092,0.021256244,-0.050479457,-0.056681875,-0.1751532,1.1708343,1.2010735,1.2010735,1.2126423,1.2126423,0.9475089,0.9475089,0.9475089,0.9475089,0.80960095,1.039873,1.1460824,1.1332068,1.1567668,1.1428925,0.98827034,0.9981341,1.049489,1.0693946,0.91905385,0.6,0.3,0.15,0.1,0.33333334,0.23504324,0.20701279,0.20701279,0.19798005,0.4724057,0.4,0.3,0.65,0.1,0.55,1.0,1.0,1.0,1.0,0.083333336,-0.6,-0.7,-0.35,-0.9,0.46666667,-0.6651917,-0.21647921,-0.21958607,-0.30649728,0.6449405,-0.63266045,-0.28895506,0.08084833,-0.044352733,0.24248314,0.2,0.4,0.45,0.5,0.53333336,0.8,0.6,0.55,0.5,0.46666667,-0.6,-0.2,-0.1,0.0,0.06666667,0.12423904,0.350689,0.41809982,0.39742035,0.5508832,0.875761,0.649311,0.5819002,0.60257965,0.44911683,-0.7515219,-0.29862204,-0.16380034,-0.2051593,0.10176633,0.8375,0.857963,0.70218074,0.67877185,0.54977745,0.24779777,0.20072728,0.2557911,0.22939569,0.24749109,1.367596,1.0078287,1.2131615,1.349622,1.416414,0.5490791,0.6142463,0.5342907,0.5326243,0.53475744,0.4509209,0.38575366,0.46570936,0.46737573,0.46524256,0.09815819,0.22849268,0.068581305,0.06524856,0.06951488
SH600426,-0.03557088658084165,0.375,,2026-03-12,0.0048745093,0.064830564,0.07518845,0.035096217,0.541353,0.024859836,0.38345858,-0.0053618723,-0.08270593,0.99514914,1.0349259,0.97040987,1.0050704,0.9524544,0.8923108,0.88527715,0.9027418,0.6961049,0.96570617,0.96614325,0.9249352,0.91728705,0.8408291,0.035676856,0.027660673,0.04727773,0.042842127,0.09565973,0.0041007814,0.000714098,0.0065657515,0.002732604,0.005097517,0.033029355,0.006109442,0.675031,0.3152921,0.8660818,0.026092248,0.030643294,0.012690115,0.043090187,0.008794172,1.0696069,1.0696069,1.0696069,1.0696069,1.0696069,0.89789325,0.885039,0.8411403,0.8261047,0.65703785,0.99359447,0.98501456,0.97938776,0.9569206,0.9197142,0.9422254,0.9470773,0.8843112,0.8852294,0.74795145,1.0,1.0,1.0,1.0,1.0,0.59463376,0.6228657,0.6953301,0.71414256,0.8312842,0.4,0.7,0.85,0.9,0.95,0.6,0.4,0.1,0.26666668,0.06666667,-0.2,0.3,0.75,0.6333333,0.8833333,-0.33312947,0.1557105,0.7361396,0.4470036,0.6808577,-0.3098819,0.18837115,0.11382669,-0.21978907,0.03893604,0.6,0.6,0.6,0.53333336,0.5833333,0.4,0.4,0.4,0.46666667,0.41666666,0.2,0.2,0.2,0.06666667,0.16666667,0.61450684,0.66347015,0.62322956,0.5670312,0.6334903,0.3854932,0.33652988,0.37677044,0.4329688,0.36650965,0.22901362,0.32694027,0.24645916,0.13406238,0.26698068,0.9842277,0.8967043,0.665315,0.6790769,0.5390576,0.26091984,0.25553012,0.304933,0.29156375,0.2642564,0.4312757,0.7066207,1.0611353,1.1388879,1.3069203,0.61303526,0.6312117,0.58812076,0.53669095,0.5366389,0.38696474,0.3687883,0.41187924,0.46330902,0.46336108,0.22607052,0.2624234,0.17624153,0.073381945,0.07327781
SH600061,-0.0361502216001941,0.0,,2026-03-12,0.008253048,0.012379647,0.66666263,0.002751041,0.2222229,0.001375558,0.11111447,0.0068775653,0.5555542,0.9918145,1.0027286,0.9904502,0.99772984,0.98357713,1.017803,1.036848,1.0354679,1.036848,0.99127793,0.99496275,1.0167886,1.0256141,1.0342879,0.007235441,0.0125756245,0.025803927,0.025484739,0.023545465,0.0027049407,-0.0019647244,-0.0037895965,-0.0023477501,-0.0005553919,0.34940213,0.22374615,0.7548877,0.6577261,0.169701,0.0033121624,0.013878502,0.019212563,0.008428213,-0.017903857,1.0027286,1.0205317,1.062698,1.0899816,1.092715,0.97822636,0.9768464,0.9768464,0.9768464,0.9768464,0.9955838,1.0049406,1.0398841,1.0494066,1.0521667,0.9863649,0.98305273,0.9921336,0.99889594,1.0199007,1.0,0.7,0.35,0.23333333,0.11666667,0.8886416,0.5300099,0.2696935,0.20465444,0.19982636,1.0,0.1,0.3,0.16666667,0.41666666,0.4,0.4,0.7,0.8,0.9,0.6,-0.3,-0.4,-0.6333333,-0.48333332,0.70499,0.41122064,0.14324611,0.39654234,0.37074056,0.53552616,0.020460656,-0.006048693,0.2233971,0.36041155,0.8,0.5,0.45,0.46666667,0.48333332,0.2,0.4,0.5,0.46666667,0.46666667,0.6,0.1,-0.05,0.0,0.016666668,0.7003368,0.3930345,0.39030397,0.43813184,0.4645418,0.29966322,0.6069655,0.60969603,0.56186813,0.5354582,0.40067357,-0.21393102,-0.21939206,-0.12373629,-0.07091642,0.9555243,1.1976722,1.2793177,1.5355182,1.364454,0.105431624,0.3831995,0.53812283,0.817094,0.6792619,0.30029854,1.1000023,0.90962327,1.0404136,1.126559,0.64269024,0.4284807,0.47093406,0.4965833,0.4741816,0.35730976,0.5715193,0.52906597,0.5034167,0.5258184,0.28538048,-0.14303857,-0.05813188,-0.006833386,-0.051636804
SH600585,-0.0363859465876921,0.125,,2026-03-12,0.0019646543,0.023575613,0.08333417,0.0007858776,0.03333434,0.020825082,0.8833315,0.02200386,0.9333313,0.9980392,1.0007843,0.9772549,0.9912922,0.9725,1.0042949,0.9898077,0.9128846,0.8889744,0.98515385,0.9895834,0.98921156,0.9758718,0.9262244,0.016983213,0.01769497,0.018109333,0.027104344,0.054604873,0.0046666646,-0.0019739724,0.00017206569,0.0019827734,0.0028623263,0.1887615,0.114075914,0.0031597423,0.4147344,0.83806056,0.0055128066,0.019299515,0.009153813,-0.004622031,-0.010663011,1.0007843,1.0348562,1.0560553,1.0560553,1.0560553,0.9505697,0.9505697,0.9505697,0.90974915,0.8521235,0.99871796,1.0004616,1.0004616,0.99526924,0.98415387,0.9683462,0.97187185,0.97211546,0.9566154,0.8701154,1.0,0.8,0.8,0.8666667,0.93333334,0.9843803,0.58645576,0.46859735,0.6168628,0.7251271,1.0,0.2,0.45,0.6333333,0.81666666,0.4,0.7,0.85,0.033333335,0.11666667,0.6,-0.5,-0.4,0.6,0.7,-0.6396234,0.27633953,0.61950034,0.003475612,0.559554,-0.56024045,-0.0059221317,0.6016099,0.5459904,0.46722987,0.8,0.5,0.4,0.46666667,0.51666665,0.2,0.5,0.6,0.53333336,0.46666667,0.6,0.0,-0.2,-0.06666667,0.05,0.6592428,0.48642063,0.5156157,0.58117306,0.56927997,0.34075722,0.51357937,0.48438427,0.4188269,0.43072003,0.31848556,-0.027158707,0.031231448,0.16234617,0.13855995,1.1861895,1.3223075,1.4877493,1.7209555,1.4105542,0.25067005,0.29309237,0.63344556,0.71313107,0.7486017,0.8658658,0.8215516,1.5776732,1.2024146,1.6328651,0.43497047,0.38733318,0.41378486,0.4784976,0.50242096,0.56502956,0.6126668,0.58621514,0.52150244,0.49757907,-0.13005906,-0.22533363,-0.17243026,-0.043004826,0.0048418646
SH601390,-0.0374202666418939,0.0,,2026-03-12,-0.0033726918,0.020236151,-0.16666667,0.008431673,0.41666386,0.008431787,0.4166695,-0.003372578,-0.16666104,1.0033841,1.0118443,0.99153966,1.001765,1.0035586,1.0415183,0.96441275,0.92763937,0.9145907,0.993357,1.0109134,0.98843414,0.9751285,0.94723207,0.013118568,0.028747402,0.04609877,0.046105735,0.044000488,0.002253866,-0.00723247,0.0041232975,0.0030842237,0.0019187811,0.073794395,0.58021307,0.28001335,0.34680355,0.5800103,0.002135255,0.021632744,-0.027605454,-0.01984971,-0.0038361112,1.0120203,1.0765859,1.0948302,1.0948302,1.0948302,0.9722089,0.9722089,0.92069566,0.89747626,0.8924599,1.0035586,1.0251483,1.0272834,1.0064056,0.98813754,0.9833926,0.997153,0.93428224,0.9321471,0.91103196,0.6,0.35,0.525,0.68333334,0.84166664,0.69806725,0.26625675,0.45542008,0.51949203,0.53140265,0.8,0.1,0.45,0.6333333,0.81666666,0.4,0.7,0.2,0.06666667,0.11666667,0.4,-0.6,0.25,0.56666666,0.7,-0.39090073,0.6567873,0.73668313,0.40301633,0.68609804,-0.47329557,-0.109128684,0.7490026,0.6929863,0.46712568,0.4,0.4,0.45,0.46666667,0.48333332,0.4,0.5,0.5,0.5,0.41666666,0.0,-0.1,-0.05,-0.033333335,0.06666667,0.47169843,0.3684214,0.5474685,0.5492731,0.5462725,0.5283016,0.6315786,0.45253152,0.45072693,0.45372748,-0.056603156,-0.26315722,0.094936945,0.09854613,0.09254505,1.0640842,1.2293149,1.3436096,1.6499887,0.98916674,0.18957087,0.31018955,0.8235741,1.0390738,1.0015211,0.98868996,0.8454763,1.9268656,1.5626732,2.2630687,0.54309505,0.38579765,0.4726715,0.5132586,0.5158483,0.45690495,0.6142023,0.5273285,0.48674142,0.48415172,0.0861901,-0.22840469,-0.05465697,0.026517173,0.031696573
SZ300033,-0.03762263366068699,0.125,,2026-03-12,0.008188062,0.017585762,0.4656075,0.0056447927,0.32098654,0.0037529066,0.21340597,0.0062961765,0.35802695,0.99187845,1.0055989,0.988156,0.9983376,0.95979273,1.015226,1.1059164,1.1121024,1.0154105,0.9897425,0.98525745,1.0182679,1.0422978,1.0448012,0.010320912,0.020440632,0.041116126,0.049011555,0.07190282,0.004827166,-4.5125154e-05,-0.0059158,-0.005037726,0.00029440864,0.54687524,4.467455e-05,0.7245537,0.81879234,0.0051133926,0.000603127,0.0149456,0.037932176,0.030749127,-0.053486235,1.0083351,1.0270712,1.1028403,1.1484953,1.3382142,0.9444389,0.9444389,0.9444389,0.9444389,0.9409022,0.99896646,0.99896646,1.0541058,1.0869426,1.1011068,0.98493016,0.9659939,0.98493016,0.9947388,0.97491395,1.0,0.9,0.45,0.3,0.4,0.8695518,0.6723893,0.3507616,0.27228323,0.14874418,0.6,0.1,0.05,0.06666667,0.41666666,0.4,0.7,0.85,0.9,0.11666667,0.2,-0.6,-0.8,-0.8333333,0.3,-0.7827158,-0.10438826,-0.18381484,0.4546806,0.83371055,0.55981326,-0.051021714,-0.0011075765,0.29375103,0.6892636,0.8,0.6,0.4,0.4,0.43333334,0.2,0.4,0.6,0.6,0.56666666,0.6,0.2,-0.2,-0.2,-0.13333334,0.79934233,0.4461463,0.34831986,0.3941088,0.49388584,0.2006577,0.5538537,0.6516801,0.6058912,0.5061141,0.5986846,-0.1077074,-0.30336025,-0.21178241,-0.012228308,1.1058654,1.0457046,1.0030049,1.1603491,1.2946402,0.069979325,0.17758077,0.20127852,0.3252426,0.75007653,0.725074,0.8095374,0.71211255,0.6669558,2.0856228,0.6689052,0.543271,0.40655166,0.4615919,0.4831102,0.33109477,0.456729,0.59344834,0.5384081,0.5168898,0.33781046,0.086542025,-0.1868967,-0.07681618,-0.033779647
SZ300979,-0.03779741326189683,0.125,,2026-03-12,-0.0037461116,0.014151977,-0.2647059,0.0,0.0,0.0104058655,0.7352941,0.006659754,0.47058824,1.0037602,1.0037602,0.989555,0.99560577,0.96870416,0.99213034,1.0479503,1.0624084,1.2073572,0.9866764,0.9855966,1.0092331,1.0141227,1.0607705,0.01586938,0.013239439,0.030783972,0.026803643,0.066977076,0.006716693,0.00026287767,-0.0044316035,-0.001950067,-0.003336746,0.4478484,0.0036139293,0.7253382,0.41021648,0.75699633,-0.00010980607,0.013220429,0.03286709,0.014153252,0.037663534,1.0141041,1.0141041,1.0727279,1.0727279,1.2797369,0.9641843,0.9641843,0.9641843,0.9641843,0.9641843,1.0007321,0.9963397,1.0368228,1.0335286,1.0962298,0.9762445,0.9748536,0.9845534,0.9910322,1.0085652,0.8,0.9,0.5,0.33333334,0.16666667,0.7174637,0.7174637,0.32996592,0.32996592,0.113501504,0.8,0.9,0.05,0.36666667,0.083333336,0.2,0.6,0.8,0.8666667,0.93333334,0.6,0.3,-0.75,-0.5,-0.85,0.54993075,0.1972806,0.25596076,0.3423312,-0.014353685,0.4423453,0.2371753,0.019904053,-0.027943466,0.03617212,0.6,0.4,0.4,0.46666667,0.45,0.4,0.5,0.55,0.5,0.53333336,0.2,-0.1,-0.15,-0.033333335,-0.083333336,0.6930031,0.5354201,0.4001524,0.4161338,0.37295356,0.3069969,0.46457988,0.5998476,0.58386624,0.6270464,0.3860062,0.07084024,-0.19969526,-0.16773245,-0.25409287,1.2204238,1.295089,1.453103,1.7820739,1.8884939,0.46775016,0.39942354,0.6494679,0.7467516,0.6904341,0.8051455,0.9569035,1.0973394,0.91553265,0.86311847,0.4095192,0.3471835,0.45458207,0.45807058,0.4920034,0.5904808,0.65281653,0.5454179,0.5419294,0.5079966,-0.1809616,-0.305633,-0.090835854,-0.08385888,-0.015993183
SZ002714,-0.037826767465315755,0.125,,2026-03-12,0.022020252,0.033939335,0.6488121,0.0018181163,0.05356959,0.010100967,0.2976183,0.030303104,0.89286083,0.9784542,1.001779,0.9685708,0.99078906,0.9250786,0.8920678,0.9262633,0.914606,0.9563075,0.97639465,0.9510731,0.92701685,0.9199667,0.94329476,0.015854439,0.028848168,0.03338536,0.029679937,0.03606306,0.0047445623,0.008276894,0.004069275,0.0021710522,-0.00095473777,0.22388789,0.7545877,0.5199841,0.41468304,0.21376808,0.014116207,0.011680861,0.03432503,0.04855302,0.08486999,1.0033504,1.0033504,1.0033504,1.0033504,1.0248961,0.9201424,0.89246786,0.87763613,0.87368625,0.87368625,0.98133236,0.9755664,0.9591964,0.92796755,0.9769422,0.97081983,0.9252379,0.8959842,0.89385176,0.9094214,1.0,1.0,1.0,1.0,0.95,0.9597356,0.969785,0.97334975,0.97416157,0.8353538,0.4,0.7,0.85,0.9,0.33333334,0.2,0.1,0.4,0.16666667,0.5833333,0.2,0.6,0.45,0.73333335,-0.25,0.2806641,0.5095237,0.75458,0.46389773,-0.14937028,0.9370763,0.9471953,0.7925468,0.639212,0.37218055,0.8,0.6,0.55,0.56666666,0.41666666,0.2,0.4,0.45,0.43333334,0.56666666,0.6,0.2,0.1,0.13333334,-0.15,0.8185206,0.80268013,0.645618,0.60737,0.53004396,0.18147938,0.19731985,0.354382,0.39263,0.46995604,0.6370412,0.6053603,0.291236,0.21474,0.060087938,1.0636165,0.9374833,0.7335108,0.7942599,0.67686707,0.31464323,0.29163817,0.29547876,0.28410423,0.26466906,1.0680978,1.1952292,1.5216465,1.2345324,1.2803571,0.6300981,0.5573941,0.51690173,0.5217648,0.5239108,0.36990187,0.44260594,0.48309824,0.4782352,0.47608918,0.26019624,0.114788115,0.033803497,0.043529633,0.047821645
SH601868,-0.03858595632544216,0.125,,2026-03-12,0.07954544,0.08522726,0.93333334,0.0,0.0,0.005681817,0.06666667,0.08522726,1.0,0.9263158,1.0,0.92105263,0.96021175,0.6925,0.65749997,0.6425,0.66499996,0.625,0.854,0.7635,0.7015,0.68366665,0.65566665,0.09994687,0.11662619,0.10265041,0.08718968,0.06813009,0.061250005,0.035363637,0.014007519,0.0064026704,0.0023698253,0.9388882,0.8428167,0.65173215,0.4179206,0.3690239,0.023499994,0.07736364,0.16542858,0.22349463,0.2744235,1.0,1.0,1.0,1.0,1.0,0.69688576,0.65436023,0.627364,0.627364,0.60724247,0.926,0.8435,0.763,0.6785,0.663,0.77199996,0.6675,0.63449997,0.63449997,0.62249994,1.0,1.0,1.0,1.0,1.0,1.0,1.0,1.0,1.0,1.0,1.0,1.0,1.0,1.0,1.0,0.2,0.1,0.35,0.56666666,0.11666667,0.8,0.9,0.65,0.43333334,0.8833333,0.4613841,0.85035455,0.878344,0.853477,0.8014542,0.06489112,0.29962757,0.44907877,0.41402093,0.40318826,1.0,0.9,0.7,0.53333336,0.51666665,0.0,0.1,0.25,0.33333334,0.33333334,1.0,0.8,0.45,0.2,0.18333334,1.0,0.9659863,0.9281437,0.856383,0.797619,0.0,0.034013674,0.071856305,0.14361697,0.20238099,1.0,0.9319726,0.85628736,0.71276605,0.59523803,0.63695866,0.3939474,0.23672347,0.19781739,0.13407604,0.24476263,0.30485335,0.26568967,0.22375117,0.17485149,0.6754738,1.2603887,1.9393474,2.36539,3.1131268,0.78660005,0.7848353,0.74534,0.68572533,0.6481311,0.21339995,0.2151647,0.25465998,0.31427467,0.35186893,0.5732001,0.5696706,0.49068,0.3714507,0.29626215
SH603260,-0.038698227151217714,0.125,,2026-03-12,0.0039046116,0.024660932,0.15833187,0.008836851,0.35833406,0.011919469,0.48333406,0.006987228,0.28333187,0.99611056,1.0088025,0.9842375,0.996525,0.98313934,1.0480397,1.0220795,1.0321156,1.0927339,0.99165,1.0018065,1.0094942,1.0236318,1.0573063,0.01018646,0.023848558,0.026380539,0.03956682,0.04996845,0.002381895,-0.0050290124,-0.00108169,-0.0025981867,-0.0018259417,0.13669059,0.4076173,0.05884456,0.33417973,0.40726954,0.0035862452,0.020824036,0.0007818502,0.014041936,-0.0034410488,1.0088025,1.0635562,1.0968162,1.1235235,1.1991671,0.9653473,0.9653473,0.9653473,0.9642709,0.9642709,0.9991436,1.0094473,1.0279673,1.0552657,1.0995317,0.98164064,0.98297876,0.9859227,0.9927205,1.0020341,1.0,0.7,0.5,0.36666667,0.18333334,0.7974355,0.352847,0.2635812,0.22435485,0.15210585,1.0,0.1,0.45,0.1,0.35,0.4,0.7,0.85,0.26666668,0.6333333,0.6,-0.6,-0.4,-0.16666667,-0.28333333,-0.39762387,0.4270004,0.55881536,0.6219636,0.5640707,-0.29405317,-0.24864747,0.59491676,0.36892286,0.2906989,0.8,0.5,0.45,0.46666667,0.5,0.2,0.5,0.55,0.53333336,0.5,0.6,0.0,-0.1,-0.06666667,0.0,0.6521738,0.30678117,0.46760896,0.47514498,0.46218488,0.34782615,0.6932188,0.5323911,0.524855,0.53781515,0.3043477,-0.38643768,-0.06478208,-0.04971004,-0.07563028,1.1243135,1.2321879,1.208283,1.4759601,1.5842808,0.13342683,0.189815,0.51496214,0.6703685,0.664431,0.7887536,0.967854,1.3325243,1.2448332,1.2723509,0.44084945,0.34501907,0.48002127,0.42224225,0.48750123,0.5591506,0.6549809,0.5199787,0.5777578,0.51249874,-0.11830112,-0.30996183,-0.039957464,-0.15551549,-0.024997529
SH601995,-0.0389529480263065,0.0,,2026-03-12,-0.0014615402,0.006723136,-0.21738966,0.0032154268,0.47826293,0.0020461692,0.30434743,-0.002630798,-0.39130518,1.0014637,1.0046839,0.99795085,1.0013928,1.0022752,1.0150739,1.0159272,1.0349829,,1.0023322,1.0053185,1.0124004,1.0142776,1.0259514,0.0033856055,0.0064662676,0.009372451,0.009679994,0.017106263,-0.00093857123,-0.0015116988,-0.0012638245,-0.0007156228,-0.00092949433,0.19213292,0.5009964,0.6364073,0.42356485,0.7041603,-0.00045505594,0.0014841169,-0.00039410443,-0.0039010425,-0.0017845784,1.0097452,1.0303532,1.0334854,1.0374999,1.1208471,0.99390215,0.99390215,0.99390215,0.99390215,0.99390215,1.003925,1.0132537,1.0197383,1.0237201,1.041752,0.9996587,0.9996587,1.0029579,1.0031285,1.0131968,0.4,0.3,0.15,0.1,0.056603774,0.38489032,0.16728851,0.15405108,0.13986585,0.048035283,0.2,0.3,0.2,0.1,0.016666668,0.4,0.7,0.85,0.9,0.016666668,-0.2,-0.4,-0.65,-0.8,0.0,-0.58171314,0.15237233,0.20051323,0.24642782,0.6358953,-0.9158635,-0.3369838,-0.04323648,0.12345429,0.3664205,0.4,0.3,0.35,0.4,0.38333333,0.4,0.6,0.6,0.56666666,0.46666667,0.0,-0.3,-0.25,-0.16666667,-0.083333336,0.44736928,0.32679766,0.4161679,0.3911505,0.4183757,0.5526307,0.67320234,0.5838321,0.6088495,0.58162427,-0.105261445,-0.34640464,-0.16766419,-0.21769899,-0.16324858,1.060066,1.5231352,1.5142927,1.7009816,2.1298914,0.21199591,0.81876373,0.57784295,0.6196215,1.2395197,0.92149353,1.672299,1.2622449,1.013364,1.2079448,0.44110116,0.4557283,0.4653324,0.47396818,0.3780777,0.55889887,0.5442717,0.5346676,0.52603185,0.6219223,-0.11779767,-0.08854342,-0.06933525,-0.052063674,-0.24384463
SH601456,-0.039028585173471936,0.0,,2026-03-12,-0.003157908,0.01052636,-0.3,0.0042105443,0.4,0.003157908,0.3,-0.0042105443,-0.4,1.0031679,1.0073918,0.9968321,1.0014216,0.99898267,1.0335708,1.0325534,1.0325534,1.1241099,1.0016277,1.008647,1.0213122,1.0265514,1.0539504,0.004291948,0.014412661,0.016593114,0.016189536,0.039297536,-0.00020345322,-0.00348346,-0.0023764884,-0.0014690219,-0.0020373582,0.005617722,0.5354818,0.71793264,0.63810104,0.81979275,-0.0012207639,0.007028574,0.0012643456,-0.005250542,0.006151588,1.0073918,1.0396744,1.0429177,1.0635384,1.18121,0.98752034,0.98752034,0.98752034,0.98752034,0.9795466,1.0050864,1.0189217,1.0376399,1.0376399,1.0946083,0.9989827,0.99857575,1.0024415,1.0050864,1.0280772,0.4,0.4,0.2,0.13333334,0.06666667,0.6280192,0.2392841,0.22527488,0.16416681,0.101423346,1.0,0.1,0.25,0.1,0.06666667,0.4,0.7,0.85,0.9,0.3,0.6,-0.6,-0.6,-0.8,-0.23333333,-0.05281536,0.5965167,0.14592919,0.46560428,0.24303488,0.13153502,0.18246353,0.20867735,0.35329527,0.21769345,0.4,0.4,0.45,0.5,0.38333333,0.6,0.6,0.5,0.43333334,0.55,-0.2,-0.2,-0.05,0.06666667,-0.16666667,0.51612926,0.29629588,0.36885226,0.4166666,0.3886861,0.48387074,0.7037041,0.63114774,0.5833334,0.61131394,0.03225852,-0.4074082,-0.2622955,-0.16666679,-0.22262785,0.90572,1.0820918,1.04116,1.2610385,1.4939821,0.13943473,0.26155716,0.2505915,0.43734667,0.91022086,0.54186136,0.8447723,0.95223445,1.0363729,1.8734648,0.5882243,0.53890014,0.4826514,0.467018,0.48575887,0.4117757,0.46109986,0.5173486,0.532982,0.51424116,0.17644855,0.07780025,-0.034697194,-0.06596399,-0.028482283
SH601607,-0.03907152523068718,0.125,,2026-03-12,0.0023269197,0.013961627,0.16666536,0.00058181165,0.041672193,0.011052896,0.79166245,0.012798004,0.9166556,0.99767846,1.0005804,0.98665124,0.9973776,0.9883976,0.9994252,1.0022997,1.0081007,1.0330303,0.99719876,0.9959235,0.99856544,1.0013607,1.0155535,0.0019847914,0.004810154,0.0046668747,0.0073194513,0.016977016,0.0012177073,0.000119728036,-0.0004421158,-0.0005737547,-0.0008480951,0.941014,0.005679175,0.31411442,0.47620848,0.761143,0.00036583928,0.0035376986,0.005634668,0.006958807,0.0094652865,1.0005804,1.0058149,1.0086892,1.026112,1.0521969,0.98490727,0.9831385,0.9831385,0.9831385,0.9831385,0.9985785,0.99908024,1.0024146,1.0046515,1.0337305,0.9961535,0.99349856,0.9963834,0.9964984,0.9993102,1.0,0.9,0.65,0.5,0.25,0.9629648,0.7435695,0.65992343,0.3923705,0.24416338,1.0,0.3,0.1,0.13333334,0.4,0.2,0.4,0.7,0.8,0.9,0.8,-0.1,-0.6,-0.6666667,-0.5,0.20098285,0.058444675,-0.10077558,0.5486039,0.17841285,0.20454973,0.18396994,0.18540992,0.12177103,0.16360798,0.8,0.6,0.5,0.5,0.45,0.0,0.3,0.45,0.46666667,0.5,0.8,0.3,0.05,0.033333335,-0.05,1.0,0.5089709,0.48021498,0.46614224,0.440735,0.0,0.49102905,0.51978505,0.53385776,0.559265,1.0,0.01794189,-0.03957004,-0.067715526,-0.118529975,0.8610476,1.033134,0.9284364,1.2338643,1.3553009,0.1822804,0.37652698,0.30767,0.606362,0.8204995,0.9269805,1.4365333,1.3046855,1.2170305,2.189825,0.6379401,0.49868473,0.50363195,0.46829724,0.5007763,0.3620599,0.50131524,0.49636808,0.53170276,0.49922374,0.2758802,-0.002630524,0.0072638635,-0.063405536,0.001552525
SH600027,-0.03925548647913267,0.125,,2026-03-12,0.024621183,0.030303063,0.81249815,0.0018939303,0.062499635,0.0037879494,0.1250022,0.026515203,0.8750007,0.97597045,1.0018485,0.9722735,0.99102134,0.95967746,0.92096776,0.9024194,0.9266129,0.96129036,0.97112906,0.9620161,0.93346775,0.9258602,0.9354167,0.01845524,0.01636235,0.03170526,0.028725464,0.026821595,0.008306444,0.004042036,0.0049478533,0.0023416702,-0.0004401988,0.5064433,0.5593973,0.85239136,0.5150141,0.08215394,0.0122580705,0.019794708,0.019527648,0.040185563,0.077569194,1.0018485,1.0018485,1.0018485,1.0018485,1.0018485,0.93961996,0.9168627,0.89155793,0.8890453,0.8890453,0.98129034,0.968871,0.95967746,0.9551613,0.96161294,0.95822585,0.9516129,0.9037097,0.9024194,0.908871,1.0,1.0,1.0,1.0,1.0,0.9702962,0.9782502,0.9832404,0.9836137,0.9836137,1.0,1.0,1.0,1.0,1.0,0.8,0.1,0.05,0.3,0.65,0.2,0.9,0.95,0.7,0.35,0.87687576,-0.0088161705,0.718601,0.68482804,0.32315102,0.64160514,0.66130877,0.3542274,0.31686625,0.18545549,0.6,0.6,0.6,0.46666667,0.45,0.4,0.4,0.35,0.43333334,0.45,0.2,0.2,0.25,0.033333335,0.0,0.7906969,0.8024685,0.7688885,0.659649,0.5454545,0.20930305,0.19753154,0.23111151,0.340351,0.4545455,0.5813939,0.60493696,0.53777695,0.31929803,0.09090898,0.79130065,0.91766125,0.6640669,0.5897091,0.515761,0.17042284,0.2587142,0.37567666,0.33169875,0.27884495,0.81453913,0.76374763,1.1630996,1.3322115,1.503541,0.70904696,0.5803326,0.5871956,0.5633577,0.5321802,0.29095304,0.41966742,0.41280445,0.43664226,0.46781984,0.41809392,0.16066515,0.17439109,0.12671547,0.064360335
SH601857,-0.03957741993267297,0.25,,2026-03-12,-0.008110251,0.03568534,-0.22727121,0.004866269,0.13636604,0.022708822,0.63636273,0.009732301,0.27272546,1.0081766,1.0130826,0.9771055,0.99829674,1.0377616,0.8903549,0.8635123,0.81756145,0.8052775,1.0069153,1.0095086,0.9471338,0.91815287,0.8617759,0.02927585,0.0573964,0.07597475,0.07600558,0.078983165,-0.007643312,0.0031902278,0.010143878,0.0070790416,0.003849783,0.17040573,0.028319495,0.6239324,0.6722947,0.7246082,0.008371246,-0.02386467,-0.04350059,-0.020798966,0.02465555,1.1022038,1.1191343,1.1191343,1.1191343,1.1191343,0.95256346,0.8831735,0.8423628,0.802277,0.762815,1.0160146,1.0601456,1.0122839,0.9934486,0.8990901,0.9895359,0.9797998,0.88061875,0.86151046,0.80263877,0.6,0.5,0.75,0.8333333,0.9166667,0.31700358,0.4951097,0.56955713,0.6240127,0.66565293,0.4,0.4,0.7,0.8,0.9,0.8,0.1,0.1,0.06666667,0.1,-0.4,0.3,0.6,0.73333335,0.8,0.8237205,0.8722853,0.9098971,0.725477,0.8029744,0.878345,0.7091876,0.6197892,0.62927276,0.46421722,0.6,0.6,0.55,0.6,0.56666666,0.4,0.4,0.45,0.4,0.43333334,0.2,0.2,0.1,0.2,0.13333334,0.39386207,0.63083595,0.61980826,0.62042034,0.5913748,0.60613793,0.36916405,0.38019174,0.37957966,0.4086252,-0.21227589,0.26167193,0.2396165,0.2408407,0.18274966,1.3528876,1.6021773,1.0295792,0.96487105,0.6674287,0.3935862,0.6910025,0.7659328,0.6424892,0.55337626,0.8599343,1.0541598,1.5230355,1.5699768,2.0527022,0.33481324,0.5602673,0.5400239,0.5327099,0.52885395,0.66518676,0.43973264,0.45997608,0.4672901,0.47114602,-0.3303735,0.12053469,0.08004785,0.0654198,0.05770795
SH601136,-0.04370191164271511,0.0,,2026-03-12,-0.000568785,0.006825959,-0.08332676,0.0022753421,0.33333662,0.003981832,0.58333665,0.0011377047,0.16667324,1.0005691,1.0028458,0.9960159,0.99981916,0.9844531,1.0427539,1.0260966,1.0699611,1.1476957,0.9987784,1.0031093,1.014603,1.0229502,1.0559411,0.0036282847,0.017960051,0.017982226,0.02332053,0.038825,0.0016657514,-0.0030151606,-0.0020882292,-0.0019934543,-0.001974066,0.52693576,0.2583552,0.47199512,0.5662881,0.7884972,-0.0021099339,0.010458858,0.0052352063,0.0059549003,0.0022938333,1.0051084,1.0467663,1.0473075,1.0830089,1.1419259,0.9835632,0.9805525,0.9805525,0.9805525,0.9805525,1.0009995,1.0096613,1.0285397,1.0354247,1.0935036,0.9964464,0.9915602,0.9994447,1.002332,1.0182121,0.6,0.5,0.25,0.16666667,0.083333336,0.76290005,0.29370803,0.2913268,0.18981263,0.12051255,0.8,0.1,0.5,0.1,0.016666668,0.4,0.4,0.7,0.8,0.9,0.4,-0.3,-0.2,-0.7,-0.8833333,-0.18185593,0.36394966,0.2705047,0.41786122,0.5925889,0.3181018,-0.05880435,0.3109624,0.0055711255,0.25853145,0.6,0.4,0.5,0.46666667,0.45,0.4,0.6,0.5,0.53333336,0.53333336,0.2,-0.2,0.0,-0.06666667,-0.083333336,0.86842203,0.25161305,0.4126395,0.35616443,0.35448584,0.13157794,0.748387,0.5873605,0.64383554,0.64551413,0.7368441,-0.4967739,-0.17472099,-0.28767112,-0.2910283,1.2980354,1.6532817,1.6054753,1.8165221,2.1644363,0.35117245,0.6188174,0.6355563,0.79664826,0.9424503,0.7332485,1.1903253,1.1674244,1.538113,1.3823814,0.4787131,0.31219032,0.47515452,0.47991627,0.4500974,0.5212869,0.6878097,0.5248455,0.5200837,0.5499026,-0.042573795,-0.37561938,-0.04969099,-0.04016747,-0.09980518
SZ000858,-0.043833419715301504,0.0,,2026-03-12,0.0026470553,0.011078465,0.23893704,0.0045098076,0.40707877,0.0039216015,0.3539842,0.0020588494,0.18584248,0.99735993,1.0044979,0.9934487,0.99712306,0.99198276,1.0157427,1.061116,1.0076299,1.0823612,0.9981814,1.0000105,1.0185742,1.0208478,1.0390913,0.0033265443,0.008635563,0.022242077,0.026185108,0.029472306,0.00039106514,-0.0013839023,-0.0034899265,-0.00105627,-0.0012703439,0.034550283,0.23541872,0.8616879,0.12610807,0.56664914,0.0010364518,0.006217057,0.014580013,-0.0055318973,-0.0016161593,1.0044979,1.0227826,1.0809617,1.0832124,1.0869488,0.98807126,0.98514056,0.98514056,0.9826958,0.9826958,1.0002543,1.0040492,1.0379202,1.0467998,1.0669848,0.9968123,0.9925297,0.998866,0.998866,1.0065916,0.8,0.6,0.3,0.26666668,0.13333334,0.72618234,0.39475712,0.1550747,0.17215261,0.16598272,1.0,0.2,0.05,0.23333333,0.11666667,0.2,0.4,0.7,0.2,0.6,0.8,-0.2,-0.65,0.033333335,-0.48333332,-0.89903307,0.0057502678,0.6226921,0.6071089,0.06433213,-0.65657765,-0.4168795,-0.17997205,0.60905004,0.43750435,0.8,0.6,0.5,0.46666667,0.43333334,0.2,0.4,0.5,0.53333336,0.56666666,0.6,0.2,0.0,-0.06666667,-0.13333334,0.6588983,0.37036464,0.29452237,0.48956838,0.43193635,0.34110174,0.62963533,0.7054776,0.5104316,0.5680637,0.31779656,-0.2592707,-0.41095522,-0.020863207,-0.13612732,1.0750097,1.2555858,1.5476044,2.204777,1.8609723,0.25272885,0.40713772,0.58461285,1.6033458,1.2154763,0.89785826,0.86712205,0.8641178,3.021837,3.473823,0.5515642,0.41957134,0.36497957,0.4732619,0.47861016,0.44843575,0.58042866,0.63502043,0.5267381,0.52138984,0.103128485,-0.16085735,-0.27004087,-0.053476244,-0.042779654
SZ002466,-0.04480884021891584,0.375,,2026-03-12,-0.012891306,0.026887713,-0.47944972,0.0033149542,0.12328882,0.010681452,0.39726147,-0.005524808,-0.20547707,1.0130596,1.0164179,0.9891791,1.0010778,0.97668743,1.045516,0.98414034,1.1460861,0.9906616,0.99653083,0.99785507,0.9816971,1.0148193,1.0331765,0.017761802,0.029917805,0.03793502,0.07133577,0.0704302,0.008712827,-0.0019703752,0.0036769442,-0.0041834926,-0.0005943493,0.60156727,0.03976032,0.32882252,0.26654157,0.021720285,-0.0139564825,0.011011624,-0.016628057,0.04584132,-0.015643267,1.023329,1.0595082,1.07518,1.2042835,1.2313423,0.9335813,0.9335813,0.8891736,0.8891736,0.8891736,1.0072355,1.0199322,1.0142626,1.0653683,1.1053745,0.98638064,0.9711554,0.9512987,0.9567154,0.9711554,0.6,0.6,0.7,0.56666666,0.43333334,0.7400598,0.52743864,0.59582007,0.35170707,0.32389396,0.8,0.1,0.5,0.1,0.4,0.4,0.7,0.1,0.4,0.7,0.4,-0.6,0.4,-0.3,-0.3,0.17094462,0.22767635,0.33357957,0.58136785,0.5594045,0.5535164,-0.14192633,0.003042125,0.02813822,0.28247762,0.6,0.6,0.65,0.53333336,0.55,0.4,0.4,0.35,0.46666667,0.45,0.2,0.2,0.3,0.06666667,0.1,0.6622411,0.3804198,0.52070427,0.3915207,0.5033512,0.33775887,0.6195802,0.47929573,0.6084793,0.49664876,0.32448223,-0.23916042,0.041408557,-0.21695858,0.006702461,1.2997153,1.5599066,1.6969266,1.9803255,2.4525633,0.3177962,0.499125,0.65154845,0.75957936,0.8824143,0.5494632,1.3255966,1.204664,1.1905607,0.97964156,0.47941798,0.29234895,0.47920993,0.44793254,0.47511446,0.520582,0.7076511,0.5207901,0.55206746,0.52488554,-0.041164037,-0.4153021,-0.04158016,-0.1041349,-0.04977106
SH600085,-0.04536346379621747,0.125,,2026-03-12,-0.0029840693,0.010278482,-0.29032198,0.0033156537,0.32258204,0.003978759,0.387096,-0.002320964,-0.22580805,1.002993,1.0063186,0.99600935,0.99883056,0.98835105,1.0169663,1.0222838,1.0305887,1.1047583,0.99900234,1.0015267,1.0162263,1.0144749,1.0423433,0.004517073,0.0110372575,0.01888348,0.0163899,0.03307266,0.0015979592,-0.0016879145,-0.0028677518,-0.00062520563,-0.0016722694,0.31286517,0.21438283,0.80721104,0.11277032,0.7797835,-0.0021982389,0.006068897,0.011017334,-0.0054093725,0.006988717,1.0063186,1.0232705,1.080467,1.080467,1.1060792,0.9846933,0.98436403,0.98436403,0.98436403,0.98436403,1.0009977,1.0103059,1.0337133,1.027338,1.0775518,0.997133,0.9915525,0.99913937,1.0002631,1.0099057,0.8,0.6,0.3,0.2,0.1,0.70781535,0.40188622,0.16270015,0.16270015,0.12846352,1.0,0.1,0.1,0.4,0.083333336,0.2,0.4,0.7,0.8,0.9,0.8,-0.3,-0.6,-0.4,-0.81666666,-0.34249347,-0.09295812,0.56247646,0.3387691,-0.07311011,-0.17435755,-0.6316344,-0.003598565,0.17309462,0.120174654,0.6,0.5,0.5,0.5,0.45,0.4,0.4,0.45,0.46666667,0.53333336,0.2,0.1,0.05,0.033333335,-0.083333336,0.6734691,0.3875772,0.4279384,0.44177797,0.3950577,0.32653087,0.6124228,0.5720616,0.55822206,0.6049423,0.34693822,-0.22484562,-0.14412321,-0.11644408,-0.2098846,1.0988957,1.4349017,1.8511113,2.3793356,2.174142,0.060397368,0.5377715,1.2668258,1.4845005,1.2594315,0.33322737,1.3964585,1.5460588,1.2619375,1.3395509,0.07725615,0.45196477,0.43700755,0.48184386,0.49448833,0.92274386,0.54803526,0.56299245,0.5181562,0.50551164,-0.8454877,-0.09607048,-0.12598492,-0.036312286,-0.011023338
SZ000617,-0.046422359374661055,0.0,,2026-03-12,0.015659919,0.01789709,0.87499803,0.0,0.0,0.0022371714,0.12500197,0.01789709,1.0,0.98458153,1.0,0.98237884,0.99307054,1.0088373,0.9911627,0.986744,1.0121514,1.0157416,0.9942558,1.0066004,0.9938208,0.9950382,1.0141467,0.008244405,0.025339948,0.022753581,0.020830793,0.035259325,-0.0018779435,-0.004716598,0.0014160286,8.48461e-05,-0.0005799695,0.12971388,0.31758335,0.13555408,0.001285742,0.082520545,0.009500136,0.014624277,-0.0072730724,0.003731493,0.0029624216,1.0308267,1.1123267,1.1123267,1.1123267,1.1498197,0.9768258,0.96918875,0.96147805,0.96147805,0.96147805,1.0006628,1.0156587,1.0015466,1.0053024,1.0501243,0.98630214,0.98630214,0.97901136,0.97901136,0.9843137,0.8,0.5,0.75,0.7,0.5,0.4291448,0.21525563,0.25536814,0.25536814,0.20453225,0.4,0.3,0.65,0.76666665,0.41666666,0.8,0.5,0.35,0.56666666,0.78333336,-0.4,-0.2,0.3,0.2,-0.36666667,0.6315666,0.7301574,0.8183412,0.7534983,0.79058516,0.5475204,0.7611266,0.7571564,0.7270032,0.742671,0.2,0.4,0.35,0.4,0.41666666,0.8,0.6,0.6,0.56666666,0.56666666,-0.6,-0.2,-0.25,-0.16666667,-0.15,0.3888886,0.5208604,0.52279204,0.48521498,0.49145937,0.6111114,0.47913963,0.47720796,0.51478505,0.50854063,-0.2222228,0.041720763,0.045584053,-0.029570065,-0.017081274,0.95528007,1.5473298,1.0206083,0.9272827,1.106746,0.16468781,0.92249775,0.8380778,0.69936585,0.68655044,0.6615951,1.3115704,1.8449813,1.9104297,1.5109549,0.2616276,0.5369068,0.53695804,0.5129687,0.49568596,0.7383724,0.46309325,0.46304193,0.4870313,0.504314,-0.47674477,0.07381351,0.07391611,0.025937397,-0.008628066
SH601377,-0.04654715891861182,0.0,,2026-03-12,0.0030768896,0.012307656,0.24999803,0.0046153828,0.37500098,0.0046153828,0.37500098,0.0030768896,0.24999803,0.99693257,1.0046012,0.9923313,0.99927837,1.0,1.0349345,1.0491266,1.044214,1.173035,0.9998908,1.0033842,1.0303767,1.0391194,1.0759735,0.007527997,0.014704933,0.030670779,0.029377297,0.04949456,-0.0016375567,-0.0025274586,-0.0047193603,-0.0026623474,-0.0023205595,0.11829703,0.27080297,0.8286758,0.63651335,0.670456,0.0033842819,0.007989282,0.0144572705,-0.0005153354,-0.007516951,1.0135422,1.038001,1.082578,1.1272104,1.2144362,0.9890085,0.97694397,0.97694397,0.97694397,0.97694397,1.0024017,1.0132096,1.0585153,1.062773,1.117904,0.99454147,0.99454147,0.9996725,1.0,1.0349345,0.7,0.6,0.3,0.2,0.1,0.4480179,0.37761465,0.21826342,0.15343437,0.097081184,0.2,0.1,0.15,0.1,0.23333333,0.2,0.4,0.7,0.8,0.9,0.0,-0.3,-0.55,-0.7,-0.6666667,0.570532,0.2771543,0.20870715,0.48626044,0.6710302,0.6997292,-0.116779655,-0.004442853,0.34945753,0.45881832,0.6,0.4,0.4,0.43333334,0.41666666,0.2,0.4,0.45,0.43333334,0.51666665,0.4,0.0,-0.05,0.0,-0.1,0.5,0.33838376,0.3636364,0.43147194,0.3994926,0.5,0.66161627,0.63636357,0.56852806,0.6005074,0.0,-0.32323247,-0.27272716,-0.1370561,-0.20101479,1.1034001,1.2730834,1.4268262,1.7625641,2.5101352,0.15280229,0.27127337,0.44884482,0.8938109,1.4922726,1.037437,0.81506824,0.75392586,1.4052478,1.8511734,0.44664392,0.30954322,0.4791537,0.47917268,0.38807228,0.5533561,0.69045675,0.5208463,0.5208273,0.61192775,-0.10671217,-0.38091353,-0.041692592,-0.041654643,-0.22385544
SH600028,-0.04668362010941086,0.125,,2026-03-12,-0.015243914,0.02439018,-0.62500215,0.0045731324,0.18749893,0.0045731324,0.18749893,-0.015243914,-0.62500215,1.0154799,1.0201238,0.9953561,1.0080897,1.0884655,1.0047635,1.0061245,0.9227628,0.9227628,1.0344335,1.0717591,1.0386866,1.0208461,0.97110695,0.037441164,0.0695845,0.059197534,0.055270277,0.06473202,-0.02058524,-0.011116952,0.0037274195,0.0036261224,0.003067759,0.7557066,0.23396878,0.13876417,0.33358255,0.68502116,0.0067369826,-0.021732824,-0.07409712,-0.073424876,-0.061605852,1.1533685,1.2555461,1.2555461,1.2555461,1.2555461,0.99079645,0.99079645,0.97516686,0.924063,0.8793135,1.068731,1.1096972,1.0846547,1.0304185,1.0078259,1.0062606,1.0062606,1.0,0.98775095,0.9160259,0.2,0.15,0.2,0.4,0.7,0.056612007,0.034763142,0.08856994,0.22908258,0.32077634,0.4,0.4,0.7,0.8,0.9,0.8,0.9,0.1,0.033333335,0.1,-0.4,-0.5,0.6,0.76666665,0.8,0.7960833,0.76119536,0.82039714,0.7213436,0.76849,0.80665565,0.74881685,0.68772835,0.6828994,0.5851643,0.2,0.3,0.35,0.43333334,0.41666666,0.8,0.7,0.6,0.53333336,0.53333336,-0.6,-0.4,-0.25,-0.1,-0.11666667,0.14864866,0.49486047,0.4949324,0.5498463,0.5362504,0.8513513,0.5051395,0.5050676,0.4501537,0.4637496,-0.70270264,-0.010279043,-0.010135176,0.0996926,0.07250081,1.3225037,1.6174692,1.0083361,0.9009016,0.6401336,0.5092249,0.86177737,0.8632037,0.7251673,0.59737337,0.95803183,1.1360893,1.7176161,1.9116557,2.4999886,0.39795592,0.5507179,0.5326283,0.5280585,0.5267653,0.6020441,0.44928214,0.4673717,0.47194144,0.47323474,-0.20408817,0.101435736,0.06525662,0.056117114,0.053530518
SH600015,-0.047767444556790536,0.375,,2026-03-12,0.011494271,0.017241366,0.6666682,0.001436774,0.08333295,0.004310322,0.24999885,0.014367819,0.8333341,0.9886364,1.0014205,0.984375,0.9954032,0.97155964,0.9472477,0.92041284,0.9089449,0.9704128,0.98316514,0.9723853,0.95830274,0.94111615,0.94362766,0.011824293,0.014788884,0.01852966,0.029258583,0.024512116,0.006972483,0.0045760404,0.0029109486,0.0032276434,9.383987e-05,0.86928976,0.87764794,0.8637782,0.9431185,0.004470057,0.002889908,0.0070225196,0.014043266,0.01208299,0.053604078,1.0014205,1.0014205,1.0014205,1.0014205,1.0014205,0.9657554,0.94454783,0.9204289,0.8961716,0.8961716,0.9908257,0.98394495,0.9721101,0.96559626,0.9605504,0.97348624,0.96220183,0.9433486,0.9107798,0.9157339,1.0,1.0,1.0,1.0,1.0,0.9601726,0.97502404,0.9824618,0.9865039,0.9865039,1.0,1.0,1.0,1.0,1.0,0.6,0.1,0.05,0.2,0.6,0.4,0.9,0.95,0.8,0.4,-0.02005006,-0.3307321,0.19886914,-0.27276388,-0.397721,0.17975609,0.4655229,0.4345057,0.26688564,0.031226825,0.8,0.8,0.75,0.6666667,0.5,0.2,0.2,0.2,0.3,0.46666667,0.6,0.6,0.55,0.36666667,0.033333335,0.8874991,0.8639237,0.7749602,0.70317316,0.53646135,0.112500906,0.1360763,0.22503978,0.29682684,0.46353868,0.7749982,0.7278474,0.54992044,0.40634635,0.07292266,0.94202,1.123308,1.0350835,1.1323802,0.9895174,0.12701325,0.3096664,0.3338262,0.36407283,0.40431195,0.69621193,0.8092811,1.0193962,0.9196814,1.2878746,0.4154823,0.5634878,0.50985974,0.5039658,0.49676988,0.58451766,0.43651217,0.49014026,0.4960342,0.5032301,-0.16903538,0.12697566,0.019719508,0.007931581,-0.0064602364
SH600887,-0.049326970573982665,0.125,,2026-03-12,0.010594035,0.018161166,0.5833345,0.0018918042,0.10416755,0.005675327,0.31249794,0.014377558,0.7916649,0.98951703,1.001872,0.9839012,0.99423605,0.9610652,0.97791445,1.0112342,1.0048699,1.0618436,0.98869497,0.9784368,0.98878884,0.9912161,1.0236665,0.00719789,0.012880161,0.016819254,0.015169865,0.039571468,0.0043426077,0.0030903185,-0.0017331742,-0.0008392337,-0.0019895982,0.90997785,0.5276857,0.37165418,0.23719423,0.77102107,0.002619799,0.0076567335,0.02767631,0.02095276,0.035026625,1.001872,1.001872,1.028828,1.028828,1.1044587,0.95769507,0.9528275,0.9528275,0.9528275,0.9528275,0.991915,0.988695,1.0023975,1.0041957,1.0708351,0.9833796,0.9688538,0.9758166,0.9785105,0.9872715,1.0,1.0,0.75,0.7,0.35,0.9576255,0.9618311,0.6206864,0.6206864,0.3111002,1.0,1.0,0.1,0.4,0.18333334,0.2,0.4,0.7,0.8,0.9,0.8,0.6,-0.6,-0.4,-0.71666664,-0.16851377,0.012284065,0.113488294,0.19869435,-0.41631186,0.7546175,0.47533453,0.24784555,0.43419424,-0.18395284,1.0,0.6,0.4,0.43333334,0.43333334,0.0,0.4,0.55,0.53333336,0.55,1.0,0.2,-0.15,-0.1,-0.11666667,1.0,0.6854985,0.4519152,0.48857072,0.4299673,0.0,0.31450152,0.5480848,0.51142925,0.5700327,1.0,0.37099698,-0.096169576,-0.022858556,-0.1400654,0.9197119,0.9120565,0.8929814,1.0719715,0.98858464,0.2071165,0.18642838,0.1926306,0.40693003,0.45371363,1.057559,1.1073806,0.946283,1.4715313,1.9707679,0.62128276,0.53684545,0.48106483,0.47786,0.5109545,0.37871724,0.46315455,0.5189352,0.52214,0.4890455,0.2425655,0.07369087,-0.037870374,-0.044279996,0.021908998
SH601059,-0.05179249842833563,0.0,,2026-03-12,-0.0011494255,0.0051724548,-0.2222205,0.002873604,0.555559,0.0011494255,0.2222205,-0.002873604,-0.555559,1.0011507,1.0040276,0.9988493,1.0010961,0.9982955,1.0147728,1.0210228,1.0204546,,1.0017046,1.0044318,1.0138068,1.0143751,1.0197685,0.0024766705,0.007555848,0.011430871,0.009809646,0.010896407,-0.00096591713,-0.0016666658,-0.0016678054,-0.00057905295,-0.0004886495,0.38026232,0.44600737,0.7450753,0.27004218,0.47964135,0.00022725285,0.0030681468,0.002037305,-0.0059787636,-0.007063588,1.0074079,1.021051,1.0335885,1.0335885,1.1092755,0.99310267,0.99310267,0.99310267,0.99310267,0.99310267,1.0029546,1.0109092,1.0244318,1.0229546,1.0259092,0.9998864,0.9992046,1.0009091,1.0031818,1.0123864,0.4,0.4,0.2,0.13333334,0.0754717,0.48215482,0.24678835,0.17036377,0.17036377,0.05937129,0.2,0.1,0.2,0.46666667,0.016666668,0.4,0.7,0.85,0.9,0.016666668,-0.2,-0.6,-0.65,-0.43333334,0.0,0.25635082,-0.04601646,0.23880433,0.12231429,0.5645229,-0.53741467,-0.6447136,-0.51551557,-0.45575172,0.15430002,0.4,0.4,0.45,0.4,0.33333334,0.6,0.6,0.55,0.5,0.46666667,-0.2,-0.2,-0.1,-0.1,-0.13333334,0.54545337,0.3522734,0.39306337,0.42436957,0.3995326,0.45454663,0.6477266,0.60693663,0.5756304,0.60046744,0.09090675,-0.2954532,-0.21387325,-0.15126087,-0.20093483,1.1727413,1.7347032,1.9461932,2.326949,3.0162113,0.20163664,0.9396918,0.810622,1.0059363,1.743181,0.8907587,1.4991453,1.1479685,1.1913067,1.6135914,0.12428548,0.39834645,0.44951794,0.48106474,0.39236438,0.87571454,0.6016535,0.5504821,0.51893526,0.6076356,-0.751429,-0.20330706,-0.10096413,-0.03787051,-0.21527125
SZ000002,-0.05250703297920905,0.0,,2026-03-12,-0.0021458643,0.010729617,-0.19999447,0.0042918273,0.39999816,0.004291926,0.40000737,-0.0021457656,-0.19998528,1.0021505,1.0064515,0.99569887,1.0007098,1.0086043,1.0365596,1.0537684,1.0774274,1.0559224,1.0047342,1.0092505,1.0320468,1.0365624,1.039466,0.006158326,0.013641719,0.026814464,0.027799897,0.028362228,-0.0025801195,-0.0028023412,-0.00363186,-0.0017845024,-0.00053965853,0.438828,0.38682565,0.6420782,0.31933728,0.110422425,0.00042607822,0.0033599834,0.0024558778,-0.010687121,-0.023546107,1.0150546,1.0408677,1.0903273,1.1139814,1.1290418,0.9935484,0.98709804,0.98709804,0.98709804,0.98709804,1.0064574,1.0163447,1.0580646,1.0593547,1.064515,1.0,1.0,1.0043081,1.0060219,1.0141954,0.3,0.25,0.125,0.083333336,0.06666667,0.2999885,0.23994899,0.124983825,0.10168377,0.09089502,0.2,0.1,0.45,0.2,0.033333335,0.4,0.4,0.7,0.8,0.9,-0.2,-0.3,-0.25,-0.6,-0.8666667,0.34578618,0.2894495,0.78710616,0.73925126,0.7445172,-0.24614795,-0.48210353,0.25896758,0.5727063,0.6101644,0.4,0.4,0.45,0.43333334,0.43333334,0.4,0.5,0.5,0.5,0.51666665,0.0,-0.1,-0.05,-0.06666667,-0.083333336,0.35717195,0.3111627,0.39316118,0.42741758,0.47627464,0.64282805,0.6888373,0.6068388,0.5725824,0.52372533,-0.2856561,-0.37767455,-0.21367767,-0.14516486,-0.047450703,1.0616298,1.3689966,2.1061373,2.7552485,2.9402375,0.1636386,0.41320258,0.96920526,1.5212806,1.6113961,1.0163491,0.87563246,1.1614555,1.4782845,1.6868752,0.28232265,0.18487614,0.38431278,0.41676897,0.4880526,0.71767735,0.81512386,0.6156872,0.58323103,0.5119474,-0.4353547,-0.6302477,-0.23137443,-0.16646205,-0.023894759
SH601881,-0.05330928815502621,0.25,,2026-03-12,-0.0007092156,0.010638304,-0.06666623,0.004964579,0.4666702,0.004964509,0.4666636,-0.00070928555,-0.06667281,1.0007098,1.0056778,0.99503195,1.0000014,0.9988024,1.0389222,1.0874252,1.091018,1.1508982,1.0013174,1.0072455,1.0361977,1.0502994,1.0891218,0.004835124,0.014537878,0.033581015,0.03441009,0.04760106,-0.00089820236,-0.0032117628,-0.0054455018,-0.003544325,-0.0024385347,0.08627265,0.44740033,0.92035687,0.8222374,0.8004321,0.00047905152,0.00720742,0.0155346515,0.0010932963,-0.017184991,1.0119314,1.047064,1.0974065,1.1000222,1.1747869,0.9881111,0.98709273,0.98709273,0.98709273,0.98709273,1.0040718,1.0203593,1.0735329,1.0808383,1.1312574,0.9990419,0.99808383,1.0,1.0073054,1.0507785,0.5,0.45,0.225,0.15,0.075,0.49910778,0.21522452,0.117005244,0.11429514,0.06876765,0.2,0.1,0.05,0.033333335,0.33333334,0.4,0.4,0.7,0.8,0.9,-0.2,-0.3,-0.65,-0.76666665,-0.56666666,0.2710632,0.22200912,-0.11668301,0.2515473,0.22626054,0.027732989,-0.53048307,-0.3359353,-0.025418,0.24847268,0.6,0.4,0.3,0.36666667,0.38333333,0.4,0.5,0.6,0.53333336,0.56666666,0.2,-0.1,-0.3,-0.16666667,-0.18333334,0.517857,0.29032242,0.22348464,0.31818175,0.36874998,0.482143,0.7096776,0.77651536,0.68181825,0.63125,0.035713986,-0.41935512,-0.5530307,-0.36363646,-0.26250008,1.0611066,1.4077067,1.3786094,1.6041707,1.6387584,0.09377849,0.49225882,0.506724,0.611085,0.61249644,0.7342409,1.3958123,1.3198475,1.1879995,1.1140285,0.22412835,0.42592233,0.43497,0.4787362,0.46737206,0.77587163,0.57407767,0.56503,0.52126384,0.53262794,-0.55174327,-0.1481553,-0.13006002,-0.042527642,-0.06525589
SZ002709,-0.05495658222071393,0.125,,2026-03-12,0.013125054,0.03583342,0.3662797,0.013333327,0.37209198,0.009375039,0.26162836,0.009166764,0.25581607,0.987045,1.0131606,0.97779137,0.99429667,0.8675725,0.8716914,0.82973814,0.8938995,0.8175088,0.93699926,0.89422643,0.8788556,0.87223023,0.87343216,0.06359763,0.06291772,0.049913593,0.044830848,0.053675257,0.038843602,0.017415518,0.0054075643,0.0021477663,0.00080204365,0.9326039,0.7023252,0.41080314,0.17787784,0.06810009,-0.014686469,0.027403738,0.06977255,0.096627176,0.10290757,1.0131606,1.0131606,1.0131606,1.0131606,1.0131606,0.8124652,0.8124652,0.7958146,0.7958146,0.75075245,1.0006596,0.9427601,0.8944373,0.8934069,0.90763766,0.88563055,0.8479575,0.84849536,0.8384543,0.8284642,0.8,0.9,0.95,0.96666664,0.98333335,0.93442506,0.93442506,0.93944865,0.93944865,0.94984686,1.0,1.0,1.0,1.0,1.0,0.4,0.7,0.1,0.4,0.1,0.6,0.3,0.9,0.6,0.9,0.8227042,0.87991273,0.8303746,0.7932736,0.58843076,0.6409466,0.5934422,0.65691787,0.5506827,0.63348013,0.6,0.4,0.5,0.46666667,0.45,0.4,0.6,0.5,0.53333336,0.55,0.2,-0.2,0.0,-0.06666667,-0.1,0.9386725,0.78834546,0.7088731,0.5975026,0.5794187,0.06132753,0.21165453,0.29112694,0.40249738,0.42058128,0.87734497,0.576691,0.41774613,0.19500524,0.15883745,0.95660985,0.69410276,0.60357666,0.5632412,0.7107769,0.41211587,0.39831442,0.31270048,0.27415368,0.33972475,1.2005911,1.5027397,1.4871956,1.5394312,1.4394948,0.60317355,0.56112236,0.5787779,0.551261,0.5106163,0.39682648,0.4388776,0.42122212,0.44873902,0.4893837,0.20634706,0.12224475,0.15755577,0.10252197,0.021232633
SH600233,-0.05622382910040569,0.125,,2026-03-12,-0.0070529548,0.025692705,-0.27451196,0.009571747,0.37254724,0.009068005,0.3529408,-0.0075566974,-0.29411837,1.0071031,1.0167428,0.9908676,0.9976136,0.96344936,0.93856186,0.8979705,0.8878685,0.8827257,0.99013686,0.9807972,0.94680417,0.9215019,0.89006186,0.015407719,0.017390832,0.037794482,0.04873424,0.048604093,0.0072642067,0.002734479,0.0054178294,0.004908281,0.0021126445,0.55569917,0.2266313,0.71922034,0.7861259,0.57624465,-0.004665276,0.0068976786,0.0017264802,0.007328076,0.04761513,1.0167458,1.0167458,1.0167458,1.0167458,1.0167458,0.94870996,0.9334713,0.8827555,0.8406757,0.8178521,1.0019286,0.9958858,0.9845533,0.97123706,0.91821104,0.9808982,0.96284324,0.91240704,0.8733585,0.8509138,0.8,0.9,0.95,0.96666664,0.98333335,0.7538681,0.7989085,0.8750224,0.9048914,0.9158054,0.8,0.9,0.95,0.96666664,0.98333335,0.4,0.1,0.5,0.2,0.35,0.4,0.8,0.45,0.76666665,0.6333333,-0.46882477,-0.029842412,0.6379361,0.4446379,0.28763595,0.15110126,0.5334475,0.5673545,0.48317587,0.3578373,0.6,0.5,0.5,0.46666667,0.5,0.4,0.4,0.45,0.5,0.48333332,0.2,0.1,0.05,-0.033333335,0.016666668,0.716775,0.67251146,0.677306,0.6339109,0.58229154,0.28322497,0.32748854,0.32269403,0.36608908,0.41770846,0.43355006,0.34502292,0.35461196,0.26782182,0.1645831,1.662889,2.0831077,1.6370602,1.5525101,1.4542035,0.4274919,1.0099514,1.0243255,0.86879504,0.70138353,0.40198886,1.6386466,1.8141456,1.7354136,1.6843255,0.4086604,0.3382843,0.47415698,0.47721475,0.48926145,0.5913396,0.6617157,0.525843,0.52278525,0.51073855,-0.18267915,-0.32343134,-0.051686034,-0.045570485,-0.021477114
SZ002460,-0.05626941756977042,0.25,,2026-03-12,-0.0035841637,0.025663048,-0.13966243,0.0050179437,0.19553187,0.01706094,0.6648057,0.008458832,0.3296114,1.003597,1.008633,0.9828777,0.9939899,0.96575665,1.0483418,0.9661841,1.012368,0.90632945,0.9851483,0.9908752,0.97876686,0.99206924,0.9681769,0.024306435,0.033601444,0.041039694,0.04631541,0.051030573,0.013857166,-0.003022346,0.0032173225,-0.0012018941,0.0015564967,0.8125429,0.07416243,0.21510425,0.052189495,0.28374967,-0.012862622,0.02272535,-0.009331406,0.025358243,-0.014093557,1.0185606,1.0605695,1.0748165,1.0956846,1.0956846,0.90661377,0.90661377,0.87755495,0.87755495,0.8443187,1.001928,1.0147336,1.0129766,1.0484862,1.0101855,0.96957797,0.96509296,0.94598216,0.953122,0.9254056,0.8,0.7,0.7,0.6,0.75,0.8342011,0.6065784,0.6207244,0.56134045,0.6193412,0.8,0.1,0.5,0.1,0.55,0.4,0.7,0.1,0.4,0.1,0.4,-0.6,0.4,-0.3,0.45,-0.005573185,0.3011724,0.49376264,0.667648,0.26743838,0.36615738,-0.05125297,0.19363014,0.282439,0.4340281,0.6,0.5,0.6,0.5,0.5,0.4,0.5,0.4,0.5,0.5,0.2,0.0,0.2,0.0,0.0,0.6925366,0.3693825,0.5414774,0.49074146,0.53592455,0.30746344,0.6306175,0.45852262,0.50925857,0.46407545,0.38507313,-0.26123497,0.08295477,-0.018517103,0.07184914,1.2533993,1.4005864,1.3832103,1.6500684,1.9307879,0.2629787,0.3431669,0.45119283,0.65043676,0.6477021,0.5518678,1.2884862,1.102828,1.185597,0.9657138,0.48595768,0.3281236,0.49562308,0.4559592,0.4770933,0.5140423,0.6718764,0.50437695,0.5440408,0.52290666,-0.028084623,-0.3437528,-0.0087538455,-0.088081606,-0.045813356
SZ300418,-0.05667060505159659,0.125,,2026-03-12,-0.0084111625,0.03383173,-0.24861759,0.01813084,0.53591233,0.007289726,0.21547009,-0.019252278,-0.5690598,1.0084825,1.0267671,0.9926484,1.0060437,0.99301547,1.0755727,1.1098901,0.9912926,0.77472526,1.0226486,1.0323012,1.0738732,1.0620506,0.96475595,0.024680698,0.05489265,0.066384174,0.059640225,0.15558137,-0.002817087,-0.008457924,-0.006824823,-0.00023032133,0.0066338223,0.032570593,0.21762593,0.36993185,0.0011558234,0.55451375,-0.017014345,0.005759507,-0.009037318,-0.058710977,-0.16045374,1.0889769,1.1760676,1.2427866,1.2427866,1.3588686,0.9796067,0.9615481,0.9615481,0.9615481,0.71216786,1.0413392,1.0655987,1.1291394,1.1172099,1.1056435,1.0023841,0.99158126,1.0023841,1.0055504,0.7570963,0.2,0.4,0.2,0.16666667,0.45,0.18646125,0.17924666,0.1367234,0.1367234,0.44507784,0.6,0.1,0.3,0.53333336,0.4,0.2,0.4,0.7,0.8,0.1,0.4,-0.3,-0.4,-0.26666668,0.3,0.9406159,0.7265469,0.8129832,0.73034734,0.8464998,0.8231503,0.5307151,0.59861916,0.6234024,0.5426536,0.6,0.5,0.5,0.53333336,0.46666667,0.4,0.5,0.5,0.46666667,0.5,0.2,0.0,0.0,0.06666667,-0.033333335,0.5282806,0.3995296,0.44243345,0.5033047,0.5514725,0.4717194,0.6004704,0.5575666,0.4966953,0.44852754,0.056561194,-0.20094082,-0.115133114,0.006609404,0.10294493,1.4520828,1.7314575,2.2880454,2.3322875,2.0869858,0.47930208,0.6960764,0.866282,0.82308406,1.2622195,0.65168214,1.1224095,0.9794832,0.93512297,1.7090663,0.4725998,0.43715653,0.40540335,0.4880866,0.50084436,0.5274002,0.56284344,0.5945967,0.51191336,0.4991556,-0.0548004,-0.12568693,-0.18919332,-0.023826772,0.0016887599
SZ000596,-0.0573695681760492,0.125,,2026-03-12,0.0021428245,0.015178623,0.14117384,0.010357196,0.6823542,0.0026786013,0.17647196,-0.005535771,-0.3647084,0.99786174,1.0103351,0.9951889,1.0027285,0.99108726,1.0762666,1.2016125,1.1370482,1.360576,0.99973524,1.0134258,1.0795918,1.1029378,1.1710293,0.010599222,0.029962065,0.07706509,0.0752721,0.09365265,-0.0017470994,-0.0071670166,-0.012502669,-0.0064115785,-0.004853938,0.067924626,0.5244991,0.921209,0.5622941,0.8193097,0.0037589597,0.018825704,0.039183617,-0.009969954,-0.027838128,1.0156869,1.0800855,1.2400596,1.2400596,1.3641204,0.9810288,0.9810288,0.9810288,0.9810288,0.9810288,1.0055982,1.0332963,1.153318,1.1719662,1.2561716,0.99029297,0.9903828,0.99821746,1.0130311,1.0962245,0.6,0.5,0.25,0.16666667,0.083333336,0.54738224,0.19151875,0.07323925,0.07323925,0.049521368,0.2,0.1,0.05,0.36666667,0.016666668,0.2,0.6,0.8,0.8666667,0.93333334,0.0,-0.5,-0.75,-0.5,-0.9166667,0.065584876,0.3305402,0.6154747,0.70470136,-0.09492704,0.23204711,-0.044710677,0.0023095608,0.5454946,0.23766401,0.6,0.5,0.4,0.4,0.36666667,0.4,0.5,0.6,0.6,0.6333333,0.2,0.0,-0.2,-0.2,-0.26666668,0.5664903,0.26404306,0.25105062,0.4018422,0.349805,0.43350974,0.7359569,0.74894935,0.59815776,0.650195,0.13298054,-0.47191384,-0.49789876,-0.19631557,-0.30039,1.2319028,1.4519111,1.692695,2.1024547,1.8049592,0.21482117,0.41455355,0.57039374,1.048514,0.8846353,0.89547956,0.99446803,0.79120946,1.8966479,1.9883318,0.4897725,0.414044,0.38686267,0.4723001,0.5012487,0.5102275,0.58595604,0.61313736,0.5276999,0.4987513,-0.020454993,-0.17191201,-0.2262747,-0.055399783,0.00249739
SH600436,-0.06140703883084883,0.0,,2026-03-12,-0.006984149,0.011047596,-0.6321872,0.0019047266,0.17241095,0.0021587205,0.19540183,-0.006730155,-0.60919636,1.0070332,1.0089514,0.9978261,1.001688,1.0038375,1.0422034,1.0478894,1.0618978,1.0827367,1.0073035,1.0119517,1.0403498,1.0372925,1.0635703,0.0051164613,0.01290573,0.032046944,0.02866961,0.034282498,-0.0021289473,-0.0028709993,-0.0051353425,-0.0011052894,-0.0015279999,0.43284303,0.45364112,0.89873916,0.11518876,0.6059009,-0.0030456153,0.00096778653,0.008435864,-0.02126583,-0.018494222,1.0129776,1.0460986,1.1227647,1.1227647,1.1227647,0.9978261,0.9973121,0.9973121,0.97992253,0.97992253,1.0117303,1.0162452,1.0712899,1.0640932,1.093099,1.0036855,1.0031207,1.0073166,1.0078026,1.0254496,0.2,0.1,0.05,0.06666667,0.033333335,0.1434773,0.05509455,0.02142536,0.14055717,0.14055717,0.2,0.1,0.1,0.4,0.7,1.0,0.4,0.7,0.2,0.6,-0.8,-0.3,-0.6,0.2,0.1,-0.82742375,0.12467216,0.7602121,0.42492166,-0.070390955,-0.6536045,-0.6596222,0.22518632,0.36195967,0.4074662,0.4,0.4,0.35,0.33333334,0.38333333,0.6,0.6,0.65,0.6333333,0.6,-0.2,-0.2,-0.3,-0.3,-0.21666667,0.4448347,0.24690576,0.3897625,0.42500174,0.4352722,0.5551653,0.75309426,0.6102375,0.57499826,0.56472784,-0.11033056,-0.5061885,-0.220475,-0.14999652,-0.12945564,0.8001136,0.9828327,1.5618604,2.0976956,1.6692071,0.11780437,0.31728554,1.1017932,1.5619471,1.2236564,0.3613414,1.1845485,1.9656817,2.2780242,2.7091656,0.76972264,0.40146336,0.4452858,0.4876516,0.50426817,0.23027739,0.5985367,0.5547142,0.5123484,0.49573186,0.5394452,-0.1970733,-0.1094284,-0.02469681,0.008536294
SZ002050,-0.0640694389649893,0.125,,2026-03-12,0.012453277,0.024076438,0.51723915,0.003943585,0.16379437,0.0076795765,0.31896648,0.016189268,0.67241126,0.9876999,1.003895,0.98011476,0.9935099,0.97560585,1.0647854,1.0590454,1.1879916,0.9573103,0.98454505,0.9889522,1.0287329,1.042137,1.0398787,0.014304652,0.027390724,0.04720494,0.04719108,0.09064227,0.006889088,-0.0027715794,-0.005853232,-0.0038067023,0.001178751,0.5798409,0.09385536,0.53812677,0.50428927,0.051580127,0.0016767468,0.023519872,0.026872827,0.013060163,-0.074651904,1.003895,1.0645714,1.1279273,1.2013088,1.2457999,0.93275726,0.93275726,0.93275726,0.93275726,0.87365365,0.99443024,1.0025431,1.0713807,1.0741763,1.1240249,0.9751116,0.97166777,0.97757226,0.9920945,0.95456797,1.0,0.8,0.4,0.26666668,0.38333333,0.94524604,0.51013285,0.34453404,0.25039032,0.3395073,1.0,0.1,0.4,0.033333335,0.46666667,0.4,0.7,0.85,0.9,0.1,0.6,-0.6,-0.45,-0.8666667,0.36666667,0.1811118,-0.028693603,0.44015464,0.5867173,0.6345106,-0.12343315,-0.35603175,0.17875023,0.11269878,0.4616074,0.6,0.5,0.5,0.43333334,0.48333332,0.4,0.5,0.5,0.56666666,0.51666665,0.2,0.0,0.0,-0.13333334,-0.033333335,0.692534,0.33296773,0.42104888,0.3477259,0.51582056,0.30746597,0.66703224,0.5789511,0.65227413,0.48417944,0.38506803,-0.33406454,-0.15790227,-0.3045482,0.031641126,0.8880274,1.0592006,1.1903714,1.4459825,1.8829689,0.19404148,0.30830684,0.34486178,0.5577504,0.91397154,0.9609377,1.1479006,0.9599876,0.93300116,1.2485901,0.56469667,0.48360708,0.4835353,0.45953593,0.46758723,0.43530336,0.5163929,0.5164647,0.5404641,0.53241277,0.1293933,-0.032785814,-0.032929394,-0.08092818,-0.06482555
SZ300413,-0.06472807520968415,0.0,,2026-03-12,-0.0013440271,0.013440901,-0.09999531,0.004928362,0.366669,0.0071685123,0.5333357,0.0008961232,0.06667136,1.0013459,1.0062808,0.9928218,0.998773,1.0053285,1.0964222,1.1857396,1.1629027,1.0763766,1.0055315,1.0193859,1.0989977,1.1199441,1.1203924,0.0066468744,0.031395618,0.09244509,0.08186098,0.07809919,-0.0027404148,-0.0074215853,-0.014371186,-0.0069975974,-8.702969e-05,0.42494982,0.51223207,0.8458348,0.5662989,0.0003787405,-5.073234e-05,0.01401123,0.03752858,-0.018478982,-0.117825046,1.0260845,1.1055505,1.3324456,1.3324456,1.3449233,0.98743826,0.9862052,0.9862052,0.9862052,0.9862052,1.0083227,1.0243084,1.1973611,1.1927936,1.1824917,1.0,1.0,1.0052778,1.0134484,1.0563308,0.3,0.25,0.125,0.083333336,0.041666668,0.32504347,0.11558699,0.039841566,0.039841566,0.038455714,0.6,0.1,0.2,0.46666667,0.38333333,0.4,0.4,0.7,0.8,0.9,0.2,-0.3,-0.5,-0.33333334,-0.51666665,-0.2616728,0.24124311,0.808163,0.78614205,0.82711583,-0.4208734,-0.45879662,0.3623729,0.49951214,0.536086,0.4,0.3,0.4,0.4,0.46666667,0.6,0.7,0.6,0.56666666,0.51666665,-0.2,-0.4,-0.2,-0.16666667,-0.05,0.4331213,0.18120778,0.31402433,0.38728935,0.47277987,0.56687874,0.8187922,0.6859757,0.61271065,0.52722013,-0.13375743,-0.63758445,-0.37195134,-0.22542132,-0.054440234,1.2567039,1.5115354,2.2882254,2.3546846,2.3524182,0.34971637,0.46706912,1.4370649,1.2331161,1.3791127,0.77595836,1.1588228,1.3977147,1.3260481,1.9132079,0.4366487,0.37991908,0.4683318,0.48379642,0.4926124,0.56335133,0.62008095,0.5316682,0.5162036,0.50738764,-0.12670262,-0.24016187,-0.063336395,-0.03240714,-0.014775242
SH603369,-0.06840868715826362,0.125,,2026-03-12,-0.002728495,0.011596155,-0.23529308,0.004433864,0.3823564,0.004433796,0.38235053,-0.002728563,-0.23529895,1.002736,1.007182,0.9955541,1.0004423,0.9951895,1.0762643,1.1709492,1.1702453,1.2336032,1.0022292,1.0126599,1.0656929,1.0934256,1.1474208,0.005243855,0.023563843,0.06010258,0.06547214,0.071753845,-0.0010442233,-0.005523024,-0.00978317,-0.006489435,-0.0035539418,0.099134624,0.50358534,0.92734444,0.7613817,0.7482214,-0.00014081836,0.012193738,0.02724727,0.00067116425,-0.042579435,1.0115556,1.0800412,1.1928794,1.2120727,1.2328639,0.9893273,0.9893273,0.9893273,0.9893273,0.9893273,1.0049044,1.0275255,1.1236418,1.1520357,1.2048575,0.9990379,0.9951895,1.0021589,1.0083538,1.0963745,0.4,0.4,0.2,0.13333334,0.06666667,0.48014137,0.1176521,0.052432172,0.04791426,0.04382373,0.2,0.1,0.05,0.23333333,0.15,0.2,0.6,0.8,0.8666667,0.93333334,0.0,-0.5,-0.75,-0.6333333,-0.78333336,-0.23823537,0.33533055,0.35080612,0.6247429,0.022833545,-0.09326812,-0.36100784,-0.40707695,0.3629827,0.33747086,0.6,0.4,0.35,0.36666667,0.4,0.4,0.6,0.6,0.6,0.56666666,0.2,-0.2,-0.25,-0.23333333,-0.16666667,0.55873924,0.19454879,0.13917786,0.33816633,0.35515782,0.44126073,0.8054512,0.86082214,0.6618337,0.64484215,0.11747855,-0.6109024,-0.7216443,-0.32366738,-0.28968436,1.0297726,1.3661351,1.4787314,2.0358796,1.6594046,0.16920897,0.5368832,0.60245764,1.3155365,1.0393167,0.84054697,1.3023685,1.2406511,2.5158882,3.0090928,0.5485777,0.37203303,0.3816836,0.4833633,0.4929224,0.45142227,0.627967,0.6183164,0.51663667,0.50707763,0.09715544,-0.25593397,-0.23663282,-0.033273377,-0.01415521
SZ002027,-0.06862697675113927,0.0,,2026-03-12,0.004431332,0.013293933,0.3333349,0.0029542004,0.2222217,0.0059084008,0.4444434,0.0073855324,0.5555566,0.99558824,1.0029411,0.98970586,0.9959978,0.9779418,1.0499867,1.0779152,1.0867206,1.0484746,0.99115896,0.9961576,1.0365872,1.0501142,1.066265,0.0085211685,0.018477475,0.044705227,0.041846182,0.043201555,0.0045628455,-0.002813872,-0.0068644215,-0.0038889118,-0.00089911773,0.7168251,0.2125861,0.82520026,0.6693392,0.13210954,-0.00028462947,0.016504817,0.028624797,0.0062750713,-0.039740965,1.0029411,1.052904,1.1087966,1.1102792,1.2235178,0.9676418,0.9676418,0.9676418,0.9676418,0.9676418,1.0,1.0020458,1.0758517,1.0834653,1.0928934,0.98557323,0.980877,0.9878858,0.99941295,1.0396692,0.9,0.75,0.375,0.25,0.125,0.9166794,0.37951443,0.22923926,0.22685651,0.12646064,0.8,0.1,0.2,0.06666667,0.4,0.4,0.7,0.85,0.9,0.95,0.4,-0.6,-0.65,-0.8333333,-0.55,-0.29158327,0.295101,0.22527964,0.40859815,0.5647651,-0.4201465,-0.4308479,0.02345422,0.26003402,0.3411391,0.6,0.3,0.25,0.3,0.36666667,0.2,0.6,0.6,0.6,0.5833333,0.4,-0.3,-0.35,-0.3,-0.21666667,0.8263162,0.26386535,0.312017,0.37334377,0.4685879,0.1736838,0.73613465,0.687983,0.62665623,0.53141207,0.6526324,-0.4722693,-0.37596598,-0.25331247,-0.062824175,1.2232879,1.6375446,1.6476245,1.9324914,2.016297,0.28587198,0.8471105,0.6688388,0.8435794,0.88765025,0.6845418,1.4090662,1.3012727,1.2046443,1.1951984,0.45341098,0.45362988,0.4714429,0.48523867,0.49406806,0.546589,0.5463701,0.52855706,0.5147613,0.5059319,-0.093178034,-0.09274023,-0.057114158,-0.029522678,-0.011863859
SZ302132,-0.07023100964916804,0.125,,2026-03-12,-0.00946793,0.011868258,-0.79775226,0.0,0.0,0.0024003284,0.20224774,-0.0070676017,-0.5955045,1.0095584,1.0095584,0.9975767,1.0006032,1.034994,1.0761818,1.0541121,1.0798265,1.0529046,1.0071285,1.0373664,1.0466751,1.0514565,1.0596347,0.012687859,0.038670704,0.031940117,0.029561441,0.039180055,-0.0052748183,-0.011325321,-0.002102513,-0.0014775199,-9.083881e-05,0.43209407,0.78622764,0.15166047,0.19360526,0.0016395046,0.0034211364,0.013597527,-0.026701162,-0.030032387,-0.056954984,1.0380898,1.1202232,1.1202232,1.1202232,1.205295,0.99608326,0.99608326,0.99608326,0.99608326,0.9719972,1.0121909,1.0643934,1.0721033,1.0770448,1.0863199,0.999432,1.0013952,1.0245472,1.0309378,1.0285318,0.4,0.2,0.1,0.06666667,0.05,0.09324205,0.031551227,0.031551227,0.031551227,0.12003028,0.2,0.2,0.6,0.73333335,0.36666667,0.4,0.7,0.85,0.9,0.1,-0.2,-0.5,-0.25,-0.16666667,0.26666668,0.100982234,0.78529793,0.6615321,0.6901512,0.79120827,-0.8668442,0.53316665,0.5855008,0.5945387,0.62402,0.2,0.3,0.35,0.36666667,0.43333334,0.8,0.7,0.65,0.6333333,0.56666666,-0.6,-0.4,-0.3,-0.26666668,-0.13333334,0.19204994,0.3164922,0.42173338,0.42151076,0.47649887,0.8079501,0.6835078,0.5782666,0.57848924,0.52350116,-0.6159001,-0.36701557,-0.15653326,-0.15697846,-0.04700228,1.3466796,2.1449964,1.8974276,1.939058,2.3420296,0.35903105,1.3788598,1.1119771,0.9335893,1.2582661,1.287384,1.3893164,1.4786475,1.3536232,1.2763906,0.20091724,0.47400808,0.46811616,0.48074782,0.49640325,0.79908276,0.5259919,0.53188384,0.5192522,0.5035967,-0.5981655,-0.051983822,-0.063767664,-0.03850437,-0.0071935025
SZ000625,-0.07076225609394796,0.0,,2026-03-12,-0.0018416562,0.006445669,-0.28571993,0.0018415925,0.28571007,0.0027624206,0.42857003,-0.0009208281,-0.14285997,1.001845,1.00369,0.9972325,0.99983495,1.0,1.0193576,1.0267799,1.0719672,1.0894841,0.99983376,1.0035212,1.0162461,1.0260515,1.057559,0.0040944396,0.0077281366,0.014975017,0.02252453,0.036536336,0.00045720817,-0.0016097089,-0.0023647982,-0.002264826,-0.0018576224,0.031173032,0.39770088,0.8728139,0.78353786,0.78843296,-0.00074817275,0.0037225033,0.006219499,0.006788459,-0.0027590925,1.0083216,1.0350854,1.0424327,1.0848653,1.1328502,0.9889427,0.9889427,0.9889427,0.9889427,0.9889427,1.003159,1.0062941,1.0315421,1.0400332,1.0933555,0.9967104,0.9987412,1.0,1.0035033,1.0201175,0.6,0.45,0.225,0.15,0.075,0.5705825,0.23963253,0.20671774,0.11527333,0.076836266,0.8,0.3,0.05,0.06666667,0.16666667,0.4,0.7,0.85,0.9,0.95,0.4,-0.4,-0.8,-0.8333333,-0.78333336,0.039970685,0.29237226,-0.17038587,0.285749,0.42217422,0.10351294,0.040648196,0.07425495,0.1186879,0.65584207,0.6,0.6,0.45,0.43333334,0.38333333,0.4,0.4,0.5,0.53333336,0.56666666,0.2,0.2,-0.05,-0.1,-0.18333334,0.5,0.3565144,0.39856058,0.34532917,0.4100942,0.5,0.6434856,0.6014394,0.65467083,0.5899058,0.0,-0.28697124,-0.20287883,-0.30934164,-0.1798116,1.2381538,1.5249836,1.3995103,1.5875523,1.8292463,0.31313652,0.61109024,0.5553891,0.6300439,1.011488,0.7080315,0.9909671,0.97443503,0.98128647,2.0434523,0.4600031,0.48810923,0.4813017,0.4886642,0.5019823,0.53999686,0.51189077,0.5186983,0.5113358,0.4980177,-0.07999376,-0.023781542,-0.037396595,-0.022671573,0.0039645787
SZ002459,-0.07242696982688984,0.0,,2026-03-12,0.046041995,0.08239094,0.5588235,0.01777062,0.21568659,0.018578326,0.22548991,0.046849698,0.5686268,0.9559846,1.0169884,0.93822396,0.9770696,0.93117183,0.9257679,1.0054039,0.837884,0.8819682,0.9620023,0.94189423,0.94269055,0.9361206,0.9109547,0.022008212,0.026661204,0.022348827,0.031357113,0.038535222,0.011831627,0.007413725,0.00046960366,0.0011371496,0.0015414548,0.72253597,0.7088018,0.015453311,0.10192127,0.48802903,0.014334466,0.024744026,0.052848194,0.04739072,0.04357238,1.0169884,1.0169884,1.0169884,1.0169884,1.0169884,0.9065403,0.8940737,0.8940737,0.83547646,0.8263003,0.96609783,0.9562571,0.9562571,0.9562571,0.9431172,0.95147896,0.9163254,0.9239477,0.9166667,0.87229806,1.0,1.0,1.0,0.96666664,0.98333335,0.8461863,0.8617868,0.8617868,0.906406,0.91090983,1.0,1.0,1.0,1.0,1.0,0.2,0.4,0.7,0.033333335,0.5,0.8,0.6,0.3,0.96666664,0.5,0.9663171,0.63776475,0.5239564,0.3851021,0.67717475,0.9133037,0.5514035,0.56510544,0.72568053,0.55107397,1.0,0.8,0.6,0.6,0.56666666,0.0,0.2,0.4,0.4,0.43333334,1.0,0.6,0.2,0.2,0.13333334,1.0,0.8027843,0.49241814,0.6041667,0.548858,0.0,0.19721568,0.50758183,0.39583334,0.45114198,1.0,0.60556865,-0.015163701,0.20833333,0.097716026,0.60145104,0.5455753,0.5330137,0.6151562,0.45616803,0.22587577,0.18116538,0.20258208,0.25106603,0.24996273,1.5733777,1.5390985,1.4083129,1.2614053,1.5782565,0.8816222,0.75930303,0.46350053,0.55589217,0.54881716,0.11837781,0.24069694,0.5364995,0.44410783,0.4511828,0.7632444,0.5186061,-0.07299896,0.11178433,0.09763437
SH601006,-0.07656559971782766,0.0,,2026-03-12,0.007448814,0.014897628,0.5,0.003724407,0.25,0.003724407,0.25,0.007448814,0.5,0.9926063,1.0036969,0.98890936,0.9968355,0.9594405,0.9370629,0.9412587,0.92027974,1.0202798,0.97608393,0.9653147,0.9519231,0.9440792,0.9564102,0.018177789,0.017356815,0.018424915,0.019037645,0.0274509,0.010909093,0.0050603943,0.0025611236,0.0018331172,-0.0007936161,0.90039945,0.77918416,0.6762669,0.71854794,0.25492215,0.0020979084,0.011913551,0.023746261,0.029340561,0.06700143,1.0036969,1.0036969,1.0036969,1.0036969,1.0204319,0.952046,0.935264,0.9296203,0.91683227,0.91498375,0.9927273,0.97188807,0.96181816,0.9594405,0.9847552,0.9622378,0.9562238,0.9370629,0.927972,0.93146855,1.0,1.0,1.0,1.0,0.89166665,0.92842585,0.94597816,0.9500939,0.95744103,0.80623776,1.0,1.0,1.0,1.0,0.016666668,0.2,0.1,0.35,0.3,0.46666667,0.8,0.9,0.65,0.7,-0.45,0.86188793,0.50222635,0.7348579,0.38877285,-0.29299432,0.74045455,0.69271314,0.6303725,0.64440036,0.32415694,0.8,0.8,0.65,0.6,0.41666666,0.0,0.1,0.3,0.33333334,0.46666667,0.8,0.7,0.35,0.26666668,-0.05,1.0,0.9411768,0.7500004,0.71428585,0.4725898,0.0,0.058823224,0.24999961,0.28571415,0.5274102,1.0,0.88235354,0.5000008,0.4285717,-0.054820437,0.8092291,0.8313117,0.63148683,0.6765117,0.63515365,0.26541135,0.31909695,0.31349856,0.29642382,0.3093177,1.3496497,1.1631845,1.3619723,1.1793866,1.2069126,0.68441385,0.60389805,0.5013781,0.5240471,0.5244271,0.31558615,0.39610195,0.49862188,0.47595295,0.47557288,0.3688277,0.20779613,0.002756262,0.0480941,0.048854254
SZ300274,-0.07671796820275109,0.0,,2026-03-12,0.009094078,0.031304624,0.2905027,0.0039058272,0.124768384,0.018304719,0.5847289,0.02349297,0.75046325,0.9909879,1.0038706,0.9728481,0.99041283,0.8576579,0.84142065,0.8796643,0.9363389,1.0645903,0.930932,0.89385504,0.88239044,0.8853165,0.9336666,0.05928104,0.05626448,0.043929186,0.04014289,0.06155225,0.03565551,0.016065,0.0038729934,0.00043838235,-0.0025604037,0.9044024,0.747316,0.27205408,0.0092425225,0.52775073,-0.00224299,0.033852465,0.08081611,0.10832695,0.1418653,1.014792,1.014792,1.014792,1.014792,1.1068745,0.84563977,0.82079625,0.8151391,0.8151391,0.8151391,0.9899272,0.9189172,0.90040636,0.9062885,0.9890156,0.89312696,0.8588106,0.85481507,0.8588106,0.86867994,1.0,1.0,1.0,1.0,0.8666667,0.9125521,0.9237509,0.92591137,0.92591137,0.6336596,0.8,0.9,0.95,0.96666664,0.016666668,0.2,0.2,0.1,0.4,0.7,0.6,0.7,0.85,0.56666666,-0.68333334,0.88009876,0.81237286,0.6473337,0.47905475,0.29434592,0.87647045,0.89479077,0.5074748,0.4019023,0.37680936,1.0,0.7,0.6,0.53333336,0.51666665,0.0,0.3,0.4,0.46666667,0.48333332,1.0,0.4,0.2,0.06666667,0.033333335,1.0,0.9059651,0.6286013,0.54915226,0.47577623,0.0,0.09403491,0.37139866,0.45084774,0.52422374,1.0,0.8119302,0.25720268,0.09830454,-0.04844754,0.8290412,0.68807924,0.6081148,0.62110585,0.62409717,0.4043447,0.33145478,0.2648109,0.23284552,0.19647813,1.522105,1.8229324,1.47099,1.3732135,1.2460445,0.65636516,0.5343163,0.5481798,0.54433435,0.5155961,0.34363484,0.46568367,0.45182022,0.45566568,0.4844039,0.3127303,0.06863265,0.09635955,0.08866866,0.03119218
SZ300059,-0.07676682478289913,0.125,,2026-03-12,-0.0009354625,0.0130963465,-0.07142927,0.007015905,0.5357146,0.00514498,0.3928561,-0.0028063874,-0.2142878,1.0009364,1.0079588,0.9948502,1.0005847,0.9873572,1.0533699,1.0716273,1.0912868,1.1067399,1.0016849,1.0074897,1.0348301,1.0481254,1.0757389,0.0058521596,0.020782722,0.032198373,0.033195384,0.042455297,-0.0007488085,-0.0040005245,-0.00487796,-0.0033442182,-0.0015175212,0.0409307,0.3396569,0.80329794,0.78656673,0.38967776,-0.00018734443,0.010512631,0.011510524,0.00036572682,-0.03097208,1.0131067,1.0613291,1.0828639,1.1109496,1.2036476,0.9812716,0.98080444,0.98080444,0.98080444,0.98080444,1.0059916,1.0160104,1.0648853,1.0723743,1.0979393,0.9987829,0.9926028,1.0,1.0085189,1.0541192,0.5,0.45,0.225,0.15,0.075,0.5882926,0.23838136,0.18808214,0.14749353,0.08613937,0.2,0.1,0.05,0.1,0.41666666,0.2,0.4,0.7,0.8,0.9,0.0,-0.3,-0.65,-0.7,-0.48333332,0.4430008,-0.04718638,-0.1973391,0.26111555,0.6853863,0.6625789,-0.31158158,0.035889972,0.2773767,0.685105,0.6,0.5,0.45,0.43333334,0.45,0.4,0.5,0.55,0.53333336,0.53333336,0.2,0.0,-0.1,-0.1,-0.083333336,0.61742085,0.29196715,0.3311294,0.34790033,0.42997602,0.38257912,0.70803285,0.66887057,0.65209967,0.57002395,0.23484176,-0.4160657,-0.33774117,-0.30419934,-0.14004794,1.2182673,1.4339005,1.3514526,1.532936,1.8885182,0.2143965,0.35362673,0.32953405,0.47577354,1.0696565,0.88199663,0.93745214,0.9819956,0.9685986,1.7438943,0.28414178,0.44592503,0.41084486,0.47719228,0.46376884,0.7158582,0.55407494,0.58915514,0.5228077,0.53623116,-0.43171647,-0.10814992,-0.17831026,-0.045615412,-0.072462335
SH600406,-0.07837612393736386,0.0,,2026-03-12,-0.00950505,0.030481786,-0.3118272,0.008849556,0.29032275,0.01212718,0.39785004,-0.006227426,-0.20429991,1.0095962,1.0185307,0.98775643,0.9989718,0.9765047,0.9080073,0.8560546,0.8484431,0.75214905,1.0142268,0.9751469,0.92016673,0.8947698,0.83551556,0.019409474,0.04710538,0.06737859,0.065853156,0.079065494,-0.001322791,0.0135631515,0.010958011,0.006677158,0.004163369,0.011611677,0.75996155,0.9257372,0.79676795,0.8456987,-0.01158121,-0.0361811,-0.024267815,0.008411425,0.041665062,1.0608822,1.0608822,1.0608822,1.0608822,1.0608822,0.9626059,0.89377636,0.824284,0.81237197,0.7389123,1.0239527,1.0165446,0.99443936,0.9524121,0.88960755,0.99860984,0.9332867,0.85287654,0.8408976,0.7608178,0.4,0.7,0.85,0.9,0.95,0.3804998,0.63566685,0.74267685,0.7550113,0.8109072,0.4,0.7,0.85,0.9,0.95,0.2,0.2,0.1,0.23333333,0.033333335,0.2,0.5,0.75,0.6666667,0.9166667,0.86940724,0.83336985,0.9016175,0.6260424,0.71703434,0.91569996,0.7948577,0.6697744,0.6420024,0.5373192,0.4,0.5,0.6,0.6,0.6,0.6,0.5,0.4,0.4,0.4,-0.2,0.0,0.2,0.2,0.2,0.60726315,0.70087975,0.70616615,0.67244524,0.6731409,0.39273685,0.29912025,0.29383385,0.32755473,0.32685912,0.2145263,0.4017595,0.4123323,0.3448905,0.34628174,1.2349366,1.0829906,0.8304705,0.8372388,0.70709217,0.20038189,0.28671783,0.34808058,0.3015632,0.523146,0.9854629,0.78933245,1.0234239,1.0480695,1.8718448,0.3555888,0.57251006,0.56213915,0.47076786,0.53061426,0.6444112,0.4274899,0.43786085,0.52923214,0.4693857,-0.28882238,0.14502017,0.1242783,-0.058464285,0.061228555
SH688303,-0.0784499180373156,0.0,,2026-03-12,0.022968942,0.045087174,0.5094341,0.013611181,0.30188587,0.00850705,0.18868004,0.01786481,0.39622822,0.9775468,1.0133055,0.9692308,0.99181855,0.9530957,0.9906191,1.0724202,1.011257,1.1437148,0.9777111,0.97752345,0.9870919,1.0076673,1.0655347,0.016000574,0.018383894,0.018557757,0.039027337,0.07266398,0.009868667,-0.00029791135,-0.0015359225,-0.0033837885,-0.003790494,0.9510118,0.0024071909,0.23974836,0.58259976,0.8299524,0.002551594,0.023817154,0.027499337,0.04139765,0.046284877,1.0133055,1.019043,1.054198,1.1176512,1.2182443,0.9352243,0.9352243,0.9352243,0.9352243,0.9352243,0.9879925,0.9948968,1.0001501,1.0362476,1.137711,0.9694559,0.9562476,0.97380865,0.9819887,0.99302065,1.0,0.9,0.8,0.56666666,0.28333333,0.82959336,0.772808,0.5444539,0.35507753,0.22887325,1.0,0.3,0.05,0.06666667,0.016666668,0.2,0.6,0.8,0.8666667,0.93333334,0.8,-0.3,-0.75,-0.8,-0.9166667,0.87566495,0.5313169,0.22871694,0.6749154,0.0446423,0.8918808,0.52873576,0.23704223,0.5579651,0.4148336,1.0,0.7,0.6,0.56666666,0.51666665,0.0,0.3,0.4,0.43333334,0.48333332,1.0,0.4,0.2,0.13333334,0.033333335,1.0,0.544803,0.39241922,0.4915254,0.44573534,0.0,0.45519698,0.6075808,0.5084746,0.55426466,1.0,0.08960605,-0.21516156,-0.016949173,-0.10852933,0.72334343,0.6834436,0.69112045,0.8292895,0.791367,0.23642685,0.19156429,0.2966132,0.38615677,0.35802004,0.81930554,0.894347,1.8623301,1.5659487,1.5026277,0.6984031,0.6112827,0.44895276,0.5179099,0.5175128,0.30159685,0.38871732,0.5510472,0.4820901,0.48248717,0.3968063,0.22256535,-0.10209446,0.035819806,0.035025645
SH600547,-0.07919061346637435,0.0,,2026-03-12,0.0021367772,0.033760693,0.06329187,0.025641015,0.75949323,0.0059828986,0.17721492,-0.01752134,-0.5189864,0.99786776,1.0255864,0.99189764,1.0058186,0.9989357,0.9936046,1.0168389,1.0974418,0.76204956,0.9999981,1.0211713,1.0032082,1.04663,0.9569535,0.011457297,0.039110832,0.03525589,0.0873605,0.129095,0.0043931445,-0.0071705887,0.0022970662,-0.005447365,0.0051253717,0.3675586,0.30812505,0.14857705,0.30133143,0.4807637,-0.008784394,0.01109634,-0.025030272,0.032356817,-0.10815197,1.0304861,1.1407204,1.1407204,1.3976561,1.3976561,0.94178826,0.94178826,0.913641,0.913641,0.73774016,1.0078436,1.0326232,1.0098963,1.0866922,1.0263969,0.9962464,0.99978715,0.9758229,0.99113005,0.82511973,0.4,0.3,0.45,0.3,0.5833333,0.6562926,0.2926211,0.3803031,0.17842212,0.39741406,0.8,0.3,0.65,0.2,0.6,0.4,0.7,0.1,0.4,0.016666668,0.4,-0.4,0.55,-0.2,0.5833333,-0.12623797,0.8635301,0.57229114,0.44651973,0.6009018,0.4872373,0.8884281,0.8088641,0.32579446,0.3344387,0.4,0.4,0.4,0.4,0.55,0.6,0.6,0.6,0.6,0.45,-0.2,-0.2,-0.2,-0.2,0.1,0.5090733,0.51122534,0.48320445,0.45476285,0.5682125,0.49092668,0.4887747,0.5167955,0.5452372,0.43178746,0.018146627,0.022450643,-0.03359108,-0.090474315,0.13642505,1.1720359,1.7570834,1.6699337,1.9549893,1.5653706,0.35137877,0.9805935,0.76276845,1.0561169,0.8808232,0.80666465,1.6560891,1.5672129,1.3426415,1.4177542,0.3678742,0.49871293,0.43735757,0.47817913,0.5023528,0.6321258,0.50128704,0.56264246,0.5218209,0.4976472,-0.26425162,-0.0025741293,-0.12528488,-0.043641772,0.0047055893
SH600522,-0.07945534437668247,0.375,,2026-03-12,0.02162166,0.06351355,0.34042597,0.038513515,0.60638267,0.0033783708,0.053191345,-0.013513483,-0.21276538,0.97883594,1.0376984,0.9755291,1.0018132,0.95304507,0.91238266,0.7440662,0.6349218,0.5572033,0.95059425,0.95737624,0.880988,0.82140076,0.71211284,0.047083132,0.034809403,0.09268047,0.11592556,0.1379437,0.02820608,0.00055777834,0.013899634,0.01247886,0.0072220736,0.89721143,0.0023536484,0.787224,0.89803475,0.83602625,-0.007006425,0.040113762,-0.013034536,-0.0023442362,0.07483601,1.0469456,1.0522466,1.0522466,1.0522466,1.0522466,0.8392815,0.8392815,0.67329055,0.6180773,0.5463085,0.99390614,0.9936412,0.9572843,0.9531113,0.8364452,0.9042355,0.94272673,0.8070138,0.7070101,0.59843236,1.0,1.0,1.0,1.0,1.0,0.77393526,0.75467086,0.86213034,0.8796632,0.89673334,0.8,0.2,0.6,0.73333335,0.8666667,0.4,0.7,0.05,0.033333335,0.033333335,0.4,-0.5,0.55,0.7,0.8333333,0.52478415,0.5116007,0.21359693,0.15358718,0.51004726,0.4437527,0.5820187,0.22468983,0.39045173,0.40726504,0.6,0.6,0.65,0.6666667,0.5833333,0.4,0.4,0.35,0.33333334,0.4,0.2,0.2,0.3,0.33333334,0.18333334,0.65234,0.65175265,0.69563997,0.7038422,0.6803129,0.34766,0.34824732,0.30436,0.29615775,0.3196871,0.30467996,0.30350536,0.39128,0.4076845,0.36062577,1.1156489,1.1985761,1.1112852,1.1095566,0.9430869,0.23404007,0.29358935,0.2674228,0.2682965,0.32274535,0.7564419,0.84493846,0.69197214,0.6865056,0.95433533,0.45996496,0.54126066,0.5138552,0.52049726,0.5162411,0.540035,0.45873934,0.4861448,0.47950277,0.48375896,-0.08007005,0.08252132,0.027710404,0.040994488,0.032482103
SH601985,-0.08152392791243333,0.0,,2026-03-12,0.011037498,0.022074996,0.5,0.004414978,0.19999905,0.0066225193,0.30000094,0.013245039,0.6000019,0.989083,1.0043668,0.9825328,0.9937109,0.9582593,0.93161637,0.94582593,0.9680284,0.95204264,0.97939605,0.96287745,0.9495115,0.9495263,0.95501775,0.014746208,0.021160878,0.020356612,0.018488374,0.018754687,0.008792198,0.0067818495,0.0026516116,0.0006265106,-8.61202e-06,0.8887391,0.94154334,0.59385014,0.08899407,6.4311746e-05,0.003019537,0.0066042547,0.025298165,0.041389275,0.045236316,1.0043668,1.0043668,1.0043668,1.0043668,1.0192845,0.9546456,0.9261667,0.92389953,0.92389953,0.92389953,0.9914742,0.97584367,0.96571934,0.96571934,0.9708703,0.9694494,0.9472469,0.93374777,0.9342806,0.9404973,1.0,1.0,1.0,1.0,0.98333335,0.9121747,0.9441589,0.9457322,0.9457322,0.79782474,1.0,1.0,1.0,1.0,0.38333333,0.2,0.2,0.45,0.6333333,0.81666666,0.8,0.8,0.55,0.36666667,-0.43333334,0.6534276,0.56354886,0.6272136,0.5740864,0.58210266,0.5910188,0.5504991,0.06328926,0.053589232,0.31161332,0.8,0.7,0.5,0.43333334,0.46666667,0.2,0.3,0.5,0.53333336,0.5,0.6,0.4,0.0,-0.1,-0.033333335,0.960786,0.9230782,0.72592664,0.5873788,0.55793995,0.03921403,0.0769218,0.2740734,0.4126212,0.44206002,0.9215719,0.8461564,0.45185322,0.17475758,0.11587995,0.84063673,0.7903472,0.5332824,0.504132,0.43111846,0.23075473,0.20944642,0.32894316,0.277841,0.25240675,0.7677942,0.82426417,1.2190181,1.1599205,1.2325953,0.54999167,0.62213385,0.5798335,0.551415,0.5444706,0.45000836,0.37786618,0.42016646,0.44858497,0.45552936,0.099983305,0.24426767,0.15966706,0.102830045,0.08894127
SH600176,-0.08205927582037041,0.25,,2026-03-12,0.014548224,0.043644674,0.33333334,0.01722815,0.39473662,0.011868298,0.27193007,0.009188373,0.21052678,0.9856604,1.0169811,0.9739623,0.9917297,1.0335959,1.0754793,0.8275561,0.7713298,0.5943444,0.9978146,1.0107969,0.98236257,0.91957724,0.77801704,0.011709845,0.025466617,0.077782884,0.11076308,0.1667569,0.0030160677,-0.0041306964,0.0076911836,0.0106997965,0.0091276765,0.16585168,0.24116567,0.34220496,0.7232072,0.9138034,-0.0038467431,0.007791247,-0.0554288,-0.07472431,-0.04728349,1.0415094,1.0901933,1.0901933,1.0901933,1.0901933,0.92528576,0.92528576,0.7962227,0.75283754,0.5622754,1.0027171,1.0230222,1.0380483,1.0230222,0.9948801,0.99170876,0.9964638,0.95034933,0.80347794,0.62400043,0.7,0.55,0.575,0.71666664,0.85833335,0.64284915,0.45306757,0.69318956,0.73264647,0.8291529,0.8,0.3,0.65,0.76666665,0.8833333,0.4,0.7,0.1,0.3,0.1,0.4,-0.4,0.55,0.46666667,0.78333336,-0.6845054,0.37876758,0.43447796,0.4381881,0.73770136,-0.40355447,-0.3400073,0.36747313,0.3785594,0.4168014,0.2,0.3,0.5,0.5,0.53333336,0.6,0.6,0.45,0.46666667,0.41666666,-0.4,-0.3,0.05,0.033333335,0.11666667,0.32945815,0.37921613,0.6139541,0.61441946,0.654317,0.6705418,0.62078387,0.38604584,0.3855805,0.34568298,-0.34108368,-0.24156775,0.2279083,0.22883895,0.308634,1.1621838,1.509038,1.7515521,1.6420739,1.2437639,0.24221648,0.47294277,0.7115005,0.6560774,0.6708258,0.8554211,0.93925184,0.984573,0.9927714,1.3119079,0.1993603,0.24487646,0.43103382,0.4790929,0.5102843,0.8006397,0.75512356,0.56896615,0.5209071,0.48971567,-0.6012794,-0.5102471,-0.13793233,-0.041814215,0.020568656
SH600760,-0.08411026150819856,0.25,,2026-03-12,-0.017442942,0.019669741,-0.8867906,0.0012989757,0.06603929,0.0009278249,0.047170162,-0.017814092,-0.9056597,1.0177526,1.0190747,0.9990557,1.004903,1.0566447,1.0543848,1.0455343,1.1240984,1.0724819,1.0234488,1.0440164,1.0465341,1.0523951,1.0678518,0.017806187,0.028008858,0.020728556,0.030280568,0.045894805,-0.0104608135,-0.007468846,-0.0010906894,-0.0015543585,-0.0003133325,0.86283755,0.65181994,0.09690187,0.20420958,0.014216204,-0.0025271578,-0.010406548,-0.036172558,-0.029856853,-0.058608495,1.0647678,1.1017857,1.1017857,1.1602792,1.2329844,0.9990557,0.9990557,0.9990557,0.9990557,0.9965654,1.0316104,1.0601209,1.0577782,1.0647609,1.1129503,1.01389,1.0221983,1.0336854,1.0337006,1.0272528,0.2,0.1,0.05,0.033333335,0.016666668,0.014370207,0.009192026,0.009192026,0.005857066,0.014527692,0.2,0.2,0.6,0.033333335,0.36666667,1.0,1.0,1.0,1.0,0.1,-0.8,-0.8,-0.4,-0.96666664,0.26666668,0.17522392,0.8386212,0.68374586,0.5498211,0.74083745,-0.933531,0.7048013,0.67954177,0.32903105,0.43208933,0.2,0.3,0.45,0.43333334,0.46666667,0.8,0.7,0.55,0.56666666,0.53333336,-0.6,-0.4,-0.1,-0.13333334,-0.06666667,0.058944758,0.36617246,0.42344218,0.37191954,0.46722412,0.94105524,0.6338275,0.5765578,0.6280804,0.5327759,-0.8821105,-0.26765507,-0.1531156,-0.25616089,-0.065551735,1.0376981,1.5536755,1.3318685,1.4004906,1.61078,0.1275352,0.8759367,0.660153,0.596551,0.7501783,0.79819906,1.3535945,1.606144,1.4188485,1.2299588,0.31799215,0.50447536,0.4828041,0.4835816,0.50118756,0.68200785,0.49552464,0.51719594,0.5164184,0.4988124,-0.36401573,0.00895071,-0.03439185,-0.03283678,0.0023751836
SZ002594,-0.08435343623488023,0.0,,2026-03-12,-0.0013100824,0.020054404,-0.06532642,0.014713263,0.73366743,0.0040310584,0.20100616,-0.011992287,-0.5979877,1.0013118,1.0160444,0.99596363,1.0030135,0.9532968,0.9066577,0.89950955,0.94954646,0.974068,0.9809533,0.966548,0.9407379,0.9340289,0.9533171,0.023104066,0.029328756,0.033755437,0.03235352,0.03270503,0.012773674,0.0070752734,0.004837703,0.0020564636,-0.0006692067,0.76417845,0.53347075,0.7188843,0.31311268,0.1277001,-0.0065006316,0.0016132208,0.013303946,0.036152378,0.06642452,1.0160444,1.0160444,1.0160444,1.0160444,1.0237306,0.9384579,0.8851721,0.8851721,0.8666196,0.8666196,1.0002437,0.98725516,0.97515786,0.96233606,0.9792736,0.9687598,0.9515787,0.90918994,0.9083758,0.9193512,0.8,0.9,0.95,0.96666664,0.9166667,0.7932067,0.87740433,0.87740433,0.8926258,0.84895635,1.0,1.0,1.0,1.0,0.23333333,0.4,0.2,0.6,0.3,0.65,0.6,0.8,0.4,0.7,-0.41666666,0.406455,0.6837953,0.85679704,0.6611313,0.3753092,0.9350194,0.9633969,0.93186235,0.71912533,0.70808196,0.4,0.4,0.5,0.46666667,0.48333332,0.6,0.6,0.5,0.53333336,0.51666665,-0.2,-0.2,0.0,-0.06666667,-0.033333335,0.7750095,0.72799873,0.6729559,0.5609227,0.51870525,0.2249905,0.27200127,0.32704413,0.4390773,0.48129475,0.550019,0.4559975,0.34591174,0.1218454,0.037410468,1.3972107,1.4495324,0.9977806,0.9458082,0.833219,0.55479366,0.7031018,0.67613494,0.5737349,0.48119056,1.1855866,1.5978792,2.1281025,2.11057,2.2880642,0.48766017,0.525225,0.51288056,0.5152924,0.5125904,0.51233983,0.474775,0.48711947,0.48470756,0.48740956,-0.024679638,0.05045001,0.025761092,0.030584866,0.02518085
SZ002475,-0.08443495429306133,0.125,,2026-03-12,-0.004007944,0.023046052,-0.17391022,0.010621258,0.46087107,0.008416849,0.36521873,-0.0062123523,-0.26956254,1.004024,1.014688,0.99154925,1.0015639,0.94566905,1.0293761,1.0409966,1.1444931,1.2050699,0.9781061,0.97194844,1.0002841,1.0233222,1.0897654,0.03244136,0.03133331,0.036663223,0.04804036,0.07835131,0.017042978,0.0016709308,-0.0041565867,-0.004656205,-0.0041511906,0.6899743,0.026068488,0.44986317,0.7280369,0.8561555,-0.012192031,0.020532345,0.03920349,0.0441928,0.032694686,1.0237387,1.0237387,1.0546384,1.170367,1.2337517,0.9140825,0.9140825,0.9140825,0.9140825,0.9140825,1.0018907,1.0018907,1.0308578,1.048379,1.1647938,0.948487,0.9436576,0.95315605,0.9926326,1.0214465,0.8,0.8,0.4,0.26666668,0.13333334,0.7835165,0.7835165,0.6112694,0.3352425,0.26876992,0.8,0.9,0.05,0.033333335,0.016666668,0.4,0.7,0.85,0.9,0.95,0.4,0.2,-0.8,-0.8666667,-0.93333334,0.5986595,0.44360873,-0.2429356,0.2317125,0.067674905,0.6495802,0.4082319,0.3967895,0.33374792,0.3514706,0.6,0.4,0.35,0.3,0.35,0.4,0.6,0.65,0.7,0.65,0.2,-0.2,-0.3,-0.4,-0.3,0.7576748,0.43265504,0.43277195,0.33553776,0.40387812,0.24232522,0.56734496,0.5672281,0.6644622,0.5961219,0.51534957,-0.13468991,-0.13445613,-0.32892448,-0.19224378,1.4103078,1.4176556,1.2305862,1.3330787,1.4241773,0.5805178,0.40084642,0.37081212,0.3520813,0.543596,1.3342838,0.9977523,1.2680576,1.1305658,1.3217391,0.46791667,0.4655576,0.4608692,0.48182395,0.49181813,0.53208333,0.53444237,0.5391308,0.518176,0.50818187,-0.06416669,-0.06888478,-0.078261636,-0.03635209,-0.016363757
SH600930,-0.08832741239665867,0.0,,2026-03-12,0.0110235885,0.028346447,0.38888782,0.009448838,0.33333412,0.00787402,0.27777803,0.009448771,0.33333176,0.9890966,1.0093458,0.98130846,0.9954713,0.9441861,0.924031,0.92558146,0.9333334,1.0139536,0.9714729,0.95441866,0.93875974,0.9369509,0.96191216,0.023374366,0.024153778,0.023179527,0.019357199,0.034234148,0.014108519,0.006878083,0.0032266704,0.0011271784,-0.0014234788,0.9108004,0.7433205,0.67821616,0.2627859,0.5273304,0.00031005635,0.014629987,0.030586906,0.046704978,0.08008045,1.0093458,1.0093458,1.0093458,1.0093458,1.0666667,0.9379462,0.92088354,0.9162791,0.9162791,0.9162791,0.9937985,0.9662016,0.94852716,0.94449615,0.99069774,0.9568993,0.9367442,0.92248064,0.92248064,0.9271318,1.0,1.0,1.0,1.0,0.90833336,0.8691055,0.89435256,0.89957947,0.89957947,0.5567009,1.0,1.0,1.0,1.0,0.06666667,0.2,0.4,0.1,0.4,0.7,0.8,0.6,0.9,0.6,-0.6333333,0.9515491,0.9432825,0.93082327,0.8997141,0.3171682,0.88659763,0.832398,0.79506385,0.7805257,0.13697313,0.8,0.7,0.5,0.5,0.43333334,0.0,0.2,0.3,0.36666667,0.46666667,0.8,0.5,0.2,0.13333334,-0.033333335,1.0,0.87692344,0.7926832,0.69369394,0.4824902,0.0,0.12307656,0.20731679,0.30630603,0.5175098,1.0,0.7538469,0.5853664,0.3873879,-0.03501959,0.65833306,0.48070487,0.29911715,0.28518623,0.29771626,0.35890713,0.30766198,0.28260323,0.23322865,0.28230253,1.4160334,1.5765247,2.2581983,2.344556,2.598027,0.7581831,0.7406994,0.6966433,0.6468965,0.53811574,0.24181685,0.25930062,0.30335668,0.35310352,0.46188426,0.5163663,0.48139876,0.39328662,0.29379296,0.076231495
SH600795,-0.09434938754442337,0.125,,2026-03-12,0.021442495,0.02923976,0.73333347,0.0038986655,0.1333344,0.0038985992,0.13333212,0.021442428,0.7333312,0.97900766,1.0038168,0.9751909,0.9904619,0.96755284,0.9198456,0.8835881,0.93320364,1.0915978,0.9755689,0.96221024,0.92814696,0.9154563,0.9727715,0.014992049,0.018845318,0.038333137,0.03727174,0.08878251,0.007252763,0.0056211217,0.006263008,0.0033653756,-0.003568429,0.58509314,0.81554985,0.93429774,0.6318433,0.4927188,0.009925597,0.012494723,0.012354466,0.03574574,0.13249713,1.0038168,1.0038168,1.0038168,1.0038168,1.1526706,0.9465599,0.91602784,0.8740462,0.8644985,0.8644985,0.98320204,0.9713694,0.96755284,0.95114154,1.1049571,0.96640784,0.94618,0.8889313,0.8835881,0.8927479,1.0,1.0,1.0,1.0,0.75,0.93333864,0.95652276,0.9705879,0.97260356,0.4702102,1.0,1.0,1.0,1.0,0.21666667,0.8,0.1,0.1,0.3,0.65,0.2,0.9,0.9,0.7,-0.43333334,0.54828185,-0.05879194,0.72439194,0.34327957,-0.5144933,0.035603434,0.43348962,0.39523968,0.08086809,-0.32213154,0.6,0.6,0.6,0.5,0.45,0.4,0.4,0.4,0.5,0.53333336,0.2,0.2,0.2,0.0,-0.083333336,0.84002143,0.8888959,0.82796323,0.6241164,0.43143246,0.15997855,0.11110404,0.17203674,0.37588355,0.5685675,0.68004286,0.7777919,0.6559265,0.2482329,-0.13713507,0.86094165,0.9207179,0.76050514,0.8653418,0.7372353,0.13273606,0.14558925,0.24905415,0.38618618,0.36308143,0.9971732,0.878797,0.97392845,0.8884361,1.3169284,0.47534806,0.557798,0.5656829,0.5293356,0.52521855,0.52465194,0.44220197,0.43431708,0.4706644,0.47478142,-0.049303867,0.115596086,0.13136584,0.058671206,0.05043713
SH600809,-0.09580066802290557,0.0,,2026-03-12,0.007600816,0.015201866,0.49999228,0.0047905454,0.31512877,0.0028105048,0.18487893,0.0056207753,0.36974245,0.9924565,1.0047544,0.98966724,0.9944901,0.9884668,1.0230193,1.1447237,1.0585738,1.142001,1.0043883,1.0050681,1.0385051,1.0505375,1.0840776,0.009552504,0.013207145,0.04419067,0.046478845,0.04920502,-0.0051861913,-0.0018303732,-0.006780401,-0.003212282,-0.0022880821,0.73688996,0.17606492,0.82398176,0.37018463,0.65951437,0.0059840223,0.003168601,0.025908727,-0.0039594113,-0.01657912,1.0287213,1.0459656,1.1662143,1.1662143,1.1662143,0.98326606,0.98326606,0.98326606,0.98326606,0.98326606,1.0109075,1.019323,1.0762917,1.1009256,1.1273954,0.99861985,0.9934715,0.99992436,1.008132,1.0245395,0.6,0.5,0.25,0.16666667,0.083333336,0.36814132,0.26689142,0.091468275,0.091468275,0.091468275,0.4,0.3,0.05,0.36666667,0.68333334,0.2,0.6,0.8,0.8666667,0.93333334,0.2,-0.3,-0.75,-0.5,-0.25,0.9737612,0.37577564,0.66900676,0.7031593,-0.03840559,0.97505575,0.43769276,0.23251124,0.64756525,0.5257219,0.4,0.3,0.2,0.3,0.3,0.6,0.7,0.8,0.7,0.7,-0.2,-0.4,-0.6,-0.4,-0.4,0.59636635,0.4143988,0.2221897,0.4414875,0.4131342,0.40363362,0.5856012,0.77781034,0.5585125,0.58686584,0.19273274,-0.17120244,-0.5556206,-0.117024995,-0.17373163,1.1282971,1.1851938,1.3613613,1.8221841,1.4928051,0.21439563,0.34435555,0.38978314,1.0362444,0.848427,1.1162766,1.0222609,0.99041355,2.3776772,2.666689,0.6069657,0.43405265,0.3353915,0.47549337,0.4980758,0.39303425,0.56594735,0.6646085,0.5245066,0.50192416,0.21393149,-0.13189468,-0.32921702,-0.049013276,-0.003848359
SZ000661,-0.09601935928296645,0.0,,2026-03-12,-0.0099901585,0.013393352,-0.74590427,0.00010978044,0.008196637,0.0032934132,0.2458991,-0.0068065254,-0.5082018,1.010091,1.0102018,0.99667335,1.0011494,0.9893564,1.0922723,1.013651,1.083278,1.1000333,1.0066162,1.008799,1.0080167,1.0273061,1.047383,0.0058428636,0.021325959,0.03338826,0.046147224,0.04487232,-0.00051139086,-0.0028781944,0.00058718724,-0.0028467092,-0.0010541754,0.019151133,0.1669685,0.010825142,0.29491493,0.16833274,-0.0055934424,0.004152869,-0.013594957,0.013971149,-0.01628483,1.0261818,1.0765172,1.1754403,1.1754403,1.1826379,0.98558426,0.9843668,0.9676255,0.9676255,0.9676255,1.0116332,1.0138284,1.0138284,1.0802844,1.0864294,1.0007095,0.9956539,0.98563117,0.9898886,1.0018848,0.2,0.4,0.45,0.33333334,0.16666667,0.35508883,0.16964877,0.15578529,0.15578529,0.15057032,0.8,0.1,0.5,0.6666667,0.38333333,0.4,0.4,0.35,0.56666666,0.78333336,0.4,-0.3,0.15,0.1,-0.4,0.20859188,0.66829693,0.8223004,0.5493296,0.5623754,0.7451772,0.6927602,0.8441319,0.60080224,0.59555393,0.6,0.4,0.4,0.43333334,0.38333333,0.4,0.6,0.6,0.56666666,0.6166667,0.2,-0.2,-0.2,-0.13333334,-0.23333333,0.6056104,0.20834048,0.47921678,0.42339954,0.44627067,0.3943896,0.79165953,0.52078325,0.57660043,0.5537293,0.21122079,-0.583319,-0.04156643,-0.15320091,-0.10745865,1.1369226,1.7693058,1.8619258,1.7841213,1.7348633,0.14089,1.0078174,1.6683712,1.3909729,1.1463733,0.7710472,1.2546409,1.9485703,1.7515162,1.7937771,0.29557922,0.023858706,0.49693564,0.4923756,0.4964145,0.70442075,0.9761413,0.50306433,0.5076244,0.50358546,-0.40884152,-0.9522826,-0.006128716,-0.015248801,-0.007170964
SH603392,-0.09757414361811464,0.0,,2026-03-12,-0.0010030643,0.0132898465,-0.07547599,0.0025075045,0.1886782,0.009779278,0.7358458,0.006268709,0.4716916,1.0010041,1.003514,0.9902109,0.9964218,0.9545771,1.0147647,1.0531528,1.1126455,1.1836895,0.99275666,0.9874067,1.010687,1.0371635,1.0994123,0.0077318037,0.02330729,0.03131872,0.05147732,0.07413721,0.0046638763,-0.00022423577,-0.004132729,-0.005153838,-0.0039348262,0.90964586,0.00084847223,0.6094442,0.77683955,0.8591687,-0.002084411,0.0136024095,0.028573906,0.037567157,0.016665021,1.0077418,1.0288345,1.0617231,1.1791836,1.2241274,0.9513023,0.9500694,0.9500694,0.9500694,0.9500694,1.0002432,1.0015633,1.0361995,1.0632274,1.1721035,0.986156,0.9679868,0.986156,0.9983846,1.0252563,0.8,0.7,0.35,0.23333333,0.11666667,0.8628299,0.63391745,0.44719142,0.21792874,0.18218978,0.8,0.1,0.05,0.1,0.41666666,0.2,0.4,0.7,0.8,0.9,0.6,-0.3,-0.65,-0.7,-0.48333332,-0.4943746,-0.19890241,-0.42484304,0.64569986,0.24089795,0.82761043,-0.006035035,-0.080589145,0.4346717,0.41393098,0.8,0.6,0.5,0.46666667,0.48333332,0.2,0.4,0.5,0.53333336,0.51666665,0.6,0.2,0.0,-0.06666667,-0.033333335,0.9745913,0.4473357,0.39255616,0.38124886,0.39245397,0.025408685,0.55266434,0.60744387,0.6187511,0.60754603,0.9491826,-0.105328634,-0.21488771,-0.23750226,-0.21509206,1.4154781,1.5245351,1.3819234,1.9164386,1.8725979,0.3040667,0.39707756,0.35344407,1.3161335,1.0710984,1.3323703,0.9934711,0.992119,1.8945446,1.8354532,0.45488596,0.45853224,0.4655461,0.47699413,0.49402514,0.54511404,0.5414678,0.5344539,0.5230059,0.5059748,-0.09022807,-0.08293551,-0.06890782,-0.046011765,-0.011949709
SH688223,-0.09971854580648584,0.0,,2026-03-12,-0.015513093,0.041766103,-0.37142783,0.017899789,0.42857218,0.00835322,0.2,-0.025059663,-0.6,1.0157576,1.0339394,0.99151516,1.0074235,0.8548009,0.8981265,1.0175644,0.6709601,0.6639344,0.9611241,0.92049176,0.93963695,0.89890707,0.79658467,0.06013881,0.06078338,0.055215757,0.0872678,0.12336079,0.033372365,0.01455539,-0.0025030368,0.005251216,0.0061896257,0.7698469,0.5256413,0.07192443,0.2806166,0.7678464,-0.027868832,0.014008967,0.08414188,0.024950294,0.020821366,1.0661048,1.0661048,1.1708834,1.1708834,1.1708834,0.84264463,0.8388363,0.8388363,0.66642904,0.63892996,1.0030445,0.9990632,0.9990632,0.98665106,0.92037463,0.89929736,0.8747072,0.89180326,0.8257611,0.6697892,0.8,0.9,0.85,0.8666667,0.93333334,0.7041766,0.70913374,0.48536402,0.661251,0.6787625,0.8,0.9,0.15,0.43333334,0.71666664,0.2,0.4,0.7,0.033333335,0.11666667,0.6,0.5,-0.55,0.4,0.6,0.91569823,0.8958326,0.84187967,0.5224157,0.83603495,0.9701113,0.8715122,0.6315391,0.7992601,0.71841127,0.8,0.5,0.45,0.5,0.46666667,0.2,0.5,0.5,0.46666667,0.48333332,0.6,0.0,-0.05,0.033333335,-0.016666668,0.91333354,0.70422536,0.48358867,0.6474292,0.6099617,0.08666648,0.2957746,0.51641136,0.3525708,0.39003828,0.8266671,0.40845075,-0.032822676,0.2948584,0.21992342,1.0551038,0.8898782,1.0653989,1.0957246,0.7336787,0.33616495,0.3002455,0.46966168,0.47008798,0.51654285,1.3076891,1.5035529,1.1982069,1.5642438,2.0484316,0.6870966,0.57268775,0.39802927,0.534153,0.5352022,0.3129034,0.42731225,0.60197073,0.46584705,0.46479777,0.37419322,0.14537546,-0.20394146,0.068305925,0.07040446
SZ003816,-0.10400990817623079,0.125,,2026-03-12,0.0,0.022831108,0.0,0.004566205,0.19999927,0.018264905,0.8000007,0.013698699,0.60000145,1.0,1.0045662,0.9817351,0.994814,0.9412916,0.8962818,0.8962818,0.886497,0.86888456,0.97338545,0.94814086,0.91956943,0.90782773,0.8928245,0.024308737,0.032592937,0.03720042,0.0347394,0.029600538,0.014677114,0.010354025,0.0055088797,0.0031837942,0.001219952,0.91137385,0.9250876,0.7675363,0.6509491,0.51806724,-0.0027397063,0.005266009,0.028096197,0.046007223,0.071186915,1.0045662,1.0045662,1.0045662,1.0045662,1.0045662,0.9353971,0.8953008,0.8747553,0.8626934,0.8564888,0.9984344,0.9729941,0.9499021,0.93033266,0.89667314,0.9522504,0.9240704,0.8919765,0.88414866,0.8747553,1.0,1.0,1.0,1.0,1.0,0.9339849,0.95821,0.9648242,0.9678148,0.96916336,1.0,1.0,1.0,1.0,1.0,0.2,0.1,0.35,0.2,0.3,0.8,0.9,0.65,0.8,0.7,0.66091025,0.04933397,0.6862979,0.53507626,0.62392443,0.19681704,0.03429751,0.07528974,0.20975964,0.20677115,1.0,0.9,0.55,0.53333336,0.51666665,0.0,0.1,0.25,0.3,0.35,1.0,0.8,0.3,0.23333333,0.16666667,1.0,0.9206349,0.8117646,0.737705,0.64888877,0.0,0.07936507,0.1882354,0.26229504,0.3511112,1.0,0.84126985,0.6235292,0.47540992,0.29777756,0.9399121,0.96545774,0.7227541,0.72446316,0.6028227,0.15903533,0.11656502,0.2761459,0.24404305,0.23042528,1.1422895,0.85173935,1.250903,1.1883498,1.1941499,0.5201124,0.6376605,0.48375764,0.54513454,0.5302469,0.47988763,0.36233953,0.5162424,0.45486546,0.4697531,0.04022476,0.27532098,-0.032484718,0.09026907,0.060493823
SZ000792,-0.11310323185711187,0.25,,2026-03-12,-0.0010444055,0.028198432,-0.03703772,0.016449085,0.5833333,0.010704941,0.37962896,-0.0067885495,-0.2407421,1.0010455,1.0175117,0.98928386,1.0012983,0.96523345,1.0196184,0.8669647,0.9108841,0.68216974,0.99399036,0.981446,0.93877006,0.923568,0.8469568,0.018398495,0.026088405,0.060776364,0.057641912,0.10537286,0.0072903344,0.0032719634,0.0088805165,0.004293861,0.005520735,0.39252767,0.14418939,0.7472657,0.43005186,0.8372133,-0.008571021,0.0038301386,-0.023134982,0.014171036,-0.009818458,1.020651,1.020651,1.0373917,1.0373917,1.0373917,0.94355506,0.92004156,0.8162691,0.8162691,0.6440339,1.0035121,1.000525,0.9989499,0.997389,0.9371648,0.9912658,0.9586562,0.8760608,0.8658153,0.7360224,0.6,0.8,0.85,0.9,0.95,0.7321385,0.79474056,0.83090055,0.83090055,0.9049422,0.6,0.8,0.5,0.6666667,0.8333333,0.4,0.4,0.1,0.4,0.1,0.2,0.4,0.4,0.26666668,0.73333335,0.36158362,-0.19087344,0.5262852,0.25774422,0.17535615,0.87758976,0.12713173,0.49236485,0.41334513,0.5247025,0.6,0.5,0.6,0.53333336,0.56666666,0.4,0.5,0.4,0.46666667,0.41666666,0.2,0.0,0.2,0.06666667,0.15,0.79553646,0.44235963,0.6671122,0.5760751,0.6398401,0.20446353,0.5576404,0.33288783,0.42392495,0.36015987,0.591073,-0.115280755,0.33422437,0.15215011,0.27968025,1.1815124,1.4163747,1.3498352,1.4877632,1.5897142,0.37807256,0.44939545,0.55056167,0.5442553,0.58513814,1.7221961,1.3978847,1.4695177,1.2744957,1.2623526,0.4688161,0.30741477,0.5023399,0.46502903,0.49648753,0.5311839,0.69258523,0.49766007,0.53497094,0.5035125,-0.062367797,-0.38517043,0.0046798456,-0.069941916,-0.0070249634
SH601877,-0.11737715702630112,0.0,,2026-03-12,-0.0108826505,0.037484862,-0.29032123,0.007980672,0.21290386,0.018621538,0.4967749,-0.00024178321,-0.006450156,1.0110024,1.0190709,0.9811736,0.99732435,0.8269465,0.7963144,0.7611667,0.77703196,0.68928486,0.96192336,0.885526,0.8232609,0.798686,0.7549955,0.056231666,0.08940359,0.08999907,0.081910476,0.075495675,0.031559672,0.027169917,0.013613299,0.0071726427,0.003427687,0.78748643,0.8465997,0.8007902,0.5942665,0.62872106,-0.025042681,-0.0077905958,0.04741276,0.09731067,0.14388773,1.0300622,1.0300622,1.0300622,1.0300622,1.0300622,0.8195424,0.77552766,0.72124434,0.69999933,0.6751026,1.0012692,0.98437876,0.88533074,0.82245547,0.7882597,0.93746644,0.80617523,0.75076884,0.74691236,0.69367826,0.8,0.9,0.95,0.96666664,0.98333335,0.85720026,0.8818935,0.902654,0.9089199,0.9153082,0.8,0.9,0.95,0.96666664,0.98333335,0.2,0.4,0.1,0.23333333,0.2,0.6,0.5,0.85,0.73333335,0.78333336,0.41851985,0.83907425,0.8884903,0.8073369,0.7368327,0.8291189,0.56962997,0.5479326,0.5279039,0.4562,0.8,0.8,0.7,0.6,0.53333336,0.2,0.2,0.3,0.4,0.45,0.6,0.6,0.4,0.2,0.083333336,0.96583474,0.865528,0.80191314,0.7102418,0.6863837,0.03416527,0.134472,0.19808684,0.28975824,0.3136163,0.9316695,0.73105603,0.60382634,0.42048356,0.3727674,1.3624556,1.0199949,0.71874833,0.6780201,0.59393287,0.38545725,0.45149133,0.4455656,0.36916268,0.34798548,0.9304935,1.1535559,1.5134397,1.5260963,1.6931505,0.57349527,0.5869054,0.5647627,0.5337249,0.5340886,0.4265047,0.41309455,0.4352373,0.4662751,0.4659114,0.14699058,0.17381088,0.12952544,0.06744979,0.06817722
SZ300122,-0.11756689265618836,0.0,,2026-03-12,0.024163544,0.048946705,0.49367046,0.016109,0.32911307,0.008674162,0.17721647,0.016728705,0.34177387,0.9764066,1.015729,0.96793705,0.99574697,0.94923264,1.0424122,1.0690218,1.025429,1.2136046,0.9825811,0.9826628,1.0147897,1.0353192,1.0971044,0.009801306,0.029239034,0.039770253,0.052805755,0.079221666,0.0043501956,-0.0025775859,-0.005384976,-0.0045023025,-0.003887438,0.49248123,0.07123798,0.64168054,0.5633891,0.7344104,0.008718555,0.028936347,0.036367524,0.029964171,0.017575031,1.015729,1.0484648,1.0762092,1.234164,1.2637621,0.9437794,0.94257486,0.94257486,0.94257486,0.94257486,0.98401594,1.001217,1.0540913,1.0630642,1.1719552,0.97753155,0.9632549,0.97753155,0.9796567,1.0300063,1.0,0.8,0.4,0.26666668,0.13333334,0.7813893,0.5423096,0.42971867,0.19693857,0.17879026,1.0,0.1,0.05,0.1,0.4,0.2,0.4,0.7,0.8,0.9,0.8,-0.3,-0.65,-0.7,-0.5,0.8921998,-0.102474794,-0.03226225,0.68846077,-0.012131646,0.6553556,0.024843365,0.16778207,0.66301244,0.52110505,0.8,0.6,0.5,0.53333336,0.48333332,0.2,0.4,0.5,0.46666667,0.5,0.6,0.2,0.0,0.06666667,-0.016666668,0.9472007,0.3710655,0.3806532,0.48163214,0.40654796,0.0527993,0.6289345,0.6193468,0.5183678,0.59345204,0.8944014,-0.25786898,-0.23869362,-0.036735706,-0.18690409,0.5621622,0.5952165,0.56737554,0.85862285,0.7524388,0.25735623,0.23717372,0.18267779,0.7614814,0.6320483,1.2910279,1.0963451,1.1030785,2.9326854,3.2210984,0.78271693,0.6143962,0.52323014,0.5075127,0.51865405,0.21728307,0.3856038,0.4767699,0.4924873,0.48134595,0.56543386,0.22879244,0.046460215,0.015025371,0.037308123
SH600011,-0.1197108436914558,0.125,,2026-03-12,0.022049299,0.028534448,0.77272564,0.0025940915,0.09091087,0.0038910573,0.1363635,0.023346264,0.81817824,0.9784264,1.0025381,0.97461927,0.99123675,0.94914854,0.89973617,0.88318545,0.94411135,0.9896858,0.9720317,0.95473737,0.91988486,0.9144959,0.94219637,0.017923102,0.023081472,0.03941564,0.03606146,0.043124434,0.008515224,0.0069939042,0.006339667,0.0022919313,-0.0014197925,0.5642944,0.8416349,0.9054487,0.31305334,0.33059996,0.010937865,0.013790065,0.019888274,0.05227109,0.099687494,1.0025381,1.0025381,1.0025381,1.0025381,1.0317012,0.93780357,0.8983831,0.87300307,0.86165917,0.86165917,0.9827297,0.9682418,0.95572084,0.9439674,0.99117297,0.96032625,0.93878627,0.88265777,0.88265777,0.89561045,1.0,1.0,1.0,1.0,0.9166667,0.96079177,0.97563124,0.98040587,0.9819836,0.8135686,1.0,1.0,1.0,1.0,0.23333333,0.8,0.1,0.05,0.3,0.65,0.2,0.9,0.95,0.7,-0.41666666,0.91201323,-0.4766057,0.70586026,0.6254231,-0.16144529,0.46532804,0.45131487,0.06001906,-0.07039864,-0.22717606,0.6,0.7,0.55,0.43333334,0.51666665,0.4,0.3,0.35,0.43333334,0.4,0.2,0.4,0.2,0.0,0.11666667,0.84415585,0.8758989,0.8191348,0.5991488,0.5096283,0.15584415,0.12410109,0.1808652,0.40085116,0.4903717,0.6883117,0.75179785,0.6382696,0.19829765,0.019256571,0.85598266,1.0211748,0.7274503,0.6755453,0.5607522,0.11641466,0.2736058,0.39489573,0.33727932,0.29966554,0.68226874,0.7374415,1.1211851,1.1175328,1.5084358,0.76479936,0.6180948,0.5770155,0.5431622,0.54003346,0.23520067,0.38190517,0.42298448,0.4568378,0.45996654,0.52959865,0.23618963,0.15403105,0.08632441,0.080066934
SZ000568,-0.12150475416787054,0.0,,2026-03-12,0.0041049183,0.01785202,0.2299414,0.005537053,0.31016397,0.008210048,0.45989463,0.006777913,0.37967205,0.99591184,1.0055144,0.9877354,0.99425256,0.988115,1.0553337,1.2007964,1.0642793,1.1790009,1.0002655,1.0075862,1.0618834,1.0788214,1.0986059,0.0043090745,0.020296652,0.06519295,0.06704298,0.054639682,-0.0017209031,-0.004463346,-0.01051728,-0.0047139404,-0.0019409608,0.39873543,0.4432857,0.91090614,0.38314515,0.3848726,0.0031763362,0.0124988295,0.03803068,-0.01046933,-0.04134757,1.0096976,1.0599921,1.2161039,1.2161039,1.2161039,0.9812702,0.97927326,0.97927326,0.97927326,0.97927326,1.0015212,1.0233297,1.1217906,1.1545159,1.1485691,0.99798346,0.9947316,0.9988387,1.0060848,1.0562475,0.8,0.6,0.3,0.2,0.1,0.6588648,0.25677708,0.08751715,0.08751715,0.08751715,0.2,0.1,0.05,0.36666667,0.68333334,0.2,0.4,0.7,0.8,0.9,0.0,-0.3,-0.65,-0.43333334,-0.21666667,0.65771145,-0.008010675,0.57059854,0.6841116,0.28603423,0.76574725,-0.30239746,-0.342431,0.45775878,0.4390949,0.6,0.4,0.3,0.4,0.38333333,0.4,0.6,0.7,0.6,0.6166667,0.2,-0.2,-0.4,-0.2,-0.23333333,0.6675599,0.24429335,0.13308258,0.43167016,0.38815638,0.33244008,0.75570667,0.86691743,0.5683298,0.61184365,0.3351198,-0.5114133,-0.73383486,-0.13665967,-0.22368725,0.9494076,1.1701435,1.3575987,1.7754462,1.4906014,0.1032269,0.4326998,0.4275365,1.0425624,0.82919365,1.1641537,1.4504409,1.0274993,2.4873297,2.6502137,0.6102007,0.4452592,0.36560562,0.4870427,0.48958057,0.38979933,0.5547408,0.6343944,0.51295733,0.5104194,0.22040136,-0.10948158,-0.26878875,-0.025914613,-0.020838886
SH600886,-0.12396578513889464,0.0,,2026-03-12,0.029492406,0.041152284,0.71666515,0.009602262,0.23333484,0.002057614,0.05,0.02194776,0.5333303,0.97135246,1.0093272,0.9693538,0.9915662,0.91472214,0.8720892,0.86875737,0.88341016,0.9127279,0.9581624,0.9294478,0.8975352,0.887031,0.8900838,0.031252716,0.037598893,0.04199279,0.037776887,0.028358027,0.019652963,0.011939624,0.006190489,0.0031290094,9.347309e-05,0.9885998,0.92436314,0.76062137,0.5316956,0.0033137598,0.002531671,0.01682385,0.043655157,0.06759836,0.10715877,1.0093272,1.0093272,1.0093272,1.0093272,1.0093272,0.9107313,0.86941695,0.8507632,0.8461076,0.8461076,0.9808165,0.96162313,0.92498755,0.9077958,0.90619797,0.9317801,0.90206844,0.8656931,0.86275524,0.86848986,1.0,1.0,1.0,1.0,1.0,0.90539986,0.9333345,0.9411772,0.942855,0.942855,1.0,1.0,1.0,1.0,1.0,0.2,0.1,0.35,0.2,0.6,0.8,0.9,0.65,0.8,0.4,0.6301582,0.4139531,0.7473077,0.6753291,0.4239542,-0.0640375,0.16206108,0.11807925,0.12386864,0.093352064,1.0,0.9,0.65,0.56666666,0.51666665,0.0,0.1,0.3,0.36666667,0.41666666,1.0,0.8,0.35,0.2,0.1,1.0,0.9800129,0.8607532,0.72260433,0.6044475,0.0,0.019987117,0.1392468,0.27739564,0.39555252,1.0,0.9600258,0.72150636,0.44520873,0.20889497,0.8114244,0.755758,0.51088846,0.47505346,0.39784306,0.23982394,0.18978186,0.29389766,0.24902892,0.20477982,0.5839373,0.6742005,1.1413934,1.1321859,1.3122042,0.7130989,0.6730766,0.63293666,0.5749663,0.56140345,0.28690115,0.32692337,0.36706334,0.42503372,0.43859655,0.42619774,0.34615323,0.2658733,0.1499326,0.12280694
SH600025,-0.12856462268780017,0.0,,2026-03-12,0.0,0.017013237,0.0,0.005671079,0.33333334,0.011342158,0.6666667,0.005671079,0.33333334,1.0,1.005671,0.98865783,0.9974164,0.9547199,0.87643903,0.8618573,0.8718342,0.88948584,0.9861858,0.9554874,0.9100921,0.89227426,0.8829752,0.01153745,0.038020045,0.05359409,0.050493103,0.03747336,0.0069071413,0.012232846,0.008380314,0.0048306426,0.0009677159,0.89601845,0.9489453,0.8557657,0.70932853,0.20339973,-4.5670973e-08,-0.010535174,0.01029489,0.037681416,0.08847717,1.005671,1.005671,1.005671,1.005671,1.005671,0.9502679,0.8743062,0.8507572,0.83752316,0.83752316,0.99754417,0.98342294,0.9751343,0.9473523,0.8902533,0.9788182,0.92386806,0.86477363,0.857713,0.86032236,1.0,1.0,1.0,1.0,1.0,0.8976398,0.95682955,0.9633921,0.96627325,0.96627325,1.0,1.0,1.0,1.0,1.0,0.2,0.1,0.35,0.2,0.6,0.8,0.9,0.65,0.8,0.4,-0.7120742,0.15648772,0.8104113,0.72143435,0.63441426,0.9804299,0.8940412,0.5999498,0.5142904,0.34544918,0.8,0.9,0.7,0.56666666,0.51666665,0.0,0.0,0.25,0.36666667,0.43333334,0.8,0.9,0.45,0.2,0.083333336,1.0,1.0,0.894737,0.7774089,0.6558441,0.0,0.0,0.10526299,0.2225911,0.34415588,1.0,1.0,0.789474,0.5548178,0.3116882,1.3377665,1.3734806,0.9339614,0.8699409,0.7300924,0.30664983,0.34543455,0.5181171,0.43401673,0.36290872,1.0503296,0.76431966,1.1767529,1.2546227,1.4519559,0.4061603,0.55108136,0.5293714,0.5132738,0.50859404,0.5938397,0.44891864,0.4706286,0.4867262,0.49140596,-0.18767944,0.10216273,0.05874282,0.026547587,0.017188082
SH601225,-0.12882114221712362,0.0,,2026-03-12,0.03769911,0.06101821,0.6178338,0.0069957096,0.11464954,0.016323388,0.26751664,0.04702679,0.77070093,0.9636705,1.0067415,0.9479401,0.9877801,0.94344085,0.8696774,0.84946233,0.80451614,0.8348387,0.9555699,0.94311833,0.9008065,0.8719068,0.8465663,0.02602708,0.027471237,0.04923997,0.05890861,0.04952177,0.013118269,0.0069221263,0.0078520505,0.0061925435,0.0021195018,0.63510007,0.5820148,0.8900177,0.8564111,0.55869544,0.01819353,0.025732124,0.024599047,0.038301285,0.09090837,1.0067415,1.0067415,1.0067415,1.0067415,1.0067415,0.91051507,0.86355996,0.81265104,0.7729955,0.7729955,0.96163446,0.95204306,0.9462366,0.9401721,0.8724301,0.93836564,0.9333764,0.8614624,0.8206452,0.81002146,1.0,1.0,1.0,1.0,1.0,0.9299407,0.952916,0.9652659,0.9711586,0.9711586,1.0,1.0,1.0,1.0,1.0,0.6,0.1,0.1,0.3,0.65,0.4,0.9,0.9,0.7,0.35,0.4640143,0.40243533,0.62155926,0.08133419,0.3768281,0.57026774,0.68692285,0.671765,0.6376972,0.5732323,0.6,0.6,0.6,0.6,0.48333332,0.4,0.4,0.4,0.4,0.5,0.2,0.2,0.2,0.2,-0.016666668,0.78279614,0.8598576,0.738745,0.67886657,0.6052055,0.21720386,0.14014237,0.26125503,0.32113343,0.3947945,0.5655923,0.71971524,0.47748992,0.35773313,0.21041098,0.8772764,0.8694802,0.6755909,0.7778385,0.601676,0.403292,0.3500737,0.3227183,0.37473658,0.33148867,0.93701166,1.0695552,1.1746731,1.5120203,1.8852067,0.59898263,0.5895193,0.43038976,0.5173887,0.52095246,0.40101737,0.41048068,0.56961024,0.48261133,0.4790475,0.19796526,0.17903866,-0.13922046,0.03477735,0.041904982
SZ300498,-0.12997892507486866,0.0,,2026-03-12,0.016811557,0.041739114,0.40277708,0.006376779,0.15277708,0.018550776,0.44444585,0.028985552,0.69444585,0.9834664,1.0062714,0.96522236,0.9908292,0.9167545,0.8912013,0.9133298,0.8912013,0.9739199,0.9743941,0.9453372,0.91908586,0.90931684,0.93234104,0.016280206,0.032976143,0.036191866,0.033242453,0.036315445,0.0092729125,0.010334642,0.00482839,0.0027747145,-0.0009639284,0.8110592,0.9003318,0.6229466,0.5399483,0.21488528,0.0070600803,0.008156922,0.035044417,0.050449826,0.09609483,1.0062714,1.0062714,1.0062714,1.0062714,1.0062714,0.91175073,0.8906942,0.8739565,0.8633271,0.8633271,0.9822971,0.9728135,0.958588,0.9202318,0.96728134,0.9639621,0.91564804,0.89014757,0.8852476,0.89446783,1.0,1.0,1.0,1.0,1.0,0.93365103,0.94573885,0.95260286,0.95612735,0.95612735,1.0,1.0,1.0,1.0,1.0,0.2,0.1,0.45,0.16666667,0.5833333,0.8,0.9,0.55,0.8333333,0.41666666,-0.07047546,0.22550924,0.69095874,0.4608437,-0.23666465,0.9547688,0.92502344,0.7978927,0.6644702,0.19986363,0.8,0.7,0.5,0.53333336,0.53333336,0.2,0.3,0.5,0.46666667,0.45,0.6,0.4,0.0,0.06666667,0.083333336,0.93888867,0.85299116,0.7003653,0.6722267,0.5223476,0.06111131,0.14700885,0.29963467,0.32777324,0.4776524,0.8777774,0.7059823,0.40073067,0.3444535,0.04469523,0.958123,0.86638457,0.6291078,0.65280306,0.5413675,0.40186515,0.3017213,0.32751322,0.28119567,0.26825637,0.9148804,0.9416143,1.3223671,1.1986717,1.4921311,0.5989164,0.5633318,0.5280126,0.53518915,0.53373694,0.40108356,0.43666825,0.47198746,0.46481085,0.46626303,0.19783285,0.12666352,0.056025118,0.07037831,0.067473926
SH601669,-0.13260820283314834,0.125,,2026-03-12,0.00925922,0.061728403,0.14999935,0.016975299,0.2749998,0.035493884,0.5750008,0.027777806,0.4500004,0.9908257,1.0168196,0.9556575,0.98339576,0.8794084,0.86803186,0.86803186,0.92377704,0.81001145,0.9426621,0.9054608,0.8770762,0.87796736,0.84988624,0.042251356,0.048916142,0.045180976,0.03887934,0.048316833,0.024687154,0.014127625,0.006269086,0.0014846481,0.00200634,0.8534945,0.76461947,0.67385316,0.11300848,0.52591074,0.007963578,0.030964935,0.063367456,0.10050522,0.09092673,1.0168196,1.0168196,1.0168196,1.0168196,1.0168196,0.8760966,0.84288764,0.83162683,0.83162683,0.78565985,0.97997725,0.93219566,0.9067122,0.9067122,0.88395905,0.91012514,0.8712173,0.84505117,0.8484642,0.80318546,1.0,1.0,1.0,1.0,1.0,0.8804775,0.903298,0.9091781,0.9091781,0.92723835,1.0,1.0,1.0,1.0,1.0,0.2,0.4,0.35,0.56666666,0.11666667,0.8,0.6,0.65,0.43333334,0.8833333,0.97757274,0.97339535,0.9396255,0.90228647,0.92227715,0.9444523,0.79427063,0.6403836,0.56206894,0.6514138,0.8,0.7,0.55,0.5,0.48333332,0.2,0.3,0.45,0.5,0.5,0.6,0.4,0.1,0.0,-0.016666668,0.9568967,0.8536585,0.73200005,0.59654176,0.6310832,0.0431033,0.14634149,0.26799995,0.4034582,0.3689168,0.9137934,0.70731705,0.4640001,0.19308357,0.26216638,0.622954,0.41828036,0.28058624,0.27205232,0.21402013,0.28330302,0.2889387,0.24731168,0.2046372,0.20855811,0.8994688,1.316211,1.7496521,1.7644172,2.2484388,0.8688106,0.8526025,0.76575124,0.62350273,0.61432534,0.13118939,0.1473975,0.23424876,0.37649724,0.38567466,0.7376212,0.70520496,0.5315025,0.24700549,0.22865072
SH600905,-0.13688195866720468,0.0,,2026-03-12,-0.0044345297,0.022172935,-0.19999741,0.0022173603,0.10000301,0.015521045,0.6999996,0.008869154,0.39999914,1.0044543,1.0066816,0.9844098,0.9971965,0.9473684,0.9136842,0.9157894,0.9242105,0.93473685,0.97810525,0.9576842,0.9354737,0.9302456,0.926,0.02139721,0.026228162,0.02910955,0.025061108,0.018422,0.013052653,0.008255183,0.0043387427,0.0019024652,0.00046662067,0.9303005,0.90809035,0.7775438,0.44661635,0.1956835,-0.0042105443,0.0051674857,0.023308285,0.04216867,0.060234714,1.0066816,1.0066816,1.0066816,1.0066816,1.0066816,0.94043624,0.9127986,0.90724456,0.9050154,0.9050154,1.0,0.9781053,0.95452625,0.9406315,0.93052626,0.96336836,0.9364211,0.91326314,0.91326314,0.9157894,0.9,0.95,0.975,0.98333335,0.9916667,0.89913964,0.9288314,0.9328065,0.9342798,0.9342798,1.0,1.0,1.0,1.0,1.0,0.2,0.1,0.35,0.3,0.65,0.8,0.9,0.65,0.7,0.35,0.9314013,0.9140961,0.9193724,0.87321186,0.7633926,0.82258743,0.7886547,0.6048619,0.57626224,0.4974902,0.8,0.8,0.6,0.5,0.4,0.0,0.1,0.3,0.36666667,0.41666666,0.8,0.7,0.3,0.13333334,-0.016666668,1.0,0.9767439,0.87037104,0.75714326,0.6347826,0.0,0.02325611,0.12962896,0.24285671,0.36521742,1.0,0.95348775,0.7407421,0.5142866,0.26956517,0.7565535,0.5969857,0.38054362,0.34678853,0.2561915,0.30519888,0.2653653,0.2889713,0.2406764,0.19780119,1.3364257,1.4164023,2.0385683,2.2292974,2.6060174,0.7326989,0.7705497,0.6936155,0.65265906,0.6092649,0.26730105,0.22945027,0.30638447,0.34734094,0.3907351,0.46539786,0.5410994,0.38723102,0.30531815,0.21852982
SH601088,-0.14404289349604457,0.0,,2026-03-12,0.020932604,0.043523274,0.48095196,0.01119171,0.2571431,0.01139896,0.26190493,0.021139855,0.48571378,0.9794966,1.0109622,0.96833134,0.9961611,0.93142295,0.84916073,0.8611826,0.81362474,0.8303342,0.96245277,0.93757755,0.8967451,0.87505674,0.85098547,0.028535845,0.038963698,0.050139237,0.05219175,0.04494066,0.013677595,0.011317471,0.00756672,0.005178848,0.0019571779,0.5743519,0.7733746,0.79712766,0.7630698,0.5784709,0.010192037,0.011493864,0.031371094,0.049849983,0.0912778,1.0109622,1.0109622,1.0109622,1.0109622,1.0109622,0.9135152,0.84615666,0.8333234,0.8023227,0.8023189,0.9787691,0.9714653,0.9363829,0.93057615,0.86255866,0.93605024,0.92560107,0.85496753,0.8392712,0.8169364,1.0,1.0,1.0,1.0,1.0,0.88750565,0.9334838,0.93828917,0.94745845,0.94745946,1.0,1.0,1.0,1.0,1.0,0.2,0.1,0.1,0.3,0.1,0.8,0.9,0.9,0.7,0.9,0.60826164,0.47938523,0.7635903,0.4162552,0.5758257,0.7776185,0.83444655,0.69945824,0.7027753,0.55552816,0.6,0.7,0.55,0.56666666,0.51666665,0.4,0.3,0.45,0.43333334,0.48333332,0.2,0.4,0.1,0.13333334,0.033333335,0.7403287,0.8218781,0.70518553,0.67025834,0.6130365,0.25967124,0.17812191,0.29481447,0.32974166,0.38696352,0.48065752,0.6437562,0.4103711,0.34051672,0.22607298,0.93779933,1.0104549,0.72069484,0.7711284,0.6027127,0.37985712,0.40580603,0.41354033,0.38655984,0.33300546,0.796033,0.9585734,1.3229487,1.2896751,1.6795844,0.5209896,0.58359253,0.45308337,0.5245813,0.52361465,0.4790104,0.41640747,0.5469166,0.4754187,0.47638538,0.041979175,0.1671851,-0.09383327,0.04916263,0.047229234
SZ000975,-0.1638028704365766,0.125,,2026-03-12,-0.0009091229,0.03999995,-0.0227281,0.018181767,0.45454475,0.02090906,0.52272713,0.0018181691,0.045454286,1.0009099,1.0191083,0.9790719,0.998065,0.93995035,0.93054867,0.9493521,1.0551971,0.6636339,0.975131,0.97003585,0.9466529,0.984041,0.8820228,0.033572532,0.033135854,0.034471374,0.07770144,0.13091013,0.01977392,0.0031063312,0.0040954337,-0.0043153604,0.00552246,0.8672759,0.080558375,0.49402696,0.23904392,0.54277337,-0.014678812,0.015985658,0.014440494,0.078531735,-0.044935375,1.0221409,1.0294185,1.0294185,1.2826957,1.2826957,0.8953626,0.8953626,0.85836244,0.85836244,0.6463463,1.0010918,1.0010918,0.96688175,1.0362724,0.9884753,0.951475,0.93988967,0.92266333,0.9257568,0.7508575,0.8,0.8,0.9,0.7,0.8333333,0.8253573,0.7805504,0.82801837,0.33378854,0.55575407,0.8,0.2,0.6,0.2,0.6,0.4,0.7,0.1,0.4,0.016666668,0.4,-0.5,0.5,-0.2,0.5833333,-0.27656677,0.30379888,0.31570062,0.41793197,0.3280649,0.51971495,0.7559154,0.61483306,0.3345558,0.323683,0.6,0.5,0.4,0.43333334,0.55,0.4,0.5,0.6,0.56666666,0.45,0.2,0.0,-0.2,-0.13333334,0.1,0.79640734,0.6224598,0.5563808,0.47249246,0.60190445,0.20359263,0.37754017,0.4436192,0.52750754,0.39809558,0.59281474,0.24491966,0.11276162,-0.055015102,0.20380886,1.3777913,1.8913208,1.6740229,1.9403611,1.7274852,0.29427564,0.96191126,0.7393809,1.004525,0.7951508,0.72152966,1.5196466,1.6572106,1.3108274,1.2534497,0.37641475,0.5114981,0.4209192,0.4815018,0.4950068,0.6235852,0.48850188,0.5790808,0.51849824,0.5049932,-0.2471705,0.022996247,-0.15816158,-0.036996447,-0.009986402
SH600803,-0.1650885790365083,0.0,,2026-03-12,0.03003696,0.05175608,0.5803562,0.006931651,0.13392922,0.014787468,0.2857146,0.037892777,0.73214155,0.97083896,1.0067295,0.9564827,0.9854482,0.9704188,0.8878555,0.87933517,0.87981516,0.96591866,0.96727467,0.98131526,0.9301212,0.91201645,0.92401695,0.02164675,0.046540096,0.062060673,0.057020262,0.05178649,0.006414257,-0.0015091518,0.007524301,0.0045422157,-0.00059670943,0.21950649,0.009638794,0.51447874,0.49178898,0.040494185,0.019896794,0.025475927,-0.001602068,0.022121392,0.09358597,1.0323248,1.1013998,1.1013998,1.1013998,1.1013998,0.92242664,0.8883263,0.8551283,0.8551283,0.8551283,0.9824313,1.0063722,0.9785791,0.9592824,0.974823,0.95347416,0.95347416,0.87835115,0.87385094,0.87915516,1.0,0.8,0.9,0.93333334,0.9166667,0.7058658,0.52410907,0.5882603,0.5882603,0.5882603,0.4,0.4,0.7,0.8,0.9,0.8,0.1,0.35,0.56666666,0.78333336,-0.4,0.3,0.35,0.23333333,0.11666667,0.48238376,0.863588,0.9307788,0.88395405,0.45071262,0.78952825,0.766008,0.71884954,0.70175654,0.38550654,0.6,0.6,0.5,0.5,0.45,0.4,0.4,0.5,0.5,0.53333336,0.2,0.2,0.0,0.0,-0.083333336,0.6230654,0.63355726,0.6164447,0.59595674,0.5179383,0.3769346,0.36644274,0.38355526,0.40404326,0.48206165,0.24613081,0.2671145,0.23288946,0.19191346,0.03587668,1.0254655,1.1883527,0.7297195,0.6275095,0.47087184,0.3822315,0.5469922,0.60734344,0.51548994,0.40670013,0.64767414,1.1196567,1.7028755,1.9878086,2.4758236,0.44986963,0.5698291,0.5502628,0.5451175,0.5314716,0.55013037,0.43017086,0.4497372,0.45488247,0.4685284,-0.100260735,0.13965827,0.10052564,0.09023505,0.06294323
SH601898,-0.1733823912894826,0.0,,2026-03-12,0.054466177,0.091503285,0.5952374,0.018518554,0.2023813,0.018518554,0.2023813,0.054466177,0.5952374,0.94834715,1.017562,0.9307851,0.98726875,0.9055202,0.7530078,0.72717625,0.67799014,0.6935598,0.92547774,0.8963199,0.8226469,0.7778368,0.7261265,0.050095186,0.056716796,0.085697226,0.09548783,0.08580083,0.0195329,0.01456604,0.013339613,0.009954995,0.0038846799,0.38008565,0.604604,0.84804904,0.8423404,0.6252121,0.03545646,0.0381329,0.050626796,0.077815786,0.15927546,1.017562,1.017562,1.017562,1.017562,1.017562,0.8490648,0.7503874,0.7107885,0.6480849,0.6366708,0.95187545,0.92795473,0.90410477,0.8895259,0.7631281,0.8894551,0.8651098,0.7442322,0.6958245,0.6666667,1.0,1.0,1.0,1.0,1.0,0.89577264,0.93426764,0.9427525,0.9524679,0.9538923,1.0,1.0,1.0,1.0,1.0,0.6,0.1,0.1,0.26666668,0.31666666,0.4,0.9,0.9,0.73333335,0.68333334,0.54933304,0.56642544,0.6617411,0.59477997,0.7300719,0.52601624,0.6524817,0.69891036,0.6930941,0.5555136,0.6,0.7,0.6,0.6333333,0.51666665,0.4,0.3,0.4,0.36666667,0.48333332,0.2,0.4,0.2,0.26666668,0.033333335,0.6816327,0.77830946,0.7372308,0.6999122,0.642247,0.3183673,0.22169057,0.26276922,0.30008784,0.35775295,0.36326542,0.55661887,0.47446156,0.39982432,0.28449407,0.79828936,0.8015038,0.621564,0.5736085,0.39083838,0.22278266,0.28871712,0.30294052,0.27105537,0.2720458,0.56883126,0.72064257,1.1250405,1.1369294,1.5974574,0.6679186,0.6312738,0.5466517,0.5630789,0.54188085,0.33208135,0.36872622,0.45334825,0.4369211,0.45811915,0.33583727,0.26254758,0.09330348,0.12615779,0.08376168
SZ002001,-0.20706928931576238,0.0,,2026-03-12,0.008209369,0.04617748,0.17777863,0.02283216,0.49444363,0.0151359495,0.3277777,0.0005131575,0.0111127235,0.99185747,1.0226463,0.9768448,1.0017164,0.85470694,0.79033047,0.70483583,0.6994911,0.62595284,0.9504855,0.8945302,0.8268462,0.78597254,0.71239716,0.03831977,0.06632632,0.08427255,0.09039098,0.09892508,0.021551456,0.021104464,0.013308415,0.009320828,0.0051331567,0.79076505,0.9280863,0.8728679,0.82406324,0.8212134,0.006411559,0.01049975,0.04672387,0.07887545,0.13617471,1.0226463,1.0226463,1.0226463,1.0226463,1.0226463,0.8480943,0.7872763,0.69567466,0.66157854,0.6058505,0.9871769,0.93572783,0.9216314,0.8562337,0.7707413,0.9231581,0.8432573,0.7586272,0.71073955,0.6286519,1.0,1.0,1.0,1.0,1.0,0.8702607,0.90378445,0.9307394,0.93727976,0.94566584,1.0,1.0,1.0,1.0,1.0,0.2,0.1,0.05,0.3,0.1,0.8,0.9,0.95,0.7,0.9,0.007697193,0.06424775,0.60314584,0.6896806,0.82380825,0.9565804,0.8929438,0.7321118,0.46474758,0.4277571,0.8,0.8,0.8,0.76666665,0.65,0.2,0.2,0.2,0.23333333,0.31666666,0.6,0.6,0.6,0.53333336,0.33333334,0.9830792,0.9282764,0.8861464,0.797776,0.77040815,0.01692078,0.0717236,0.11385357,0.202224,0.22959185,0.96615845,0.8565528,0.77229285,0.595552,0.5408163,1.001755,1.0284431,0.8440339,0.7458067,0.5277788,0.15883626,0.27341715,0.30475718,0.29088718,0.31854978,1.1621194,1.0359992,1.2117916,1.3019011,1.69988,0.62225777,0.5347324,0.5596106,0.5461463,0.5456214,0.37774223,0.46526757,0.4403894,0.4538537,0.4543786,0.24451552,0.06946484,0.11922123,0.09229259,0.0912428
SZ002648,-0.2073867715774032,0.0,,2026-03-12,0.024647858,0.083098575,0.29660988,0.031690184,0.3813565,0.026760537,0.32203364,0.019718213,0.23728701,0.97594506,1.0309279,0.9498282,0.9944677,0.840561,0.7962165,0.77904487,0.7113375,0.5752613,0.94578123,0.8852679,0.8336857,0.81740886,0.71437097,0.0401894,0.0703532,0.07240458,0.06637022,0.11764699,0.015840705,0.020724084,0.010748507,0.005488169,0.006399515,0.38838822,0.79541606,0.7713159,0.52991986,0.9024691,0.02253736,0.021473696,0.06420347,0.10301268,0.096843325,1.0309279,1.0309279,1.0309279,1.0309279,1.0309279,0.8350603,0.7903812,0.7426205,0.7099809,0.556716,0.96784765,0.95348066,0.8989073,0.84221196,0.80674165,0.91829085,0.8169229,0.7798016,0.76893777,0.59209424,1.0,1.0,1.0,1.0,1.0,0.842098,0.8714267,0.892726,0.90363556,0.9347805,1.0,1.0,1.0,1.0,1.0,0.2,0.1,0.1,0.033333335,0.1,0.8,0.9,0.9,0.96666664,0.9,0.023392871,0.79983383,0.865967,0.6058244,0.73358214,0.37823284,0.50325173,0.49365622,0.32587472,0.38520685,0.8,0.7,0.6,0.6666667,0.6166667,0.2,0.3,0.4,0.33333334,0.35,0.6,0.4,0.2,0.33333334,0.26666668,0.78640676,0.75849104,0.7078087,0.68056935,0.69872004,0.21359326,0.24150893,0.2921913,0.31943068,0.30127996,0.5728135,0.51698214,0.41561738,0.36113864,0.39744008,1.1074328,0.84209996,0.6390416,0.6812269,0.5425981,0.26845348,0.34907284,0.3254038,0.29469022,0.2877638,0.29658055,0.703784,1.078155,1.1286949,1.4402766,0.6359811,0.64113325,0.59009355,0.53326494,0.5378794,0.36401895,0.35886675,0.40990648,0.46673506,0.4621206,0.2719621,0.2822665,0.18018706,0.06652988,0.07575884
SH600674,-0.2106606137895914,0.0,,2026-03-12,0.022655753,0.030207671,0.75,0.002517268,0.08333208,0.0050346497,0.16666792,0.025173135,0.8333358,0.97784615,1.0024616,0.97292304,0.9892794,0.9341583,0.8713836,0.85968626,0.8701351,0.88983876,0.9739076,0.9462112,0.9055325,0.88873327,0.8805768,0.020412056,0.034791376,0.048265647,0.046144187,0.03456468,0.012061021,0.011279544,0.007500861,0.0044116643,0.00082625315,0.87284,0.9634992,0.8453061,0.70839024,0.17428537,0.0019703782,0.0030308277,0.023209373,0.047297623,0.095048755,1.0024616,1.0024616,1.0024616,1.0024616,1.0024616,0.9298474,0.8707713,0.85168874,0.83198726,0.83198726,0.98473644,0.97501487,0.9490473,0.93464684,0.88983876,0.96603155,0.92047435,0.8643543,0.8560006,0.85881776,1.0,1.0,1.0,1.0,1.0,0.9661016,0.9813084,0.9836741,0.98556083,0.98556083,1.0,1.0,1.0,1.0,1.0,0.2,0.1,0.35,0.2,0.6,0.8,0.9,0.65,0.8,0.4,0.26016018,-0.07987452,0.75724113,0.6858481,0.5720746,0.9735816,0.85518736,0.61825407,0.50351316,0.27897403,0.8,0.8,0.6,0.5,0.45,0.2,0.2,0.35,0.46666667,0.48333332,0.6,0.6,0.25,0.033333335,-0.033333335,0.9734583,0.96874374,0.8455884,0.74601555,0.6318457,0.026541688,0.031256262,0.1544116,0.25398448,0.36815426,0.94691664,0.9374875,0.69117683,0.49203104,0.26369146,1.0452662,1.0894219,0.7190005,0.64383674,0.50184065,0.3930266,0.32752764,0.4491989,0.38886273,0.32204717,1.1719886,0.8838983,1.3021278,1.4110775,1.6489086,0.5678426,0.5842813,0.5503532,0.53746253,0.5393165,0.43215743,0.41571867,0.4496468,0.46253744,0.46068352,0.13568518,0.16856265,0.100706406,0.0749251,0.07863293
SZ300394,-0.2238073588915138,0.125,,2026-03-12,0.009184237,0.06703928,0.13699783,0.008338407,0.1243809,0.049516637,0.73862123,0.050362468,0.75123817,0.9908993,1.0082625,0.9418333,0.9746797,1.002275,1.0837625,0.7982875,0.56499124,0.7091967,0.9791406,1.0055624,0.96309465,0.8678146,0.745175,0.03862365,0.048201818,0.09665623,0.16497426,0.17178042,0.013878653,-0.0093086315,0.009708369,0.016588513,0.0077033667,0.32279593,0.34186625,0.3531026,0.7835816,0.6133574,-0.0068978635,0.036326367,-0.055324182,-0.108348064,0.027575653,1.031135,1.1643528,1.1643528,1.1643528,1.1643528,0.87414676,0.87414676,0.72362673,0.5568205,0.54595405,1.003856,1.0249797,1.0274465,1.0074959,0.9708542,0.95705914,0.9860384,0.8861823,0.7052822,0.5982646,0.8,0.4,0.55,0.7,0.85,0.801673,0.43366855,0.6270862,0.7294748,0.73422843,0.8,0.2,0.6,0.73333335,0.8666667,0.4,0.7,0.1,0.033333335,0.48333332,0.4,-0.5,0.5,0.7,0.38333333,-0.15696503,0.36626643,-0.12181945,-0.49680305,0.054316644,0.0824133,-0.05152692,0.46465513,0.49439293,0.45453393,0.4,0.4,0.5,0.56666666,0.5,0.6,0.6,0.5,0.43333334,0.5,-0.2,-0.2,0.0,0.13333334,0.0,0.494857,0.37987223,0.6061969,0.6638699,0.58133733,0.505143,0.62012774,0.39380312,0.3361301,0.41866264,-0.01028597,-0.24025552,0.21239378,0.32773978,0.16267473,0.9617534,1.0444394,1.0930567,1.2378458,1.1453879,0.13067928,0.22436433,0.23525783,0.32628313,0.31474414,0.91139835,0.94336,1.156029,1.0039445,1.1912049,0.5568939,0.4459632,0.47335988,0.519496,0.4656038,0.4431061,0.5540368,0.5266401,0.48050398,0.5343962,0.11378777,-0.108073585,-0.053280234,0.038992018,-0.068792395
SZ002384,-0.23616042923043237,0.125,,2026-03-12,0.030257342,0.07635025,0.39629656,0.0,0.0,0.04609291,0.60370344,0.07635025,1.0,0.9706313,1.0,0.92589206,0.95732206,0.848128,0.7858203,0.6673343,0.6825251,0.689475,0.94391584,0.89204985,0.7981847,0.76203424,0.74984133,0.055663124,0.070184626,0.110759296,0.10407222,0.07783897,0.031345695,0.02154276,0.018092351,0.010233908,0.0017681572,0.7927946,0.8636348,0.93389416,0.74940234,0.15737925,-0.006607222,0.011007721,0.029937958,0.08957413,0.19799803,1.0215033,1.0215033,1.0215033,1.0215033,1.0215033,0.79770714,0.7685226,0.61463773,0.61463773,0.61463773,0.99092656,0.9647969,0.878389,0.86829233,0.78574306,0.8937005,0.84507054,0.700882,0.68200874,0.69412035,1.0,1.0,1.0,1.0,1.0,0.9039158,0.9150003,0.9471489,0.9471489,0.9471489,0.8,0.9,0.95,0.96666664,0.98333335,0.4,0.2,0.05,0.36666667,0.68333334,0.4,0.7,0.9,0.6,0.3,-0.48185048,0.105397195,0.5819923,0.6707338,0.50911427,-0.06815575,0.28107336,0.27961078,0.30503172,0.43146235,0.8,0.7,0.75,0.7,0.5833333,0.2,0.3,0.25,0.3,0.41666666,0.6,0.4,0.5,0.4,0.16666667,0.8589926,0.8324282,0.8059569,0.72621137,0.6176041,0.14100741,0.16757178,0.19404311,0.27378863,0.38239595,0.71798515,0.66485643,0.61191374,0.4524227,0.23520812,1.1173576,1.1055084,0.9768677,0.8415045,0.7640509,0.065970466,0.15928635,0.23421656,0.2792694,0.29347694,0.6838095,0.7998674,0.9319501,1.0419428,1.1144722,0.5247752,0.40027443,0.54205894,0.553768,0.50302523,0.4752248,0.5997256,0.45794106,0.44623202,0.49697477,0.04955041,-0.19945118,0.08411786,0.10753598,0.006050492
SH600989,-0.244905491109572,0.0,,2026-03-12,0.012912951,0.072072074,0.1791672,0.026126089,0.36249948,0.033033032,0.45833334,0.019819897,0.27500105,0.98725164,1.0257931,0.95463973,0.9925247,0.8061477,0.6983143,0.6683193,0.64204264,0.5490828,0.91204756,0.85004956,0.76994294,0.7384895,0.6553214,0.06259762,0.084374234,0.10129642,0.094396666,0.11015384,0.033837385,0.025457852,0.015684538,0.008847709,0.0057750572,0.7304962,0.83451706,0.83911866,0.6808477,0.8383264,0.020277653,0.03539011,0.08105392,0.13321874,0.17431438,1.0257931,1.0257931,1.0257931,1.0257931,1.0257931,0.78445196,0.6910879,0.641842,0.64051133,0.5164778,0.95557755,0.9157164,0.85071886,0.8139811,0.70629644,0.8565195,0.79524046,0.6877045,0.6697075,0.5534953,1.0,1.0,1.0,1.0,1.0,0.89312625,0.92293805,0.9328221,0.9330541,0.94935745,1.0,1.0,1.0,1.0,1.0,0.2,0.1,0.1,0.26666668,0.1,0.8,0.9,0.9,0.73333335,0.9,0.13703609,0.61024183,0.86863303,0.79499763,0.8668398,0.49766928,0.5758703,0.4893062,0.3579134,0.36073533,0.8,0.8,0.75,0.73333335,0.68333334,0.2,0.2,0.25,0.26666668,0.31666666,0.6,0.6,0.5,0.46666667,0.36666667,0.8296794,0.80501246,0.7682437,0.725625,0.7144541,0.17032057,0.19498755,0.2317563,0.27437505,0.28554592,0.65935886,0.61002487,0.5364874,0.45124993,0.4289082,0.9939272,0.9147974,0.5663724,0.50119686,0.34118256,0.15948755,0.29399455,0.41145656,0.35008517,0.30230415,0.29621866,0.59383,1.1807107,1.3250247,1.8033937,0.56291085,0.66641957,0.6332711,0.60376865,0.57717055,0.43708915,0.33358043,0.3667289,0.39623135,0.42282945,0.12582172,0.3328391,0.2665422,0.20753731,0.15434112
SH600438,-0.2933125432808655,0.0,,2026-03-12,0.049382795,0.10037579,0.49197918,0.017176552,0.17112246,0.03381644,0.33689836,0.06602268,0.6577551,0.9529411,1.0163683,0.92071605,0.96609104,,,1.0005244,0.9457867,1.1197208,0.9762212,0.9762212,0.95295066,0.96379733,1.0272864,0.03362832,0.03362832,0.022997798,0.031899307,0.06683245,0.047557626,0.047557626,0.0013847947,-0.0009857016,-0.003688891,1.0,1.0,0.16215175,0.060556643,0.7190309,0.0,0.0,0.029739436,0.054438166,0.098504715,1.0163683,1.0163683,1.0163683,1.0486184,1.1611618,0.92071605,0.92071605,0.92070985,0.90999126,0.90999126,0.99048847,0.99048847,0.9665685,0.997967,1.0891049,0.9619539,0.9619539,0.93750954,0.93791294,0.95408815,1.0,1.0,1.0,0.85,0.4,0.8288775,0.8288775,0.82888865,0.64928615,0.35835722,0.2,0.1,0.45,0.6333333,0.81666666,0.2,0.1,0.45,0.6333333,0.81666666,0.0,0.0,0.0,0.0,0.0,1.0,1.0,0.5612475,0.63576245,0.07446799,,,0.24435617,0.60732955,0.42390713,0.2,0.1,0.2,0.3,0.41666666,0.0,0.0,0.25,0.33333334,0.38333333,0.2,0.1,-0.05,-0.033333335,0.033333335,1.0,1.0,0.4419782,0.52976614,0.43709922,0.0,0.0,0.55802184,0.4702339,0.5629008,1.0,1.0,-0.11604364,0.05953225,-0.12580153,0.93230975,0.93230975,0.44062558,0.48105854,0.44089738,0.0957285,0.0957285,0.29056448,0.2446122,0.19276638,,,1.3264039,1.2008064,1.2057565,1.0,1.0,0.36288074,0.51029307,0.5067314,0.0,0.0,0.6371193,0.48970693,0.4932686,1.0,1.0,-0.27423856,0.020586118,0.013462762
SH600938,-0.29412576952426417,0.0,,2026-03-12,0.008916003,0.037541028,0.23750022,0.0058657504,0.15624905,0.022759277,0.6062507,0.025809528,0.6875019,0.9911628,1.005814,0.9686046,0.9913552,0.9673226,0.82487816,0.79093695,0.7105975,0.66365767,0.974833,0.9599386,0.8871908,0.8540832,0.7621502,0.028897816,0.0536804,0.08518712,0.08632625,0.11145837,0.007943666,0.009662615,0.01296575,0.008484161,0.0058489246,0.18890867,0.29700878,0.8108033,0.74857247,0.839898,0.009279658,-0.00342038,-0.010365454,0.022896491,0.06530652,1.0357448,1.0357448,1.0357448,1.0357448,1.0357448,0.9077095,0.8205988,0.76087534,0.7165361,0.63609904,1.001661,1.001661,0.97620505,0.95591265,0.83650476,0.95078534,0.9368839,0.7994584,0.78505147,0.6599025,0.8,0.8,0.9,0.93333334,0.96666664,0.720821,0.83385813,0.8699573,0.88802075,0.9105589,0.4,0.7,0.85,0.9,0.95,0.6,0.1,0.1,0.033333335,0.16666667,-0.2,0.6,0.75,0.8666667,0.78333336,0.629741,0.86978596,0.94391453,0.7878415,0.7682011,0.82366455,0.7558064,0.79625344,0.7688371,0.53167593,0.6,0.6,0.55,0.56666666,0.55,0.4,0.4,0.45,0.43333334,0.41666666,0.2,0.2,0.1,0.13333334,0.13333334,0.5840298,0.70779777,0.66989446,0.66813517,0.6469475,0.41597018,0.2922022,0.33010554,0.33186483,0.35305247,0.16805963,0.41559556,0.3397889,0.33627033,0.29389507,1.0319436,1.1146635,0.72428393,0.6635339,0.48278382,0.25363773,0.4514641,0.51477367,0.43765172,0.3700409,0.7764011,0.9507487,1.3634042,1.3449819,1.7467793,0.46283934,0.58848685,0.5722506,0.5454838,0.54161394,0.53716063,0.41151315,0.42774937,0.45451617,0.45838606,-0.07432132,0.17697369,0.14450124,0.09096764,0.08322787
SH605117,-0.3102064134426204,0.0,,2026-03-12,0.005992015,0.07382744,0.08116244,0.02944219,0.3987974,0.038393233,0.52004015,0.014943059,0.20240521,0.99404365,1.0292668,0.95587915,0.99571174,0.88536483,0.723067,0.66439706,0.6273246,0.62534654,0.9238959,0.89214414,0.7912944,0.7448736,0.69356984,0.06091442,0.06467126,0.11466309,0.11535641,0.09650466,0.03491132,0.017424183,0.018320665,0.011518194,0.0038608501,0.8211686,0.6654165,0.893518,0.7726575,0.48816782,0.006281445,0.029447025,0.034659293,0.08811262,0.19253506,1.0292668,1.0292668,1.0292668,1.0292668,1.0292668,0.83095205,0.71696746,0.62210655,0.6112283,0.60961354,0.97582155,0.9263719,0.8986705,0.88236135,0.713486,0.8758027,0.8511156,0.69349515,0.6481416,0.63530153,1.0,1.0,1.0,1.0,1.0,0.85242236,0.906286,0.92811966,0.9299901,0.9302595,1.0,1.0,1.0,1.0,1.0,0.2,0.1,0.1,0.26666668,0.41666666,0.8,0.9,0.9,0.73333335,0.5833333,0.59065884,0.5559242,0.7688625,0.6357208,0.63500667,0.334119,0.34288645,0.35999966,0.44128254,0.396484,0.6,0.7,0.65,0.6333333,0.5833333,0.4,0.3,0.35,0.36666667,0.41666666,0.2,0.4,0.3,0.26666668,0.16666667,0.7310802,0.8065603,0.7649021,0.723336,0.67481226,0.2689198,0.1934397,0.2350979,0.276664,0.32518777,0.46216038,0.61312056,0.5298042,0.446672,0.34962445,0.6089386,0.5653606,0.41648915,0.4005281,0.34251127,0.25295407,0.20356217,0.21841511,0.19163178,0.15376464,0.5029311,0.5891772,0.9337095,0.9529383,1.2924585,0.7340155,0.6387709,0.6317243,0.59598756,0.5705954,0.2659845,0.36122912,0.36827573,0.40401244,0.42940465,0.46803102,0.2775418,0.26344857,0.19197512,0.14119072
