exp_name,rid,datetime,instrument,score,real_label,error,abs_error
EXP_LGBModel_Alpha158_csi300_expanding_step40_s_20260121_01,0d5b2c317ad04013b1cb76da95b478fc,2026-04-23,SH600000,0.001324857919320133,,,
EXP_LinearModel_Alpha158_csi300_sliding_step40_s_20260111_11,91c306e388e8433fbae734de03637583,2026-04-23,SH601136,-0.011663805693387985,,,
EXP_LinearModel_Alpha158_csi300_sliding_step40_s_20260111_11,91c306e388e8433fbae734de03637583,2026-04-23,SH601138,-0.07508842647075653,,,
EXP_LinearModel_Alpha158_csi300_sliding_step40_s_20260111_11,91c306e388e8433fbae734de03637583,2026-04-23,SH601166,-0.015473582781851292,,,
EXP_LinearModel_Alpha158_csi300_sliding_step40_s_20260111_11,91c306e388e8433fbae734de03637583,2026-04-23,SH601169,0.034351445734500885,,,
EXP_LinearModel_Alpha158_csi300_sliding_step40_s_20260111_11,91c306e388e8433fbae734de03637583,2026-04-23,SH601186,-0.010843714699149132,,,
EXP_LinearModel_Alpha158_csi300_sliding_step40_s_20260111_11,91c306e388e8433fbae734de03637583,2026-04-23,SH601211,-0.06548178195953369,,,
EXP_LinearModel_Alpha158_csi300_sliding_step40_s_20260111_11,91c306e388e8433fbae734de03637583,2026-04-23,SH601127,0.0003961287147831172,,,
EXP_LinearModel_Alpha158_csi300_sliding_step40_s_20260111_11,91c306e388e8433fbae734de03637583,2026-04-23,SH601225,0.07614706456661224,,,
EXP_LinearModel_Alpha158_csi300_sliding_step40_s_20260111_11,91c306e388e8433fbae734de03637583,2026-04-23,SH601236,0.018573053181171417,,,
EXP_LinearModel_Alpha158_csi300_sliding_step40_s_20260111_11,91c306e388e8433fbae734de03637583,2026-04-23,SH601238,-0.020810449495911598,,,
EXP_LinearModel_Alpha158_csi300_sliding_step40_s_20260111_11,91c306e388e8433fbae734de03637583,2026-04-23,SH601288,0.08014039695262909,,,
EXP_LinearModel_Alpha158_csi300_sliding_step40_s_20260111_11,91c306e388e8433fbae734de03637583,2026-04-23,SH601298,0.01004534400999546,,,
EXP_LinearModel_Alpha158_csi300_sliding_step40_s_20260111_11,91c306e388e8433fbae734de03637583,2026-04-23,SH601318,0.032647598534822464,,,
EXP_LinearModel_Alpha158_csi300_sliding_step40_s_20260111_11,91c306e388e8433fbae734de03637583,2026-04-23,SH601319,0.021058741956949234,,,
EXP_LinearModel_Alpha158_csi300_sliding_step40_s_20260111_11,91c306e388e8433fbae734de03637583,2026-04-23,SH601229,0.019104916602373123,,,
EXP_LinearModel_Alpha158_csi300_sliding_step40_s_20260111_11,91c306e388e8433fbae734de03637583,2026-04-23,SH601117,-0.08078745752573013,,,
EXP_LinearModel_Alpha158_csi300_sliding_step40_s_20260111_11,91c306e388e8433fbae734de03637583,2026-04-23,SH601111,0.029224960133433342,,,
EXP_LinearModel_Alpha158_csi300_sliding_step40_s_20260111_11,91c306e388e8433fbae734de03637583,2026-04-23,SH601100,0.07264348864555359,,,
EXP_LinearModel_Alpha158_csi300_sliding_step40_s_20260111_11,91c306e388e8433fbae734de03637583,2026-04-23,SH600930,-0.01707736775279045,,,
EXP_LinearModel_Alpha158_csi300_sliding_step40_s_20260111_11,91c306e388e8433fbae734de03637583,2026-04-23,SH600938,-0.01378276664763689,,,
EXP_LinearModel_Alpha158_csi300_sliding_step40_s_20260111_11,91c306e388e8433fbae734de03637583,2026-04-23,SH600941,-0.004639298655092716,,,
EXP_LinearModel_Alpha158_csi300_sliding_step40_s_20260111_11,91c306e388e8433fbae734de03637583,2026-04-23,SH600989,-0.052736200392246246,,,
EXP_LinearModel_Alpha158_csi300_sliding_step40_s_20260111_11,91c306e388e8433fbae734de03637583,2026-04-23,SH600999,0.024038191884756088,,,
EXP_LinearModel_Alpha158_csi300_sliding_step40_s_20260111_11,91c306e388e8433fbae734de03637583,2026-04-23,SH601006,-0.04222474247217178,,,
EXP_LinearModel_Alpha158_csi300_sliding_step40_s_20260111_11,91c306e388e8433fbae734de03637583,2026-04-23,SH601009,-0.03837704658508301,,,
EXP_LinearModel_Alpha158_csi300_sliding_step40_s_20260111_11,91c306e388e8433fbae734de03637583,2026-04-23,SH601012,-0.022833924740552902,,,
EXP_LinearModel_Alpha158_csi300_sliding_step40_s_20260111_11,91c306e388e8433fbae734de03637583,2026-04-23,SH601018,0.023822788149118423,,,
EXP_LinearModel_Alpha158_csi300_sliding_step40_s_20260111_11,91c306e388e8433fbae734de03637583,2026-04-23,SH601021,-0.012185298837721348,,,
EXP_LinearModel_Alpha158_csi300_sliding_step40_s_20260111_11,91c306e388e8433fbae734de03637583,2026-04-23,SH601058,0.02663341909646988,,,
EXP_LinearModel_Alpha158_csi300_sliding_step40_s_20260111_11,91c306e388e8433fbae734de03637583,2026-04-23,SH601059,0.03221612051129341,,,
EXP_LinearModel_Alpha158_csi300_sliding_step40_s_20260111_11,91c306e388e8433fbae734de03637583,2026-04-23,SH601066,-0.02010585553944111,,,
EXP_LinearModel_Alpha158_csi300_sliding_step40_s_20260111_11,91c306e388e8433fbae734de03637583,2026-04-23,SH601077,0.019937725737690926,,,
EXP_LinearModel_Alpha158_csi300_sliding_step40_s_20260111_11,91c306e388e8433fbae734de03637583,2026-04-23,SH601088,-0.008274197578430176,,,
EXP_LinearModel_Alpha158_csi300_sliding_step40_s_20260111_11,91c306e388e8433fbae734de03637583,2026-04-23,SH601328,0.019840946421027184,,,
EXP_LinearModel_Alpha158_csi300_sliding_step40_s_20260111_11,91c306e388e8433fbae734de03637583,2026-04-23,SH600926,0.08719401061534882,,,
EXP_LinearModel_Alpha158_csi300_sliding_step40_s_20260111_11,91c306e388e8433fbae734de03637583,2026-04-23,SH601336,0.04606863483786583,,,
EXP_LinearModel_Alpha158_csi300_sliding_step40_s_20260111_11,91c306e388e8433fbae734de03637583,2026-04-23,SH601377,-0.038936831057071686,,,
EXP_LinearModel_Alpha158_csi300_sliding_step40_s_20260111_11,91c306e388e8433fbae734de03637583,2026-04-23,SH601808,-0.011655230075120926,,,
EXP_LinearModel_Alpha158_csi300_sliding_step40_s_20260111_11,91c306e388e8433fbae734de03637583,2026-04-23,SH601816,0.02012907899916172,,,
EXP_LinearModel_Alpha158_csi300_sliding_step40_s_20260111_11,91c306e388e8433fbae734de03637583,2026-04-23,SH601818,,,,
EXP_LinearModel_Alpha158_csi300_sliding_step40_s_20260111_11,91c306e388e8433fbae734de03637583,2026-04-23,SH601825,0.05680106580257416,,,
EXP_LinearModel_Alpha158_csi300_sliding_step40_s_20260111_11,91c306e388e8433fbae734de03637583,2026-04-23,SH601838,-0.05389087274670601,,,
EXP_LinearModel_Alpha158_csi300_sliding_step40_s_20260111_11,91c306e388e8433fbae734de03637583,2026-04-23,SH601857,-0.08047797530889511,,,
EXP_LinearModel_Alpha158_csi300_sliding_step40_s_20260111_11,91c306e388e8433fbae734de03637583,2026-04-23,SH601800,0.0017023375257849693,,,
EXP_LinearModel_Alpha158_csi300_sliding_step40_s_20260111_11,91c306e388e8433fbae734de03637583,2026-04-23,SH601868,-0.05593903362751007,,,
EXP_LinearModel_Alpha158_csi300_sliding_step40_s_20260111_11,91c306e388e8433fbae734de03637583,2026-04-23,SH601877,0.0753411129117012,,,
EXP_LinearModel_Alpha158_csi300_sliding_step40_s_20260111_11,91c306e388e8433fbae734de03637583,2026-04-23,SH601878,-0.017030099406838417,,,
EXP_LinearModel_Alpha158_csi300_sliding_step40_s_20260111_11,91c306e388e8433fbae734de03637583,2026-04-23,SH601881,-0.046132735908031464,,,
EXP_LinearModel_Alpha158_csi300_sliding_step40_s_20260111_11,91c306e388e8433fbae734de03637583,2026-04-23,SH601888,0.06322930753231049,,,
EXP_LinearModel_Alpha158_csi300_sliding_step40_s_20260111_11,91c306e388e8433fbae734de03637583,2026-04-23,SH601898,0.006859831511974335,,,
EXP_LinearModel_Alpha158_csi300_sliding_step40_s_20260111_11,91c306e388e8433fbae734de03637583,2026-04-23,SH601899,0.05711713433265686,,,
EXP_LinearModel_Alpha158_csi300_sliding_step40_s_20260111_11,91c306e388e8433fbae734de03637583,2026-04-23,SH601872,0.07279207557439804,,,
EXP_LinearModel_Alpha158_csi300_sliding_step40_s_20260111_11,91c306e388e8433fbae734de03637583,2026-04-23,SH601788,-0.03197932615876198,,,
EXP_LinearModel_Alpha158_csi300_sliding_step40_s_20260111_11,91c306e388e8433fbae734de03637583,2026-04-23,SH601766,-0.07311642169952393,,,
EXP_LinearModel_Alpha158_csi300_sliding_step40_s_20260111_11,91c306e388e8433fbae734de03637583,2026-04-23,SH601728,0.010457318276166916,,,
EXP_LinearModel_Alpha158_csi300_sliding_step40_s_20260111_11,91c306e388e8433fbae734de03637583,2026-04-23,SH601390,-0.003702012123540044,,,
EXP_LinearModel_Alpha158_csi300_sliding_step40_s_20260111_11,91c306e388e8433fbae734de03637583,2026-04-23,SH601398,0.005383669398725033,,,
EXP_LinearModel_Alpha158_csi300_sliding_step40_s_20260111_11,91c306e388e8433fbae734de03637583,2026-04-23,SH601456,0.059818167239427567,,,
EXP_LinearModel_Alpha158_csi300_sliding_step40_s_20260111_11,91c306e388e8433fbae734de03637583,2026-04-23,SH601600,0.08020348846912384,,,
EXP_LinearModel_Alpha158_csi300_sliding_step40_s_20260111_11,91c306e388e8433fbae734de03637583,2026-04-23,SH601601,-0.0458243153989315,,,
EXP_LinearModel_Alpha158_csi300_sliding_step40_s_20260111_11,91c306e388e8433fbae734de03637583,2026-04-23,SH601607,0.02432098239660263,,,
EXP_LinearModel_Alpha158_csi300_sliding_step40_s_20260111_11,91c306e388e8433fbae734de03637583,2026-04-23,SH601618,-0.00478160846978426,,,
EXP_LinearModel_Alpha158_csi300_sliding_step40_s_20260111_11,91c306e388e8433fbae734de03637583,2026-04-23,SH601628,-0.0037603580858558416,,,
EXP_LinearModel_Alpha158_csi300_sliding_step40_s_20260111_11,91c306e388e8433fbae734de03637583,2026-04-23,SH601633,-0.10524965077638626,,,
EXP_LinearModel_Alpha158_csi300_sliding_step40_s_20260111_11,91c306e388e8433fbae734de03637583,2026-04-23,SH601658,0.027473732829093933,,,
EXP_LinearModel_Alpha158_csi300_sliding_step40_s_20260111_11,91c306e388e8433fbae734de03637583,2026-04-23,SH601668,0.0008607147028669715,,,
EXP_LinearModel_Alpha158_csi300_sliding_step40_s_20260111_11,91c306e388e8433fbae734de03637583,2026-04-23,SH601669,-0.04340466856956482,,,
EXP_LinearModel_Alpha158_csi300_sliding_step40_s_20260111_11,91c306e388e8433fbae734de03637583,2026-04-23,SH601688,0.034191884100437164,,,
EXP_LinearModel_Alpha158_csi300_sliding_step40_s_20260111_11,91c306e388e8433fbae734de03637583,2026-04-23,SH601689,0.07968951016664505,,,
EXP_LinearModel_Alpha158_csi300_sliding_step40_s_20260111_11,91c306e388e8433fbae734de03637583,2026-04-23,SH601698,-0.09950510412454605,,,
EXP_LinearModel_Alpha158_csi300_sliding_step40_s_20260111_11,91c306e388e8433fbae734de03637583,2026-04-23,SH601360,0.04116541147232056,,,
EXP_LinearModel_Alpha158_csi300_sliding_step40_s_20260111_11,91c306e388e8433fbae734de03637583,2026-04-23,SH600919,-0.00600479869171977,,,
EXP_LinearModel_Alpha158_csi300_sliding_step40_s_20260111_11,91c306e388e8433fbae734de03637583,2026-04-23,SH600918,-0.07469379156827927,,,
EXP_LinearModel_Alpha158_csi300_sliding_step40_s_20260111_11,91c306e388e8433fbae734de03637583,2026-04-23,SH600905,-0.026465686038136482,,,
EXP_LinearModel_Alpha158_csi300_sliding_step40_s_20260111_11,91c306e388e8433fbae734de03637583,2026-04-23,SH600066,-0.06193346902728081,,,
EXP_LinearModel_Alpha158_csi300_sliding_step40_s_20260111_11,91c306e388e8433fbae734de03637583,2026-04-23,SH600085,0.0007145138224586844,,,
EXP_LinearModel_Alpha158_csi300_sliding_step40_s_20260111_11,91c306e388e8433fbae734de03637583,2026-04-23,SH600089,0.007416875567287207,,,
EXP_LinearModel_Alpha158_csi300_sliding_step40_s_20260111_11,91c306e388e8433fbae734de03637583,2026-04-23,SH600104,-0.05259573832154274,,,
EXP_LinearModel_Alpha158_csi300_sliding_step40_s_20260111_11,91c306e388e8433fbae734de03637583,2026-04-23,SH600111,0.07811400294303894,,,
EXP_LinearModel_Alpha158_csi300_sliding_step40_s_20260111_11,91c306e388e8433fbae734de03637583,2026-04-23,SH600115,0.05905759334564209,,,
EXP_LinearModel_Alpha158_csi300_sliding_step40_s_20260111_11,91c306e388e8433fbae734de03637583,2026-04-23,SH600061,-0.046577904373407364,,,
EXP_LinearModel_Alpha158_csi300_sliding_step40_s_20260111_11,91c306e388e8433fbae734de03637583,2026-04-23,SH600150,-0.08764468878507614,,,
EXP_LinearModel_Alpha158_csi300_sliding_step40_s_20260111_11,91c306e388e8433fbae734de03637583,2026-04-23,SH600161,0.06796582788228989,,,
EXP_LinearModel_Alpha158_csi300_sliding_step40_s_20260111_11,91c306e388e8433fbae734de03637583,2026-04-23,SH600176,0.08019925653934479,,,
EXP_LinearModel_Alpha158_csi300_sliding_step40_s_20260111_11,91c306e388e8433fbae734de03637583,2026-04-23,SH600183,-0.013972736895084381,,,
EXP_LinearModel_Alpha158_csi300_sliding_step40_s_20260111_11,91c306e388e8433fbae734de03637583,2026-04-23,SH600188,0.06137600168585777,,,
EXP_LinearModel_Alpha158_csi300_sliding_step40_s_20260111_11,91c306e388e8433fbae734de03637583,2026-04-23,SH600196,-0.0023588479962199926,,,
EXP_LinearModel_Alpha158_csi300_sliding_step40_s_20260111_11,91c306e388e8433fbae734de03637583,2026-04-23,SH600219,0.06530001014471054,,,
EXP_LinearModel_Alpha158_csi300_sliding_step40_s_20260111_11,91c306e388e8433fbae734de03637583,2026-04-23,SH600160,0.008096795529127121,,,
EXP_LinearModel_Alpha158_csi300_sliding_step40_s_20260111_11,91c306e388e8433fbae734de03637583,2026-04-23,SH600050,0.0474541150033474,,,
EXP_LinearModel_Alpha158_csi300_sliding_step40_s_20260111_11,91c306e388e8433fbae734de03637583,2026-04-23,SH600048,0.02371307648718357,,,
EXP_LinearModel_Alpha158_csi300_sliding_step40_s_20260111_11,91c306e388e8433fbae734de03637583,2026-04-23,SH600039,0.006191069260239601,,,
EXP_LinearModel_Alpha158_csi300_sliding_step40_s_20260111_11,91c306e388e8433fbae734de03637583,2026-04-23,SH600010,0.1140599474310875,,,
EXP_LinearModel_Alpha158_csi300_sliding_step40_s_20260111_11,91c306e388e8433fbae734de03637583,2026-04-23,SH600011,-0.04524684697389603,,,
EXP_LinearModel_Alpha158_csi300_sliding_step40_s_20260111_11,91c306e388e8433fbae734de03637583,2026-04-23,SH600015,0.005172951612621546,,,
EXP_LinearModel_Alpha158_csi300_sliding_step40_s_20260111_11,91c306e388e8433fbae734de03637583,2026-04-23,SH600016,-0.04443112388253212,,,
EXP_LinearModel_Alpha158_csi300_sliding_step40_s_20260111_11,91c306e388e8433fbae734de03637583,2026-04-23,SH600018,-0.017035143449902534,,,
EXP_LinearModel_Alpha158_csi300_sliding_step40_s_20260111_11,91c306e388e8433fbae734de03637583,2026-04-23,SH600019,-0.04034943878650665,,,
EXP_LinearModel_Alpha158_csi300_sliding_step40_s_20260111_11,91c306e388e8433fbae734de03637583,2026-04-23,SH600023,-0.10212897509336472,,,
EXP_LinearModel_Alpha158_csi300_sliding_step40_s_20260111_11,91c306e388e8433fbae734de03637583,2026-04-23,SH600025,-0.009383822791278362,,,
EXP_LinearModel_Alpha158_csi300_sliding_step40_s_20260111_11,91c306e388e8433fbae734de03637583,2026-04-23,SH600026,0.01686451956629753,,,
EXP_LinearModel_Alpha158_csi300_sliding_step40_s_20260111_11,91c306e388e8433fbae734de03637583,2026-04-23,SH600027,-0.14286808669567108,,,
EXP_LinearModel_Alpha158_csi300_sliding_step40_s_20260111_11,91c306e388e8433fbae734de03637583,2026-04-23,SH600028,-0.031620875000953674,,,
EXP_LinearModel_Alpha158_csi300_sliding_step40_s_20260111_11,91c306e388e8433fbae734de03637583,2026-04-23,SH600029,-0.014477320946753025,,,
EXP_LinearModel_Alpha158_csi300_sliding_step40_s_20260111_11,91c306e388e8433fbae734de03637583,2026-04-23,SH600030,-0.061760321259498596,,,
EXP_LinearModel_Alpha158_csi300_sliding_step40_s_20260111_11,91c306e388e8433fbae734de03637583,2026-04-23,SH600031,0.03321745619177818,,,
EXP_LinearModel_Alpha158_csi300_sliding_step40_s_20260111_11,91c306e388e8433fbae734de03637583,2026-04-23,SH600036,0.015130124986171722,,,
EXP_LinearModel_Alpha158_csi300_sliding_step40_s_20260111_11,91c306e388e8433fbae734de03637583,2026-04-23,SH600233,-0.10249032825231552,,,
EXP_LinearModel_Alpha158_csi300_sliding_step40_s_20260111_11,91c306e388e8433fbae734de03637583,2026-04-23,SH600276,0.034135375171899796,,,
EXP_LinearModel_Alpha158_csi300_sliding_step40_s_20260111_11,91c306e388e8433fbae734de03637583,2026-04-23,SH600309,0.07912002503871918,,,
EXP_LinearModel_Alpha158_csi300_sliding_step40_s_20260111_11,91c306e388e8433fbae734de03637583,2026-04-23,SH600346,0.03245437517762184,,,
EXP_LinearModel_Alpha158_csi300_sliding_step40_s_20260111_11,91c306e388e8433fbae734de03637583,2026-04-23,SH600600,-0.02483019232749939,,,
EXP_LinearModel_Alpha158_csi300_sliding_step40_s_20260111_11,91c306e388e8433fbae734de03637583,2026-04-23,SH600660,0.006764389108866453,,,
EXP_LinearModel_Alpha158_csi300_sliding_step40_s_20260111_11,91c306e388e8433fbae734de03637583,2026-04-23,SH600674,-0.018089961260557175,,,
EXP_LinearModel_Alpha158_csi300_sliding_step40_s_20260111_11,91c306e388e8433fbae734de03637583,2026-04-23,SH600690,0.008959494531154633,,,
EXP_LinearModel_Alpha158_csi300_sliding_step40_s_20260111_11,91c306e388e8433fbae734de03637583,2026-04-23,SH600741,0.009931870736181736,,,
EXP_LinearModel_Alpha158_csi300_sliding_step40_s_20260111_11,91c306e388e8433fbae734de03637583,2026-04-23,SH600760,-0.009552530944347382,,,
EXP_LinearModel_Alpha158_csi300_sliding_step40_s_20260111_11,91c306e388e8433fbae734de03637583,2026-04-23,SH600795,-0.05738858878612518,,,
EXP_LinearModel_Alpha158_csi300_sliding_step40_s_20260111_11,91c306e388e8433fbae734de03637583,2026-04-23,SH600803,0.05150369182229042,,,
EXP_LinearModel_Alpha158_csi300_sliding_step40_s_20260111_11,91c306e388e8433fbae734de03637583,2026-04-23,SH600809,0.02088352106511593,,,
EXP_LinearModel_Alpha158_csi300_sliding_step40_s_20260111_11,91c306e388e8433fbae734de03637583,2026-04-23,SH600845,0.07766469568014145,,,
EXP_LinearModel_Alpha158_csi300_sliding_step40_s_20260111_11,91c306e388e8433fbae734de03637583,2026-04-23,SH600875,-0.043713752180337906,,,
EXP_LinearModel_Alpha158_csi300_sliding_step40_s_20260111_11,91c306e388e8433fbae734de03637583,2026-04-23,SH600886,-0.006593572441488504,,,
EXP_LinearModel_Alpha158_csi300_sliding_step40_s_20260111_11,91c306e388e8433fbae734de03637583,2026-04-23,SH600887,0.01898263953626156,,,
EXP_LinearModel_Alpha158_csi300_sliding_step40_s_20260111_11,91c306e388e8433fbae734de03637583,2026-04-23,SH600893,0.04436228424310684,,,
EXP_LinearModel_Alpha158_csi300_sliding_step40_s_20260111_11,91c306e388e8433fbae734de03637583,2026-04-23,SH600900,-0.03399418666958809,,,
EXP_LinearModel_Alpha158_csi300_sliding_step40_s_20260111_11,91c306e388e8433fbae734de03637583,2026-04-23,SH600588,0.05237993225455284,,,
EXP_LinearModel_Alpha158_csi300_sliding_step40_s_20260111_11,91c306e388e8433fbae734de03637583,2026-04-23,SH601901,0.027254179120063782,,,
EXP_LinearModel_Alpha158_csi300_sliding_step40_s_20260111_11,91c306e388e8433fbae734de03637583,2026-04-23,SH600585,0.05706019699573517,,,
EXP_LinearModel_Alpha158_csi300_sliding_step40_s_20260111_11,91c306e388e8433fbae734de03637583,2026-04-23,SH600570,0.020651524886488914,,,
EXP_LinearModel_Alpha158_csi300_sliding_step40_s_20260111_11,91c306e388e8433fbae734de03637583,2026-04-23,SH600362,0.13155612349510193,,,
EXP_LinearModel_Alpha158_csi300_sliding_step40_s_20260111_11,91c306e388e8433fbae734de03637583,2026-04-23,SH600372,0.06330198794603348,,,
EXP_LinearModel_Alpha158_csi300_sliding_step40_s_20260111_11,91c306e388e8433fbae734de03637583,2026-04-23,SH600377,-0.05097005143761635,,,
EXP_LinearModel_Alpha158_csi300_sliding_step40_s_20260111_11,91c306e388e8433fbae734de03637583,2026-04-23,SH600406,0.04366695135831833,,,
EXP_LinearModel_Alpha158_csi300_sliding_step40_s_20260111_11,91c306e388e8433fbae734de03637583,2026-04-23,SH600415,-0.019240764901041985,,,
EXP_LinearModel_Alpha158_csi300_sliding_step40_s_20260111_11,91c306e388e8433fbae734de03637583,2026-04-23,SH600426,-0.04166863486170769,,,
EXP_LinearModel_Alpha158_csi300_sliding_step40_s_20260111_11,91c306e388e8433fbae734de03637583,2026-04-23,SH600436,-0.024293310940265656,,,
EXP_LinearModel_Alpha158_csi300_sliding_step40_s_20260111_11,91c306e388e8433fbae734de03637583,2026-04-23,SH600438,-0.04003665968775749,,,
EXP_LinearModel_Alpha158_csi300_sliding_step40_s_20260111_11,91c306e388e8433fbae734de03637583,2026-04-23,SH600460,-0.021399328485131264,,,
EXP_LinearModel_Alpha158_csi300_sliding_step40_s_20260111_11,91c306e388e8433fbae734de03637583,2026-04-23,SH600482,0.03760657086968422,,,
EXP_LinearModel_Alpha158_csi300_sliding_step40_s_20260111_11,91c306e388e8433fbae734de03637583,2026-04-23,SH600489,0.13433034718036652,,,
EXP_LinearModel_Alpha158_csi300_sliding_step40_s_20260111_11,91c306e388e8433fbae734de03637583,2026-04-23,SH600515,0.09008248895406723,,,
EXP_LinearModel_Alpha158_csi300_sliding_step40_s_20260111_11,91c306e388e8433fbae734de03637583,2026-04-23,SH600519,0.034308504313230515,,,
EXP_LinearModel_Alpha158_csi300_sliding_step40_s_20260111_11,91c306e388e8433fbae734de03637583,2026-04-23,SH600522,-0.04308760538697243,,,
EXP_LinearModel_Alpha158_csi300_sliding_step40_s_20260111_11,91c306e388e8433fbae734de03637583,2026-04-23,SH600547,0.07522869855165482,,,
EXP_LinearModel_Alpha158_csi300_sliding_step40_s_20260111_11,91c306e388e8433fbae734de03637583,2026-04-23,SH600584,0.003099157940596342,,,
EXP_LinearModel_Alpha158_csi300_sliding_step40_s_20260111_11,91c306e388e8433fbae734de03637583,2026-04-23,SH601916,0.040635548532009125,,,
EXP_LinearModel_Alpha158_csi300_sliding_step40_s_20260111_11,91c306e388e8433fbae734de03637583,2026-04-23,SH601919,0.015465157106518745,,,
EXP_LinearModel_Alpha158_csi300_sliding_step40_s_20260111_11,91c306e388e8433fbae734de03637583,2026-04-23,SH601939,0.03937002271413803,,,
EXP_LinearModel_Alpha158_csi300_sliding_step40_s_20260111_11,91c306e388e8433fbae734de03637583,2026-04-23,SZ002422,0.062341902405023575,,,
EXP_LinearModel_Alpha158_csi300_sliding_step40_s_20260111_11,91c306e388e8433fbae734de03637583,2026-04-23,SZ002459,0.010066934861242771,,,
EXP_LinearModel_Alpha158_csi300_sliding_step40_s_20260111_11,91c306e388e8433fbae734de03637583,2026-04-23,SZ002460,0.05540050193667412,,,
EXP_LinearModel_Alpha158_csi300_sliding_step40_s_20260111_11,91c306e388e8433fbae734de03637583,2026-04-23,SZ002463,-0.05563323199748993,,,
EXP_LinearModel_Alpha158_csi300_sliding_step40_s_20260111_11,91c306e388e8433fbae734de03637583,2026-04-23,SZ002466,-0.0028293016366660595,,,
EXP_LinearModel_Alpha158_csi300_sliding_step40_s_20260111_11,91c306e388e8433fbae734de03637583,2026-04-23,SZ002475,-0.04344005510210991,,,
EXP_LinearModel_Alpha158_csi300_sliding_step40_s_20260111_11,91c306e388e8433fbae734de03637583,2026-04-23,SZ002415,0.04048962891101837,,,
EXP_LinearModel_Alpha158_csi300_sliding_step40_s_20260111_11,91c306e388e8433fbae734de03637583,2026-04-23,SZ002493,0.07856440544128418,,,
EXP_LinearModel_Alpha158_csi300_sliding_step40_s_20260111_11,91c306e388e8433fbae734de03637583,2026-04-23,SZ002600,-0.02828005515038967,,,
EXP_LinearModel_Alpha158_csi300_sliding_step40_s_20260111_11,91c306e388e8433fbae734de03637583,2026-04-23,SZ002601,0.0869530662894249,,,
EXP_LinearModel_Alpha158_csi300_sliding_step40_s_20260111_11,91c306e388e8433fbae734de03637583,2026-04-23,SZ002625,0.051956817507743835,,,
EXP_LinearModel_Alpha158_csi300_sliding_step40_s_20260111_11,91c306e388e8433fbae734de03637583,2026-04-23,SZ002648,0.039095208048820496,,,
EXP_LinearModel_Alpha158_csi300_sliding_step40_s_20260111_11,91c306e388e8433fbae734de03637583,2026-04-23,SZ002709,0.05336299166083336,,,
EXP_LinearModel_Alpha158_csi300_sliding_step40_s_20260111_11,91c306e388e8433fbae734de03637583,2026-04-23,SZ002714,0.08823870867490768,,,
EXP_LinearModel_Alpha158_csi300_sliding_step40_s_20260111_11,91c306e388e8433fbae734de03637583,2026-04-23,SZ002594,0.04554649442434311,,,
EXP_LinearModel_Alpha158_csi300_sliding_step40_s_20260111_11,91c306e388e8433fbae734de03637583,2026-04-23,SZ002384,-0.059426698833703995,,,
EXP_LinearModel_Alpha158_csi300_sliding_step40_s_20260111_11,91c306e388e8433fbae734de03637583,2026-04-23,SZ002371,0.04329981654882431,,,
EXP_LinearModel_Alpha158_csi300_sliding_step40_s_20260111_11,91c306e388e8433fbae734de03637583,2026-04-23,SZ002352,0.047288477420806885,,,
EXP_LinearModel_Alpha158_csi300_sliding_step40_s_20260111_11,91c306e388e8433fbae734de03637583,2026-04-23,SZ001979,-0.011347373947501183,,,
EXP_LinearModel_Alpha158_csi300_sliding_step40_s_20260111_11,91c306e388e8433fbae734de03637583,2026-04-23,SZ002001,0.06433182954788208,,,
EXP_LinearModel_Alpha158_csi300_sliding_step40_s_20260111_11,91c306e388e8433fbae734de03637583,2026-04-23,SZ002027,-0.022286372259259224,,,
EXP_LinearModel_Alpha158_csi300_sliding_step40_s_20260111_11,91c306e388e8433fbae734de03637583,2026-04-23,SZ002028,-0.01723194494843483,,,
EXP_LinearModel_Alpha158_csi300_sliding_step40_s_20260111_11,91c306e388e8433fbae734de03637583,2026-04-23,SZ002049,0.10477007925510406,,,
EXP_LinearModel_Alpha158_csi300_sliding_step40_s_20260111_11,91c306e388e8433fbae734de03637583,2026-04-23,SZ002050,0.052176207304000854,,,
EXP_LinearModel_Alpha158_csi300_sliding_step40_s_20260111_11,91c306e388e8433fbae734de03637583,2026-04-23,SZ002074,0.004284304566681385,,,
EXP_LinearModel_Alpha158_csi300_sliding_step40_s_20260111_11,91c306e388e8433fbae734de03637583,2026-04-23,SZ002142,-0.05017976090312004,,,
EXP_LinearModel_Alpha158_csi300_sliding_step40_s_20260111_11,91c306e388e8433fbae734de03637583,2026-04-23,SZ002179,0.07645563036203384,,,
EXP_LinearModel_Alpha158_csi300_sliding_step40_s_20260111_11,91c306e388e8433fbae734de03637583,2026-04-23,SZ002230,-0.015656379982829094,,,
EXP_LinearModel_Alpha158_csi300_sliding_step40_s_20260111_11,91c306e388e8433fbae734de03637583,2026-04-23,SZ002236,0.04743434116244316,,,
EXP_LinearModel_Alpha158_csi300_sliding_step40_s_20260111_11,91c306e388e8433fbae734de03637583,2026-04-23,SZ002241,0.045933518558740616,,,
EXP_LinearModel_Alpha158_csi300_sliding_step40_s_20260111_11,91c306e388e8433fbae734de03637583,2026-04-23,SZ002252,0.052750036120414734,,,
EXP_LinearModel_Alpha158_csi300_sliding_step40_s_20260111_11,91c306e388e8433fbae734de03637583,2026-04-23,SZ002304,-0.0006472322274930775,,,
EXP_LinearModel_Alpha158_csi300_sliding_step40_s_20260111_11,91c306e388e8433fbae734de03637583,2026-04-23,SZ002311,0.06864576041698456,,,
EXP_LinearModel_Alpha158_csi300_sliding_step40_s_20260111_11,91c306e388e8433fbae734de03637583,2026-04-23,SZ002736,0.06658315658569336,,,
EXP_LinearModel_Alpha158_csi300_sliding_step40_s_20260111_11,91c306e388e8433fbae734de03637583,2026-04-23,SZ002916,-0.04627599939703941,,,
EXP_LinearModel_Alpha158_csi300_sliding_step40_s_20260111_11,91c306e388e8433fbae734de03637583,2026-04-23,SZ002920,0.04939154535531998,,,
EXP_LinearModel_Alpha158_csi300_sliding_step40_s_20260111_11,91c306e388e8433fbae734de03637583,2026-04-23,SZ002938,-0.05389241874217987,,,
EXP_LinearModel_Alpha158_csi300_sliding_step40_s_20260111_11,91c306e388e8433fbae734de03637583,2026-04-23,SZ300498,0.02858397364616394,,,
EXP_LinearModel_Alpha158_csi300_sliding_step40_s_20260111_11,91c306e388e8433fbae734de03637583,2026-04-23,SZ300502,-0.028912417590618134,,,
EXP_LinearModel_Alpha158_csi300_sliding_step40_s_20260111_11,91c306e388e8433fbae734de03637583,2026-04-23,SZ300628,-0.055430348962545395,,,
EXP_LinearModel_Alpha158_csi300_sliding_step40_s_20260111_11,91c306e388e8433fbae734de03637583,2026-04-23,SZ300661,-0.01393670029938221,,,
EXP_LinearModel_Alpha158_csi300_sliding_step40_s_20260111_11,91c306e388e8433fbae734de03637583,2026-04-23,SZ300750,0.03131002560257912,,,
EXP_LinearModel_Alpha158_csi300_sliding_step40_s_20260111_11,91c306e388e8433fbae734de03637583,2026-04-23,SZ300759,0.0632069855928421,,,
EXP_LinearModel_Alpha158_csi300_sliding_step40_s_20260111_11,91c306e388e8433fbae734de03637583,2026-04-23,SZ300760,0.01821371726691723,,,
EXP_LinearModel_Alpha158_csi300_sliding_step40_s_20260111_11,91c306e388e8433fbae734de03637583,2026-04-23,SZ300782,0.07758321613073349,,,
EXP_LinearModel_Alpha158_csi300_sliding_step40_s_20260111_11,91c306e388e8433fbae734de03637583,2026-04-23,SZ300803,-0.0015344931744039059,,,
EXP_LinearModel_Alpha158_csi300_sliding_step40_s_20260111_11,91c306e388e8433fbae734de03637583,2026-04-23,SZ300832,-0.01903039589524269,,,
EXP_LinearModel_Alpha158_csi300_sliding_step40_s_20260111_11,91c306e388e8433fbae734de03637583,2026-04-23,SZ300866,-0.026069896295666695,,,
EXP_LinearModel_Alpha158_csi300_sliding_step40_s_20260111_11,91c306e388e8433fbae734de03637583,2026-04-23,SZ300896,0.019324202090501785,,,
EXP_LinearModel_Alpha158_csi300_sliding_step40_s_20260111_11,91c306e388e8433fbae734de03637583,2026-04-23,SZ300979,0.012586538679897785,,,
EXP_LinearModel_Alpha158_csi300_sliding_step40_s_20260111_11,91c306e388e8433fbae734de03637583,2026-04-23,SZ300999,-0.03494400158524513,,,
EXP_LinearModel_Alpha158_csi300_sliding_step40_s_20260111_11,91c306e388e8433fbae734de03637583,2026-04-23,SZ301236,-0.03366592898964882,,,
EXP_LinearModel_Alpha158_csi300_sliding_step40_s_20260111_11,91c306e388e8433fbae734de03637583,2026-04-23,SZ300476,0.00641679298132658,,,
EXP_LinearModel_Alpha158_csi300_sliding_step40_s_20260111_11,91c306e388e8433fbae734de03637583,2026-04-23,SZ001965,-0.11383971571922302,,,
EXP_LinearModel_Alpha158_csi300_sliding_step40_s_20260111_11,91c306e388e8433fbae734de03637583,2026-04-23,SZ300442,0.033659931272268295,,,
EXP_LinearModel_Alpha158_csi300_sliding_step40_s_20260111_11,91c306e388e8433fbae734de03637583,2026-04-23,SZ300418,-0.018470576032996178,,,
EXP_LinearModel_Alpha158_csi300_sliding_step40_s_20260111_11,91c306e388e8433fbae734de03637583,2026-04-23,SZ003816,0.021753761917352676,,,
EXP_LinearModel_Alpha158_csi300_sliding_step40_s_20260111_11,91c306e388e8433fbae734de03637583,2026-04-23,SZ300014,0.024993624538183212,,,
EXP_LinearModel_Alpha158_csi300_sliding_step40_s_20260111_11,91c306e388e8433fbae734de03637583,2026-04-23,SZ300015,-0.06067026033997536,,,
EXP_LinearModel_Alpha158_csi300_sliding_step40_s_20260111_11,91c306e388e8433fbae734de03637583,2026-04-23,SZ300033,0.08336746692657471,,,
EXP_LinearModel_Alpha158_csi300_sliding_step40_s_20260111_11,91c306e388e8433fbae734de03637583,2026-04-23,SZ300059,0.012905528768897057,,,
EXP_LinearModel_Alpha158_csi300_sliding_step40_s_20260111_11,91c306e388e8433fbae734de03637583,2026-04-23,SZ300122,0.039648450911045074,,,
EXP_LinearModel_Alpha158_csi300_sliding_step40_s_20260111_11,91c306e388e8433fbae734de03637583,2026-04-23,SZ300124,-0.01160288043320179,,,
EXP_LinearModel_Alpha158_csi300_sliding_step40_s_20260111_11,91c306e388e8433fbae734de03637583,2026-04-23,SZ300251,0.0798352062702179,,,
EXP_LinearModel_Alpha158_csi300_sliding_step40_s_20260111_11,91c306e388e8433fbae734de03637583,2026-04-23,SZ300274,0.029456080868840218,,,
EXP_LinearModel_Alpha158_csi300_sliding_step40_s_20260111_11,91c306e388e8433fbae734de03637583,2026-04-23,SZ300308,-0.09880134463310242,,,
EXP_LinearModel_Alpha158_csi300_sliding_step40_s_20260111_11,91c306e388e8433fbae734de03637583,2026-04-23,SZ300316,0.11638248711824417,,,
EXP_LinearModel_Alpha158_csi300_sliding_step40_s_20260111_11,91c306e388e8433fbae734de03637583,2026-04-23,SZ300347,0.04223661124706268,,,
EXP_LinearModel_Alpha158_csi300_sliding_step40_s_20260111_11,91c306e388e8433fbae734de03637583,2026-04-23,SZ300394,0.09348247200250626,,,
EXP_LinearModel_Alpha158_csi300_sliding_step40_s_20260111_11,91c306e388e8433fbae734de03637583,2026-04-23,SZ300408,-0.037748586386442184,,,
EXP_LinearModel_Alpha158_csi300_sliding_step40_s_20260111_11,91c306e388e8433fbae734de03637583,2026-04-23,SZ300413,0.07607780396938324,,,
EXP_LinearModel_Alpha158_csi300_sliding_step40_s_20260111_11,91c306e388e8433fbae734de03637583,2026-04-23,SZ300433,0.050252415239810944,,,
EXP_LinearModel_Alpha158_csi300_sliding_step40_s_20260111_11,91c306e388e8433fbae734de03637583,2026-04-23,SH600009,0.016766751185059547,,,
EXP_LinearModel_Alpha158_csi300_sliding_step40_s_20260111_11,91c306e388e8433fbae734de03637583,2026-04-23,SZ001391,-0.0454942025244236,,,
EXP_LinearModel_Alpha158_csi300_sliding_step40_s_20260111_11,91c306e388e8433fbae734de03637583,2026-04-23,SZ000983,-0.07450492680072784,,,
EXP_LinearModel_Alpha158_csi300_sliding_step40_s_20260111_11,91c306e388e8433fbae734de03637583,2026-04-23,SH688008,-0.05054747313261032,,,
EXP_LinearModel_Alpha158_csi300_sliding_step40_s_20260111_11,91c306e388e8433fbae734de03637583,2026-04-23,SH688009,-0.043358758091926575,,,
EXP_LinearModel_Alpha158_csi300_sliding_step40_s_20260111_11,91c306e388e8433fbae734de03637583,2026-04-23,SH688012,-0.05060800537467003,,,
EXP_LinearModel_Alpha158_csi300_sliding_step40_s_20260111_11,91c306e388e8433fbae734de03637583,2026-04-23,SH688036,-0.0061313132755458355,,,
EXP_LinearModel_Alpha158_csi300_sliding_step40_s_20260111_11,91c306e388e8433fbae734de03637583,2026-04-23,SH688041,-0.03822450712323189,,,
EXP_LinearModel_Alpha158_csi300_sliding_step40_s_20260111_11,91c306e388e8433fbae734de03637583,2026-04-23,SH688047,-0.03911615535616875,,,
EXP_LinearModel_Alpha158_csi300_sliding_step40_s_20260111_11,91c306e388e8433fbae734de03637583,2026-04-23,SH605499,0.005269418004900217,,,
EXP_LinearModel_Alpha158_csi300_sliding_step40_s_20260111_11,91c306e388e8433fbae734de03637583,2026-04-23,SH688082,0.021411804482340813,,,
EXP_LinearModel_Alpha158_csi300_sliding_step40_s_20260111_11,91c306e388e8433fbae734de03637583,2026-04-23,SH688126,-0.08327514678239822,,,
EXP_LinearModel_Alpha158_csi300_sliding_step40_s_20260111_11,91c306e388e8433fbae734de03637583,2026-04-23,SH688169,0.02139817178249359,,,
EXP_LinearModel_Alpha158_csi300_sliding_step40_s_20260111_11,91c306e388e8433fbae734de03637583,2026-04-23,SH688187,0.011009401641786098,,,
EXP_LinearModel_Alpha158_csi300_sliding_step40_s_20260111_11,91c306e388e8433fbae734de03637583,2026-04-23,SH688223,0.12868820130825043,,,
EXP_LinearModel_Alpha158_csi300_sliding_step40_s_20260111_11,91c306e388e8433fbae734de03637583,2026-04-23,SH688256,0.021013636142015457,,,
EXP_LinearModel_Alpha158_csi300_sliding_step40_s_20260111_11,91c306e388e8433fbae734de03637583,2026-04-23,SH688271,-0.013066987507045269,,,
EXP_LinearModel_Alpha158_csi300_sliding_step40_s_20260111_11,91c306e388e8433fbae734de03637583,2026-04-23,SH688111,-0.029060568660497665,,,
EXP_LinearModel_Alpha158_csi300_sliding_step40_s_20260111_11,91c306e388e8433fbae734de03637583,2026-04-23,SH605117,0.020724905654788017,,,
EXP_LinearModel_Alpha158_csi300_sliding_step40_s_20260111_11,91c306e388e8433fbae734de03637583,2026-04-23,SH603993,0.14450670778751373,,,
EXP_LinearModel_Alpha158_csi300_sliding_step40_s_20260111_11,91c306e388e8433fbae734de03637583,2026-04-23,SH603986,0.01075455080717802,,,
EXP_LinearModel_Alpha158_csi300_sliding_step40_s_20260111_11,91c306e388e8433fbae734de03637583,2026-04-23,SH601985,-0.04866158217191696,,,
EXP_LinearModel_Alpha158_csi300_sliding_step40_s_20260111_11,91c306e388e8433fbae734de03637583,2026-04-23,SH601988,0.004300437401980162,,,
EXP_LinearModel_Alpha158_csi300_sliding_step40_s_20260111_11,91c306e388e8433fbae734de03637583,2026-04-23,SH601995,-0.07168667763471603,,,
EXP_LinearModel_Alpha158_csi300_sliding_step40_s_20260111_11,91c306e388e8433fbae734de03637583,2026-04-23,SH601998,0.016967592760920525,,,
EXP_LinearModel_Alpha158_csi300_sliding_step40_s_20260111_11,91c306e388e8433fbae734de03637583,2026-04-23,SH603019,-0.020927729085087776,,,
EXP_LinearModel_Alpha158_csi300_sliding_step40_s_20260111_11,91c306e388e8433fbae734de03637583,2026-04-23,SH603195,-0.0544326975941658,,,
EXP_LinearModel_Alpha158_csi300_sliding_step40_s_20260111_11,91c306e388e8433fbae734de03637583,2026-04-23,SH603259,0.09383685141801834,,,
EXP_LinearModel_Alpha158_csi300_sliding_step40_s_20260111_11,91c306e388e8433fbae734de03637583,2026-04-23,SH603260,0.018381936475634575,,,
EXP_LinearModel_Alpha158_csi300_sliding_step40_s_20260111_11,91c306e388e8433fbae734de03637583,2026-04-23,SH603288,-0.059180039912462234,,,
EXP_LinearModel_Alpha158_csi300_sliding_step40_s_20260111_11,91c306e388e8433fbae734de03637583,2026-04-23,SH603296,-0.045103367418050766,,,
EXP_LinearModel_Alpha158_csi300_sliding_step40_s_20260111_11,91c306e388e8433fbae734de03637583,2026-04-23,SH603369,0.027717677876353264,,,
EXP_LinearModel_Alpha158_csi300_sliding_step40_s_20260111_11,91c306e388e8433fbae734de03637583,2026-04-23,SH603392,0.03070220723748207,,,
EXP_LinearModel_Alpha158_csi300_sliding_step40_s_20260111_11,91c306e388e8433fbae734de03637583,2026-04-23,SH603501,0.033602628856897354,,,
EXP_LinearModel_Alpha158_csi300_sliding_step40_s_20260111_11,91c306e388e8433fbae734de03637583,2026-04-23,SH603799,0.11958549171686172,,,
EXP_LinearModel_Alpha158_csi300_sliding_step40_s_20260111_11,91c306e388e8433fbae734de03637583,2026-04-23,SH603893,-0.06854438036680222,,,
EXP_LinearModel_Alpha158_csi300_sliding_step40_s_20260111_11,91c306e388e8433fbae734de03637583,2026-04-23,SH688303,-0.07605816423892975,,,
EXP_LinearModel_Alpha158_csi300_sliding_step40_s_20260111_11,91c306e388e8433fbae734de03637583,2026-04-23,SH688396,-0.08230471611022949,,,
EXP_LinearModel_Alpha158_csi300_sliding_step40_s_20260111_11,91c306e388e8433fbae734de03637583,2026-04-23,SH688472,0.07199370115995407,,,
EXP_LinearModel_Alpha158_csi300_sliding_step40_s_20260111_11,91c306e388e8433fbae734de03637583,2026-04-23,SH688506,0.07879573851823807,,,
EXP_LinearModel_Alpha158_csi300_sliding_step40_s_20260111_11,91c306e388e8433fbae734de03637583,2026-04-23,SZ000661,0.012516213580965996,,,
EXP_LinearModel_Alpha158_csi300_sliding_step40_s_20260111_11,91c306e388e8433fbae734de03637583,2026-04-23,SZ000708,0.11652664095163345,,,
EXP_LinearModel_Alpha158_csi300_sliding_step40_s_20260111_11,91c306e388e8433fbae734de03637583,2026-04-23,SZ000725,3.395437670405954e-05,,,
EXP_LinearModel_Alpha158_csi300_sliding_step40_s_20260111_11,91c306e388e8433fbae734de03637583,2026-04-23,SZ000768,0.011706211604177952,,,
EXP_LinearModel_Alpha158_csi300_sliding_step40_s_20260111_11,91c306e388e8433fbae734de03637583,2026-04-23,SZ000776,-0.06203312799334526,,,
EXP_LinearModel_Alpha158_csi300_sliding_step40_s_20260111_11,91c306e388e8433fbae734de03637583,2026-04-23,SZ000786,0.031996503472328186,,,
EXP_LinearModel_Alpha158_csi300_sliding_step40_s_20260111_11,91c306e388e8433fbae734de03637583,2026-04-23,SZ000792,0.08453723043203354,,,
EXP_LinearModel_Alpha158_csi300_sliding_step40_s_20260111_11,91c306e388e8433fbae734de03637583,2026-04-23,SZ000807,0.10764016956090927,,,
EXP_LinearModel_Alpha158_csi300_sliding_step40_s_20260111_11,91c306e388e8433fbae734de03637583,2026-04-23,SZ000858,0.032923903316259384,,,
EXP_LinearModel_Alpha158_csi300_sliding_step40_s_20260111_11,91c306e388e8433fbae734de03637583,2026-04-23,SZ000876,0.011107518337666988,,,
EXP_LinearModel_Alpha158_csi300_sliding_step40_s_20260111_11,91c306e388e8433fbae734de03637583,2026-04-23,SZ000895,0.043009012937545776,,,
EXP_LinearModel_Alpha158_csi300_sliding_step40_s_20260111_11,91c306e388e8433fbae734de03637583,2026-04-23,SZ000938,-0.06193454936146736,,,
EXP_LinearModel_Alpha158_csi300_sliding_step40_s_20260111_11,91c306e388e8433fbae734de03637583,2026-04-23,SZ000963,-0.005051170941442251,,,
EXP_LinearModel_Alpha158_csi300_sliding_step40_s_20260111_11,91c306e388e8433fbae734de03637583,2026-04-23,SZ000975,0.056949980556964874,,,
EXP_LinearModel_Alpha158_csi300_sliding_step40_s_20260111_11,91c306e388e8433fbae734de03637583,2026-04-23,SZ000977,-0.07042767107486725,,,
EXP_LinearModel_Alpha158_csi300_sliding_step40_s_20260111_11,91c306e388e8433fbae734de03637583,2026-04-23,SZ000651,0.03602705895900726,,,
EXP_LinearModel_Alpha158_csi300_sliding_step40_s_20260111_11,91c306e388e8433fbae734de03637583,2026-04-23,SZ000999,0.04815278947353363,,,
EXP_LinearModel_Alpha158_csi300_sliding_step40_s_20260111_11,91c306e388e8433fbae734de03637583,2026-04-23,SZ000630,0.09247462451457977,,,
EXP_LinearModel_Alpha158_csi300_sliding_step40_s_20260111_11,91c306e388e8433fbae734de03637583,2026-04-23,SZ000617,-0.0454699732363224,,,
EXP_LinearModel_Alpha158_csi300_sliding_step40_s_20260111_11,91c306e388e8433fbae734de03637583,2026-04-23,SH688981,0.036350708454847336,,,
EXP_LinearModel_Alpha158_csi300_sliding_step40_s_20260111_11,91c306e388e8433fbae734de03637583,2026-04-23,SZ000001,0.04974794015288353,,,
EXP_LinearModel_Alpha158_csi300_sliding_step40_s_20260111_11,91c306e388e8433fbae734de03637583,2026-04-23,SZ000002,0.05780426040291786,,,
EXP_LinearModel_Alpha158_csi300_sliding_step40_s_20260111_11,91c306e388e8433fbae734de03637583,2026-04-23,SZ000063,0.03357929363846779,,,
EXP_LinearModel_Alpha158_csi300_sliding_step40_s_20260111_11,91c306e388e8433fbae734de03637583,2026-04-23,SZ000100,0.02696099504828453,,,
EXP_LinearModel_Alpha158_csi300_sliding_step40_s_20260111_11,91c306e388e8433fbae734de03637583,2026-04-23,SZ000157,0.06777606904506683,,,
EXP_LinearModel_Alpha158_csi300_sliding_step40_s_20260111_11,91c306e388e8433fbae734de03637583,2026-04-23,SZ000166,-0.0077591040171682835,,,
EXP_LinearModel_Alpha158_csi300_sliding_step40_s_20260111_11,91c306e388e8433fbae734de03637583,2026-04-23,SZ000301,-0.0004743400786537677,,,
EXP_LinearModel_Alpha158_csi300_sliding_step40_s_20260111_11,91c306e388e8433fbae734de03637583,2026-04-23,SZ000333,-0.11030910909175873,,,
EXP_LinearModel_Alpha158_csi300_sliding_step40_s_20260111_11,91c306e388e8433fbae734de03637583,2026-04-23,SZ000338,-0.012662820518016815,,,
EXP_LinearModel_Alpha158_csi300_sliding_step40_s_20260111_11,91c306e388e8433fbae734de03637583,2026-04-23,SZ000408,0.001020263647660613,,,
EXP_LinearModel_Alpha158_csi300_sliding_step40_s_20260111_11,91c306e388e8433fbae734de03637583,2026-04-23,SZ000425,0.04546188563108444,,,
EXP_LinearModel_Alpha158_csi300_sliding_step40_s_20260111_11,91c306e388e8433fbae734de03637583,2026-04-23,SZ000538,0.05297527462244034,,,
EXP_LinearModel_Alpha158_csi300_sliding_step40_s_20260111_11,91c306e388e8433fbae734de03637583,2026-04-23,SZ000568,0.012594596482813358,,,
EXP_LinearModel_Alpha158_csi300_sliding_step40_s_20260111_11,91c306e388e8433fbae734de03637583,2026-04-23,SZ000596,0.03504743427038193,,,
EXP_LinearModel_Alpha158_csi300_sliding_step40_s_20260111_11,91c306e388e8433fbae734de03637583,2026-04-23,SZ000625,-0.037700001150369644,,,
EXP_LinearModel_Alpha158_csi300_sliding_step40_s_20260111_11,91c306e388e8433fbae734de03637583,2026-04-23,SZ301269,0.02774110622704029,,,
EXP_LinearModel_Alpha158_csi300_sliding_step40_s_20260111_11,91c306e388e8433fbae734de03637583,2026-04-23,SH600000,-0.03715444728732109,,,
EXP_LinearModel_Alpha158_csi300_expanding_step40_s_20260111_12,ab464936a4bd47ddb5b42e4aa3319072,2026-04-23,SZ301269,-0.0029520895332098007,,,
EXP_LinearModel_Alpha158_csi300_expanding_step40_s_20260111_12,ab464936a4bd47ddb5b42e4aa3319072,2026-04-23,SH601136,0.007255733944475651,,,
EXP_LinearModel_Alpha158_csi300_expanding_step40_s_20260111_12,ab464936a4bd47ddb5b42e4aa3319072,2026-04-23,SH601138,-0.018972335383296013,,,
EXP_LinearModel_Alpha158_csi300_expanding_step40_s_20260111_12,ab464936a4bd47ddb5b42e4aa3319072,2026-04-23,SH601166,0.07070165872573853,,,
EXP_LinearModel_Alpha158_csi300_expanding_step40_s_20260111_12,ab464936a4bd47ddb5b42e4aa3319072,2026-04-23,SH601169,-0.0020137906540185213,,,
EXP_LinearModel_Alpha158_csi300_expanding_step40_s_20260111_12,ab464936a4bd47ddb5b42e4aa3319072,2026-04-23,SH601186,0.007767218165099621,,,
EXP_LinearModel_Alpha158_csi300_expanding_step40_s_20260111_12,ab464936a4bd47ddb5b42e4aa3319072,2026-04-23,SH601211,0.01981230266392231,,,
EXP_LinearModel_Alpha158_csi300_expanding_step40_s_20260111_12,ab464936a4bd47ddb5b42e4aa3319072,2026-04-23,SH601127,0.006443720310926437,,,
EXP_LinearModel_Alpha158_csi300_expanding_step40_s_20260111_12,ab464936a4bd47ddb5b42e4aa3319072,2026-04-23,SH601225,0.00796470046043396,,,
EXP_LinearModel_Alpha158_csi300_expanding_step40_s_20260111_12,ab464936a4bd47ddb5b42e4aa3319072,2026-04-23,SH601236,0.031258661299943924,,,
EXP_LinearModel_Alpha158_csi300_expanding_step40_s_20260111_12,ab464936a4bd47ddb5b42e4aa3319072,2026-04-23,SH601238,0.039018116891384125,,,
EXP_LinearModel_Alpha158_csi300_expanding_step40_s_20260111_12,ab464936a4bd47ddb5b42e4aa3319072,2026-04-23,SH601288,0.047103241086006165,,,
EXP_LinearModel_Alpha158_csi300_expanding_step40_s_20260111_12,ab464936a4bd47ddb5b42e4aa3319072,2026-04-23,SH601298,0.018679240718483925,,,
EXP_LinearModel_Alpha158_csi300_expanding_step40_s_20260111_12,ab464936a4bd47ddb5b42e4aa3319072,2026-04-23,SH601318,0.020331382751464844,,,
EXP_LinearModel_Alpha158_csi300_expanding_step40_s_20260111_12,ab464936a4bd47ddb5b42e4aa3319072,2026-04-23,SH601319,0.03128473460674286,,,
EXP_LinearModel_Alpha158_csi300_expanding_step40_s_20260111_12,ab464936a4bd47ddb5b42e4aa3319072,2026-04-23,SH601229,0.012312488630414009,,,
EXP_LinearModel_Alpha158_csi300_expanding_step40_s_20260111_12,ab464936a4bd47ddb5b42e4aa3319072,2026-04-23,SH601117,-0.03769189491868019,,,
EXP_LinearModel_Alpha158_csi300_expanding_step40_s_20260111_12,ab464936a4bd47ddb5b42e4aa3319072,2026-04-23,SH601111,0.003373383544385433,,,
EXP_LinearModel_Alpha158_csi300_expanding_step40_s_20260111_12,ab464936a4bd47ddb5b42e4aa3319072,2026-04-23,SH601100,0.0498330183327198,,,
EXP_LinearModel_Alpha158_csi300_expanding_step40_s_20260111_12,ab464936a4bd47ddb5b42e4aa3319072,2026-04-23,SH600930,-0.05470948666334152,,,
EXP_LinearModel_Alpha158_csi300_expanding_step40_s_20260111_12,ab464936a4bd47ddb5b42e4aa3319072,2026-04-23,SH600938,-0.011110021732747555,,,
EXP_LinearModel_Alpha158_csi300_expanding_step40_s_20260111_12,ab464936a4bd47ddb5b42e4aa3319072,2026-04-23,SH600941,-0.010750689543783665,,,
EXP_LinearModel_Alpha158_csi300_expanding_step40_s_20260111_12,ab464936a4bd47ddb5b42e4aa3319072,2026-04-23,SH600989,-0.021986225619912148,,,
EXP_LinearModel_Alpha158_csi300_expanding_step40_s_20260111_12,ab464936a4bd47ddb5b42e4aa3319072,2026-04-23,SH600999,0.04329467937350273,,,
EXP_LinearModel_Alpha158_csi300_expanding_step40_s_20260111_12,ab464936a4bd47ddb5b42e4aa3319072,2026-04-23,SH601006,-0.016155721619725227,,,
EXP_LinearModel_Alpha158_csi300_expanding_step40_s_20260111_12,ab464936a4bd47ddb5b42e4aa3319072,2026-04-23,SH601009,-0.0012741166865453124,,,
EXP_LinearModel_Alpha158_csi300_expanding_step40_s_20260111_12,ab464936a4bd47ddb5b42e4aa3319072,2026-04-23,SH601012,-0.009090956300497055,,,
EXP_LinearModel_Alpha158_csi300_expanding_step40_s_20260111_12,ab464936a4bd47ddb5b42e4aa3319072,2026-04-23,SH601018,0.014627736993134022,,,
EXP_LinearModel_Alpha158_csi300_expanding_step40_s_20260111_12,ab464936a4bd47ddb5b42e4aa3319072,2026-04-23,SH601021,0.008432664908468723,,,
EXP_LinearModel_Alpha158_csi300_expanding_step40_s_20260111_12,ab464936a4bd47ddb5b42e4aa3319072,2026-04-23,SH601058,0.026626083999872208,,,
EXP_LinearModel_Alpha158_csi300_expanding_step40_s_20260111_12,ab464936a4bd47ddb5b42e4aa3319072,2026-04-23,SH601059,0.016541143879294395,,,
EXP_LinearModel_Alpha158_csi300_expanding_step40_s_20260111_12,ab464936a4bd47ddb5b42e4aa3319072,2026-04-23,SH601066,0.025519227609038353,,,
EXP_LinearModel_Alpha158_csi300_expanding_step40_s_20260111_12,ab464936a4bd47ddb5b42e4aa3319072,2026-04-23,SH601077,0.03004494681954384,,,
EXP_LinearModel_Alpha158_csi300_expanding_step40_s_20260111_12,ab464936a4bd47ddb5b42e4aa3319072,2026-04-23,SH601088,0.001223406638018787,,,
EXP_LinearModel_Alpha158_csi300_expanding_step40_s_20260111_12,ab464936a4bd47ddb5b42e4aa3319072,2026-04-23,SH601328,0.012638970278203487,,,
EXP_LinearModel_Alpha158_csi300_expanding_step40_s_20260111_12,ab464936a4bd47ddb5b42e4aa3319072,2026-04-23,SH600926,0.03785059601068497,,,
EXP_LinearModel_Alpha158_csi300_expanding_step40_s_20260111_12,ab464936a4bd47ddb5b42e4aa3319072,2026-04-23,SH601336,0.03325266018509865,,,
EXP_LinearModel_Alpha158_csi300_expanding_step40_s_20260111_12,ab464936a4bd47ddb5b42e4aa3319072,2026-04-23,SH601377,0.015139979310333729,,,
EXP_LinearModel_Alpha158_csi300_expanding_step40_s_20260111_12,ab464936a4bd47ddb5b42e4aa3319072,2026-04-23,SH601808,-0.025888843461871147,,,
EXP_LinearModel_Alpha158_csi300_expanding_step40_s_20260111_12,ab464936a4bd47ddb5b42e4aa3319072,2026-04-23,SH601816,0.018885692581534386,,,
EXP_LinearModel_Alpha158_csi300_expanding_step40_s_20260111_12,ab464936a4bd47ddb5b42e4aa3319072,2026-04-23,SH601818,,,,
EXP_LinearModel_Alpha158_csi300_expanding_step40_s_20260111_12,ab464936a4bd47ddb5b42e4aa3319072,2026-04-23,SH601825,0.08302249759435654,,,
EXP_LinearModel_Alpha158_csi300_expanding_step40_s_20260111_12,ab464936a4bd47ddb5b42e4aa3319072,2026-04-23,SH601838,-0.013737073168158531,,,
EXP_LinearModel_Alpha158_csi300_expanding_step40_s_20260111_12,ab464936a4bd47ddb5b42e4aa3319072,2026-04-23,SH601857,-0.03202708810567856,,,
EXP_LinearModel_Alpha158_csi300_expanding_step40_s_20260111_12,ab464936a4bd47ddb5b42e4aa3319072,2026-04-23,SH601800,0.03074922040104866,,,
EXP_LinearModel_Alpha158_csi300_expanding_step40_s_20260111_12,ab464936a4bd47ddb5b42e4aa3319072,2026-04-23,SH601868,-0.05258095636963844,,,
EXP_LinearModel_Alpha158_csi300_expanding_step40_s_20260111_12,ab464936a4bd47ddb5b42e4aa3319072,2026-04-23,SH601877,0.0113502386957407,,,
EXP_LinearModel_Alpha158_csi300_expanding_step40_s_20260111_12,ab464936a4bd47ddb5b42e4aa3319072,2026-04-23,SH601878,0.02690925821661949,,,
EXP_LinearModel_Alpha158_csi300_expanding_step40_s_20260111_12,ab464936a4bd47ddb5b42e4aa3319072,2026-04-23,SH601881,0.02855890989303589,,,
EXP_LinearModel_Alpha158_csi300_expanding_step40_s_20260111_12,ab464936a4bd47ddb5b42e4aa3319072,2026-04-23,SH601888,0.04433403164148331,,,
EXP_LinearModel_Alpha158_csi300_expanding_step40_s_20260111_12,ab464936a4bd47ddb5b42e4aa3319072,2026-04-23,SH601898,-0.020993279293179512,,,
EXP_LinearModel_Alpha158_csi300_expanding_step40_s_20260111_12,ab464936a4bd47ddb5b42e4aa3319072,2026-04-23,SH601899,0.019337259232997894,,,
EXP_LinearModel_Alpha158_csi300_expanding_step40_s_20260111_12,ab464936a4bd47ddb5b42e4aa3319072,2026-04-23,SH601872,0.014445114880800247,,,
EXP_LinearModel_Alpha158_csi300_expanding_step40_s_20260111_12,ab464936a4bd47ddb5b42e4aa3319072,2026-04-23,SH601788,0.0437430776655674,,,
EXP_LinearModel_Alpha158_csi300_expanding_step40_s_20260111_12,ab464936a4bd47ddb5b42e4aa3319072,2026-04-23,SH601766,0.03273892402648926,,,
EXP_LinearModel_Alpha158_csi300_expanding_step40_s_20260111_12,ab464936a4bd47ddb5b42e4aa3319072,2026-04-23,SH601728,-0.008344542235136032,,,
EXP_LinearModel_Alpha158_csi300_expanding_step40_s_20260111_12,ab464936a4bd47ddb5b42e4aa3319072,2026-04-23,SH601390,-0.010276995599269867,,,
EXP_LinearModel_Alpha158_csi300_expanding_step40_s_20260111_12,ab464936a4bd47ddb5b42e4aa3319072,2026-04-23,SH601398,0.002498157788068056,,,
EXP_LinearModel_Alpha158_csi300_expanding_step40_s_20260111_12,ab464936a4bd47ddb5b42e4aa3319072,2026-04-23,SH601456,0.018587075173854828,,,
EXP_LinearModel_Alpha158_csi300_expanding_step40_s_20260111_12,ab464936a4bd47ddb5b42e4aa3319072,2026-04-23,SH601600,0.03184271231293678,,,
EXP_LinearModel_Alpha158_csi300_expanding_step40_s_20260111_12,ab464936a4bd47ddb5b42e4aa3319072,2026-04-23,SH601601,0.02922348864376545,,,
EXP_LinearModel_Alpha158_csi300_expanding_step40_s_20260111_12,ab464936a4bd47ddb5b42e4aa3319072,2026-04-23,SH601607,-0.012739700265228748,,,
EXP_LinearModel_Alpha158_csi300_expanding_step40_s_20260111_12,ab464936a4bd47ddb5b42e4aa3319072,2026-04-23,SH601618,-0.0185862947255373,,,
EXP_LinearModel_Alpha158_csi300_expanding_step40_s_20260111_12,ab464936a4bd47ddb5b42e4aa3319072,2026-04-23,SH601628,0.028345629572868347,,,
EXP_LinearModel_Alpha158_csi300_expanding_step40_s_20260111_12,ab464936a4bd47ddb5b42e4aa3319072,2026-04-23,SH601633,0.02093592844903469,,,
EXP_LinearModel_Alpha158_csi300_expanding_step40_s_20260111_12,ab464936a4bd47ddb5b42e4aa3319072,2026-04-23,SH601658,0.005447322968393564,,,
EXP_LinearModel_Alpha158_csi300_expanding_step40_s_20260111_12,ab464936a4bd47ddb5b42e4aa3319072,2026-04-23,SH601668,0.0380745567381382,,,
EXP_LinearModel_Alpha158_csi300_expanding_step40_s_20260111_12,ab464936a4bd47ddb5b42e4aa3319072,2026-04-23,SH601669,-0.06414669007062912,,,
EXP_LinearModel_Alpha158_csi300_expanding_step40_s_20260111_12,ab464936a4bd47ddb5b42e4aa3319072,2026-04-23,SH601688,0.025034470483660698,,,
EXP_LinearModel_Alpha158_csi300_expanding_step40_s_20260111_12,ab464936a4bd47ddb5b42e4aa3319072,2026-04-23,SH601689,0.049758657813072205,,,
EXP_LinearModel_Alpha158_csi300_expanding_step40_s_20260111_12,ab464936a4bd47ddb5b42e4aa3319072,2026-04-23,SH601698,-0.050593502819538116,,,
EXP_LinearModel_Alpha158_csi300_expanding_step40_s_20260111_12,ab464936a4bd47ddb5b42e4aa3319072,2026-04-23,SH601360,0.006510613020509481,,,
EXP_LinearModel_Alpha158_csi300_expanding_step40_s_20260111_12,ab464936a4bd47ddb5b42e4aa3319072,2026-04-23,SH600919,0.02187959849834442,,,
EXP_LinearModel_Alpha158_csi300_expanding_step40_s_20260111_12,ab464936a4bd47ddb5b42e4aa3319072,2026-04-23,SH600918,0.009537797421216965,,,
EXP_LinearModel_Alpha158_csi300_expanding_step40_s_20260111_12,ab464936a4bd47ddb5b42e4aa3319072,2026-04-23,SH600905,-0.04402633383870125,,,
EXP_LinearModel_Alpha158_csi300_expanding_step40_s_20260111_12,ab464936a4bd47ddb5b42e4aa3319072,2026-04-23,SH600066,-0.03337416052818298,,,
EXP_LinearModel_Alpha158_csi300_expanding_step40_s_20260111_12,ab464936a4bd47ddb5b42e4aa3319072,2026-04-23,SH600085,0.010444977320730686,,,
EXP_LinearModel_Alpha158_csi300_expanding_step40_s_20260111_12,ab464936a4bd47ddb5b42e4aa3319072,2026-04-23,SH600089,-0.0015753759071230888,,,
EXP_LinearModel_Alpha158_csi300_expanding_step40_s_20260111_12,ab464936a4bd47ddb5b42e4aa3319072,2026-04-23,SH600104,-0.006411788519471884,,,
EXP_LinearModel_Alpha158_csi300_expanding_step40_s_20260111_12,ab464936a4bd47ddb5b42e4aa3319072,2026-04-23,SH600111,0.04278327897191048,,,
EXP_LinearModel_Alpha158_csi300_expanding_step40_s_20260111_12,ab464936a4bd47ddb5b42e4aa3319072,2026-04-23,SH600115,0.0214065071195364,,,
EXP_LinearModel_Alpha158_csi300_expanding_step40_s_20260111_12,ab464936a4bd47ddb5b42e4aa3319072,2026-04-23,SH600061,0.04647049307823181,,,
EXP_LinearModel_Alpha158_csi300_expanding_step40_s_20260111_12,ab464936a4bd47ddb5b42e4aa3319072,2026-04-23,SH600150,-0.04758118838071823,,,
EXP_LinearModel_Alpha158_csi300_expanding_step40_s_20260111_12,ab464936a4bd47ddb5b42e4aa3319072,2026-04-23,SH600161,0.04174765199422836,,,
EXP_LinearModel_Alpha158_csi300_expanding_step40_s_20260111_12,ab464936a4bd47ddb5b42e4aa3319072,2026-04-23,SH600176,0.01330745778977871,,,
EXP_LinearModel_Alpha158_csi300_expanding_step40_s_20260111_12,ab464936a4bd47ddb5b42e4aa3319072,2026-04-23,SH600183,0.01574620231986046,,,
EXP_LinearModel_Alpha158_csi300_expanding_step40_s_20260111_12,ab464936a4bd47ddb5b42e4aa3319072,2026-04-23,SH600188,-0.008967109955847263,,,
EXP_LinearModel_Alpha158_csi300_expanding_step40_s_20260111_12,ab464936a4bd47ddb5b42e4aa3319072,2026-04-23,SH600196,0.011148876510560513,,,
EXP_LinearModel_Alpha158_csi300_expanding_step40_s_20260111_12,ab464936a4bd47ddb5b42e4aa3319072,2026-04-23,SH600219,0.015544523485004902,,,
EXP_LinearModel_Alpha158_csi300_expanding_step40_s_20260111_12,ab464936a4bd47ddb5b42e4aa3319072,2026-04-23,SH600160,0.05033767968416214,,,
EXP_LinearModel_Alpha158_csi300_expanding_step40_s_20260111_12,ab464936a4bd47ddb5b42e4aa3319072,2026-04-23,SH600050,0.017269328236579895,,,
EXP_LinearModel_Alpha158_csi300_expanding_step40_s_20260111_12,ab464936a4bd47ddb5b42e4aa3319072,2026-04-23,SH600048,0.022020617499947548,,,
EXP_LinearModel_Alpha158_csi300_expanding_step40_s_20260111_12,ab464936a4bd47ddb5b42e4aa3319072,2026-04-23,SH600039,0.006791096180677414,,,
EXP_LinearModel_Alpha158_csi300_expanding_step40_s_20260111_12,ab464936a4bd47ddb5b42e4aa3319072,2026-04-23,SH600010,0.025712136179208755,,,
EXP_LinearModel_Alpha158_csi300_expanding_step40_s_20260111_12,ab464936a4bd47ddb5b42e4aa3319072,2026-04-23,SH600011,-0.0019455121364444494,,,
EXP_LinearModel_Alpha158_csi300_expanding_step40_s_20260111_12,ab464936a4bd47ddb5b42e4aa3319072,2026-04-23,SH600015,0.011586027219891548,,,
EXP_LinearModel_Alpha158_csi300_expanding_step40_s_20260111_12,ab464936a4bd47ddb5b42e4aa3319072,2026-04-23,SH600016,0.0034590805880725384,,,
EXP_LinearModel_Alpha158_csi300_expanding_step40_s_20260111_12,ab464936a4bd47ddb5b42e4aa3319072,2026-04-23,SH600018,0.02693679742515087,,,
EXP_LinearModel_Alpha158_csi300_expanding_step40_s_20260111_12,ab464936a4bd47ddb5b42e4aa3319072,2026-04-23,SH600019,0.009042208082973957,,,
EXP_LinearModel_Alpha158_csi300_expanding_step40_s_20260111_12,ab464936a4bd47ddb5b42e4aa3319072,2026-04-23,SH600023,-0.011268013156950474,,,
EXP_LinearModel_Alpha158_csi300_expanding_step40_s_20260111_12,ab464936a4bd47ddb5b42e4aa3319072,2026-04-23,SH600025,0.030968746170401573,,,
EXP_LinearModel_Alpha158_csi300_expanding_step40_s_20260111_12,ab464936a4bd47ddb5b42e4aa3319072,2026-04-23,SH600026,0.019381508231163025,,,
EXP_LinearModel_Alpha158_csi300_expanding_step40_s_20260111_12,ab464936a4bd47ddb5b42e4aa3319072,2026-04-23,SH600027,-0.0484638437628746,,,
EXP_LinearModel_Alpha158_csi300_expanding_step40_s_20260111_12,ab464936a4bd47ddb5b42e4aa3319072,2026-04-23,SH600028,0.014810235239565372,,,
EXP_LinearModel_Alpha158_csi300_expanding_step40_s_20260111_12,ab464936a4bd47ddb5b42e4aa3319072,2026-04-23,SH600029,0.008250843733549118,,,
EXP_LinearModel_Alpha158_csi300_expanding_step40_s_20260111_12,ab464936a4bd47ddb5b42e4aa3319072,2026-04-23,SH600030,-0.012687625363469124,,,
EXP_LinearModel_Alpha158_csi300_expanding_step40_s_20260111_12,ab464936a4bd47ddb5b42e4aa3319072,2026-04-23,SH600031,0.03487205132842064,,,
EXP_LinearModel_Alpha158_csi300_expanding_step40_s_20260111_12,ab464936a4bd47ddb5b42e4aa3319072,2026-04-23,SH600036,0.02857746183872223,,,
EXP_LinearModel_Alpha158_csi300_expanding_step40_s_20260111_12,ab464936a4bd47ddb5b42e4aa3319072,2026-04-23,SH600233,-0.008889268152415752,,,
EXP_LinearModel_Alpha158_csi300_expanding_step40_s_20260111_12,ab464936a4bd47ddb5b42e4aa3319072,2026-04-23,SH600276,0.010741572827100754,,,
EXP_LinearModel_Alpha158_csi300_expanding_step40_s_20260111_12,ab464936a4bd47ddb5b42e4aa3319072,2026-04-23,SH600309,0.03377788886427879,,,
EXP_LinearModel_Alpha158_csi300_expanding_step40_s_20260111_12,ab464936a4bd47ddb5b42e4aa3319072,2026-04-23,SH600346,0.02765556238591671,,,
EXP_LinearModel_Alpha158_csi300_expanding_step40_s_20260111_12,ab464936a4bd47ddb5b42e4aa3319072,2026-04-23,SH600600,-0.01961616240441799,,,
EXP_LinearModel_Alpha158_csi300_expanding_step40_s_20260111_12,ab464936a4bd47ddb5b42e4aa3319072,2026-04-23,SH600660,0.0068662939593195915,,,
EXP_LinearModel_Alpha158_csi300_expanding_step40_s_20260111_12,ab464936a4bd47ddb5b42e4aa3319072,2026-04-23,SH600674,0.0009023832972161472,,,
EXP_LinearModel_Alpha158_csi300_expanding_step40_s_20260111_12,ab464936a4bd47ddb5b42e4aa3319072,2026-04-23,SH600690,0.03160960227251053,,,
EXP_LinearModel_Alpha158_csi300_expanding_step40_s_20260111_12,ab464936a4bd47ddb5b42e4aa3319072,2026-04-23,SH600741,-0.02314847521483898,,,
EXP_LinearModel_Alpha158_csi300_expanding_step40_s_20260111_12,ab464936a4bd47ddb5b42e4aa3319072,2026-04-23,SH600760,0.0001345791097264737,,,
EXP_LinearModel_Alpha158_csi300_expanding_step40_s_20260111_12,ab464936a4bd47ddb5b42e4aa3319072,2026-04-23,SH600795,-0.019606081768870354,,,
EXP_LinearModel_Alpha158_csi300_expanding_step40_s_20260111_12,ab464936a4bd47ddb5b42e4aa3319072,2026-04-23,SH600803,0.012662435881793499,,,
EXP_LinearModel_Alpha158_csi300_expanding_step40_s_20260111_12,ab464936a4bd47ddb5b42e4aa3319072,2026-04-23,SH600809,0.007473841309547424,,,
EXP_LinearModel_Alpha158_csi300_expanding_step40_s_20260111_12,ab464936a4bd47ddb5b42e4aa3319072,2026-04-23,SH600845,-0.012860644608736038,,,
EXP_LinearModel_Alpha158_csi300_expanding_step40_s_20260111_12,ab464936a4bd47ddb5b42e4aa3319072,2026-04-23,SH600875,0.011838246136903763,,,
EXP_LinearModel_Alpha158_csi300_expanding_step40_s_20260111_12,ab464936a4bd47ddb5b42e4aa3319072,2026-04-23,SH600886,0.01739439368247986,,,
EXP_LinearModel_Alpha158_csi300_expanding_step40_s_20260111_12,ab464936a4bd47ddb5b42e4aa3319072,2026-04-23,SH600887,0.0492696650326252,,,
EXP_LinearModel_Alpha158_csi300_expanding_step40_s_20260111_12,ab464936a4bd47ddb5b42e4aa3319072,2026-04-23,SH600893,0.01803157851099968,,,
EXP_LinearModel_Alpha158_csi300_expanding_step40_s_20260111_12,ab464936a4bd47ddb5b42e4aa3319072,2026-04-23,SH600900,0.01746932789683342,,,
EXP_LinearModel_Alpha158_csi300_expanding_step40_s_20260111_12,ab464936a4bd47ddb5b42e4aa3319072,2026-04-23,SH600588,0.008185533806681633,,,
EXP_LinearModel_Alpha158_csi300_expanding_step40_s_20260111_12,ab464936a4bd47ddb5b42e4aa3319072,2026-04-23,SH601901,0.02564709447324276,,,
EXP_LinearModel_Alpha158_csi300_expanding_step40_s_20260111_12,ab464936a4bd47ddb5b42e4aa3319072,2026-04-23,SH600585,0.06155392900109291,,,
EXP_LinearModel_Alpha158_csi300_expanding_step40_s_20260111_12,ab464936a4bd47ddb5b42e4aa3319072,2026-04-23,SH600570,-0.0042206840589642525,,,
EXP_LinearModel_Alpha158_csi300_expanding_step40_s_20260111_12,ab464936a4bd47ddb5b42e4aa3319072,2026-04-23,SH600362,0.02739199995994568,,,
EXP_LinearModel_Alpha158_csi300_expanding_step40_s_20260111_12,ab464936a4bd47ddb5b42e4aa3319072,2026-04-23,SH600372,0.012232561595737934,,,
EXP_LinearModel_Alpha158_csi300_expanding_step40_s_20260111_12,ab464936a4bd47ddb5b42e4aa3319072,2026-04-23,SH600377,-0.006924872752279043,,,
EXP_LinearModel_Alpha158_csi300_expanding_step40_s_20260111_12,ab464936a4bd47ddb5b42e4aa3319072,2026-04-23,SH600406,0.020208049565553665,,,
EXP_LinearModel_Alpha158_csi300_expanding_step40_s_20260111_12,ab464936a4bd47ddb5b42e4aa3319072,2026-04-23,SH600415,-0.0383734256029129,,,
EXP_LinearModel_Alpha158_csi300_expanding_step40_s_20260111_12,ab464936a4bd47ddb5b42e4aa3319072,2026-04-23,SH600426,-0.011062775738537312,,,
EXP_LinearModel_Alpha158_csi300_expanding_step40_s_20260111_12,ab464936a4bd47ddb5b42e4aa3319072,2026-04-23,SH600436,0.03730309382081032,,,
EXP_LinearModel_Alpha158_csi300_expanding_step40_s_20260111_12,ab464936a4bd47ddb5b42e4aa3319072,2026-04-23,SH600438,-0.007734011393040419,,,
EXP_LinearModel_Alpha158_csi300_expanding_step40_s_20260111_12,ab464936a4bd47ddb5b42e4aa3319072,2026-04-23,SH600460,-0.013778588734567165,,,
EXP_LinearModel_Alpha158_csi300_expanding_step40_s_20260111_12,ab464936a4bd47ddb5b42e4aa3319072,2026-04-23,SH600482,0.013060733675956726,,,
EXP_LinearModel_Alpha158_csi300_expanding_step40_s_20260111_12,ab464936a4bd47ddb5b42e4aa3319072,2026-04-23,SH600489,0.05122024938464165,,,
EXP_LinearModel_Alpha158_csi300_expanding_step40_s_20260111_12,ab464936a4bd47ddb5b42e4aa3319072,2026-04-23,SH600515,0.06255900114774704,,,
EXP_LinearModel_Alpha158_csi300_expanding_step40_s_20260111_12,ab464936a4bd47ddb5b42e4aa3319072,2026-04-23,SH600519,0.02813236601650715,,,
EXP_LinearModel_Alpha158_csi300_expanding_step40_s_20260111_12,ab464936a4bd47ddb5b42e4aa3319072,2026-04-23,SH600522,-0.00037283237907104194,,,
EXP_LinearModel_Alpha158_csi300_expanding_step40_s_20260111_12,ab464936a4bd47ddb5b42e4aa3319072,2026-04-23,SH600547,0.05637913569808006,,,
EXP_LinearModel_Alpha158_csi300_expanding_step40_s_20260111_12,ab464936a4bd47ddb5b42e4aa3319072,2026-04-23,SH600584,-0.012224467471241951,,,
EXP_LinearModel_Alpha158_csi300_expanding_step40_s_20260111_12,ab464936a4bd47ddb5b42e4aa3319072,2026-04-23,SH601916,0.01591753400862217,,,
EXP_LinearModel_Alpha158_csi300_expanding_step40_s_20260111_12,ab464936a4bd47ddb5b42e4aa3319072,2026-04-23,SH601919,-0.005459413398057222,,,
EXP_LinearModel_Alpha158_csi300_expanding_step40_s_20260111_12,ab464936a4bd47ddb5b42e4aa3319072,2026-04-23,SH601939,0.04287333786487579,,,
EXP_LinearModel_Alpha158_csi300_expanding_step40_s_20260111_12,ab464936a4bd47ddb5b42e4aa3319072,2026-04-23,SZ002422,0.007510736584663391,,,
EXP_LinearModel_Alpha158_csi300_expanding_step40_s_20260111_12,ab464936a4bd47ddb5b42e4aa3319072,2026-04-23,SZ002459,-0.0022397926077246666,,,
EXP_LinearModel_Alpha158_csi300_expanding_step40_s_20260111_12,ab464936a4bd47ddb5b42e4aa3319072,2026-04-23,SZ002460,0.02371244691312313,,,
EXP_LinearModel_Alpha158_csi300_expanding_step40_s_20260111_12,ab464936a4bd47ddb5b42e4aa3319072,2026-04-23,SZ002463,0.004520055837929249,,,
EXP_LinearModel_Alpha158_csi300_expanding_step40_s_20260111_12,ab464936a4bd47ddb5b42e4aa3319072,2026-04-23,SZ002466,0.009570963680744171,,,
EXP_LinearModel_Alpha158_csi300_expanding_step40_s_20260111_12,ab464936a4bd47ddb5b42e4aa3319072,2026-04-23,SZ002475,-0.004708307329565287,,,
EXP_LinearModel_Alpha158_csi300_expanding_step40_s_20260111_12,ab464936a4bd47ddb5b42e4aa3319072,2026-04-23,SZ002415,0.00549757806584239,,,
EXP_LinearModel_Alpha158_csi300_expanding_step40_s_20260111_12,ab464936a4bd47ddb5b42e4aa3319072,2026-04-23,SZ002493,0.02926933579146862,,,
EXP_LinearModel_Alpha158_csi300_expanding_step40_s_20260111_12,ab464936a4bd47ddb5b42e4aa3319072,2026-04-23,SZ002600,-0.01390770822763443,,,
EXP_LinearModel_Alpha158_csi300_expanding_step40_s_20260111_12,ab464936a4bd47ddb5b42e4aa3319072,2026-04-23,SZ002601,0.024903448298573494,,,
EXP_LinearModel_Alpha158_csi300_expanding_step40_s_20260111_12,ab464936a4bd47ddb5b42e4aa3319072,2026-04-23,SZ002625,0.021369693800807,,,
EXP_LinearModel_Alpha158_csi300_expanding_step40_s_20260111_12,ab464936a4bd47ddb5b42e4aa3319072,2026-04-23,SZ002648,0.0361318364739418,,,
EXP_LinearModel_Alpha158_csi300_expanding_step40_s_20260111_12,ab464936a4bd47ddb5b42e4aa3319072,2026-04-23,SZ002709,0.025658607482910156,,,
EXP_LinearModel_Alpha158_csi300_expanding_step40_s_20260111_12,ab464936a4bd47ddb5b42e4aa3319072,2026-04-23,SZ002714,0.06744961440563202,,,
EXP_LinearModel_Alpha158_csi300_expanding_step40_s_20260111_12,ab464936a4bd47ddb5b42e4aa3319072,2026-04-23,SZ002594,0.015493093058466911,,,
EXP_LinearModel_Alpha158_csi300_expanding_step40_s_20260111_12,ab464936a4bd47ddb5b42e4aa3319072,2026-04-23,SZ002384,0.03351788595318794,,,
EXP_LinearModel_Alpha158_csi300_expanding_step40_s_20260111_12,ab464936a4bd47ddb5b42e4aa3319072,2026-04-23,SZ002371,0.010919969528913498,,,
EXP_LinearModel_Alpha158_csi300_expanding_step40_s_20260111_12,ab464936a4bd47ddb5b42e4aa3319072,2026-04-23,SZ002352,0.024168360978364944,,,
EXP_LinearModel_Alpha158_csi300_expanding_step40_s_20260111_12,ab464936a4bd47ddb5b42e4aa3319072,2026-04-23,SZ001979,0.018107125535607338,,,
EXP_LinearModel_Alpha158_csi300_expanding_step40_s_20260111_12,ab464936a4bd47ddb5b42e4aa3319072,2026-04-23,SZ002001,0.036373820155858994,,,
EXP_LinearModel_Alpha158_csi300_expanding_step40_s_20260111_12,ab464936a4bd47ddb5b42e4aa3319072,2026-04-23,SZ002027,0.0448911227285862,,,
EXP_LinearModel_Alpha158_csi300_expanding_step40_s_20260111_12,ab464936a4bd47ddb5b42e4aa3319072,2026-04-23,SZ002028,0.04304074868559837,,,
EXP_LinearModel_Alpha158_csi300_expanding_step40_s_20260111_12,ab464936a4bd47ddb5b42e4aa3319072,2026-04-23,SZ002049,0.01846180111169815,,,
EXP_LinearModel_Alpha158_csi300_expanding_step40_s_20260111_12,ab464936a4bd47ddb5b42e4aa3319072,2026-04-23,SZ002050,0.029154950752854347,,,
EXP_LinearModel_Alpha158_csi300_expanding_step40_s_20260111_12,ab464936a4bd47ddb5b42e4aa3319072,2026-04-23,SZ002074,-0.00649363175034523,,,
EXP_LinearModel_Alpha158_csi300_expanding_step40_s_20260111_12,ab464936a4bd47ddb5b42e4aa3319072,2026-04-23,SZ002142,0.0003805928281508386,,,
EXP_LinearModel_Alpha158_csi300_expanding_step40_s_20260111_12,ab464936a4bd47ddb5b42e4aa3319072,2026-04-23,SZ002179,-0.016319071874022484,,,
EXP_LinearModel_Alpha158_csi300_expanding_step40_s_20260111_12,ab464936a4bd47ddb5b42e4aa3319072,2026-04-23,SZ002230,-0.010294695384800434,,,
EXP_LinearModel_Alpha158_csi300_expanding_step40_s_20260111_12,ab464936a4bd47ddb5b42e4aa3319072,2026-04-23,SZ002236,0.00627819774672389,,,
EXP_LinearModel_Alpha158_csi300_expanding_step40_s_20260111_12,ab464936a4bd47ddb5b42e4aa3319072,2026-04-23,SZ002241,0.0076500107534229755,,,
EXP_LinearModel_Alpha158_csi300_expanding_step40_s_20260111_12,ab464936a4bd47ddb5b42e4aa3319072,2026-04-23,SZ002252,0.04000275209546089,,,
EXP_LinearModel_Alpha158_csi300_expanding_step40_s_20260111_12,ab464936a4bd47ddb5b42e4aa3319072,2026-04-23,SZ002304,-0.03759961575269699,,,
EXP_LinearModel_Alpha158_csi300_expanding_step40_s_20260111_12,ab464936a4bd47ddb5b42e4aa3319072,2026-04-23,SZ002311,0.045265477150678635,,,
EXP_LinearModel_Alpha158_csi300_expanding_step40_s_20260111_12,ab464936a4bd47ddb5b42e4aa3319072,2026-04-23,SZ002736,0.0528765507042408,,,
EXP_LinearModel_Alpha158_csi300_expanding_step40_s_20260111_12,ab464936a4bd47ddb5b42e4aa3319072,2026-04-23,SZ002916,0.021172206848859787,,,
EXP_LinearModel_Alpha158_csi300_expanding_step40_s_20260111_12,ab464936a4bd47ddb5b42e4aa3319072,2026-04-23,SZ002920,0.006928541697561741,,,
EXP_LinearModel_Alpha158_csi300_expanding_step40_s_20260111_12,ab464936a4bd47ddb5b42e4aa3319072,2026-04-23,SZ002938,-0.0005120153655298054,,,
EXP_LinearModel_Alpha158_csi300_expanding_step40_s_20260111_12,ab464936a4bd47ddb5b42e4aa3319072,2026-04-23,SZ300498,0.04326274245977402,,,
EXP_LinearModel_Alpha158_csi300_expanding_step40_s_20260111_12,ab464936a4bd47ddb5b42e4aa3319072,2026-04-23,SZ300502,0.040641412138938904,,,
EXP_LinearModel_Alpha158_csi300_expanding_step40_s_20260111_12,ab464936a4bd47ddb5b42e4aa3319072,2026-04-23,SZ300628,-0.017405172809958458,,,
EXP_LinearModel_Alpha158_csi300_expanding_step40_s_20260111_12,ab464936a4bd47ddb5b42e4aa3319072,2026-04-23,SZ300661,-0.0181651022285223,,,
EXP_LinearModel_Alpha158_csi300_expanding_step40_s_20260111_12,ab464936a4bd47ddb5b42e4aa3319072,2026-04-23,SZ300750,0.035291094332933426,,,
EXP_LinearModel_Alpha158_csi300_expanding_step40_s_20260111_12,ab464936a4bd47ddb5b42e4aa3319072,2026-04-23,SZ300759,0.007141096983104944,,,
EXP_LinearModel_Alpha158_csi300_expanding_step40_s_20260111_12,ab464936a4bd47ddb5b42e4aa3319072,2026-04-23,SZ300760,0.024349790066480637,,,
EXP_LinearModel_Alpha158_csi300_expanding_step40_s_20260111_12,ab464936a4bd47ddb5b42e4aa3319072,2026-04-23,SZ300782,0.016651617363095284,,,
EXP_LinearModel_Alpha158_csi300_expanding_step40_s_20260111_12,ab464936a4bd47ddb5b42e4aa3319072,2026-04-23,SZ300803,0.003699726890772581,,,
EXP_LinearModel_Alpha158_csi300_expanding_step40_s_20260111_12,ab464936a4bd47ddb5b42e4aa3319072,2026-04-23,SZ300832,0.015553795732557774,,,
EXP_LinearModel_Alpha158_csi300_expanding_step40_s_20260111_12,ab464936a4bd47ddb5b42e4aa3319072,2026-04-23,SZ300866,-0.02093694731593132,,,
EXP_LinearModel_Alpha158_csi300_expanding_step40_s_20260111_12,ab464936a4bd47ddb5b42e4aa3319072,2026-04-23,SZ300896,-0.015124325640499592,,,
EXP_LinearModel_Alpha158_csi300_expanding_step40_s_20260111_12,ab464936a4bd47ddb5b42e4aa3319072,2026-04-23,SZ300979,0.02542930655181408,,,
EXP_LinearModel_Alpha158_csi300_expanding_step40_s_20260111_12,ab464936a4bd47ddb5b42e4aa3319072,2026-04-23,SZ300999,-0.011599563993513584,,,
EXP_LinearModel_Alpha158_csi300_expanding_step40_s_20260111_12,ab464936a4bd47ddb5b42e4aa3319072,2026-04-23,SZ301236,-0.016524817794561386,,,
EXP_LinearModel_Alpha158_csi300_expanding_step40_s_20260111_12,ab464936a4bd47ddb5b42e4aa3319072,2026-04-23,SZ300476,0.016919009387493134,,,
EXP_LinearModel_Alpha158_csi300_expanding_step40_s_20260111_12,ab464936a4bd47ddb5b42e4aa3319072,2026-04-23,SZ001965,-0.015505664050579071,,,
EXP_LinearModel_Alpha158_csi300_expanding_step40_s_20260111_12,ab464936a4bd47ddb5b42e4aa3319072,2026-04-23,SZ300442,-0.006238888017833233,,,
EXP_LinearModel_Alpha158_csi300_expanding_step40_s_20260111_12,ab464936a4bd47ddb5b42e4aa3319072,2026-04-23,SZ300418,-0.008627026341855526,,,
EXP_LinearModel_Alpha158_csi300_expanding_step40_s_20260111_12,ab464936a4bd47ddb5b42e4aa3319072,2026-04-23,SZ003816,-0.002670132555067539,,,
EXP_LinearModel_Alpha158_csi300_expanding_step40_s_20260111_12,ab464936a4bd47ddb5b42e4aa3319072,2026-04-23,SZ300014,0.0151066230610013,,,
EXP_LinearModel_Alpha158_csi300_expanding_step40_s_20260111_12,ab464936a4bd47ddb5b42e4aa3319072,2026-04-23,SZ300015,-0.0400870107114315,,,
EXP_LinearModel_Alpha158_csi300_expanding_step40_s_20260111_12,ab464936a4bd47ddb5b42e4aa3319072,2026-04-23,SZ300033,0.03454360365867615,,,
EXP_LinearModel_Alpha158_csi300_expanding_step40_s_20260111_12,ab464936a4bd47ddb5b42e4aa3319072,2026-04-23,SZ300059,0.02005346678197384,,,
EXP_LinearModel_Alpha158_csi300_expanding_step40_s_20260111_12,ab464936a4bd47ddb5b42e4aa3319072,2026-04-23,SZ300122,-0.0045079076662659645,,,
EXP_LinearModel_Alpha158_csi300_expanding_step40_s_20260111_12,ab464936a4bd47ddb5b42e4aa3319072,2026-04-23,SZ300124,0.05523781478404999,,,
EXP_LinearModel_Alpha158_csi300_expanding_step40_s_20260111_12,ab464936a4bd47ddb5b42e4aa3319072,2026-04-23,SZ300251,-0.005320234689861536,,,
EXP_LinearModel_Alpha158_csi300_expanding_step40_s_20260111_12,ab464936a4bd47ddb5b42e4aa3319072,2026-04-23,SZ300274,0.03724263608455658,,,
EXP_LinearModel_Alpha158_csi300_expanding_step40_s_20260111_12,ab464936a4bd47ddb5b42e4aa3319072,2026-04-23,SZ300308,0.017435496672987938,,,
EXP_LinearModel_Alpha158_csi300_expanding_step40_s_20260111_12,ab464936a4bd47ddb5b42e4aa3319072,2026-04-23,SZ300316,0.019808392971754074,,,
EXP_LinearModel_Alpha158_csi300_expanding_step40_s_20260111_12,ab464936a4bd47ddb5b42e4aa3319072,2026-04-23,SZ300347,0.021667368710041046,,,
EXP_LinearModel_Alpha158_csi300_expanding_step40_s_20260111_12,ab464936a4bd47ddb5b42e4aa3319072,2026-04-23,SZ300394,0.05415869131684303,,,
EXP_LinearModel_Alpha158_csi300_expanding_step40_s_20260111_12,ab464936a4bd47ddb5b42e4aa3319072,2026-04-23,SZ300408,-0.00803088303655386,,,
EXP_LinearModel_Alpha158_csi300_expanding_step40_s_20260111_12,ab464936a4bd47ddb5b42e4aa3319072,2026-04-23,SZ300413,0.01566384918987751,,,
EXP_LinearModel_Alpha158_csi300_expanding_step40_s_20260111_12,ab464936a4bd47ddb5b42e4aa3319072,2026-04-23,SZ300433,0.03495137020945549,,,
EXP_LinearModel_Alpha158_csi300_expanding_step40_s_20260111_12,ab464936a4bd47ddb5b42e4aa3319072,2026-04-23,SZ302132,0.0016982686938717961,,,
EXP_LinearModel_Alpha158_csi300_expanding_step40_s_20260111_12,ab464936a4bd47ddb5b42e4aa3319072,2026-04-23,SZ001391,-0.007696348708122969,,,
EXP_LinearModel_Alpha158_csi300_expanding_step40_s_20260111_12,ab464936a4bd47ddb5b42e4aa3319072,2026-04-23,SZ000983,-0.06349338591098785,,,
EXP_LinearModel_Alpha158_csi300_expanding_step40_s_20260111_12,ab464936a4bd47ddb5b42e4aa3319072,2026-04-23,SH688008,-0.008555921725928783,,,
EXP_LinearModel_Alpha158_csi300_expanding_step40_s_20260111_12,ab464936a4bd47ddb5b42e4aa3319072,2026-04-23,SH688009,-0.013274665921926498,,,
EXP_LinearModel_Alpha158_csi300_expanding_step40_s_20260111_12,ab464936a4bd47ddb5b42e4aa3319072,2026-04-23,SH688012,-0.006107130087912083,,,
EXP_LinearModel_Alpha158_csi300_expanding_step40_s_20260111_12,ab464936a4bd47ddb5b42e4aa3319072,2026-04-23,SH688036,-0.014236568473279476,,,
EXP_LinearModel_Alpha158_csi300_expanding_step40_s_20260111_12,ab464936a4bd47ddb5b42e4aa3319072,2026-04-23,SH688041,-0.015056528151035309,,,
EXP_LinearModel_Alpha158_csi300_expanding_step40_s_20260111_12,ab464936a4bd47ddb5b42e4aa3319072,2026-04-23,SH688047,-0.027937062084674835,,,
EXP_LinearModel_Alpha158_csi300_expanding_step40_s_20260111_12,ab464936a4bd47ddb5b42e4aa3319072,2026-04-23,SH605499,0.032944753766059875,,,
EXP_LinearModel_Alpha158_csi300_expanding_step40_s_20260111_12,ab464936a4bd47ddb5b42e4aa3319072,2026-04-23,SH688082,0.0066215768456459045,,,
EXP_LinearModel_Alpha158_csi300_expanding_step40_s_20260111_12,ab464936a4bd47ddb5b42e4aa3319072,2026-04-23,SH688126,-0.06122684106230736,,,
EXP_LinearModel_Alpha158_csi300_expanding_step40_s_20260111_12,ab464936a4bd47ddb5b42e4aa3319072,2026-04-23,SH688169,0.0187310092151165,,,
EXP_LinearModel_Alpha158_csi300_expanding_step40_s_20260111_12,ab464936a4bd47ddb5b42e4aa3319072,2026-04-23,SH688187,0.017985180020332336,,,
EXP_LinearModel_Alpha158_csi300_expanding_step40_s_20260111_12,ab464936a4bd47ddb5b42e4aa3319072,2026-04-23,SH688223,0.024934910237789154,,,
EXP_LinearModel_Alpha158_csi300_expanding_step40_s_20260111_12,ab464936a4bd47ddb5b42e4aa3319072,2026-04-23,SH688256,0.022534849122166634,,,
EXP_LinearModel_Alpha158_csi300_expanding_step40_s_20260111_12,ab464936a4bd47ddb5b42e4aa3319072,2026-04-23,SH688271,0.01631324365735054,,,
EXP_LinearModel_Alpha158_csi300_expanding_step40_s_20260111_12,ab464936a4bd47ddb5b42e4aa3319072,2026-04-23,SH688111,-0.01128630992025137,,,
EXP_LinearModel_Alpha158_csi300_expanding_step40_s_20260111_12,ab464936a4bd47ddb5b42e4aa3319072,2026-04-23,SH605117,0.005729621276259422,,,
EXP_LinearModel_Alpha158_csi300_expanding_step40_s_20260111_12,ab464936a4bd47ddb5b42e4aa3319072,2026-04-23,SH603993,0.06080618128180504,,,
EXP_LinearModel_Alpha158_csi300_expanding_step40_s_20260111_12,ab464936a4bd47ddb5b42e4aa3319072,2026-04-23,SH603986,0.042406681925058365,,,
EXP_LinearModel_Alpha158_csi300_expanding_step40_s_20260111_12,ab464936a4bd47ddb5b42e4aa3319072,2026-04-23,SH601985,-0.03458903357386589,,,
EXP_LinearModel_Alpha158_csi300_expanding_step40_s_20260111_12,ab464936a4bd47ddb5b42e4aa3319072,2026-04-23,SH601988,0.01810820773243904,,,
EXP_LinearModel_Alpha158_csi300_expanding_step40_s_20260111_12,ab464936a4bd47ddb5b42e4aa3319072,2026-04-23,SH601995,-0.005246646236628294,,,
EXP_LinearModel_Alpha158_csi300_expanding_step40_s_20260111_12,ab464936a4bd47ddb5b42e4aa3319072,2026-04-23,SH601998,0.006322209723293781,,,
EXP_LinearModel_Alpha158_csi300_expanding_step40_s_20260111_12,ab464936a4bd47ddb5b42e4aa3319072,2026-04-23,SH603019,-0.019382480531930923,,,
EXP_LinearModel_Alpha158_csi300_expanding_step40_s_20260111_12,ab464936a4bd47ddb5b42e4aa3319072,2026-04-23,SH603195,-0.0316227525472641,,,
EXP_LinearModel_Alpha158_csi300_expanding_step40_s_20260111_12,ab464936a4bd47ddb5b42e4aa3319072,2026-04-23,SH603259,0.04279312118887901,,,
EXP_LinearModel_Alpha158_csi300_expanding_step40_s_20260111_12,ab464936a4bd47ddb5b42e4aa3319072,2026-04-23,SH603260,0.014416936784982681,,,
EXP_LinearModel_Alpha158_csi300_expanding_step40_s_20260111_12,ab464936a4bd47ddb5b42e4aa3319072,2026-04-23,SH603288,-0.0007405384094454348,,,
EXP_LinearModel_Alpha158_csi300_expanding_step40_s_20260111_12,ab464936a4bd47ddb5b42e4aa3319072,2026-04-23,SH603296,0.004897510167211294,,,
EXP_LinearModel_Alpha158_csi300_expanding_step40_s_20260111_12,ab464936a4bd47ddb5b42e4aa3319072,2026-04-23,SH603369,-0.0033030794002115726,,,
EXP_LinearModel_Alpha158_csi300_expanding_step40_s_20260111_12,ab464936a4bd47ddb5b42e4aa3319072,2026-04-23,SH603392,0.02309747226536274,,,
EXP_LinearModel_Alpha158_csi300_expanding_step40_s_20260111_12,ab464936a4bd47ddb5b42e4aa3319072,2026-04-23,SH603501,0.044434335082769394,,,
EXP_LinearModel_Alpha158_csi300_expanding_step40_s_20260111_12,ab464936a4bd47ddb5b42e4aa3319072,2026-04-23,SH603799,0.053189124912023544,,,
EXP_LinearModel_Alpha158_csi300_expanding_step40_s_20260111_12,ab464936a4bd47ddb5b42e4aa3319072,2026-04-23,SH603893,-0.012293370440602303,,,
EXP_LinearModel_Alpha158_csi300_expanding_step40_s_20260111_12,ab464936a4bd47ddb5b42e4aa3319072,2026-04-23,SH688303,-0.027275655418634415,,,
EXP_LinearModel_Alpha158_csi300_expanding_step40_s_20260111_12,ab464936a4bd47ddb5b42e4aa3319072,2026-04-23,SH688396,-0.05140019953250885,,,
EXP_LinearModel_Alpha158_csi300_expanding_step40_s_20260111_12,ab464936a4bd47ddb5b42e4aa3319072,2026-04-23,SH688472,0.025892645120620728,,,
EXP_LinearModel_Alpha158_csi300_expanding_step40_s_20260111_12,ab464936a4bd47ddb5b42e4aa3319072,2026-04-23,SH688506,0.027608901262283325,,,
EXP_LinearModel_Alpha158_csi300_expanding_step40_s_20260111_12,ab464936a4bd47ddb5b42e4aa3319072,2026-04-23,SZ000661,0.0058294618502259254,,,
EXP_LinearModel_Alpha158_csi300_expanding_step40_s_20260111_12,ab464936a4bd47ddb5b42e4aa3319072,2026-04-23,SZ000708,0.08074844628572464,,,
EXP_LinearModel_Alpha158_csi300_expanding_step40_s_20260111_12,ab464936a4bd47ddb5b42e4aa3319072,2026-04-23,SZ000725,-0.004544466268271208,,,
EXP_LinearModel_Alpha158_csi300_expanding_step40_s_20260111_12,ab464936a4bd47ddb5b42e4aa3319072,2026-04-23,SZ000768,0.015961462631821632,,,
EXP_LinearModel_Alpha158_csi300_expanding_step40_s_20260111_12,ab464936a4bd47ddb5b42e4aa3319072,2026-04-23,SZ000776,0.003976153209805489,,,
EXP_LinearModel_Alpha158_csi300_expanding_step40_s_20260111_12,ab464936a4bd47ddb5b42e4aa3319072,2026-04-23,SZ000786,0.023787766695022583,,,
EXP_LinearModel_Alpha158_csi300_expanding_step40_s_20260111_12,ab464936a4bd47ddb5b42e4aa3319072,2026-04-23,SZ000792,0.036011986434459686,,,
EXP_LinearModel_Alpha158_csi300_expanding_step40_s_20260111_12,ab464936a4bd47ddb5b42e4aa3319072,2026-04-23,SZ000807,0.03839200362563133,,,
EXP_LinearModel_Alpha158_csi300_expanding_step40_s_20260111_12,ab464936a4bd47ddb5b42e4aa3319072,2026-04-23,SZ000858,0.010737821459770203,,,
EXP_LinearModel_Alpha158_csi300_expanding_step40_s_20260111_12,ab464936a4bd47ddb5b42e4aa3319072,2026-04-23,SZ000876,-0.000752051651943475,,,
EXP_LinearModel_Alpha158_csi300_expanding_step40_s_20260111_12,ab464936a4bd47ddb5b42e4aa3319072,2026-04-23,SZ000895,0.04367626830935478,,,
EXP_LinearModel_Alpha158_csi300_expanding_step40_s_20260111_12,ab464936a4bd47ddb5b42e4aa3319072,2026-04-23,SZ000938,-0.02662287838757038,,,
EXP_LinearModel_Alpha158_csi300_expanding_step40_s_20260111_12,ab464936a4bd47ddb5b42e4aa3319072,2026-04-23,SZ000963,0.002460950519889593,,,
EXP_LinearModel_Alpha158_csi300_expanding_step40_s_20260111_12,ab464936a4bd47ddb5b42e4aa3319072,2026-04-23,SZ000975,0.03828423470258713,,,
EXP_LinearModel_Alpha158_csi300_expanding_step40_s_20260111_12,ab464936a4bd47ddb5b42e4aa3319072,2026-04-23,SZ000977,-0.0009700300288386643,,,
EXP_LinearModel_Alpha158_csi300_expanding_step40_s_20260111_12,ab464936a4bd47ddb5b42e4aa3319072,2026-04-23,SZ000651,0.04279644787311554,,,
EXP_LinearModel_Alpha158_csi300_expanding_step40_s_20260111_12,ab464936a4bd47ddb5b42e4aa3319072,2026-04-23,SZ000999,0.013219458051025867,,,
EXP_LinearModel_Alpha158_csi300_expanding_step40_s_20260111_12,ab464936a4bd47ddb5b42e4aa3319072,2026-04-23,SZ000630,0.02493808977305889,,,
EXP_LinearModel_Alpha158_csi300_expanding_step40_s_20260111_12,ab464936a4bd47ddb5b42e4aa3319072,2026-04-23,SZ000617,-0.061130326241254807,,,
EXP_LinearModel_Alpha158_csi300_expanding_step40_s_20260111_12,ab464936a4bd47ddb5b42e4aa3319072,2026-04-23,SH688981,0.02336025796830654,,,
EXP_LinearModel_Alpha158_csi300_expanding_step40_s_20260111_12,ab464936a4bd47ddb5b42e4aa3319072,2026-04-23,SZ000001,0.029436884447932243,,,
EXP_LinearModel_Alpha158_csi300_expanding_step40_s_20260111_12,ab464936a4bd47ddb5b42e4aa3319072,2026-04-23,SZ000002,0.01783195324242115,,,
EXP_LinearModel_Alpha158_csi300_expanding_step40_s_20260111_12,ab464936a4bd47ddb5b42e4aa3319072,2026-04-23,SZ000063,-0.01413068175315857,,,
EXP_LinearModel_Alpha158_csi300_expanding_step40_s_20260111_12,ab464936a4bd47ddb5b42e4aa3319072,2026-04-23,SZ000100,0.008823346346616745,,,
EXP_LinearModel_Alpha158_csi300_expanding_step40_s_20260111_12,ab464936a4bd47ddb5b42e4aa3319072,2026-04-23,SZ000157,0.04068050533533096,,,
EXP_LinearModel_Alpha158_csi300_expanding_step40_s_20260111_12,ab464936a4bd47ddb5b42e4aa3319072,2026-04-23,SZ000166,0.042106904089450836,,,
EXP_LinearModel_Alpha158_csi300_expanding_step40_s_20260111_12,ab464936a4bd47ddb5b42e4aa3319072,2026-04-23,SZ000301,0.007648431695997715,,,
EXP_LinearModel_Alpha158_csi300_expanding_step40_s_20260111_12,ab464936a4bd47ddb5b42e4aa3319072,2026-04-23,SZ000333,-0.007877917028963566,,,
EXP_LinearModel_Alpha158_csi300_expanding_step40_s_20260111_12,ab464936a4bd47ddb5b42e4aa3319072,2026-04-23,SZ000338,0.02475145272910595,,,
EXP_LinearModel_Alpha158_csi300_expanding_step40_s_20260111_12,ab464936a4bd47ddb5b42e4aa3319072,2026-04-23,SZ000408,0.03854558616876602,,,
EXP_LinearModel_Alpha158_csi300_expanding_step40_s_20260111_12,ab464936a4bd47ddb5b42e4aa3319072,2026-04-23,SZ000425,0.05122419074177742,,,
EXP_LinearModel_Alpha158_csi300_expanding_step40_s_20260111_12,ab464936a4bd47ddb5b42e4aa3319072,2026-04-23,SZ000538,0.043352991342544556,,,
EXP_LinearModel_Alpha158_csi300_expanding_step40_s_20260111_12,ab464936a4bd47ddb5b42e4aa3319072,2026-04-23,SZ000568,0.0010121117811650038,,,
EXP_LinearModel_Alpha158_csi300_expanding_step40_s_20260111_12,ab464936a4bd47ddb5b42e4aa3319072,2026-04-23,SZ000596,-0.011796236969530582,,,
EXP_LinearModel_Alpha158_csi300_expanding_step40_s_20260111_12,ab464936a4bd47ddb5b42e4aa3319072,2026-04-23,SZ000625,0.022434858605265617,,,
EXP_LinearModel_Alpha158_csi300_expanding_step40_s_20260111_12,ab464936a4bd47ddb5b42e4aa3319072,2026-04-23,SH600009,0.024221407249569893,,,
EXP_LinearModel_Alpha158_csi300_sliding_step40_s_20260111_11,91c306e388e8433fbae734de03637583,2026-04-23,SZ302132,0.04683387279510498,,,
EXP_XGBModel_Alpha158_csi300_sliding_step40_s_20260111_01,44df6c59b159490fa0b22d3c198cd0a9,2026-04-23,SH600009,-0.023555703461170197,,,
EXP_XGBModel_Alpha158_csi300_expanding_step40_s_20260111_00,2f2d4eb181db4668bdbd3b6e264ca822,2026-04-23,SH601136,-0.0757388025522232,,,
EXP_XGBModel_Alpha158_csi300_expanding_step40_s_20260111_00,2f2d4eb181db4668bdbd3b6e264ca822,2026-04-23,SH601138,-0.1261180341243744,,,
EXP_XGBModel_Alpha158_csi300_expanding_step40_s_20260111_00,2f2d4eb181db4668bdbd3b6e264ca822,2026-04-23,SH601166,-0.05474602431058884,,,
EXP_XGBModel_Alpha158_csi300_expanding_step40_s_20260111_00,2f2d4eb181db4668bdbd3b6e264ca822,2026-04-23,SH601169,0.0631289854645729,,,
EXP_XGBModel_Alpha158_csi300_expanding_step40_s_20260111_00,2f2d4eb181db4668bdbd3b6e264ca822,2026-04-23,SH601186,-0.07692614197731018,,,
EXP_XGBModel_Alpha158_csi300_expanding_step40_s_20260111_00,2f2d4eb181db4668bdbd3b6e264ca822,2026-04-23,SH601211,-0.017900174483656883,,,
EXP_XGBModel_Alpha158_csi300_expanding_step40_s_20260111_00,2f2d4eb181db4668bdbd3b6e264ca822,2026-04-23,SH601127,0.1484595090150833,,,
EXP_XGBModel_Alpha158_csi300_expanding_step40_s_20260111_00,2f2d4eb181db4668bdbd3b6e264ca822,2026-04-23,SH601225,-0.03255762159824371,,,
EXP_XGBModel_Alpha158_csi300_expanding_step40_s_20260111_00,2f2d4eb181db4668bdbd3b6e264ca822,2026-04-23,SH601236,-0.02388991229236126,,,
EXP_XGBModel_Alpha158_csi300_expanding_step40_s_20260111_00,2f2d4eb181db4668bdbd3b6e264ca822,2026-04-23,SH601238,-0.06105361878871918,,,
EXP_XGBModel_Alpha158_csi300_expanding_step40_s_20260111_00,2f2d4eb181db4668bdbd3b6e264ca822,2026-04-23,SH601288,0.1002458930015564,,,
EXP_XGBModel_Alpha158_csi300_expanding_step40_s_20260111_00,2f2d4eb181db4668bdbd3b6e264ca822,2026-04-23,SH601298,-0.03297504037618637,,,
EXP_XGBModel_Alpha158_csi300_expanding_step40_s_20260111_00,2f2d4eb181db4668bdbd3b6e264ca822,2026-04-23,SH601318,-0.0640207976102829,,,
EXP_XGBModel_Alpha158_csi300_expanding_step40_s_20260111_00,2f2d4eb181db4668bdbd3b6e264ca822,2026-04-23,SH601319,-0.05800343304872513,,,
EXP_XGBModel_Alpha158_csi300_expanding_step40_s_20260111_00,2f2d4eb181db4668bdbd3b6e264ca822,2026-04-23,SH601229,0.07078980654478073,,,
EXP_XGBModel_Alpha158_csi300_expanding_step40_s_20260111_00,2f2d4eb181db4668bdbd3b6e264ca822,2026-04-23,SH601117,-0.07942666113376617,,,
EXP_XGBModel_Alpha158_csi300_expanding_step40_s_20260111_00,2f2d4eb181db4668bdbd3b6e264ca822,2026-04-23,SH601111,0.18053238093852997,,,
EXP_XGBModel_Alpha158_csi300_expanding_step40_s_20260111_00,2f2d4eb181db4668bdbd3b6e264ca822,2026-04-23,SH601100,0.08600544184446335,,,
EXP_XGBModel_Alpha158_csi300_expanding_step40_s_20260111_00,2f2d4eb181db4668bdbd3b6e264ca822,2026-04-23,SH600930,0.09102088212966919,,,
EXP_XGBModel_Alpha158_csi300_expanding_step40_s_20260111_00,2f2d4eb181db4668bdbd3b6e264ca822,2026-04-23,SH600938,-0.08442142605781555,,,
EXP_XGBModel_Alpha158_csi300_expanding_step40_s_20260111_00,2f2d4eb181db4668bdbd3b6e264ca822,2026-04-23,SH600941,0.02900003455579281,,,
EXP_XGBModel_Alpha158_csi300_expanding_step40_s_20260111_00,2f2d4eb181db4668bdbd3b6e264ca822,2026-04-23,SH600989,-0.02849145419895649,,,
EXP_XGBModel_Alpha158_csi300_expanding_step40_s_20260111_00,2f2d4eb181db4668bdbd3b6e264ca822,2026-04-23,SH600999,0.03121579997241497,,,
EXP_XGBModel_Alpha158_csi300_expanding_step40_s_20260111_00,2f2d4eb181db4668bdbd3b6e264ca822,2026-04-23,SH601006,0.028995469212532043,,,
EXP_XGBModel_Alpha158_csi300_expanding_step40_s_20260111_00,2f2d4eb181db4668bdbd3b6e264ca822,2026-04-23,SH601009,0.0014938656240701675,,,
EXP_XGBModel_Alpha158_csi300_expanding_step40_s_20260111_00,2f2d4eb181db4668bdbd3b6e264ca822,2026-04-23,SH601012,0.014034264720976353,,,
EXP_XGBModel_Alpha158_csi300_expanding_step40_s_20260111_00,2f2d4eb181db4668bdbd3b6e264ca822,2026-04-23,SH601018,-0.01458763238042593,,,
EXP_XGBModel_Alpha158_csi300_expanding_step40_s_20260111_00,2f2d4eb181db4668bdbd3b6e264ca822,2026-04-23,SH601021,-0.011188020929694176,,,
EXP_XGBModel_Alpha158_csi300_expanding_step40_s_20260111_00,2f2d4eb181db4668bdbd3b6e264ca822,2026-04-23,SH601058,0.050429873168468475,,,
EXP_XGBModel_Alpha158_csi300_expanding_step40_s_20260111_00,2f2d4eb181db4668bdbd3b6e264ca822,2026-04-23,SH601059,0.025645703077316284,,,
EXP_XGBModel_Alpha158_csi300_expanding_step40_s_20260111_00,2f2d4eb181db4668bdbd3b6e264ca822,2026-04-23,SH601066,0.006226962432265282,,,
EXP_XGBModel_Alpha158_csi300_expanding_step40_s_20260111_00,2f2d4eb181db4668bdbd3b6e264ca822,2026-04-23,SH601077,0.0060259196907281876,,,
EXP_XGBModel_Alpha158_csi300_expanding_step40_s_20260111_00,2f2d4eb181db4668bdbd3b6e264ca822,2026-04-23,SH601088,-0.04232710599899292,,,
EXP_XGBModel_Alpha158_csi300_expanding_step40_s_20260111_00,2f2d4eb181db4668bdbd3b6e264ca822,2026-04-23,SH601328,0.06454163044691086,,,
EXP_XGBModel_Alpha158_csi300_expanding_step40_s_20260111_00,2f2d4eb181db4668bdbd3b6e264ca822,2026-04-23,SH600926,0.03062678687274456,,,
EXP_XGBModel_Alpha158_csi300_expanding_step40_s_20260111_00,2f2d4eb181db4668bdbd3b6e264ca822,2026-04-23,SH601336,0.08464737236499786,,,
EXP_XGBModel_Alpha158_csi300_expanding_step40_s_20260111_00,2f2d4eb181db4668bdbd3b6e264ca822,2026-04-23,SH601377,-0.036198295652866364,,,
EXP_XGBModel_Alpha158_csi300_expanding_step40_s_20260111_00,2f2d4eb181db4668bdbd3b6e264ca822,2026-04-23,SH601808,0.04739461466670036,,,
EXP_XGBModel_Alpha158_csi300_expanding_step40_s_20260111_00,2f2d4eb181db4668bdbd3b6e264ca822,2026-04-23,SH601816,-0.03419608250260353,,,
EXP_XGBModel_Alpha158_csi300_expanding_step40_s_20260111_00,2f2d4eb181db4668bdbd3b6e264ca822,2026-04-23,SH601818,0.05385289713740349,,,
EXP_XGBModel_Alpha158_csi300_expanding_step40_s_20260111_00,2f2d4eb181db4668bdbd3b6e264ca822,2026-04-23,SH601825,0.056457750499248505,,,
EXP_XGBModel_Alpha158_csi300_expanding_step40_s_20260111_00,2f2d4eb181db4668bdbd3b6e264ca822,2026-04-23,SH601838,0.0058433362282812595,,,
EXP_XGBModel_Alpha158_csi300_expanding_step40_s_20260111_00,2f2d4eb181db4668bdbd3b6e264ca822,2026-04-23,SH601857,-0.017494497820734978,,,
EXP_XGBModel_Alpha158_csi300_expanding_step40_s_20260111_00,2f2d4eb181db4668bdbd3b6e264ca822,2026-04-23,SH601800,0.08168443292379379,,,
EXP_XGBModel_Alpha158_csi300_expanding_step40_s_20260111_00,2f2d4eb181db4668bdbd3b6e264ca822,2026-04-23,SH601868,-0.19435539841651917,,,
EXP_XGBModel_Alpha158_csi300_expanding_step40_s_20260111_00,2f2d4eb181db4668bdbd3b6e264ca822,2026-04-23,SH601877,-0.002781832590699196,,,
EXP_XGBModel_Alpha158_csi300_expanding_step40_s_20260111_00,2f2d4eb181db4668bdbd3b6e264ca822,2026-04-23,SH601878,-0.07617346197366714,,,
EXP_XGBModel_Alpha158_csi300_expanding_step40_s_20260111_00,2f2d4eb181db4668bdbd3b6e264ca822,2026-04-23,SH601881,-0.008903993293642998,,,
EXP_XGBModel_Alpha158_csi300_expanding_step40_s_20260111_00,2f2d4eb181db4668bdbd3b6e264ca822,2026-04-23,SH601888,-0.10782993584871292,,,
EXP_XGBModel_Alpha158_csi300_expanding_step40_s_20260111_00,2f2d4eb181db4668bdbd3b6e264ca822,2026-04-23,SH601898,0.04559895396232605,,,
EXP_XGBModel_Alpha158_csi300_expanding_step40_s_20260111_00,2f2d4eb181db4668bdbd3b6e264ca822,2026-04-23,SH601899,0.12005235999822617,,,
EXP_XGBModel_Alpha158_csi300_expanding_step40_s_20260111_00,2f2d4eb181db4668bdbd3b6e264ca822,2026-04-23,SH601872,-0.02220158278942108,,,
EXP_XGBModel_Alpha158_csi300_expanding_step40_s_20260111_00,2f2d4eb181db4668bdbd3b6e264ca822,2026-04-23,SH601788,-0.10391544550657272,,,
EXP_XGBModel_Alpha158_csi300_expanding_step40_s_20260111_00,2f2d4eb181db4668bdbd3b6e264ca822,2026-04-23,SH601766,-0.012362763285636902,,,
EXP_XGBModel_Alpha158_csi300_expanding_step40_s_20260111_00,2f2d4eb181db4668bdbd3b6e264ca822,2026-04-23,SH601728,0.010255537927150726,,,
EXP_XGBModel_Alpha158_csi300_expanding_step40_s_20260111_00,2f2d4eb181db4668bdbd3b6e264ca822,2026-04-23,SH601390,-0.03155243396759033,,,
EXP_XGBModel_Alpha158_csi300_expanding_step40_s_20260111_00,2f2d4eb181db4668bdbd3b6e264ca822,2026-04-23,SH601398,0.025086555629968643,,,
EXP_XGBModel_Alpha158_csi300_expanding_step40_s_20260111_00,2f2d4eb181db4668bdbd3b6e264ca822,2026-04-23,SH601456,0.04915010184049606,,,
EXP_XGBModel_Alpha158_csi300_expanding_step40_s_20260111_00,2f2d4eb181db4668bdbd3b6e264ca822,2026-04-23,SH601600,0.014642884023487568,,,
EXP_XGBModel_Alpha158_csi300_expanding_step40_s_20260111_00,2f2d4eb181db4668bdbd3b6e264ca822,2026-04-23,SH601601,-0.007994399406015873,,,
EXP_XGBModel_Alpha158_csi300_expanding_step40_s_20260111_00,2f2d4eb181db4668bdbd3b6e264ca822,2026-04-23,SH601607,-0.0292611476033926,,,
EXP_XGBModel_Alpha158_csi300_expanding_step40_s_20260111_00,2f2d4eb181db4668bdbd3b6e264ca822,2026-04-23,SH601618,-0.08158256858587265,,,
EXP_XGBModel_Alpha158_csi300_expanding_step40_s_20260111_00,2f2d4eb181db4668bdbd3b6e264ca822,2026-04-23,SH601628,0.04313400760293007,,,
EXP_XGBModel_Alpha158_csi300_expanding_step40_s_20260111_00,2f2d4eb181db4668bdbd3b6e264ca822,2026-04-23,SH601633,-0.02346573770046234,,,
EXP_XGBModel_Alpha158_csi300_expanding_step40_s_20260111_00,2f2d4eb181db4668bdbd3b6e264ca822,2026-04-23,SH601658,0.1014213114976883,,,
EXP_XGBModel_Alpha158_csi300_expanding_step40_s_20260111_00,2f2d4eb181db4668bdbd3b6e264ca822,2026-04-23,SH601668,-0.05398743599653244,,,
EXP_XGBModel_Alpha158_csi300_expanding_step40_s_20260111_00,2f2d4eb181db4668bdbd3b6e264ca822,2026-04-23,SH601669,-0.0650959461927414,,,
EXP_XGBModel_Alpha158_csi300_expanding_step40_s_20260111_00,2f2d4eb181db4668bdbd3b6e264ca822,2026-04-23,SH601688,0.0271141454577446,,,
EXP_XGBModel_Alpha158_csi300_expanding_step40_s_20260111_00,2f2d4eb181db4668bdbd3b6e264ca822,2026-04-23,SH601689,0.523201048374176,,,
EXP_XGBModel_Alpha158_csi300_expanding_step40_s_20260111_00,2f2d4eb181db4668bdbd3b6e264ca822,2026-04-23,SH601698,-0.006347935646772385,,,
EXP_XGBModel_Alpha158_csi300_expanding_step40_s_20260111_00,2f2d4eb181db4668bdbd3b6e264ca822,2026-04-23,SH601360,0.07478293031454086,,,
EXP_XGBModel_Alpha158_csi300_expanding_step40_s_20260111_00,2f2d4eb181db4668bdbd3b6e264ca822,2026-04-23,SH600919,0.0030224076472222805,,,
EXP_XGBModel_Alpha158_csi300_expanding_step40_s_20260111_00,2f2d4eb181db4668bdbd3b6e264ca822,2026-04-23,SH600918,-0.05381467565894127,,,
EXP_XGBModel_Alpha158_csi300_expanding_step40_s_20260111_00,2f2d4eb181db4668bdbd3b6e264ca822,2026-04-23,SH600905,-0.010809080675244331,,,
EXP_XGBModel_Alpha158_csi300_expanding_step40_s_20260111_00,2f2d4eb181db4668bdbd3b6e264ca822,2026-04-23,SH600066,-0.22198298573493958,,,
EXP_XGBModel_Alpha158_csi300_expanding_step40_s_20260111_00,2f2d4eb181db4668bdbd3b6e264ca822,2026-04-23,SH600085,-0.015051813796162605,,,
EXP_XGBModel_Alpha158_csi300_expanding_step40_s_20260111_00,2f2d4eb181db4668bdbd3b6e264ca822,2026-04-23,SH600089,-0.016868028789758682,,,
EXP_XGBModel_Alpha158_csi300_expanding_step40_s_20260111_00,2f2d4eb181db4668bdbd3b6e264ca822,2026-04-23,SH600104,-0.03633937984704971,,,
EXP_XGBModel_Alpha158_csi300_expanding_step40_s_20260111_00,2f2d4eb181db4668bdbd3b6e264ca822,2026-04-23,SH600111,0.11828465014696121,,,
EXP_XGBModel_Alpha158_csi300_expanding_step40_s_20260111_00,2f2d4eb181db4668bdbd3b6e264ca822,2026-04-23,SH600115,0.029561327770352364,,,
EXP_XGBModel_Alpha158_csi300_expanding_step40_s_20260111_00,2f2d4eb181db4668bdbd3b6e264ca822,2026-04-23,SH600061,-0.002087155357003212,,,
EXP_XGBModel_Alpha158_csi300_expanding_step40_s_20260111_00,2f2d4eb181db4668bdbd3b6e264ca822,2026-04-23,SH600150,-0.258766770362854,,,
EXP_XGBModel_Alpha158_csi300_expanding_step40_s_20260111_00,2f2d4eb181db4668bdbd3b6e264ca822,2026-04-23,SH600161,0.019532715901732445,,,
EXP_XGBModel_Alpha158_csi300_expanding_step40_s_20260111_00,2f2d4eb181db4668bdbd3b6e264ca822,2026-04-23,SH600176,0.16911672055721283,,,
EXP_XGBModel_Alpha158_csi300_expanding_step40_s_20260111_00,2f2d4eb181db4668bdbd3b6e264ca822,2026-04-23,SH600183,0.03470354899764061,,,
EXP_XGBModel_Alpha158_csi300_expanding_step40_s_20260111_00,2f2d4eb181db4668bdbd3b6e264ca822,2026-04-23,SH600188,0.21641398966312408,,,
EXP_XGBModel_Alpha158_csi300_expanding_step40_s_20260111_00,2f2d4eb181db4668bdbd3b6e264ca822,2026-04-23,SH600196,-0.022327493876218796,,,
EXP_XGBModel_Alpha158_csi300_expanding_step40_s_20260111_00,2f2d4eb181db4668bdbd3b6e264ca822,2026-04-23,SH600219,0.03608075529336929,,,
EXP_XGBModel_Alpha158_csi300_expanding_step40_s_20260111_00,2f2d4eb181db4668bdbd3b6e264ca822,2026-04-23,SH600160,0.12720462679862976,,,
EXP_XGBModel_Alpha158_csi300_expanding_step40_s_20260111_00,2f2d4eb181db4668bdbd3b6e264ca822,2026-04-23,SH600050,-0.0002924688160419464,,,
EXP_XGBModel_Alpha158_csi300_expanding_step40_s_20260111_00,2f2d4eb181db4668bdbd3b6e264ca822,2026-04-23,SH600048,0.017100617289543152,,,
EXP_XGBModel_Alpha158_csi300_expanding_step40_s_20260111_00,2f2d4eb181db4668bdbd3b6e264ca822,2026-04-23,SH600039,0.016822433099150658,,,
EXP_XGBModel_Alpha158_csi300_expanding_step40_s_20260111_00,2f2d4eb181db4668bdbd3b6e264ca822,2026-04-23,SH600010,0.04825696721673012,,,
EXP_XGBModel_Alpha158_csi300_expanding_step40_s_20260111_00,2f2d4eb181db4668bdbd3b6e264ca822,2026-04-23,SH600011,-0.04441312700510025,,,
EXP_XGBModel_Alpha158_csi300_expanding_step40_s_20260111_00,2f2d4eb181db4668bdbd3b6e264ca822,2026-04-23,SH600015,0.0592988021671772,,,
EXP_XGBModel_Alpha158_csi300_expanding_step40_s_20260111_00,2f2d4eb181db4668bdbd3b6e264ca822,2026-04-23,SH600016,-0.005877671763300896,,,
EXP_XGBModel_Alpha158_csi300_expanding_step40_s_20260111_00,2f2d4eb181db4668bdbd3b6e264ca822,2026-04-23,SH600018,-0.0011120525887236,,,
EXP_XGBModel_Alpha158_csi300_expanding_step40_s_20260111_00,2f2d4eb181db4668bdbd3b6e264ca822,2026-04-23,SH600019,-0.003523537190631032,,,
EXP_XGBModel_Alpha158_csi300_expanding_step40_s_20260111_00,2f2d4eb181db4668bdbd3b6e264ca822,2026-04-23,SH600023,-0.0681689903140068,,,
EXP_XGBModel_Alpha158_csi300_expanding_step40_s_20260111_00,2f2d4eb181db4668bdbd3b6e264ca822,2026-04-23,SH600025,-0.0014458548976108432,,,
EXP_XGBModel_Alpha158_csi300_expanding_step40_s_20260111_00,2f2d4eb181db4668bdbd3b6e264ca822,2026-04-23,SH600026,-0.015509515069425106,,,
EXP_XGBModel_Alpha158_csi300_expanding_step40_s_20260111_00,2f2d4eb181db4668bdbd3b6e264ca822,2026-04-23,SH600027,-0.13958929479122162,,,
EXP_XGBModel_Alpha158_csi300_expanding_step40_s_20260111_00,2f2d4eb181db4668bdbd3b6e264ca822,2026-04-23,SH600028,-0.08739545941352844,,,
EXP_XGBModel_Alpha158_csi300_expanding_step40_s_20260111_00,2f2d4eb181db4668bdbd3b6e264ca822,2026-04-23,SH600029,-0.09278447926044464,,,
EXP_XGBModel_Alpha158_csi300_expanding_step40_s_20260111_00,2f2d4eb181db4668bdbd3b6e264ca822,2026-04-23,SH600030,-0.09935344010591507,,,
EXP_XGBModel_Alpha158_csi300_expanding_step40_s_20260111_00,2f2d4eb181db4668bdbd3b6e264ca822,2026-04-23,SH600031,0.026314573362469673,,,
EXP_XGBModel_Alpha158_csi300_expanding_step40_s_20260111_00,2f2d4eb181db4668bdbd3b6e264ca822,2026-04-23,SH600036,-0.012144542299211025,,,
EXP_XGBModel_Alpha158_csi300_expanding_step40_s_20260111_00,2f2d4eb181db4668bdbd3b6e264ca822,2026-04-23,SH600233,-0.18148642778396606,,,
EXP_XGBModel_Alpha158_csi300_expanding_step40_s_20260111_00,2f2d4eb181db4668bdbd3b6e264ca822,2026-04-23,SH600276,0.0679735541343689,,,
EXP_XGBModel_Alpha158_csi300_expanding_step40_s_20260111_00,2f2d4eb181db4668bdbd3b6e264ca822,2026-04-23,SH600309,-0.00846213661134243,,,
EXP_XGBModel_Alpha158_csi300_expanding_step40_s_20260111_00,2f2d4eb181db4668bdbd3b6e264ca822,2026-04-23,SH600346,0.015190765261650085,,,
EXP_XGBModel_Alpha158_csi300_expanding_step40_s_20260111_00,2f2d4eb181db4668bdbd3b6e264ca822,2026-04-23,SH600600,-0.014727631583809853,,,
EXP_XGBModel_Alpha158_csi300_expanding_step40_s_20260111_00,2f2d4eb181db4668bdbd3b6e264ca822,2026-04-23,SH600660,0.07125537842512131,,,
EXP_XGBModel_Alpha158_csi300_expanding_step40_s_20260111_00,2f2d4eb181db4668bdbd3b6e264ca822,2026-04-23,SH600674,-0.03439890220761299,,,
EXP_XGBModel_Alpha158_csi300_expanding_step40_s_20260111_00,2f2d4eb181db4668bdbd3b6e264ca822,2026-04-23,SH600690,-0.052339885383844376,,,
EXP_XGBModel_Alpha158_csi300_expanding_step40_s_20260111_00,2f2d4eb181db4668bdbd3b6e264ca822,2026-04-23,SH600741,0.1507072150707245,,,
EXP_XGBModel_Alpha158_csi300_expanding_step40_s_20260111_00,2f2d4eb181db4668bdbd3b6e264ca822,2026-04-23,SH600760,-0.010515360161662102,,,
EXP_XGBModel_Alpha158_csi300_expanding_step40_s_20260111_00,2f2d4eb181db4668bdbd3b6e264ca822,2026-04-23,SH600795,-0.03266197815537453,,,
EXP_XGBModel_Alpha158_csi300_expanding_step40_s_20260111_00,2f2d4eb181db4668bdbd3b6e264ca822,2026-04-23,SH600803,0.029329320415854454,,,
EXP_XGBModel_Alpha158_csi300_expanding_step40_s_20260111_00,2f2d4eb181db4668bdbd3b6e264ca822,2026-04-23,SH600809,-0.03626655787229538,,,
EXP_XGBModel_Alpha158_csi300_expanding_step40_s_20260111_00,2f2d4eb181db4668bdbd3b6e264ca822,2026-04-23,SH600845,0.07083088904619217,,,
EXP_XGBModel_Alpha158_csi300_expanding_step40_s_20260111_00,2f2d4eb181db4668bdbd3b6e264ca822,2026-04-23,SH600875,-0.08730489760637283,,,
EXP_XGBModel_Alpha158_csi300_expanding_step40_s_20260111_00,2f2d4eb181db4668bdbd3b6e264ca822,2026-04-23,SH600886,-0.00812145508825779,,,
EXP_XGBModel_Alpha158_csi300_expanding_step40_s_20260111_00,2f2d4eb181db4668bdbd3b6e264ca822,2026-04-23,SH600887,-0.02691570110619068,,,
EXP_XGBModel_Alpha158_csi300_expanding_step40_s_20260111_00,2f2d4eb181db4668bdbd3b6e264ca822,2026-04-23,SH600893,0.13093018531799316,,,
EXP_XGBModel_Alpha158_csi300_expanding_step40_s_20260111_00,2f2d4eb181db4668bdbd3b6e264ca822,2026-04-23,SH600900,0.057202428579330444,,,
EXP_XGBModel_Alpha158_csi300_expanding_step40_s_20260111_00,2f2d4eb181db4668bdbd3b6e264ca822,2026-04-23,SH600588,0.10528796911239624,,,
EXP_XGBModel_Alpha158_csi300_expanding_step40_s_20260111_00,2f2d4eb181db4668bdbd3b6e264ca822,2026-04-23,SH601901,-0.006905812304466963,,,
EXP_XGBModel_Alpha158_csi300_expanding_step40_s_20260111_00,2f2d4eb181db4668bdbd3b6e264ca822,2026-04-23,SH600585,-0.05327356606721878,,,
EXP_XGBModel_Alpha158_csi300_expanding_step40_s_20260111_00,2f2d4eb181db4668bdbd3b6e264ca822,2026-04-23,SH600570,0.03496749699115753,,,
EXP_XGBModel_Alpha158_csi300_expanding_step40_s_20260111_00,2f2d4eb181db4668bdbd3b6e264ca822,2026-04-23,SH600362,0.06608729809522629,,,
EXP_XGBModel_Alpha158_csi300_expanding_step40_s_20260111_00,2f2d4eb181db4668bdbd3b6e264ca822,2026-04-23,SH600372,0.021669873967766762,,,
EXP_XGBModel_Alpha158_csi300_expanding_step40_s_20260111_00,2f2d4eb181db4668bdbd3b6e264ca822,2026-04-23,SH600377,-0.003349739359691739,,,
EXP_XGBModel_Alpha158_csi300_expanding_step40_s_20260111_00,2f2d4eb181db4668bdbd3b6e264ca822,2026-04-23,SH600406,0.00035768741508945823,,,
EXP_XGBModel_Alpha158_csi300_expanding_step40_s_20260111_00,2f2d4eb181db4668bdbd3b6e264ca822,2026-04-23,SH600415,-0.10120325535535812,,,
EXP_XGBModel_Alpha158_csi300_expanding_step40_s_20260111_00,2f2d4eb181db4668bdbd3b6e264ca822,2026-04-23,SH600426,-0.028496965765953064,,,
EXP_XGBModel_Alpha158_csi300_expanding_step40_s_20260111_00,2f2d4eb181db4668bdbd3b6e264ca822,2026-04-23,SH600436,-0.12798023223876953,,,
EXP_XGBModel_Alpha158_csi300_expanding_step40_s_20260111_00,2f2d4eb181db4668bdbd3b6e264ca822,2026-04-23,SH600438,-0.05354074016213417,,,
EXP_XGBModel_Alpha158_csi300_expanding_step40_s_20260111_00,2f2d4eb181db4668bdbd3b6e264ca822,2026-04-23,SH600460,0.014400115236639977,,,
EXP_XGBModel_Alpha158_csi300_expanding_step40_s_20260111_00,2f2d4eb181db4668bdbd3b6e264ca822,2026-04-23,SH600482,0.05931822955608368,,,
EXP_XGBModel_Alpha158_csi300_expanding_step40_s_20260111_00,2f2d4eb181db4668bdbd3b6e264ca822,2026-04-23,SH600489,0.13873431086540222,,,
EXP_XGBModel_Alpha158_csi300_expanding_step40_s_20260111_00,2f2d4eb181db4668bdbd3b6e264ca822,2026-04-23,SH600515,0.10005006194114685,,,
EXP_XGBModel_Alpha158_csi300_expanding_step40_s_20260111_00,2f2d4eb181db4668bdbd3b6e264ca822,2026-04-23,SH600519,0.02311624400317669,,,
EXP_XGBModel_Alpha158_csi300_expanding_step40_s_20260111_00,2f2d4eb181db4668bdbd3b6e264ca822,2026-04-23,SH600522,-0.07941436767578125,,,
EXP_XGBModel_Alpha158_csi300_expanding_step40_s_20260111_00,2f2d4eb181db4668bdbd3b6e264ca822,2026-04-23,SH600547,0.07441467046737671,,,
EXP_XGBModel_Alpha158_csi300_expanding_step40_s_20260111_00,2f2d4eb181db4668bdbd3b6e264ca822,2026-04-23,SH600584,0.04787001758813858,,,
EXP_XGBModel_Alpha158_csi300_expanding_step40_s_20260111_00,2f2d4eb181db4668bdbd3b6e264ca822,2026-04-23,SH601916,0.01963048055768013,,,
EXP_XGBModel_Alpha158_csi300_expanding_step40_s_20260111_00,2f2d4eb181db4668bdbd3b6e264ca822,2026-04-23,SH601919,-0.0462997704744339,,,
EXP_XGBModel_Alpha158_csi300_expanding_step40_s_20260111_00,2f2d4eb181db4668bdbd3b6e264ca822,2026-04-23,SH601939,0.08230525255203247,,,
EXP_XGBModel_Alpha158_csi300_expanding_step40_s_20260111_00,2f2d4eb181db4668bdbd3b6e264ca822,2026-04-23,SZ002422,0.04594601318240166,,,
EXP_XGBModel_Alpha158_csi300_expanding_step40_s_20260111_00,2f2d4eb181db4668bdbd3b6e264ca822,2026-04-23,SZ002459,0.05842401832342148,,,
EXP_XGBModel_Alpha158_csi300_expanding_step40_s_20260111_00,2f2d4eb181db4668bdbd3b6e264ca822,2026-04-23,SZ002460,0.08281967788934708,,,
EXP_XGBModel_Alpha158_csi300_expanding_step40_s_20260111_00,2f2d4eb181db4668bdbd3b6e264ca822,2026-04-23,SZ002463,-0.1456197053194046,,,
EXP_XGBModel_Alpha158_csi300_expanding_step40_s_20260111_00,2f2d4eb181db4668bdbd3b6e264ca822,2026-04-23,SZ002466,0.07726382464170456,,,
EXP_XGBModel_Alpha158_csi300_expanding_step40_s_20260111_00,2f2d4eb181db4668bdbd3b6e264ca822,2026-04-23,SZ002475,0.08879760652780533,,,
EXP_XGBModel_Alpha158_csi300_expanding_step40_s_20260111_00,2f2d4eb181db4668bdbd3b6e264ca822,2026-04-23,SZ002415,0.04101581871509552,,,
EXP_XGBModel_Alpha158_csi300_expanding_step40_s_20260111_00,2f2d4eb181db4668bdbd3b6e264ca822,2026-04-23,SZ002493,0.1429600566625595,,,
EXP_XGBModel_Alpha158_csi300_expanding_step40_s_20260111_00,2f2d4eb181db4668bdbd3b6e264ca822,2026-04-23,SZ002600,0.007481791079044342,,,
EXP_XGBModel_Alpha158_csi300_expanding_step40_s_20260111_00,2f2d4eb181db4668bdbd3b6e264ca822,2026-04-23,SZ002601,0.10366832464933395,,,
EXP_XGBModel_Alpha158_csi300_expanding_step40_s_20260111_00,2f2d4eb181db4668bdbd3b6e264ca822,2026-04-23,SZ002625,0.09588957577943802,,,
EXP_XGBModel_Alpha158_csi300_expanding_step40_s_20260111_00,2f2d4eb181db4668bdbd3b6e264ca822,2026-04-23,SZ002648,0.00433835806325078,,,
EXP_XGBModel_Alpha158_csi300_expanding_step40_s_20260111_00,2f2d4eb181db4668bdbd3b6e264ca822,2026-04-23,SZ002709,-0.03329009935259819,,,
EXP_XGBModel_Alpha158_csi300_expanding_step40_s_20260111_00,2f2d4eb181db4668bdbd3b6e264ca822,2026-04-23,SZ002714,0.15008430182933807,,,
EXP_XGBModel_Alpha158_csi300_expanding_step40_s_20260111_00,2f2d4eb181db4668bdbd3b6e264ca822,2026-04-23,SZ002594,-0.04143876954913139,,,
EXP_XGBModel_Alpha158_csi300_expanding_step40_s_20260111_00,2f2d4eb181db4668bdbd3b6e264ca822,2026-04-23,SZ002384,0.024707406759262085,,,
EXP_XGBModel_Alpha158_csi300_expanding_step40_s_20260111_00,2f2d4eb181db4668bdbd3b6e264ca822,2026-04-23,SZ002371,0.04926060885190964,,,
EXP_XGBModel_Alpha158_csi300_expanding_step40_s_20260111_00,2f2d4eb181db4668bdbd3b6e264ca822,2026-04-23,SZ002352,0.009538421407341957,,,
EXP_XGBModel_Alpha158_csi300_expanding_step40_s_20260111_00,2f2d4eb181db4668bdbd3b6e264ca822,2026-04-23,SZ001979,-0.05881239101290703,,,
EXP_XGBModel_Alpha158_csi300_expanding_step40_s_20260111_00,2f2d4eb181db4668bdbd3b6e264ca822,2026-04-23,SZ002001,0.021082047373056412,,,
EXP_XGBModel_Alpha158_csi300_expanding_step40_s_20260111_00,2f2d4eb181db4668bdbd3b6e264ca822,2026-04-23,SZ002027,0.041242800652980804,,,
EXP_XGBModel_Alpha158_csi300_expanding_step40_s_20260111_00,2f2d4eb181db4668bdbd3b6e264ca822,2026-04-23,SZ002028,-0.014936303719878197,,,
EXP_XGBModel_Alpha158_csi300_expanding_step40_s_20260111_00,2f2d4eb181db4668bdbd3b6e264ca822,2026-04-23,SZ002049,0.18984198570251465,,,
EXP_XGBModel_Alpha158_csi300_expanding_step40_s_20260111_00,2f2d4eb181db4668bdbd3b6e264ca822,2026-04-23,SZ002050,0.08335230499505997,,,
EXP_XGBModel_Alpha158_csi300_expanding_step40_s_20260111_00,2f2d4eb181db4668bdbd3b6e264ca822,2026-04-23,SZ002074,-0.08185028284788132,,,
EXP_XGBModel_Alpha158_csi300_expanding_step40_s_20260111_00,2f2d4eb181db4668bdbd3b6e264ca822,2026-04-23,SZ002142,0.016014715656638145,,,
EXP_XGBModel_Alpha158_csi300_expanding_step40_s_20260111_00,2f2d4eb181db4668bdbd3b6e264ca822,2026-04-23,SZ002179,0.010659078136086464,,,
EXP_XGBModel_Alpha158_csi300_expanding_step40_s_20260111_00,2f2d4eb181db4668bdbd3b6e264ca822,2026-04-23,SZ002230,0.04923269525170326,,,
EXP_XGBModel_Alpha158_csi300_expanding_step40_s_20260111_00,2f2d4eb181db4668bdbd3b6e264ca822,2026-04-23,SZ002236,0.02362421341240406,,,
EXP_XGBModel_Alpha158_csi300_expanding_step40_s_20260111_00,2f2d4eb181db4668bdbd3b6e264ca822,2026-04-23,SZ002241,0.10526812821626663,,,
EXP_XGBModel_Alpha158_csi300_expanding_step40_s_20260111_00,2f2d4eb181db4668bdbd3b6e264ca822,2026-04-23,SZ002252,-0.021788444370031357,,,
EXP_XGBModel_Alpha158_csi300_expanding_step40_s_20260111_00,2f2d4eb181db4668bdbd3b6e264ca822,2026-04-23,SZ002304,-0.020838553085923195,,,
EXP_XGBModel_Alpha158_csi300_expanding_step40_s_20260111_00,2f2d4eb181db4668bdbd3b6e264ca822,2026-04-23,SZ002311,0.0007183455163612962,,,
EXP_XGBModel_Alpha158_csi300_expanding_step40_s_20260111_00,2f2d4eb181db4668bdbd3b6e264ca822,2026-04-23,SZ002736,-0.01611756905913353,,,
EXP_XGBModel_Alpha158_csi300_expanding_step40_s_20260111_00,2f2d4eb181db4668bdbd3b6e264ca822,2026-04-23,SZ002916,-0.0871398001909256,,,
EXP_XGBModel_Alpha158_csi300_expanding_step40_s_20260111_00,2f2d4eb181db4668bdbd3b6e264ca822,2026-04-23,SZ002920,0.10268454253673553,,,
EXP_XGBModel_Alpha158_csi300_expanding_step40_s_20260111_00,2f2d4eb181db4668bdbd3b6e264ca822,2026-04-23,SZ002938,-0.20344842970371246,,,
EXP_XGBModel_Alpha158_csi300_expanding_step40_s_20260111_00,2f2d4eb181db4668bdbd3b6e264ca822,2026-04-23,SZ300498,-0.04922271892428398,,,
EXP_XGBModel_Alpha158_csi300_expanding_step40_s_20260111_00,2f2d4eb181db4668bdbd3b6e264ca822,2026-04-23,SZ300502,0.21040916442871094,,,
EXP_XGBModel_Alpha158_csi300_expanding_step40_s_20260111_00,2f2d4eb181db4668bdbd3b6e264ca822,2026-04-23,SZ300628,-0.08404365926980972,,,
EXP_XGBModel_Alpha158_csi300_expanding_step40_s_20260111_00,2f2d4eb181db4668bdbd3b6e264ca822,2026-04-23,SZ300661,0.291625052690506,,,
EXP_XGBModel_Alpha158_csi300_expanding_step40_s_20260111_00,2f2d4eb181db4668bdbd3b6e264ca822,2026-04-23,SZ300750,0.11868122220039368,,,
EXP_XGBModel_Alpha158_csi300_expanding_step40_s_20260111_00,2f2d4eb181db4668bdbd3b6e264ca822,2026-04-23,SZ300759,0.2636023163795471,,,
EXP_XGBModel_Alpha158_csi300_expanding_step40_s_20260111_00,2f2d4eb181db4668bdbd3b6e264ca822,2026-04-23,SZ300760,0.05830251798033714,,,
EXP_XGBModel_Alpha158_csi300_expanding_step40_s_20260111_00,2f2d4eb181db4668bdbd3b6e264ca822,2026-04-23,SZ300782,-0.09890669584274292,,,
EXP_XGBModel_Alpha158_csi300_expanding_step40_s_20260111_00,2f2d4eb181db4668bdbd3b6e264ca822,2026-04-23,SZ300803,0.05806983634829521,,,
EXP_XGBModel_Alpha158_csi300_expanding_step40_s_20260111_00,2f2d4eb181db4668bdbd3b6e264ca822,2026-04-23,SZ300832,-0.08414066582918167,,,
EXP_XGBModel_Alpha158_csi300_expanding_step40_s_20260111_00,2f2d4eb181db4668bdbd3b6e264ca822,2026-04-23,SZ300866,-0.004046951420605183,,,
EXP_XGBModel_Alpha158_csi300_expanding_step40_s_20260111_00,2f2d4eb181db4668bdbd3b6e264ca822,2026-04-23,SZ300896,0.04729389399290085,,,
EXP_XGBModel_Alpha158_csi300_expanding_step40_s_20260111_00,2f2d4eb181db4668bdbd3b6e264ca822,2026-04-23,SZ300979,-0.028117848560214043,,,
EXP_XGBModel_Alpha158_csi300_expanding_step40_s_20260111_00,2f2d4eb181db4668bdbd3b6e264ca822,2026-04-23,SZ300999,-0.055488429963588715,,,
EXP_XGBModel_Alpha158_csi300_expanding_step40_s_20260111_00,2f2d4eb181db4668bdbd3b6e264ca822,2026-04-23,SZ301236,-0.11296418309211731,,,
EXP_XGBModel_Alpha158_csi300_expanding_step40_s_20260111_00,2f2d4eb181db4668bdbd3b6e264ca822,2026-04-23,SZ300476,-0.023512616753578186,,,
EXP_XGBModel_Alpha158_csi300_expanding_step40_s_20260111_00,2f2d4eb181db4668bdbd3b6e264ca822,2026-04-23,SZ001965,-0.07048524916172028,,,
EXP_XGBModel_Alpha158_csi300_expanding_step40_s_20260111_00,2f2d4eb181db4668bdbd3b6e264ca822,2026-04-23,SZ300442,0.03201231732964516,,,
EXP_XGBModel_Alpha158_csi300_expanding_step40_s_20260111_00,2f2d4eb181db4668bdbd3b6e264ca822,2026-04-23,SZ300418,0.025762924924492836,,,
EXP_XGBModel_Alpha158_csi300_expanding_step40_s_20260111_00,2f2d4eb181db4668bdbd3b6e264ca822,2026-04-23,SZ003816,-0.06835424154996872,,,
EXP_XGBModel_Alpha158_csi300_expanding_step40_s_20260111_00,2f2d4eb181db4668bdbd3b6e264ca822,2026-04-23,SZ300014,-0.015715105459094048,,,
EXP_XGBModel_Alpha158_csi300_expanding_step40_s_20260111_00,2f2d4eb181db4668bdbd3b6e264ca822,2026-04-23,SZ300015,0.10232100635766983,,,
EXP_XGBModel_Alpha158_csi300_expanding_step40_s_20260111_00,2f2d4eb181db4668bdbd3b6e264ca822,2026-04-23,SZ300033,0.05485661327838898,,,
EXP_XGBModel_Alpha158_csi300_expanding_step40_s_20260111_00,2f2d4eb181db4668bdbd3b6e264ca822,2026-04-23,SZ300059,-0.014734147116541862,,,
EXP_XGBModel_Alpha158_csi300_expanding_step40_s_20260111_00,2f2d4eb181db4668bdbd3b6e264ca822,2026-04-23,SZ300122,-0.04132770374417305,,,
EXP_XGBModel_Alpha158_csi300_expanding_step40_s_20260111_00,2f2d4eb181db4668bdbd3b6e264ca822,2026-04-23,SZ300124,0.10619612783193588,,,
EXP_XGBModel_Alpha158_csi300_expanding_step40_s_20260111_00,2f2d4eb181db4668bdbd3b6e264ca822,2026-04-23,SZ300251,0.04138360172510147,,,
EXP_XGBModel_Alpha158_csi300_expanding_step40_s_20260111_00,2f2d4eb181db4668bdbd3b6e264ca822,2026-04-23,SZ300274,0.11358140408992767,,,
EXP_XGBModel_Alpha158_csi300_expanding_step40_s_20260111_00,2f2d4eb181db4668bdbd3b6e264ca822,2026-04-23,SZ300308,-0.04353175684809685,,,
EXP_XGBModel_Alpha158_csi300_expanding_step40_s_20260111_00,2f2d4eb181db4668bdbd3b6e264ca822,2026-04-23,SZ300316,0.13835403323173523,,,
EXP_XGBModel_Alpha158_csi300_expanding_step40_s_20260111_00,2f2d4eb181db4668bdbd3b6e264ca822,2026-04-23,SZ300347,0.029719866812229156,,,
EXP_XGBModel_Alpha158_csi300_expanding_step40_s_20260111_00,2f2d4eb181db4668bdbd3b6e264ca822,2026-04-23,SZ300394,0.1220632940530777,,,
EXP_XGBModel_Alpha158_csi300_expanding_step40_s_20260111_00,2f2d4eb181db4668bdbd3b6e264ca822,2026-04-23,SZ300408,-0.14752818644046783,,,
EXP_XGBModel_Alpha158_csi300_expanding_step40_s_20260111_00,2f2d4eb181db4668bdbd3b6e264ca822,2026-04-23,SZ300413,0.02287626452744007,,,
EXP_XGBModel_Alpha158_csi300_expanding_step40_s_20260111_00,2f2d4eb181db4668bdbd3b6e264ca822,2026-04-23,SZ300433,0.09245944768190384,,,
EXP_XGBModel_Alpha158_csi300_expanding_step40_s_20260111_00,2f2d4eb181db4668bdbd3b6e264ca822,2026-04-23,SH600009,0.012912524864077568,,,
EXP_XGBModel_Alpha158_csi300_expanding_step40_s_20260111_00,2f2d4eb181db4668bdbd3b6e264ca822,2026-04-23,SZ001391,-0.02631208673119545,,,
EXP_XGBModel_Alpha158_csi300_expanding_step40_s_20260111_00,2f2d4eb181db4668bdbd3b6e264ca822,2026-04-23,SZ000983,-0.05247432738542557,,,
EXP_XGBModel_Alpha158_csi300_expanding_step40_s_20260111_00,2f2d4eb181db4668bdbd3b6e264ca822,2026-04-23,SH688008,-0.13914793729782104,,,
EXP_XGBModel_Alpha158_csi300_expanding_step40_s_20260111_00,2f2d4eb181db4668bdbd3b6e264ca822,2026-04-23,SH688009,-0.024897446855902672,,,
EXP_XGBModel_Alpha158_csi300_expanding_step40_s_20260111_00,2f2d4eb181db4668bdbd3b6e264ca822,2026-04-23,SH688012,0.0713166669011116,,,
EXP_XGBModel_Alpha158_csi300_expanding_step40_s_20260111_00,2f2d4eb181db4668bdbd3b6e264ca822,2026-04-23,SH688036,-0.027981285005807877,,,
EXP_XGBModel_Alpha158_csi300_expanding_step40_s_20260111_00,2f2d4eb181db4668bdbd3b6e264ca822,2026-04-23,SH688041,-0.0294540673494339,,,
EXP_XGBModel_Alpha158_csi300_expanding_step40_s_20260111_00,2f2d4eb181db4668bdbd3b6e264ca822,2026-04-23,SH688047,-0.311563640832901,,,
EXP_XGBModel_Alpha158_csi300_expanding_step40_s_20260111_00,2f2d4eb181db4668bdbd3b6e264ca822,2026-04-23,SH605499,-0.10645042359828949,,,
EXP_XGBModel_Alpha158_csi300_expanding_step40_s_20260111_00,2f2d4eb181db4668bdbd3b6e264ca822,2026-04-23,SH688082,0.12509211897850037,,,
EXP_XGBModel_Alpha158_csi300_expanding_step40_s_20260111_00,2f2d4eb181db4668bdbd3b6e264ca822,2026-04-23,SH688126,-0.28597941994667053,,,
EXP_XGBModel_Alpha158_csi300_expanding_step40_s_20260111_00,2f2d4eb181db4668bdbd3b6e264ca822,2026-04-23,SH688169,-0.03350447118282318,,,
EXP_XGBModel_Alpha158_csi300_expanding_step40_s_20260111_00,2f2d4eb181db4668bdbd3b6e264ca822,2026-04-23,SH688187,0.018514815717935562,,,
EXP_XGBModel_Alpha158_csi300_expanding_step40_s_20260111_00,2f2d4eb181db4668bdbd3b6e264ca822,2026-04-23,SH688223,0.035280559211969376,,,
EXP_XGBModel_Alpha158_csi300_expanding_step40_s_20260111_00,2f2d4eb181db4668bdbd3b6e264ca822,2026-04-23,SH688256,0.16482721269130707,,,
EXP_XGBModel_Alpha158_csi300_expanding_step40_s_20260111_00,2f2d4eb181db4668bdbd3b6e264ca822,2026-04-23,SH688271,0.00955822691321373,,,
EXP_XGBModel_Alpha158_csi300_expanding_step40_s_20260111_00,2f2d4eb181db4668bdbd3b6e264ca822,2026-04-23,SH688111,-0.08917119354009628,,,
EXP_XGBModel_Alpha158_csi300_expanding_step40_s_20260111_00,2f2d4eb181db4668bdbd3b6e264ca822,2026-04-23,SH605117,-0.16300545632839203,,,
EXP_XGBModel_Alpha158_csi300_expanding_step40_s_20260111_00,2f2d4eb181db4668bdbd3b6e264ca822,2026-04-23,SH603993,0.18288728594779968,,,
EXP_XGBModel_Alpha158_csi300_expanding_step40_s_20260111_00,2f2d4eb181db4668bdbd3b6e264ca822,2026-04-23,SH603986,-0.16354869306087494,,,
EXP_XGBModel_Alpha158_csi300_expanding_step40_s_20260111_00,2f2d4eb181db4668bdbd3b6e264ca822,2026-04-23,SH601985,-0.04688494652509689,,,
EXP_XGBModel_Alpha158_csi300_expanding_step40_s_20260111_00,2f2d4eb181db4668bdbd3b6e264ca822,2026-04-23,SH601988,0.0038504204712808132,,,
EXP_XGBModel_Alpha158_csi300_expanding_step40_s_20260111_00,2f2d4eb181db4668bdbd3b6e264ca822,2026-04-23,SH601995,-0.04858539626002312,,,
EXP_XGBModel_Alpha158_csi300_expanding_step40_s_20260111_00,2f2d4eb181db4668bdbd3b6e264ca822,2026-04-23,SH601998,0.021827148273587227,,,
EXP_XGBModel_Alpha158_csi300_expanding_step40_s_20260111_00,2f2d4eb181db4668bdbd3b6e264ca822,2026-04-23,SH603019,-0.04100458696484566,,,
EXP_XGBModel_Alpha158_csi300_expanding_step40_s_20260111_00,2f2d4eb181db4668bdbd3b6e264ca822,2026-04-23,SH603195,-0.00825979933142662,,,
EXP_XGBModel_Alpha158_csi300_expanding_step40_s_20260111_00,2f2d4eb181db4668bdbd3b6e264ca822,2026-04-23,SH603259,0.004600341431796551,,,
EXP_XGBModel_Alpha158_csi300_expanding_step40_s_20260111_00,2f2d4eb181db4668bdbd3b6e264ca822,2026-04-23,SH603260,-0.017917178571224213,,,
EXP_XGBModel_Alpha158_csi300_expanding_step40_s_20260111_00,2f2d4eb181db4668bdbd3b6e264ca822,2026-04-23,SH603288,-0.0013145649572834373,,,
EXP_XGBModel_Alpha158_csi300_expanding_step40_s_20260111_00,2f2d4eb181db4668bdbd3b6e264ca822,2026-04-23,SH603296,-0.06425552815198898,,,
EXP_XGBModel_Alpha158_csi300_expanding_step40_s_20260111_00,2f2d4eb181db4668bdbd3b6e264ca822,2026-04-23,SH603369,0.004878940526396036,,,
EXP_XGBModel_Alpha158_csi300_expanding_step40_s_20260111_00,2f2d4eb181db4668bdbd3b6e264ca822,2026-04-23,SH603392,-0.05898326635360718,,,
EXP_XGBModel_Alpha158_csi300_expanding_step40_s_20260111_00,2f2d4eb181db4668bdbd3b6e264ca822,2026-04-23,SH603501,0.0035571143962442875,,,
EXP_XGBModel_Alpha158_csi300_expanding_step40_s_20260111_00,2f2d4eb181db4668bdbd3b6e264ca822,2026-04-23,SH603799,0.14166295528411865,,,
EXP_XGBModel_Alpha158_csi300_expanding_step40_s_20260111_00,2f2d4eb181db4668bdbd3b6e264ca822,2026-04-23,SH603893,-0.13748180866241455,,,
EXP_XGBModel_Alpha158_csi300_expanding_step40_s_20260111_00,2f2d4eb181db4668bdbd3b6e264ca822,2026-04-23,SH688303,-0.04931706190109253,,,
EXP_XGBModel_Alpha158_csi300_expanding_step40_s_20260111_00,2f2d4eb181db4668bdbd3b6e264ca822,2026-04-23,SH688396,-0.06210103631019592,,,
EXP_XGBModel_Alpha158_csi300_expanding_step40_s_20260111_00,2f2d4eb181db4668bdbd3b6e264ca822,2026-04-23,SH688472,0.09348560124635696,,,
EXP_XGBModel_Alpha158_csi300_expanding_step40_s_20260111_00,2f2d4eb181db4668bdbd3b6e264ca822,2026-04-23,SH688506,0.04943198338150978,,,
EXP_XGBModel_Alpha158_csi300_expanding_step40_s_20260111_00,2f2d4eb181db4668bdbd3b6e264ca822,2026-04-23,SZ000661,-0.053529541939496994,,,
EXP_XGBModel_Alpha158_csi300_expanding_step40_s_20260111_00,2f2d4eb181db4668bdbd3b6e264ca822,2026-04-23,SZ000708,0.09491422027349472,,,
EXP_XGBModel_Alpha158_csi300_expanding_step40_s_20260111_00,2f2d4eb181db4668bdbd3b6e264ca822,2026-04-23,SZ000725,0.05554669350385666,,,
EXP_XGBModel_Alpha158_csi300_expanding_step40_s_20260111_00,2f2d4eb181db4668bdbd3b6e264ca822,2026-04-23,SZ000768,0.000901681138202548,,,
EXP_XGBModel_Alpha158_csi300_expanding_step40_s_20260111_00,2f2d4eb181db4668bdbd3b6e264ca822,2026-04-23,SZ000776,-0.09059078991413116,,,
EXP_XGBModel_Alpha158_csi300_expanding_step40_s_20260111_00,2f2d4eb181db4668bdbd3b6e264ca822,2026-04-23,SZ000786,0.002302344888448715,,,
EXP_XGBModel_Alpha158_csi300_expanding_step40_s_20260111_00,2f2d4eb181db4668bdbd3b6e264ca822,2026-04-23,SZ000792,0.04901440441608429,,,
EXP_XGBModel_Alpha158_csi300_expanding_step40_s_20260111_00,2f2d4eb181db4668bdbd3b6e264ca822,2026-04-23,SZ000807,0.1763058453798294,,,
EXP_XGBModel_Alpha158_csi300_expanding_step40_s_20260111_00,2f2d4eb181db4668bdbd3b6e264ca822,2026-04-23,SZ000858,-0.0767502561211586,,,
EXP_XGBModel_Alpha158_csi300_expanding_step40_s_20260111_00,2f2d4eb181db4668bdbd3b6e264ca822,2026-04-23,SZ000876,0.029397781938314438,,,
EXP_XGBModel_Alpha158_csi300_expanding_step40_s_20260111_00,2f2d4eb181db4668bdbd3b6e264ca822,2026-04-23,SZ000895,0.02175949141383171,,,
EXP_XGBModel_Alpha158_csi300_expanding_step40_s_20260111_00,2f2d4eb181db4668bdbd3b6e264ca822,2026-04-23,SZ000938,-0.012396478094160557,,,
EXP_XGBModel_Alpha158_csi300_expanding_step40_s_20260111_00,2f2d4eb181db4668bdbd3b6e264ca822,2026-04-23,SZ000963,-0.019971927627921104,,,
EXP_XGBModel_Alpha158_csi300_expanding_step40_s_20260111_00,2f2d4eb181db4668bdbd3b6e264ca822,2026-04-23,SZ000975,0.03893230855464935,,,
EXP_XGBModel_Alpha158_csi300_expanding_step40_s_20260111_00,2f2d4eb181db4668bdbd3b6e264ca822,2026-04-23,SZ000977,-0.24413391947746277,,,
EXP_XGBModel_Alpha158_csi300_expanding_step40_s_20260111_00,2f2d4eb181db4668bdbd3b6e264ca822,2026-04-23,SZ000651,-0.01076488383114338,,,
EXP_XGBModel_Alpha158_csi300_expanding_step40_s_20260111_00,2f2d4eb181db4668bdbd3b6e264ca822,2026-04-23,SZ000999,-0.12295335531234741,,,
EXP_XGBModel_Alpha158_csi300_expanding_step40_s_20260111_00,2f2d4eb181db4668bdbd3b6e264ca822,2026-04-23,SZ000630,0.10543939471244812,,,
EXP_XGBModel_Alpha158_csi300_expanding_step40_s_20260111_00,2f2d4eb181db4668bdbd3b6e264ca822,2026-04-23,SZ000617,-0.05118025094270706,,,
EXP_XGBModel_Alpha158_csi300_expanding_step40_s_20260111_00,2f2d4eb181db4668bdbd3b6e264ca822,2026-04-23,SH688981,0.10223764181137085,,,
EXP_XGBModel_Alpha158_csi300_expanding_step40_s_20260111_00,2f2d4eb181db4668bdbd3b6e264ca822,2026-04-23,SZ000001,0.03760848566889763,,,
EXP_XGBModel_Alpha158_csi300_expanding_step40_s_20260111_00,2f2d4eb181db4668bdbd3b6e264ca822,2026-04-23,SZ000002,-0.0693160817027092,,,
EXP_XGBModel_Alpha158_csi300_expanding_step40_s_20260111_00,2f2d4eb181db4668bdbd3b6e264ca822,2026-04-23,SZ000063,-0.027959806844592094,,,
EXP_XGBModel_Alpha158_csi300_expanding_step40_s_20260111_00,2f2d4eb181db4668bdbd3b6e264ca822,2026-04-23,SZ000100,0.018462814390659332,,,
EXP_XGBModel_Alpha158_csi300_expanding_step40_s_20260111_00,2f2d4eb181db4668bdbd3b6e264ca822,2026-04-23,SZ000157,0.007685494609177113,,,
EXP_XGBModel_Alpha158_csi300_expanding_step40_s_20260111_00,2f2d4eb181db4668bdbd3b6e264ca822,2026-04-23,SZ000166,-0.04726018011569977,,,
EXP_XGBModel_Alpha158_csi300_expanding_step40_s_20260111_00,2f2d4eb181db4668bdbd3b6e264ca822,2026-04-23,SZ000301,0.09539937973022461,,,
EXP_XGBModel_Alpha158_csi300_expanding_step40_s_20260111_00,2f2d4eb181db4668bdbd3b6e264ca822,2026-04-23,SZ000333,-0.0016635720385238528,,,
EXP_XGBModel_Alpha158_csi300_expanding_step40_s_20260111_00,2f2d4eb181db4668bdbd3b6e264ca822,2026-04-23,SZ000338,0.22481253743171692,,,
EXP_XGBModel_Alpha158_csi300_expanding_step40_s_20260111_00,2f2d4eb181db4668bdbd3b6e264ca822,2026-04-23,SZ000408,0.15457159280776978,,,
EXP_XGBModel_Alpha158_csi300_expanding_step40_s_20260111_00,2f2d4eb181db4668bdbd3b6e264ca822,2026-04-23,SZ000425,0.145912766456604,,,
EXP_XGBModel_Alpha158_csi300_expanding_step40_s_20260111_00,2f2d4eb181db4668bdbd3b6e264ca822,2026-04-23,SZ000538,-0.043426450341939926,,,
EXP_XGBModel_Alpha158_csi300_expanding_step40_s_20260111_00,2f2d4eb181db4668bdbd3b6e264ca822,2026-04-23,SZ000568,-0.0053795515559613705,,,
EXP_XGBModel_Alpha158_csi300_expanding_step40_s_20260111_00,2f2d4eb181db4668bdbd3b6e264ca822,2026-04-23,SZ000596,0.032249242067337036,,,
EXP_XGBModel_Alpha158_csi300_expanding_step40_s_20260111_00,2f2d4eb181db4668bdbd3b6e264ca822,2026-04-23,SZ000625,-0.08245409280061722,,,
EXP_XGBModel_Alpha158_csi300_sliding_step40_s_20260111_01,44df6c59b159490fa0b22d3c198cd0a9,2026-04-23,SH600000,-0.04076163098216057,,,
EXP_XGBModel_Alpha158_csi300_expanding_step40_s_20260111_00,2f2d4eb181db4668bdbd3b6e264ca822,2026-04-23,SH600000,0.06459885835647583,,,
EXP_XGBModel_Alpha158_csi300_sliding_step40_s_20260111_01,44df6c59b159490fa0b22d3c198cd0a9,2026-04-23,SZ301269,-0.0710969865322113,,,
EXP_XGBModel_Alpha158_csi300_sliding_step40_s_20260111_01,44df6c59b159490fa0b22d3c198cd0a9,2026-04-23,SH601136,-0.02323233149945736,,,
EXP_XGBModel_Alpha158_csi300_sliding_step40_s_20260111_01,44df6c59b159490fa0b22d3c198cd0a9,2026-04-23,SH601138,-0.5515000820159912,,,
EXP_XGBModel_Alpha158_csi300_sliding_step40_s_20260111_01,44df6c59b159490fa0b22d3c198cd0a9,2026-04-23,SH601166,-0.04599721357226372,,,
EXP_XGBModel_Alpha158_csi300_sliding_step40_s_20260111_01,44df6c59b159490fa0b22d3c198cd0a9,2026-04-23,SH601169,0.09092771261930466,,,
EXP_XGBModel_Alpha158_csi300_sliding_step40_s_20260111_01,44df6c59b159490fa0b22d3c198cd0a9,2026-04-23,SH601186,-0.0028227628208696842,,,
EXP_XGBModel_Alpha158_csi300_sliding_step40_s_20260111_01,44df6c59b159490fa0b22d3c198cd0a9,2026-04-23,SH601211,-0.02799416519701481,,,
EXP_XGBModel_Alpha158_csi300_sliding_step40_s_20260111_01,44df6c59b159490fa0b22d3c198cd0a9,2026-04-23,SH601127,0.23678576946258545,,,
EXP_XGBModel_Alpha158_csi300_sliding_step40_s_20260111_01,44df6c59b159490fa0b22d3c198cd0a9,2026-04-23,SH601225,0.012172522023320198,,,
EXP_XGBModel_Alpha158_csi300_sliding_step40_s_20260111_01,44df6c59b159490fa0b22d3c198cd0a9,2026-04-23,SH601236,0.02730509079992771,,,
EXP_XGBModel_Alpha158_csi300_sliding_step40_s_20260111_01,44df6c59b159490fa0b22d3c198cd0a9,2026-04-23,SH601238,0.0583442784845829,,,
EXP_XGBModel_Alpha158_csi300_sliding_step40_s_20260111_01,44df6c59b159490fa0b22d3c198cd0a9,2026-04-23,SH601288,0.0445249006152153,,,
EXP_XGBModel_Alpha158_csi300_sliding_step40_s_20260111_01,44df6c59b159490fa0b22d3c198cd0a9,2026-04-23,SH601298,-0.1362614929676056,,,
EXP_XGBModel_Alpha158_csi300_sliding_step40_s_20260111_01,44df6c59b159490fa0b22d3c198cd0a9,2026-04-23,SH601318,-0.017294686287641525,,,
EXP_XGBModel_Alpha158_csi300_sliding_step40_s_20260111_01,44df6c59b159490fa0b22d3c198cd0a9,2026-04-23,SH601319,-0.18594421446323395,,,
EXP_XGBModel_Alpha158_csi300_sliding_step40_s_20260111_01,44df6c59b159490fa0b22d3c198cd0a9,2026-04-23,SH601229,0.05009230598807335,,,
EXP_XGBModel_Alpha158_csi300_sliding_step40_s_20260111_01,44df6c59b159490fa0b22d3c198cd0a9,2026-04-23,SH601117,-0.12099198251962662,,,
EXP_XGBModel_Alpha158_csi300_sliding_step40_s_20260111_01,44df6c59b159490fa0b22d3c198cd0a9,2026-04-23,SH601111,0.5638267397880554,,,
EXP_XGBModel_Alpha158_csi300_sliding_step40_s_20260111_01,44df6c59b159490fa0b22d3c198cd0a9,2026-04-23,SH601100,0.0681978389620781,,,
EXP_XGBModel_Alpha158_csi300_sliding_step40_s_20260111_01,44df6c59b159490fa0b22d3c198cd0a9,2026-04-23,SH600930,-0.05427943915128708,,,
EXP_XGBModel_Alpha158_csi300_sliding_step40_s_20260111_01,44df6c59b159490fa0b22d3c198cd0a9,2026-04-23,SH600938,-0.04831917956471443,,,
EXP_XGBModel_Alpha158_csi300_sliding_step40_s_20260111_01,44df6c59b159490fa0b22d3c198cd0a9,2026-04-23,SH600941,0.05269017443060875,,,
EXP_XGBModel_Alpha158_csi300_sliding_step40_s_20260111_01,44df6c59b159490fa0b22d3c198cd0a9,2026-04-23,SH600989,-0.2899751663208008,,,
EXP_XGBModel_Alpha158_csi300_sliding_step40_s_20260111_01,44df6c59b159490fa0b22d3c198cd0a9,2026-04-23,SH600999,0.023547779768705368,,,
EXP_XGBModel_Alpha158_csi300_sliding_step40_s_20260111_01,44df6c59b159490fa0b22d3c198cd0a9,2026-04-23,SH601006,0.05365815758705139,,,
EXP_XGBModel_Alpha158_csi300_sliding_step40_s_20260111_01,44df6c59b159490fa0b22d3c198cd0a9,2026-04-23,SH601009,0.06449906527996063,,,
EXP_XGBModel_Alpha158_csi300_sliding_step40_s_20260111_01,44df6c59b159490fa0b22d3c198cd0a9,2026-04-23,SH601012,-0.005888460204005241,,,
EXP_XGBModel_Alpha158_csi300_sliding_step40_s_20260111_01,44df6c59b159490fa0b22d3c198cd0a9,2026-04-23,SH601018,0.045391835272312164,,,
EXP_XGBModel_Alpha158_csi300_sliding_step40_s_20260111_01,44df6c59b159490fa0b22d3c198cd0a9,2026-04-23,SH601021,-0.010310487821698189,,,
EXP_XGBModel_Alpha158_csi300_sliding_step40_s_20260111_01,44df6c59b159490fa0b22d3c198cd0a9,2026-04-23,SH601058,0.006617527920752764,,,
EXP_XGBModel_Alpha158_csi300_sliding_step40_s_20260111_01,44df6c59b159490fa0b22d3c198cd0a9,2026-04-23,SH601059,0.0012492926325649023,,,
EXP_XGBModel_Alpha158_csi300_sliding_step40_s_20260111_01,44df6c59b159490fa0b22d3c198cd0a9,2026-04-23,SH601066,0.04735114052891731,,,
EXP_XGBModel_Alpha158_csi300_sliding_step40_s_20260111_01,44df6c59b159490fa0b22d3c198cd0a9,2026-04-23,SH601077,-0.011055300943553448,,,
EXP_XGBModel_Alpha158_csi300_sliding_step40_s_20260111_01,44df6c59b159490fa0b22d3c198cd0a9,2026-04-23,SH601088,0.0741741806268692,,,
EXP_XGBModel_Alpha158_csi300_sliding_step40_s_20260111_01,44df6c59b159490fa0b22d3c198cd0a9,2026-04-23,SH601328,0.09451114386320114,,,
EXP_XGBModel_Alpha158_csi300_sliding_step40_s_20260111_01,44df6c59b159490fa0b22d3c198cd0a9,2026-04-23,SH600926,0.05465235561132431,,,
EXP_XGBModel_Alpha158_csi300_sliding_step40_s_20260111_01,44df6c59b159490fa0b22d3c198cd0a9,2026-04-23,SH601336,0.15200276672840118,,,
EXP_XGBModel_Alpha158_csi300_sliding_step40_s_20260111_01,44df6c59b159490fa0b22d3c198cd0a9,2026-04-23,SH601377,0.11973754316568375,,,
EXP_XGBModel_Alpha158_csi300_sliding_step40_s_20260111_01,44df6c59b159490fa0b22d3c198cd0a9,2026-04-23,SH601808,0.016673021018505096,,,
EXP_XGBModel_Alpha158_csi300_sliding_step40_s_20260111_01,44df6c59b159490fa0b22d3c198cd0a9,2026-04-23,SH601816,-0.057169511914253235,,,
EXP_XGBModel_Alpha158_csi300_sliding_step40_s_20260111_01,44df6c59b159490fa0b22d3c198cd0a9,2026-04-23,SH601818,-0.04118058457970619,,,
EXP_XGBModel_Alpha158_csi300_sliding_step40_s_20260111_01,44df6c59b159490fa0b22d3c198cd0a9,2026-04-23,SH601825,0.1979491263628006,,,
EXP_XGBModel_Alpha158_csi300_sliding_step40_s_20260111_01,44df6c59b159490fa0b22d3c198cd0a9,2026-04-23,SH601838,-0.008168838918209076,,,
EXP_XGBModel_Alpha158_csi300_sliding_step40_s_20260111_01,44df6c59b159490fa0b22d3c198cd0a9,2026-04-23,SH601857,0.020585719496011734,,,
EXP_XGBModel_Alpha158_csi300_sliding_step40_s_20260111_01,44df6c59b159490fa0b22d3c198cd0a9,2026-04-23,SH601800,-0.17316605150699615,,,
EXP_XGBModel_Alpha158_csi300_sliding_step40_s_20260111_01,44df6c59b159490fa0b22d3c198cd0a9,2026-04-23,SH601868,-0.08636785298585892,,,
EXP_XGBModel_Alpha158_csi300_sliding_step40_s_20260111_01,44df6c59b159490fa0b22d3c198cd0a9,2026-04-23,SH601877,0.013397252187132835,,,
EXP_XGBModel_Alpha158_csi300_sliding_step40_s_20260111_01,44df6c59b159490fa0b22d3c198cd0a9,2026-04-23,SH601878,-0.08054817467927933,,,
EXP_XGBModel_Alpha158_csi300_sliding_step40_s_20260111_01,44df6c59b159490fa0b22d3c198cd0a9,2026-04-23,SH601881,0.05653494969010353,,,
EXP_XGBModel_Alpha158_csi300_sliding_step40_s_20260111_01,44df6c59b159490fa0b22d3c198cd0a9,2026-04-23,SH601888,0.019389847293496132,,,
EXP_XGBModel_Alpha158_csi300_sliding_step40_s_20260111_01,44df6c59b159490fa0b22d3c198cd0a9,2026-04-23,SH601898,0.0536409467458725,,,
EXP_XGBModel_Alpha158_csi300_sliding_step40_s_20260111_01,44df6c59b159490fa0b22d3c198cd0a9,2026-04-23,SH601899,0.2369680404663086,,,
EXP_XGBModel_Alpha158_csi300_sliding_step40_s_20260111_01,44df6c59b159490fa0b22d3c198cd0a9,2026-04-23,SH601872,0.24332566559314728,,,
EXP_XGBModel_Alpha158_csi300_sliding_step40_s_20260111_01,44df6c59b159490fa0b22d3c198cd0a9,2026-04-23,SH601788,-0.12409940361976624,,,
EXP_XGBModel_Alpha158_csi300_sliding_step40_s_20260111_01,44df6c59b159490fa0b22d3c198cd0a9,2026-04-23,SH601766,-0.1088344156742096,,,
EXP_XGBModel_Alpha158_csi300_sliding_step40_s_20260111_01,44df6c59b159490fa0b22d3c198cd0a9,2026-04-23,SH601728,0.02734501101076603,,,
EXP_XGBModel_Alpha158_csi300_sliding_step40_s_20260111_01,44df6c59b159490fa0b22d3c198cd0a9,2026-04-23,SH601390,-0.044410377740859985,,,
EXP_XGBModel_Alpha158_csi300_sliding_step40_s_20260111_01,44df6c59b159490fa0b22d3c198cd0a9,2026-04-23,SH601398,0.10492920875549316,,,
EXP_XGBModel_Alpha158_csi300_sliding_step40_s_20260111_01,44df6c59b159490fa0b22d3c198cd0a9,2026-04-23,SH601456,0.02506929636001587,,,
EXP_XGBModel_Alpha158_csi300_sliding_step40_s_20260111_01,44df6c59b159490fa0b22d3c198cd0a9,2026-04-23,SH601600,0.09245488047599792,,,
EXP_XGBModel_Alpha158_csi300_sliding_step40_s_20260111_01,44df6c59b159490fa0b22d3c198cd0a9,2026-04-23,SH601601,-0.03639450669288635,,,
EXP_XGBModel_Alpha158_csi300_sliding_step40_s_20260111_01,44df6c59b159490fa0b22d3c198cd0a9,2026-04-23,SH601607,-0.009918758645653725,,,
EXP_XGBModel_Alpha158_csi300_sliding_step40_s_20260111_01,44df6c59b159490fa0b22d3c198cd0a9,2026-04-23,SH601618,-0.08373430371284485,,,
EXP_XGBModel_Alpha158_csi300_sliding_step40_s_20260111_01,44df6c59b159490fa0b22d3c198cd0a9,2026-04-23,SH601628,-0.028121579438447952,,,
EXP_XGBModel_Alpha158_csi300_sliding_step40_s_20260111_01,44df6c59b159490fa0b22d3c198cd0a9,2026-04-23,SH601633,-0.06299007683992386,,,
EXP_XGBModel_Alpha158_csi300_sliding_step40_s_20260111_01,44df6c59b159490fa0b22d3c198cd0a9,2026-04-23,SH601658,0.06639688462018967,,,
EXP_XGBModel_Alpha158_csi300_sliding_step40_s_20260111_01,44df6c59b159490fa0b22d3c198cd0a9,2026-04-23,SH601668,-0.05539161339402199,,,
EXP_XGBModel_Alpha158_csi300_sliding_step40_s_20260111_01,44df6c59b159490fa0b22d3c198cd0a9,2026-04-23,SH601669,-0.15638026595115662,,,
EXP_XGBModel_Alpha158_csi300_sliding_step40_s_20260111_01,44df6c59b159490fa0b22d3c198cd0a9,2026-04-23,SH601688,0.08686874806880951,,,
EXP_XGBModel_Alpha158_csi300_sliding_step40_s_20260111_01,44df6c59b159490fa0b22d3c198cd0a9,2026-04-23,SH601689,0.45999473333358765,,,
EXP_XGBModel_Alpha158_csi300_sliding_step40_s_20260111_01,44df6c59b159490fa0b22d3c198cd0a9,2026-04-23,SH601698,-0.19538886845111847,,,
EXP_XGBModel_Alpha158_csi300_sliding_step40_s_20260111_01,44df6c59b159490fa0b22d3c198cd0a9,2026-04-23,SH601360,0.04220204800367355,,,
EXP_XGBModel_Alpha158_csi300_sliding_step40_s_20260111_01,44df6c59b159490fa0b22d3c198cd0a9,2026-04-23,SH600919,0.04071483761072159,,,
EXP_XGBModel_Alpha158_csi300_sliding_step40_s_20260111_01,44df6c59b159490fa0b22d3c198cd0a9,2026-04-23,SH600918,-0.0365593396127224,,,
EXP_XGBModel_Alpha158_csi300_sliding_step40_s_20260111_01,44df6c59b159490fa0b22d3c198cd0a9,2026-04-23,SH600905,-0.06712070852518082,,,
EXP_XGBModel_Alpha158_csi300_sliding_step40_s_20260111_01,44df6c59b159490fa0b22d3c198cd0a9,2026-04-23,SH600066,-0.1604357659816742,,,
EXP_XGBModel_Alpha158_csi300_sliding_step40_s_20260111_01,44df6c59b159490fa0b22d3c198cd0a9,2026-04-23,SH600085,0.10108857601881027,,,
EXP_XGBModel_Alpha158_csi300_sliding_step40_s_20260111_01,44df6c59b159490fa0b22d3c198cd0a9,2026-04-23,SH600089,0.00021973520051687956,,,
EXP_XGBModel_Alpha158_csi300_sliding_step40_s_20260111_01,44df6c59b159490fa0b22d3c198cd0a9,2026-04-23,SH600104,-0.03457687050104141,,,
EXP_XGBModel_Alpha158_csi300_sliding_step40_s_20260111_01,44df6c59b159490fa0b22d3c198cd0a9,2026-04-23,SH600111,0.04834507033228874,,,
EXP_XGBModel_Alpha158_csi300_sliding_step40_s_20260111_01,44df6c59b159490fa0b22d3c198cd0a9,2026-04-23,SH600115,0.17477130889892578,,,
EXP_XGBModel_Alpha158_csi300_sliding_step40_s_20260111_01,44df6c59b159490fa0b22d3c198cd0a9,2026-04-23,SH600061,-0.04791649803519249,,,
EXP_XGBModel_Alpha158_csi300_sliding_step40_s_20260111_01,44df6c59b159490fa0b22d3c198cd0a9,2026-04-23,SH600150,-0.4535098969936371,,,
EXP_XGBModel_Alpha158_csi300_sliding_step40_s_20260111_01,44df6c59b159490fa0b22d3c198cd0a9,2026-04-23,SH600161,0.042316585779190063,,,
EXP_XGBModel_Alpha158_csi300_sliding_step40_s_20260111_01,44df6c59b159490fa0b22d3c198cd0a9,2026-04-23,SH600176,0.30267617106437683,,,
EXP_XGBModel_Alpha158_csi300_sliding_step40_s_20260111_01,44df6c59b159490fa0b22d3c198cd0a9,2026-04-23,SH600183,-0.09847775101661682,,,
EXP_XGBModel_Alpha158_csi300_sliding_step40_s_20260111_01,44df6c59b159490fa0b22d3c198cd0a9,2026-04-23,SH600188,-0.21098825335502625,,,
EXP_XGBModel_Alpha158_csi300_sliding_step40_s_20260111_01,44df6c59b159490fa0b22d3c198cd0a9,2026-04-23,SH600196,-0.057880107313394547,,,
EXP_XGBModel_Alpha158_csi300_sliding_step40_s_20260111_01,44df6c59b159490fa0b22d3c198cd0a9,2026-04-23,SH600219,-0.0498269721865654,,,
EXP_XGBModel_Alpha158_csi300_sliding_step40_s_20260111_01,44df6c59b159490fa0b22d3c198cd0a9,2026-04-23,SH600160,0.06370659172534943,,,
EXP_XGBModel_Alpha158_csi300_sliding_step40_s_20260111_01,44df6c59b159490fa0b22d3c198cd0a9,2026-04-23,SH600050,0.04990752413868904,,,
EXP_XGBModel_Alpha158_csi300_sliding_step40_s_20260111_01,44df6c59b159490fa0b22d3c198cd0a9,2026-04-23,SH600048,0.061476930975914,,,
EXP_XGBModel_Alpha158_csi300_sliding_step40_s_20260111_01,44df6c59b159490fa0b22d3c198cd0a9,2026-04-23,SH600039,0.0016729646595194936,,,
EXP_XGBModel_Alpha158_csi300_sliding_step40_s_20260111_01,44df6c59b159490fa0b22d3c198cd0a9,2026-04-23,SH600010,-0.11910279095172882,,,
EXP_XGBModel_Alpha158_csi300_sliding_step40_s_20260111_01,44df6c59b159490fa0b22d3c198cd0a9,2026-04-23,SH600011,-0.0765143483877182,,,
EXP_XGBModel_Alpha158_csi300_sliding_step40_s_20260111_01,44df6c59b159490fa0b22d3c198cd0a9,2026-04-23,SH600015,0.022744787856936455,,,
EXP_XGBModel_Alpha158_csi300_sliding_step40_s_20260111_01,44df6c59b159490fa0b22d3c198cd0a9,2026-04-23,SH600016,0.0020671135280281305,,,
EXP_XGBModel_Alpha158_csi300_sliding_step40_s_20260111_01,44df6c59b159490fa0b22d3c198cd0a9,2026-04-23,SH600018,-0.0019313065567985177,,,
EXP_XGBModel_Alpha158_csi300_sliding_step40_s_20260111_01,44df6c59b159490fa0b22d3c198cd0a9,2026-04-23,SH600019,-0.02473672479391098,,,
EXP_XGBModel_Alpha158_csi300_sliding_step40_s_20260111_01,44df6c59b159490fa0b22d3c198cd0a9,2026-04-23,SH600023,-0.06528948992490768,,,
EXP_XGBModel_Alpha158_csi300_sliding_step40_s_20260111_01,44df6c59b159490fa0b22d3c198cd0a9,2026-04-23,SH600025,-0.04523167014122009,,,
EXP_XGBModel_Alpha158_csi300_sliding_step40_s_20260111_01,44df6c59b159490fa0b22d3c198cd0a9,2026-04-23,SH600026,0.10466897487640381,,,
EXP_XGBModel_Alpha158_csi300_sliding_step40_s_20260111_01,44df6c59b159490fa0b22d3c198cd0a9,2026-04-23,SH600027,-0.2488657385110855,,,
EXP_XGBModel_Alpha158_csi300_sliding_step40_s_20260111_01,44df6c59b159490fa0b22d3c198cd0a9,2026-04-23,SH600028,-0.3458031713962555,,,
EXP_XGBModel_Alpha158_csi300_sliding_step40_s_20260111_01,44df6c59b159490fa0b22d3c198cd0a9,2026-04-23,SH600029,0.058574333786964417,,,
EXP_XGBModel_Alpha158_csi300_sliding_step40_s_20260111_01,44df6c59b159490fa0b22d3c198cd0a9,2026-04-23,SH600030,-0.18211399018764496,,,
EXP_XGBModel_Alpha158_csi300_sliding_step40_s_20260111_01,44df6c59b159490fa0b22d3c198cd0a9,2026-04-23,SH600031,-0.0801948755979538,,,
EXP_XGBModel_Alpha158_csi300_sliding_step40_s_20260111_01,44df6c59b159490fa0b22d3c198cd0a9,2026-04-23,SH600036,0.10228224098682404,,,
EXP_XGBModel_Alpha158_csi300_sliding_step40_s_20260111_01,44df6c59b159490fa0b22d3c198cd0a9,2026-04-23,SH600233,-0.7286763787269592,,,
EXP_XGBModel_Alpha158_csi300_sliding_step40_s_20260111_01,44df6c59b159490fa0b22d3c198cd0a9,2026-04-23,SH600276,0.06585230678319931,,,
EXP_XGBModel_Alpha158_csi300_sliding_step40_s_20260111_01,44df6c59b159490fa0b22d3c198cd0a9,2026-04-23,SH600309,0.013991102576255798,,,
EXP_XGBModel_Alpha158_csi300_sliding_step40_s_20260111_01,44df6c59b159490fa0b22d3c198cd0a9,2026-04-23,SH600346,-0.029648851603269577,,,
EXP_XGBModel_Alpha158_csi300_sliding_step40_s_20260111_01,44df6c59b159490fa0b22d3c198cd0a9,2026-04-23,SH600600,-0.030684586614370346,,,
EXP_XGBModel_Alpha158_csi300_sliding_step40_s_20260111_01,44df6c59b159490fa0b22d3c198cd0a9,2026-04-23,SH600660,0.012395546771585941,,,
EXP_XGBModel_Alpha158_csi300_sliding_step40_s_20260111_01,44df6c59b159490fa0b22d3c198cd0a9,2026-04-23,SH600674,-0.021712511777877808,,,
EXP_XGBModel_Alpha158_csi300_sliding_step40_s_20260111_01,44df6c59b159490fa0b22d3c198cd0a9,2026-04-23,SH600690,0.12001671642065048,,,
EXP_XGBModel_Alpha158_csi300_sliding_step40_s_20260111_01,44df6c59b159490fa0b22d3c198cd0a9,2026-04-23,SH600741,0.17180979251861572,,,
EXP_XGBModel_Alpha158_csi300_sliding_step40_s_20260111_01,44df6c59b159490fa0b22d3c198cd0a9,2026-04-23,SH600760,-0.06101871281862259,,,
EXP_XGBModel_Alpha158_csi300_sliding_step40_s_20260111_01,44df6c59b159490fa0b22d3c198cd0a9,2026-04-23,SH600795,-0.0250118188560009,,,
EXP_XGBModel_Alpha158_csi300_sliding_step40_s_20260111_01,44df6c59b159490fa0b22d3c198cd0a9,2026-04-23,SH600803,0.05762099102139473,,,
EXP_XGBModel_Alpha158_csi300_sliding_step40_s_20260111_01,44df6c59b159490fa0b22d3c198cd0a9,2026-04-23,SH600809,0.11551176011562347,,,
EXP_XGBModel_Alpha158_csi300_sliding_step40_s_20260111_01,44df6c59b159490fa0b22d3c198cd0a9,2026-04-23,SH600845,0.03966052457690239,,,
EXP_XGBModel_Alpha158_csi300_sliding_step40_s_20260111_01,44df6c59b159490fa0b22d3c198cd0a9,2026-04-23,SH600875,0.04469569772481918,,,
EXP_XGBModel_Alpha158_csi300_sliding_step40_s_20260111_01,44df6c59b159490fa0b22d3c198cd0a9,2026-04-23,SH600886,-0.028435921296477318,,,
EXP_XGBModel_Alpha158_csi300_sliding_step40_s_20260111_01,44df6c59b159490fa0b22d3c198cd0a9,2026-04-23,SH600887,-0.040218617767095566,,,
EXP_XGBModel_Alpha158_csi300_sliding_step40_s_20260111_01,44df6c59b159490fa0b22d3c198cd0a9,2026-04-23,SH600893,0.23362240195274353,,,
EXP_XGBModel_Alpha158_csi300_sliding_step40_s_20260111_01,44df6c59b159490fa0b22d3c198cd0a9,2026-04-23,SH600900,0.023721398785710335,,,
EXP_XGBModel_Alpha158_csi300_sliding_step40_s_20260111_01,44df6c59b159490fa0b22d3c198cd0a9,2026-04-23,SH600588,0.15165026485919952,,,
EXP_XGBModel_Alpha158_csi300_sliding_step40_s_20260111_01,44df6c59b159490fa0b22d3c198cd0a9,2026-04-23,SH601901,0.08793514221906662,,,
EXP_XGBModel_Alpha158_csi300_sliding_step40_s_20260111_01,44df6c59b159490fa0b22d3c198cd0a9,2026-04-23,SH600585,-0.035158224403858185,,,
EXP_XGBModel_Alpha158_csi300_sliding_step40_s_20260111_01,44df6c59b159490fa0b22d3c198cd0a9,2026-04-23,SH600570,0.07470063865184784,,,
EXP_XGBModel_Alpha158_csi300_sliding_step40_s_20260111_01,44df6c59b159490fa0b22d3c198cd0a9,2026-04-23,SH600362,0.28925055265426636,,,
EXP_XGBModel_Alpha158_csi300_sliding_step40_s_20260111_01,44df6c59b159490fa0b22d3c198cd0a9,2026-04-23,SH600372,0.040689848363399506,,,
EXP_XGBModel_Alpha158_csi300_sliding_step40_s_20260111_01,44df6c59b159490fa0b22d3c198cd0a9,2026-04-23,SH600377,0.00826046708971262,,,
EXP_XGBModel_Alpha158_csi300_sliding_step40_s_20260111_01,44df6c59b159490fa0b22d3c198cd0a9,2026-04-23,SH600406,-0.03494647890329361,,,
EXP_XGBModel_Alpha158_csi300_sliding_step40_s_20260111_01,44df6c59b159490fa0b22d3c198cd0a9,2026-04-23,SH600415,-0.3419603407382965,,,
EXP_XGBModel_Alpha158_csi300_sliding_step40_s_20260111_01,44df6c59b159490fa0b22d3c198cd0a9,2026-04-23,SH600426,-0.04722790792584419,,,
EXP_XGBModel_Alpha158_csi300_sliding_step40_s_20260111_01,44df6c59b159490fa0b22d3c198cd0a9,2026-04-23,SH600436,0.022608643397688866,,,
EXP_XGBModel_Alpha158_csi300_sliding_step40_s_20260111_01,44df6c59b159490fa0b22d3c198cd0a9,2026-04-23,SH600438,-0.1176251471042633,,,
EXP_XGBModel_Alpha158_csi300_sliding_step40_s_20260111_01,44df6c59b159490fa0b22d3c198cd0a9,2026-04-23,SH600460,-0.014143034815788269,,,
EXP_XGBModel_Alpha158_csi300_sliding_step40_s_20260111_01,44df6c59b159490fa0b22d3c198cd0a9,2026-04-23,SH600482,0.2843581438064575,,,
EXP_XGBModel_Alpha158_csi300_sliding_step40_s_20260111_01,44df6c59b159490fa0b22d3c198cd0a9,2026-04-23,SH600489,0.12471522390842438,,,
EXP_XGBModel_Alpha158_csi300_sliding_step40_s_20260111_01,44df6c59b159490fa0b22d3c198cd0a9,2026-04-23,SH600515,0.07229358702898026,,,
EXP_XGBModel_Alpha158_csi300_sliding_step40_s_20260111_01,44df6c59b159490fa0b22d3c198cd0a9,2026-04-23,SH600519,0.020142855122685432,,,
EXP_XGBModel_Alpha158_csi300_sliding_step40_s_20260111_01,44df6c59b159490fa0b22d3c198cd0a9,2026-04-23,SH600522,-0.3437604010105133,,,
EXP_XGBModel_Alpha158_csi300_sliding_step40_s_20260111_01,44df6c59b159490fa0b22d3c198cd0a9,2026-04-23,SH600547,0.07811729609966278,,,
EXP_XGBModel_Alpha158_csi300_sliding_step40_s_20260111_01,44df6c59b159490fa0b22d3c198cd0a9,2026-04-23,SH600584,0.0055200085043907166,,,
EXP_XGBModel_Alpha158_csi300_sliding_step40_s_20260111_01,44df6c59b159490fa0b22d3c198cd0a9,2026-04-23,SH601916,0.012779904529452324,,,
EXP_XGBModel_Alpha158_csi300_sliding_step40_s_20260111_01,44df6c59b159490fa0b22d3c198cd0a9,2026-04-23,SH601919,-0.035708237439394,,,
EXP_XGBModel_Alpha158_csi300_sliding_step40_s_20260111_01,44df6c59b159490fa0b22d3c198cd0a9,2026-04-23,SH601939,0.10851592570543289,,,
EXP_XGBModel_Alpha158_csi300_sliding_step40_s_20260111_01,44df6c59b159490fa0b22d3c198cd0a9,2026-04-23,SZ002422,0.014559149742126465,,,
EXP_XGBModel_Alpha158_csi300_sliding_step40_s_20260111_01,44df6c59b159490fa0b22d3c198cd0a9,2026-04-23,SZ002459,0.010236991569399834,,,
EXP_XGBModel_Alpha158_csi300_sliding_step40_s_20260111_01,44df6c59b159490fa0b22d3c198cd0a9,2026-04-23,SZ002460,0.008376513607800007,,,
EXP_XGBModel_Alpha158_csi300_sliding_step40_s_20260111_01,44df6c59b159490fa0b22d3c198cd0a9,2026-04-23,SZ002463,-0.3911508023738861,,,
EXP_XGBModel_Alpha158_csi300_sliding_step40_s_20260111_01,44df6c59b159490fa0b22d3c198cd0a9,2026-04-23,SZ002466,-0.05531076714396477,,,
EXP_XGBModel_Alpha158_csi300_sliding_step40_s_20260111_01,44df6c59b159490fa0b22d3c198cd0a9,2026-04-23,SZ002475,-0.13141246140003204,,,
EXP_XGBModel_Alpha158_csi300_sliding_step40_s_20260111_01,44df6c59b159490fa0b22d3c198cd0a9,2026-04-23,SZ002415,-0.019898470491170883,,,
EXP_XGBModel_Alpha158_csi300_sliding_step40_s_20260111_01,44df6c59b159490fa0b22d3c198cd0a9,2026-04-23,SZ002493,0.12274715304374695,,,
EXP_XGBModel_Alpha158_csi300_sliding_step40_s_20260111_01,44df6c59b159490fa0b22d3c198cd0a9,2026-04-23,SZ002600,-0.056908100843429565,,,
EXP_XGBModel_Alpha158_csi300_sliding_step40_s_20260111_01,44df6c59b159490fa0b22d3c198cd0a9,2026-04-23,SZ002601,0.0965493842959404,,,
EXP_XGBModel_Alpha158_csi300_sliding_step40_s_20260111_01,44df6c59b159490fa0b22d3c198cd0a9,2026-04-23,SZ002625,0.025683723390102386,,,
EXP_XGBModel_Alpha158_csi300_sliding_step40_s_20260111_01,44df6c59b159490fa0b22d3c198cd0a9,2026-04-23,SZ002648,-0.03736745938658714,,,
EXP_XGBModel_Alpha158_csi300_sliding_step40_s_20260111_01,44df6c59b159490fa0b22d3c198cd0a9,2026-04-23,SZ002709,-0.13733907043933868,,,
EXP_XGBModel_Alpha158_csi300_sliding_step40_s_20260111_01,44df6c59b159490fa0b22d3c198cd0a9,2026-04-23,SZ002714,0.12404707074165344,,,
EXP_XGBModel_Alpha158_csi300_sliding_step40_s_20260111_01,44df6c59b159490fa0b22d3c198cd0a9,2026-04-23,SZ002594,-0.056963320821523666,,,
EXP_XGBModel_Alpha158_csi300_sliding_step40_s_20260111_01,44df6c59b159490fa0b22d3c198cd0a9,2026-04-23,SZ002384,-0.21999673545360565,,,
EXP_XGBModel_Alpha158_csi300_sliding_step40_s_20260111_01,44df6c59b159490fa0b22d3c198cd0a9,2026-04-23,SZ002371,0.056776028126478195,,,
EXP_XGBModel_Alpha158_csi300_sliding_step40_s_20260111_01,44df6c59b159490fa0b22d3c198cd0a9,2026-04-23,SZ002352,0.026943035423755646,,,
EXP_XGBModel_Alpha158_csi300_sliding_step40_s_20260111_01,44df6c59b159490fa0b22d3c198cd0a9,2026-04-23,SZ001979,-0.12518709897994995,,,
EXP_XGBModel_Alpha158_csi300_sliding_step40_s_20260111_01,44df6c59b159490fa0b22d3c198cd0a9,2026-04-23,SZ002001,0.011698983609676361,,,
EXP_XGBModel_Alpha158_csi300_sliding_step40_s_20260111_01,44df6c59b159490fa0b22d3c198cd0a9,2026-04-23,SZ002027,0.03273039311170578,,,
EXP_XGBModel_Alpha158_csi300_sliding_step40_s_20260111_01,44df6c59b159490fa0b22d3c198cd0a9,2026-04-23,SZ002028,-0.046913210302591324,,,
EXP_XGBModel_Alpha158_csi300_sliding_step40_s_20260111_01,44df6c59b159490fa0b22d3c198cd0a9,2026-04-23,SZ002049,0.16497214138507843,,,
EXP_XGBModel_Alpha158_csi300_sliding_step40_s_20260111_01,44df6c59b159490fa0b22d3c198cd0a9,2026-04-23,SZ002050,0.10378242284059525,,,
EXP_XGBModel_Alpha158_csi300_sliding_step40_s_20260111_01,44df6c59b159490fa0b22d3c198cd0a9,2026-04-23,SZ002074,-0.01335757877677679,,,
EXP_XGBModel_Alpha158_csi300_sliding_step40_s_20260111_01,44df6c59b159490fa0b22d3c198cd0a9,2026-04-23,SZ002142,0.034508831799030304,,,
EXP_XGBModel_Alpha158_csi300_sliding_step40_s_20260111_01,44df6c59b159490fa0b22d3c198cd0a9,2026-04-23,SZ002179,0.09072356671094894,,,
EXP_XGBModel_Alpha158_csi300_sliding_step40_s_20260111_01,44df6c59b159490fa0b22d3c198cd0a9,2026-04-23,SZ002230,-0.047554049640893936,,,
EXP_XGBModel_Alpha158_csi300_sliding_step40_s_20260111_01,44df6c59b159490fa0b22d3c198cd0a9,2026-04-23,SZ002236,0.009789888747036457,,,
EXP_XGBModel_Alpha158_csi300_sliding_step40_s_20260111_01,44df6c59b159490fa0b22d3c198cd0a9,2026-04-23,SZ002241,0.1462043672800064,,,
EXP_XGBModel_Alpha158_csi300_sliding_step40_s_20260111_01,44df6c59b159490fa0b22d3c198cd0a9,2026-04-23,SZ002252,-0.06269214302301407,,,
EXP_XGBModel_Alpha158_csi300_sliding_step40_s_20260111_01,44df6c59b159490fa0b22d3c198cd0a9,2026-04-23,SZ002304,-0.03711382672190666,,,
EXP_XGBModel_Alpha158_csi300_sliding_step40_s_20260111_01,44df6c59b159490fa0b22d3c198cd0a9,2026-04-23,SZ002311,0.014003257267177105,,,
EXP_XGBModel_Alpha158_csi300_sliding_step40_s_20260111_01,44df6c59b159490fa0b22d3c198cd0a9,2026-04-23,SZ002736,-0.04817858710885048,,,
EXP_XGBModel_Alpha158_csi300_sliding_step40_s_20260111_01,44df6c59b159490fa0b22d3c198cd0a9,2026-04-23,SZ002916,-0.4836966097354889,,,
EXP_XGBModel_Alpha158_csi300_sliding_step40_s_20260111_01,44df6c59b159490fa0b22d3c198cd0a9,2026-04-23,SZ002920,0.07002716511487961,,,
EXP_XGBModel_Alpha158_csi300_sliding_step40_s_20260111_01,44df6c59b159490fa0b22d3c198cd0a9,2026-04-23,SZ002938,-0.35248908400535583,,,
EXP_XGBModel_Alpha158_csi300_sliding_step40_s_20260111_01,44df6c59b159490fa0b22d3c198cd0a9,2026-04-23,SZ300498,-0.15035179257392883,,,
EXP_XGBModel_Alpha158_csi300_sliding_step40_s_20260111_01,44df6c59b159490fa0b22d3c198cd0a9,2026-04-23,SZ300502,1.0521748065948486,,,
EXP_XGBModel_Alpha158_csi300_sliding_step40_s_20260111_01,44df6c59b159490fa0b22d3c198cd0a9,2026-04-23,SZ300628,0.07626328617334366,,,
EXP_XGBModel_Alpha158_csi300_sliding_step40_s_20260111_01,44df6c59b159490fa0b22d3c198cd0a9,2026-04-23,SZ300661,0.22826780378818512,,,
EXP_XGBModel_Alpha158_csi300_sliding_step40_s_20260111_01,44df6c59b159490fa0b22d3c198cd0a9,2026-04-23,SZ300750,-0.1007579118013382,,,
EXP_XGBModel_Alpha158_csi300_sliding_step40_s_20260111_01,44df6c59b159490fa0b22d3c198cd0a9,2026-04-23,SZ300759,0.13471896946430206,,,
EXP_XGBModel_Alpha158_csi300_sliding_step40_s_20260111_01,44df6c59b159490fa0b22d3c198cd0a9,2026-04-23,SZ300760,-0.022919435054063797,,,
EXP_XGBModel_Alpha158_csi300_sliding_step40_s_20260111_01,44df6c59b159490fa0b22d3c198cd0a9,2026-04-23,SZ300782,-0.5013942718505859,,,
EXP_XGBModel_Alpha158_csi300_sliding_step40_s_20260111_01,44df6c59b159490fa0b22d3c198cd0a9,2026-04-23,SZ300803,-0.004824585746973753,,,
EXP_XGBModel_Alpha158_csi300_sliding_step40_s_20260111_01,44df6c59b159490fa0b22d3c198cd0a9,2026-04-23,SZ300832,-0.08670017868280411,,,
EXP_XGBModel_Alpha158_csi300_sliding_step40_s_20260111_01,44df6c59b159490fa0b22d3c198cd0a9,2026-04-23,SZ300866,-0.22818969190120697,,,
EXP_XGBModel_Alpha158_csi300_sliding_step40_s_20260111_01,44df6c59b159490fa0b22d3c198cd0a9,2026-04-23,SZ300896,-0.120351143181324,,,
EXP_XGBModel_Alpha158_csi300_sliding_step40_s_20260111_01,44df6c59b159490fa0b22d3c198cd0a9,2026-04-23,SZ300979,-0.041435059159994125,,,
EXP_XGBModel_Alpha158_csi300_sliding_step40_s_20260111_01,44df6c59b159490fa0b22d3c198cd0a9,2026-04-23,SZ300999,0.012072454206645489,,,
EXP_XGBModel_Alpha158_csi300_sliding_step40_s_20260111_01,44df6c59b159490fa0b22d3c198cd0a9,2026-04-23,SZ301236,0.004215576685965061,,,
EXP_XGBModel_Alpha158_csi300_sliding_step40_s_20260111_01,44df6c59b159490fa0b22d3c198cd0a9,2026-04-23,SZ300476,-0.37164485454559326,,,
EXP_XGBModel_Alpha158_csi300_sliding_step40_s_20260111_01,44df6c59b159490fa0b22d3c198cd0a9,2026-04-23,SZ001965,-0.15151840448379517,,,
EXP_XGBModel_Alpha158_csi300_sliding_step40_s_20260111_01,44df6c59b159490fa0b22d3c198cd0a9,2026-04-23,SZ300442,0.10427707433700562,,,
EXP_XGBModel_Alpha158_csi300_sliding_step40_s_20260111_01,44df6c59b159490fa0b22d3c198cd0a9,2026-04-23,SZ300418,0.07083939015865326,,,
EXP_XGBModel_Alpha158_csi300_sliding_step40_s_20260111_01,44df6c59b159490fa0b22d3c198cd0a9,2026-04-23,SZ003816,-0.07884923368692398,,,
EXP_XGBModel_Alpha158_csi300_sliding_step40_s_20260111_01,44df6c59b159490fa0b22d3c198cd0a9,2026-04-23,SZ300014,-0.2019791454076767,,,
EXP_XGBModel_Alpha158_csi300_sliding_step40_s_20260111_01,44df6c59b159490fa0b22d3c198cd0a9,2026-04-23,SZ300015,-0.009967835620045662,,,
EXP_XGBModel_Alpha158_csi300_sliding_step40_s_20260111_01,44df6c59b159490fa0b22d3c198cd0a9,2026-04-23,SZ300033,0.12771929800510406,,,
EXP_XGBModel_Alpha158_csi300_sliding_step40_s_20260111_01,44df6c59b159490fa0b22d3c198cd0a9,2026-04-23,SZ300059,-0.04462086781859398,,,
EXP_XGBModel_Alpha158_csi300_sliding_step40_s_20260111_01,44df6c59b159490fa0b22d3c198cd0a9,2026-04-23,SZ300122,-0.08950500935316086,,,
EXP_XGBModel_Alpha158_csi300_sliding_step40_s_20260111_01,44df6c59b159490fa0b22d3c198cd0a9,2026-04-23,SZ300124,0.15750837326049805,,,
EXP_XGBModel_Alpha158_csi300_sliding_step40_s_20260111_01,44df6c59b159490fa0b22d3c198cd0a9,2026-04-23,SZ300251,0.13170599937438965,,,
EXP_XGBModel_Alpha158_csi300_sliding_step40_s_20260111_01,44df6c59b159490fa0b22d3c198cd0a9,2026-04-23,SZ300274,-0.027457628399133682,,,
EXP_XGBModel_Alpha158_csi300_sliding_step40_s_20260111_01,44df6c59b159490fa0b22d3c198cd0a9,2026-04-23,SZ300308,-0.8867354393005371,,,
EXP_XGBModel_Alpha158_csi300_sliding_step40_s_20260111_01,44df6c59b159490fa0b22d3c198cd0a9,2026-04-23,SZ300316,0.1783856898546219,,,
EXP_XGBModel_Alpha158_csi300_sliding_step40_s_20260111_01,44df6c59b159490fa0b22d3c198cd0a9,2026-04-23,SZ300347,-0.0349973663687706,,,
EXP_XGBModel_Alpha158_csi300_sliding_step40_s_20260111_01,44df6c59b159490fa0b22d3c198cd0a9,2026-04-23,SZ300394,-0.003562447614967823,,,
EXP_XGBModel_Alpha158_csi300_sliding_step40_s_20260111_01,44df6c59b159490fa0b22d3c198cd0a9,2026-04-23,SZ300408,-0.5641444325447083,,,
EXP_XGBModel_Alpha158_csi300_sliding_step40_s_20260111_01,44df6c59b159490fa0b22d3c198cd0a9,2026-04-23,SZ300413,0.03324378654360771,,,
EXP_XGBModel_Alpha158_csi300_sliding_step40_s_20260111_01,44df6c59b159490fa0b22d3c198cd0a9,2026-04-23,SZ300433,0.13454952836036682,,,
EXP_XGBModel_Alpha158_csi300_sliding_step40_s_20260111_01,44df6c59b159490fa0b22d3c198cd0a9,2026-04-23,SZ302132,-0.014150923117995262,,,
EXP_XGBModel_Alpha158_csi300_sliding_step40_s_20260111_01,44df6c59b159490fa0b22d3c198cd0a9,2026-04-23,SZ001391,-0.005381143651902676,,,
EXP_XGBModel_Alpha158_csi300_sliding_step40_s_20260111_01,44df6c59b159490fa0b22d3c198cd0a9,2026-04-23,SZ000983,-0.038838740438222885,,,
EXP_XGBModel_Alpha158_csi300_sliding_step40_s_20260111_01,44df6c59b159490fa0b22d3c198cd0a9,2026-04-23,SH688008,-0.027243535965681076,,,
EXP_XGBModel_Alpha158_csi300_sliding_step40_s_20260111_01,44df6c59b159490fa0b22d3c198cd0a9,2026-04-23,SH688009,-0.007382413372397423,,,
EXP_XGBModel_Alpha158_csi300_sliding_step40_s_20260111_01,44df6c59b159490fa0b22d3c198cd0a9,2026-04-23,SH688012,0.0002665066276676953,,,
EXP_XGBModel_Alpha158_csi300_sliding_step40_s_20260111_01,44df6c59b159490fa0b22d3c198cd0a9,2026-04-23,SH688036,0.0064641740173101425,,,
EXP_XGBModel_Alpha158_csi300_sliding_step40_s_20260111_01,44df6c59b159490fa0b22d3c198cd0a9,2026-04-23,SH688041,0.08317087590694427,,,
EXP_XGBModel_Alpha158_csi300_sliding_step40_s_20260111_01,44df6c59b159490fa0b22d3c198cd0a9,2026-04-23,SH688047,-0.03902607783675194,,,
EXP_XGBModel_Alpha158_csi300_sliding_step40_s_20260111_01,44df6c59b159490fa0b22d3c198cd0a9,2026-04-23,SH605499,-0.1027023196220398,,,
EXP_XGBModel_Alpha158_csi300_sliding_step40_s_20260111_01,44df6c59b159490fa0b22d3c198cd0a9,2026-04-23,SH688082,0.0737571269273758,,,
EXP_XGBModel_Alpha158_csi300_sliding_step40_s_20260111_01,44df6c59b159490fa0b22d3c198cd0a9,2026-04-23,SH688126,-0.3359072804450989,,,
EXP_XGBModel_Alpha158_csi300_sliding_step40_s_20260111_01,44df6c59b159490fa0b22d3c198cd0a9,2026-04-23,SH688169,0.20842905342578888,,,
EXP_XGBModel_Alpha158_csi300_sliding_step40_s_20260111_01,44df6c59b159490fa0b22d3c198cd0a9,2026-04-23,SH688187,-0.004772950429469347,,,
EXP_XGBModel_Alpha158_csi300_sliding_step40_s_20260111_01,44df6c59b159490fa0b22d3c198cd0a9,2026-04-23,SH688223,-0.01660403609275818,,,
EXP_XGBModel_Alpha158_csi300_sliding_step40_s_20260111_01,44df6c59b159490fa0b22d3c198cd0a9,2026-04-23,SH688256,0.16767297685146332,,,
EXP_XGBModel_Alpha158_csi300_sliding_step40_s_20260111_01,44df6c59b159490fa0b22d3c198cd0a9,2026-04-23,SH688271,-0.008878904394805431,,,
EXP_XGBModel_Alpha158_csi300_sliding_step40_s_20260111_01,44df6c59b159490fa0b22d3c198cd0a9,2026-04-23,SH688111,-0.1106412410736084,,,
EXP_XGBModel_Alpha158_csi300_sliding_step40_s_20260111_01,44df6c59b159490fa0b22d3c198cd0a9,2026-04-23,SH605117,-0.5469450950622559,,,
EXP_XGBModel_Alpha158_csi300_sliding_step40_s_20260111_01,44df6c59b159490fa0b22d3c198cd0a9,2026-04-23,SH603993,0.50185227394104,,,
EXP_XGBModel_Alpha158_csi300_sliding_step40_s_20260111_01,44df6c59b159490fa0b22d3c198cd0a9,2026-04-23,SH603986,0.18073339760303497,,,
EXP_XGBModel_Alpha158_csi300_sliding_step40_s_20260111_01,44df6c59b159490fa0b22d3c198cd0a9,2026-04-23,SH601985,-0.08964643627405167,,,
EXP_XGBModel_Alpha158_csi300_sliding_step40_s_20260111_01,44df6c59b159490fa0b22d3c198cd0a9,2026-04-23,SH601988,0.01319713331758976,,,
EXP_XGBModel_Alpha158_csi300_sliding_step40_s_20260111_01,44df6c59b159490fa0b22d3c198cd0a9,2026-04-23,SH601995,-0.035844288766384125,,,
EXP_XGBModel_Alpha158_csi300_sliding_step40_s_20260111_01,44df6c59b159490fa0b22d3c198cd0a9,2026-04-23,SH601998,0.06905584782361984,,,
EXP_XGBModel_Alpha158_csi300_sliding_step40_s_20260111_01,44df6c59b159490fa0b22d3c198cd0a9,2026-04-23,SH603019,-0.0792694091796875,,,
EXP_XGBModel_Alpha158_csi300_sliding_step40_s_20260111_01,44df6c59b159490fa0b22d3c198cd0a9,2026-04-23,SH603195,-0.0436541773378849,,,
EXP_XGBModel_Alpha158_csi300_sliding_step40_s_20260111_01,44df6c59b159490fa0b22d3c198cd0a9,2026-04-23,SH603259,-0.008443498983979225,,,
EXP_XGBModel_Alpha158_csi300_sliding_step40_s_20260111_01,44df6c59b159490fa0b22d3c198cd0a9,2026-04-23,SH603260,-0.042642492800951004,,,
EXP_XGBModel_Alpha158_csi300_sliding_step40_s_20260111_01,44df6c59b159490fa0b22d3c198cd0a9,2026-04-23,SH603288,0.013547621667385101,,,
EXP_XGBModel_Alpha158_csi300_sliding_step40_s_20260111_01,44df6c59b159490fa0b22d3c198cd0a9,2026-04-23,SH603296,-0.2474452257156372,,,
EXP_XGBModel_Alpha158_csi300_sliding_step40_s_20260111_01,44df6c59b159490fa0b22d3c198cd0a9,2026-04-23,SH603369,0.06743866205215454,,,
EXP_XGBModel_Alpha158_csi300_sliding_step40_s_20260111_01,44df6c59b159490fa0b22d3c198cd0a9,2026-04-23,SH603392,-0.07576466351747513,,,
EXP_XGBModel_Alpha158_csi300_sliding_step40_s_20260111_01,44df6c59b159490fa0b22d3c198cd0a9,2026-04-23,SH603501,0.00869049970060587,,,
EXP_XGBModel_Alpha158_csi300_sliding_step40_s_20260111_01,44df6c59b159490fa0b22d3c198cd0a9,2026-04-23,SH603799,0.08513984829187393,,,
EXP_XGBModel_Alpha158_csi300_sliding_step40_s_20260111_01,44df6c59b159490fa0b22d3c198cd0a9,2026-04-23,SH603893,-0.18974651396274567,,,
EXP_XGBModel_Alpha158_csi300_sliding_step40_s_20260111_01,44df6c59b159490fa0b22d3c198cd0a9,2026-04-23,SH688303,-0.22961746156215668,,,
EXP_XGBModel_Alpha158_csi300_sliding_step40_s_20260111_01,44df6c59b159490fa0b22d3c198cd0a9,2026-04-23,SH688396,-0.08681663125753403,,,
EXP_XGBModel_Alpha158_csi300_sliding_step40_s_20260111_01,44df6c59b159490fa0b22d3c198cd0a9,2026-04-23,SH688472,0.08953919261693954,,,
EXP_XGBModel_Alpha158_csi300_sliding_step40_s_20260111_01,44df6c59b159490fa0b22d3c198cd0a9,2026-04-23,SH688506,-0.06278608739376068,,,
EXP_XGBModel_Alpha158_csi300_sliding_step40_s_20260111_01,44df6c59b159490fa0b22d3c198cd0a9,2026-04-23,SZ000661,-0.07108916342258453,,,
EXP_XGBModel_Alpha158_csi300_sliding_step40_s_20260111_01,44df6c59b159490fa0b22d3c198cd0a9,2026-04-23,SZ000708,0.036184635013341904,,,
EXP_XGBModel_Alpha158_csi300_sliding_step40_s_20260111_01,44df6c59b159490fa0b22d3c198cd0a9,2026-04-23,SZ000725,0.04257615655660629,,,
EXP_XGBModel_Alpha158_csi300_sliding_step40_s_20260111_01,44df6c59b159490fa0b22d3c198cd0a9,2026-04-23,SZ000768,0.030387254431843758,,,
EXP_XGBModel_Alpha158_csi300_sliding_step40_s_20260111_01,44df6c59b159490fa0b22d3c198cd0a9,2026-04-23,SZ000776,-0.30465570092201233,,,
EXP_XGBModel_Alpha158_csi300_sliding_step40_s_20260111_01,44df6c59b159490fa0b22d3c198cd0a9,2026-04-23,SZ000786,0.01684601604938507,,,
EXP_XGBModel_Alpha158_csi300_sliding_step40_s_20260111_01,44df6c59b159490fa0b22d3c198cd0a9,2026-04-23,SZ000792,0.009010412730276585,,,
EXP_XGBModel_Alpha158_csi300_sliding_step40_s_20260111_01,44df6c59b159490fa0b22d3c198cd0a9,2026-04-23,SZ000807,0.697389543056488,,,
EXP_XGBModel_Alpha158_csi300_sliding_step40_s_20260111_01,44df6c59b159490fa0b22d3c198cd0a9,2026-04-23,SZ000858,-0.07274744659662247,,,
EXP_XGBModel_Alpha158_csi300_sliding_step40_s_20260111_01,44df6c59b159490fa0b22d3c198cd0a9,2026-04-23,SZ000876,0.03922030329704285,,,
EXP_XGBModel_Alpha158_csi300_sliding_step40_s_20260111_01,44df6c59b159490fa0b22d3c198cd0a9,2026-04-23,SZ000895,0.0654781237244606,,,
EXP_XGBModel_Alpha158_csi300_sliding_step40_s_20260111_01,44df6c59b159490fa0b22d3c198cd0a9,2026-04-23,SZ000938,-0.28087565302848816,,,
EXP_XGBModel_Alpha158_csi300_sliding_step40_s_20260111_01,44df6c59b159490fa0b22d3c198cd0a9,2026-04-23,SZ000963,-0.0462193489074707,,,
EXP_XGBModel_Alpha158_csi300_sliding_step40_s_20260111_01,44df6c59b159490fa0b22d3c198cd0a9,2026-04-23,SZ000975,-0.04089256748557091,,,
EXP_XGBModel_Alpha158_csi300_sliding_step40_s_20260111_01,44df6c59b159490fa0b22d3c198cd0a9,2026-04-23,SZ000977,-0.5360361337661743,,,
EXP_XGBModel_Alpha158_csi300_sliding_step40_s_20260111_01,44df6c59b159490fa0b22d3c198cd0a9,2026-04-23,SZ000651,0.005009356886148453,,,
EXP_XGBModel_Alpha158_csi300_sliding_step40_s_20260111_01,44df6c59b159490fa0b22d3c198cd0a9,2026-04-23,SZ000999,-0.22679825127124786,,,
EXP_XGBModel_Alpha158_csi300_sliding_step40_s_20260111_01,44df6c59b159490fa0b22d3c198cd0a9,2026-04-23,SZ000630,0.2843984365463257,,,
EXP_XGBModel_Alpha158_csi300_sliding_step40_s_20260111_01,44df6c59b159490fa0b22d3c198cd0a9,2026-04-23,SZ000617,-0.11465077102184296,,,
EXP_XGBModel_Alpha158_csi300_sliding_step40_s_20260111_01,44df6c59b159490fa0b22d3c198cd0a9,2026-04-23,SH688981,0.03406498208642006,,,
EXP_XGBModel_Alpha158_csi300_sliding_step40_s_20260111_01,44df6c59b159490fa0b22d3c198cd0a9,2026-04-23,SZ000001,0.0026706259232014418,,,
EXP_XGBModel_Alpha158_csi300_sliding_step40_s_20260111_01,44df6c59b159490fa0b22d3c198cd0a9,2026-04-23,SZ000002,-0.33924347162246704,,,
EXP_XGBModel_Alpha158_csi300_sliding_step40_s_20260111_01,44df6c59b159490fa0b22d3c198cd0a9,2026-04-23,SZ000063,0.11595818400382996,,,
EXP_XGBModel_Alpha158_csi300_sliding_step40_s_20260111_01,44df6c59b159490fa0b22d3c198cd0a9,2026-04-23,SZ000100,-0.012897559441626072,,,
EXP_XGBModel_Alpha158_csi300_sliding_step40_s_20260111_01,44df6c59b159490fa0b22d3c198cd0a9,2026-04-23,SZ000157,-0.027633175253868103,,,
EXP_XGBModel_Alpha158_csi300_sliding_step40_s_20260111_01,44df6c59b159490fa0b22d3c198cd0a9,2026-04-23,SZ000166,-0.043904319405555725,,,
EXP_XGBModel_Alpha158_csi300_sliding_step40_s_20260111_01,44df6c59b159490fa0b22d3c198cd0a9,2026-04-23,SZ000301,0.06557280570268631,,,
EXP_XGBModel_Alpha158_csi300_sliding_step40_s_20260111_01,44df6c59b159490fa0b22d3c198cd0a9,2026-04-23,SZ000333,-0.013983797281980515,,,
EXP_XGBModel_Alpha158_csi300_sliding_step40_s_20260111_01,44df6c59b159490fa0b22d3c198cd0a9,2026-04-23,SZ000338,0.04982542246580124,,,
EXP_XGBModel_Alpha158_csi300_sliding_step40_s_20260111_01,44df6c59b159490fa0b22d3c198cd0a9,2026-04-23,SZ000408,0.549970805644989,,,
EXP_XGBModel_Alpha158_csi300_sliding_step40_s_20260111_01,44df6c59b159490fa0b22d3c198cd0a9,2026-04-23,SZ000425,0.078150674700737,,,
EXP_XGBModel_Alpha158_csi300_sliding_step40_s_20260111_01,44df6c59b159490fa0b22d3c198cd0a9,2026-04-23,SZ000538,-0.011048690415918827,,,
EXP_XGBModel_Alpha158_csi300_sliding_step40_s_20260111_01,44df6c59b159490fa0b22d3c198cd0a9,2026-04-23,SZ000568,-0.04717741906642914,,,
EXP_XGBModel_Alpha158_csi300_sliding_step40_s_20260111_01,44df6c59b159490fa0b22d3c198cd0a9,2026-04-23,SZ000596,0.07993759214878082,,,
EXP_XGBModel_Alpha158_csi300_sliding_step40_s_20260111_01,44df6c59b159490fa0b22d3c198cd0a9,2026-04-23,SZ000625,-0.08573348075151443,,,
EXP_LinearModel_Alpha158_csi300_expanding_step40_s_20260111_12,ab464936a4bd47ddb5b42e4aa3319072,2026-04-23,SH600000,0.056853748857975006,,,
EXP_DEnsembleModel_Alpha158_csi300_sliding_step40_s_20260111_23,12f4cb9e2e654b22a3588e4374ed56b1,2026-04-23,SZ302132,0.030421022430302497,,,
EXP_DEnsembleModel_Alpha158_csi300_sliding_step40_s_20260111_23,12f4cb9e2e654b22a3588e4374ed56b1,2026-04-23,SZ301269,0.09688156484595954,,,
EXP_LGBModel_Alpha158_csi300_sliding_step40_s_20260121_01,741bdd0f113c4c1eaf23c429f63dfa1d,2026-04-23,SH601127,-0.0033670988882759287,,,
EXP_LGBModel_Alpha158_csi300_sliding_step40_s_20260121_01,741bdd0f113c4c1eaf23c429f63dfa1d,2026-04-23,SH601136,-0.07566620074576802,,,
EXP_LGBModel_Alpha158_csi300_sliding_step40_s_20260121_01,741bdd0f113c4c1eaf23c429f63dfa1d,2026-04-23,SH601138,-0.07667628563049017,,,
EXP_LGBModel_Alpha158_csi300_sliding_step40_s_20260121_01,741bdd0f113c4c1eaf23c429f63dfa1d,2026-04-23,SH601166,-0.05736463015961156,,,
EXP_LGBModel_Alpha158_csi300_sliding_step40_s_20260121_01,741bdd0f113c4c1eaf23c429f63dfa1d,2026-04-23,SH601169,0.10342813536695646,,,
EXP_LGBModel_Alpha158_csi300_sliding_step40_s_20260121_01,741bdd0f113c4c1eaf23c429f63dfa1d,2026-04-23,SH601186,-0.055779986307399325,,,
EXP_LGBModel_Alpha158_csi300_sliding_step40_s_20260121_01,741bdd0f113c4c1eaf23c429f63dfa1d,2026-04-23,SH601117,-0.05824949573437111,,,
EXP_LGBModel_Alpha158_csi300_sliding_step40_s_20260121_01,741bdd0f113c4c1eaf23c429f63dfa1d,2026-04-23,SH601211,-0.07509627536347642,,,
EXP_LGBModel_Alpha158_csi300_sliding_step40_s_20260121_01,741bdd0f113c4c1eaf23c429f63dfa1d,2026-04-23,SH601229,0.07399944258881098,,,
EXP_LGBModel_Alpha158_csi300_sliding_step40_s_20260121_01,741bdd0f113c4c1eaf23c429f63dfa1d,2026-04-23,SH601236,0.015454559631891622,,,
EXP_LGBModel_Alpha158_csi300_sliding_step40_s_20260121_01,741bdd0f113c4c1eaf23c429f63dfa1d,2026-04-23,SH601238,-0.03742675840293246,,,
EXP_LGBModel_Alpha158_csi300_sliding_step40_s_20260121_01,741bdd0f113c4c1eaf23c429f63dfa1d,2026-04-23,SH601288,0.0745645232064388,,,
EXP_LGBModel_Alpha158_csi300_sliding_step40_s_20260121_01,741bdd0f113c4c1eaf23c429f63dfa1d,2026-04-23,SH601298,-0.027695685465800316,,,
EXP_LGBModel_Alpha158_csi300_sliding_step40_s_20260121_01,741bdd0f113c4c1eaf23c429f63dfa1d,2026-04-23,SH601318,-0.010579765677344479,,,
EXP_LGBModel_Alpha158_csi300_sliding_step40_s_20260121_01,741bdd0f113c4c1eaf23c429f63dfa1d,2026-04-23,SH601225,-0.046526550672131003,,,
EXP_LGBModel_Alpha158_csi300_sliding_step40_s_20260121_01,741bdd0f113c4c1eaf23c429f63dfa1d,2026-04-23,SH601111,0.037108827724706736,,,
EXP_LGBModel_Alpha158_csi300_sliding_step40_s_20260121_01,741bdd0f113c4c1eaf23c429f63dfa1d,2026-04-23,SH601100,0.07640043056475677,,,
EXP_LGBModel_Alpha158_csi300_sliding_step40_s_20260121_01,741bdd0f113c4c1eaf23c429f63dfa1d,2026-04-23,SH601088,-0.0559040265171241,,,
EXP_LGBModel_Alpha158_csi300_sliding_step40_s_20260121_01,741bdd0f113c4c1eaf23c429f63dfa1d,2026-04-23,SH600926,0.11396073532481331,,,
EXP_LGBModel_Alpha158_csi300_sliding_step40_s_20260121_01,741bdd0f113c4c1eaf23c429f63dfa1d,2026-04-23,SH600930,-0.11380784628254051,,,
EXP_LGBModel_Alpha158_csi300_sliding_step40_s_20260121_01,741bdd0f113c4c1eaf23c429f63dfa1d,2026-04-23,SH600938,-0.02272980000130108,,,
EXP_LGBModel_Alpha158_csi300_sliding_step40_s_20260121_01,741bdd0f113c4c1eaf23c429f63dfa1d,2026-04-23,SH600941,0.04329151059686241,,,
EXP_LGBModel_Alpha158_csi300_sliding_step40_s_20260121_01,741bdd0f113c4c1eaf23c429f63dfa1d,2026-04-23,SH600989,-0.04222431218061462,,,
EXP_LGBModel_Alpha158_csi300_sliding_step40_s_20260121_01,741bdd0f113c4c1eaf23c429f63dfa1d,2026-04-23,SH600999,0.039417084224684984,,,
EXP_LGBModel_Alpha158_csi300_sliding_step40_s_20260121_01,741bdd0f113c4c1eaf23c429f63dfa1d,2026-04-23,SH601006,0.08372574599244025,,,
EXP_LGBModel_Alpha158_csi300_sliding_step40_s_20260121_01,741bdd0f113c4c1eaf23c429f63dfa1d,2026-04-23,SH601009,0.038291895388231315,,,
EXP_LGBModel_Alpha158_csi300_sliding_step40_s_20260121_01,741bdd0f113c4c1eaf23c429f63dfa1d,2026-04-23,SH601012,0.07985963559528599,,,
EXP_LGBModel_Alpha158_csi300_sliding_step40_s_20260121_01,741bdd0f113c4c1eaf23c429f63dfa1d,2026-04-23,SH601018,-0.042805626174703654,,,
EXP_LGBModel_Alpha158_csi300_sliding_step40_s_20260121_01,741bdd0f113c4c1eaf23c429f63dfa1d,2026-04-23,SH601021,-0.05161294487015009,,,
EXP_LGBModel_Alpha158_csi300_sliding_step40_s_20260121_01,741bdd0f113c4c1eaf23c429f63dfa1d,2026-04-23,SH601058,0.042375009809183684,,,
EXP_LGBModel_Alpha158_csi300_sliding_step40_s_20260121_01,741bdd0f113c4c1eaf23c429f63dfa1d,2026-04-23,SH601059,0.003947489839750948,,,
EXP_LGBModel_Alpha158_csi300_sliding_step40_s_20260121_01,741bdd0f113c4c1eaf23c429f63dfa1d,2026-04-23,SH601066,0.004034192623752342,,,
EXP_LGBModel_Alpha158_csi300_sliding_step40_s_20260121_01,741bdd0f113c4c1eaf23c429f63dfa1d,2026-04-23,SH601077,-0.019523433839595095,,,
EXP_LGBModel_Alpha158_csi300_sliding_step40_s_20260121_01,741bdd0f113c4c1eaf23c429f63dfa1d,2026-04-23,SH601319,-0.07641676820230302,,,
EXP_LGBModel_Alpha158_csi300_sliding_step40_s_20260121_01,741bdd0f113c4c1eaf23c429f63dfa1d,2026-04-23,SH600919,-0.03309419173431505,,,
EXP_LGBModel_Alpha158_csi300_sliding_step40_s_20260121_01,741bdd0f113c4c1eaf23c429f63dfa1d,2026-04-23,SH601328,0.1226156477603308,,,
EXP_LGBModel_Alpha158_csi300_sliding_step40_s_20260121_01,741bdd0f113c4c1eaf23c429f63dfa1d,2026-04-23,SH601360,0.16511992618243337,,,
EXP_LGBModel_Alpha158_csi300_sliding_step40_s_20260121_01,741bdd0f113c4c1eaf23c429f63dfa1d,2026-04-23,SH601800,0.045869987698712075,,,
EXP_LGBModel_Alpha158_csi300_sliding_step40_s_20260121_01,741bdd0f113c4c1eaf23c429f63dfa1d,2026-04-23,SH601808,-0.014285311960893277,,,
EXP_LGBModel_Alpha158_csi300_sliding_step40_s_20260121_01,741bdd0f113c4c1eaf23c429f63dfa1d,2026-04-23,SH601816,-0.022751058980319847,,,
EXP_LGBModel_Alpha158_csi300_sliding_step40_s_20260121_01,741bdd0f113c4c1eaf23c429f63dfa1d,2026-04-23,SH601818,-0.005589123476066225,,,
EXP_LGBModel_Alpha158_csi300_sliding_step40_s_20260121_01,741bdd0f113c4c1eaf23c429f63dfa1d,2026-04-23,SH601825,0.0376074362927575,,,
EXP_LGBModel_Alpha158_csi300_sliding_step40_s_20260121_01,741bdd0f113c4c1eaf23c429f63dfa1d,2026-04-23,SH601838,0.03615184354810481,,,
EXP_LGBModel_Alpha158_csi300_sliding_step40_s_20260121_01,741bdd0f113c4c1eaf23c429f63dfa1d,2026-04-23,SH601788,-0.04657859972259165,,,
EXP_LGBModel_Alpha158_csi300_sliding_step40_s_20260121_01,741bdd0f113c4c1eaf23c429f63dfa1d,2026-04-23,SH601857,-0.012736251971425996,,,
EXP_LGBModel_Alpha158_csi300_sliding_step40_s_20260121_01,741bdd0f113c4c1eaf23c429f63dfa1d,2026-04-23,SH601872,-0.012995179289020756,,,
EXP_LGBModel_Alpha158_csi300_sliding_step40_s_20260121_01,741bdd0f113c4c1eaf23c429f63dfa1d,2026-04-23,SH601877,0.08255108082367099,,,
EXP_LGBModel_Alpha158_csi300_sliding_step40_s_20260121_01,741bdd0f113c4c1eaf23c429f63dfa1d,2026-04-23,SH601878,-0.07158564694356309,,,
EXP_LGBModel_Alpha158_csi300_sliding_step40_s_20260121_01,741bdd0f113c4c1eaf23c429f63dfa1d,2026-04-23,SH601881,-0.001625376017836668,,,
EXP_LGBModel_Alpha158_csi300_sliding_step40_s_20260121_01,741bdd0f113c4c1eaf23c429f63dfa1d,2026-04-23,SH601888,0.03906299042731046,,,
EXP_LGBModel_Alpha158_csi300_sliding_step40_s_20260121_01,741bdd0f113c4c1eaf23c429f63dfa1d,2026-04-23,SH601898,0.08964190094894636,,,
EXP_LGBModel_Alpha158_csi300_sliding_step40_s_20260121_01,741bdd0f113c4c1eaf23c429f63dfa1d,2026-04-23,SH601868,-0.17892060400519694,,,
EXP_LGBModel_Alpha158_csi300_sliding_step40_s_20260121_01,741bdd0f113c4c1eaf23c429f63dfa1d,2026-04-23,SH601766,-0.02626476291002758,,,
EXP_LGBModel_Alpha158_csi300_sliding_step40_s_20260121_01,741bdd0f113c4c1eaf23c429f63dfa1d,2026-04-23,SH601728,-0.007724113319698904,,,
EXP_LGBModel_Alpha158_csi300_sliding_step40_s_20260121_01,741bdd0f113c4c1eaf23c429f63dfa1d,2026-04-23,SH601698,-0.17443909093003448,,,
EXP_LGBModel_Alpha158_csi300_sliding_step40_s_20260121_01,741bdd0f113c4c1eaf23c429f63dfa1d,2026-04-23,SH601377,-0.022931742913251035,,,
EXP_LGBModel_Alpha158_csi300_sliding_step40_s_20260121_01,741bdd0f113c4c1eaf23c429f63dfa1d,2026-04-23,SH601390,-0.0013532730358348892,,,
EXP_LGBModel_Alpha158_csi300_sliding_step40_s_20260121_01,741bdd0f113c4c1eaf23c429f63dfa1d,2026-04-23,SH601398,0.0872782003124365,,,
EXP_LGBModel_Alpha158_csi300_sliding_step40_s_20260121_01,741bdd0f113c4c1eaf23c429f63dfa1d,2026-04-23,SH601456,0.0651889801992143,,,
EXP_LGBModel_Alpha158_csi300_sliding_step40_s_20260121_01,741bdd0f113c4c1eaf23c429f63dfa1d,2026-04-23,SH601600,0.09118697789992271,,,
EXP_LGBModel_Alpha158_csi300_sliding_step40_s_20260121_01,741bdd0f113c4c1eaf23c429f63dfa1d,2026-04-23,SH601601,-0.05577089793928784,,,
EXP_LGBModel_Alpha158_csi300_sliding_step40_s_20260121_01,741bdd0f113c4c1eaf23c429f63dfa1d,2026-04-23,SH601607,-0.02437833887636651,,,
EXP_LGBModel_Alpha158_csi300_sliding_step40_s_20260121_01,741bdd0f113c4c1eaf23c429f63dfa1d,2026-04-23,SH601618,-0.07600299714746647,,,
EXP_LGBModel_Alpha158_csi300_sliding_step40_s_20260121_01,741bdd0f113c4c1eaf23c429f63dfa1d,2026-04-23,SH601628,0.0028660952403092785,,,
EXP_LGBModel_Alpha158_csi300_sliding_step40_s_20260121_01,741bdd0f113c4c1eaf23c429f63dfa1d,2026-04-23,SH601633,-0.04301929368625166,,,
EXP_LGBModel_Alpha158_csi300_sliding_step40_s_20260121_01,741bdd0f113c4c1eaf23c429f63dfa1d,2026-04-23,SH601658,0.15058159568930585,,,
EXP_LGBModel_Alpha158_csi300_sliding_step40_s_20260121_01,741bdd0f113c4c1eaf23c429f63dfa1d,2026-04-23,SH601668,-0.0802219914648456,,,
EXP_LGBModel_Alpha158_csi300_sliding_step40_s_20260121_01,741bdd0f113c4c1eaf23c429f63dfa1d,2026-04-23,SH601669,-0.17352352520640713,,,
EXP_LGBModel_Alpha158_csi300_sliding_step40_s_20260121_01,741bdd0f113c4c1eaf23c429f63dfa1d,2026-04-23,SH601688,0.05299280364365487,,,
EXP_LGBModel_Alpha158_csi300_sliding_step40_s_20260121_01,741bdd0f113c4c1eaf23c429f63dfa1d,2026-04-23,SH601689,-0.003627806156175347,,,
EXP_LGBModel_Alpha158_csi300_sliding_step40_s_20260121_01,741bdd0f113c4c1eaf23c429f63dfa1d,2026-04-23,SH601336,0.13214716682492747,,,
EXP_LGBModel_Alpha158_csi300_sliding_step40_s_20260121_01,741bdd0f113c4c1eaf23c429f63dfa1d,2026-04-23,SH600918,-0.0865500494364045,,,
EXP_LGBModel_Alpha158_csi300_sliding_step40_s_20260121_01,741bdd0f113c4c1eaf23c429f63dfa1d,2026-04-23,SH600905,-0.03397665308638866,,,
EXP_LGBModel_Alpha158_csi300_sliding_step40_s_20260121_01,741bdd0f113c4c1eaf23c429f63dfa1d,2026-04-23,SH600900,0.06988528688851894,,,
EXP_LGBModel_Alpha158_csi300_sliding_step40_s_20260121_01,741bdd0f113c4c1eaf23c429f63dfa1d,2026-04-23,SH600061,-0.020234884881683173,,,
EXP_LGBModel_Alpha158_csi300_sliding_step40_s_20260121_01,741bdd0f113c4c1eaf23c429f63dfa1d,2026-04-23,SH600066,-0.21784445092690718,,,
EXP_LGBModel_Alpha158_csi300_sliding_step40_s_20260121_01,741bdd0f113c4c1eaf23c429f63dfa1d,2026-04-23,SH600085,-0.04496457102803058,,,
EXP_LGBModel_Alpha158_csi300_sliding_step40_s_20260121_01,741bdd0f113c4c1eaf23c429f63dfa1d,2026-04-23,SH600089,-0.003697669444501362,,,
EXP_LGBModel_Alpha158_csi300_sliding_step40_s_20260121_01,741bdd0f113c4c1eaf23c429f63dfa1d,2026-04-23,SH600104,-0.018989436716056917,,,
EXP_LGBModel_Alpha158_csi300_sliding_step40_s_20260121_01,741bdd0f113c4c1eaf23c429f63dfa1d,2026-04-23,SH600111,0.19388483658791877,,,
EXP_LGBModel_Alpha158_csi300_sliding_step40_s_20260121_01,741bdd0f113c4c1eaf23c429f63dfa1d,2026-04-23,SH600050,-0.045787459074561124,,,
EXP_LGBModel_Alpha158_csi300_sliding_step40_s_20260121_01,741bdd0f113c4c1eaf23c429f63dfa1d,2026-04-23,SH600115,0.090726060452086,,,
EXP_LGBModel_Alpha158_csi300_sliding_step40_s_20260121_01,741bdd0f113c4c1eaf23c429f63dfa1d,2026-04-23,SH600160,0.07050433663042435,,,
EXP_LGBModel_Alpha158_csi300_sliding_step40_s_20260121_01,741bdd0f113c4c1eaf23c429f63dfa1d,2026-04-23,SH600161,-0.03593247421024519,,,
EXP_LGBModel_Alpha158_csi300_sliding_step40_s_20260121_01,741bdd0f113c4c1eaf23c429f63dfa1d,2026-04-23,SH600176,-0.056952705329440176,,,
EXP_LGBModel_Alpha158_csi300_sliding_step40_s_20260121_01,741bdd0f113c4c1eaf23c429f63dfa1d,2026-04-23,SH600183,-0.12859074147973804,,,
EXP_LGBModel_Alpha158_csi300_sliding_step40_s_20260121_01,741bdd0f113c4c1eaf23c429f63dfa1d,2026-04-23,SH600188,0.10296845860770723,,,
EXP_LGBModel_Alpha158_csi300_sliding_step40_s_20260121_01,741bdd0f113c4c1eaf23c429f63dfa1d,2026-04-23,SH600196,-0.024664034495005302,,,
EXP_LGBModel_Alpha158_csi300_sliding_step40_s_20260121_01,741bdd0f113c4c1eaf23c429f63dfa1d,2026-04-23,SH600150,-0.18284902591310107,,,
EXP_LGBModel_Alpha158_csi300_sliding_step40_s_20260121_01,741bdd0f113c4c1eaf23c429f63dfa1d,2026-04-23,SH600048,0.012656186102372223,,,
EXP_LGBModel_Alpha158_csi300_sliding_step40_s_20260121_01,741bdd0f113c4c1eaf23c429f63dfa1d,2026-04-23,SH600039,0.059641041579001075,,,
EXP_LGBModel_Alpha158_csi300_sliding_step40_s_20260121_01,741bdd0f113c4c1eaf23c429f63dfa1d,2026-04-23,SH600036,0.12190602698116287,,,
EXP_LGBModel_Alpha158_csi300_sliding_step40_s_20260121_01,741bdd0f113c4c1eaf23c429f63dfa1d,2026-04-23,SH600009,-0.051701806560362155,,,
EXP_LGBModel_Alpha158_csi300_sliding_step40_s_20260121_01,741bdd0f113c4c1eaf23c429f63dfa1d,2026-04-23,SH600010,0.05449211236048585,,,
EXP_LGBModel_Alpha158_csi300_sliding_step40_s_20260121_01,741bdd0f113c4c1eaf23c429f63dfa1d,2026-04-23,SH600011,-0.1130692500965521,,,
EXP_LGBModel_Alpha158_csi300_sliding_step40_s_20260121_01,741bdd0f113c4c1eaf23c429f63dfa1d,2026-04-23,SH600015,0.07082022854725041,,,
EXP_LGBModel_Alpha158_csi300_sliding_step40_s_20260121_01,741bdd0f113c4c1eaf23c429f63dfa1d,2026-04-23,SH600016,0.003275198080410456,,,
EXP_LGBModel_Alpha158_csi300_sliding_step40_s_20260121_01,741bdd0f113c4c1eaf23c429f63dfa1d,2026-04-23,SH600018,-0.04022519386916899,,,
EXP_LGBModel_Alpha158_csi300_sliding_step40_s_20260121_01,741bdd0f113c4c1eaf23c429f63dfa1d,2026-04-23,SH600019,-0.028500953541968698,,,
EXP_LGBModel_Alpha158_csi300_sliding_step40_s_20260121_01,741bdd0f113c4c1eaf23c429f63dfa1d,2026-04-23,SH600023,-0.0317879299027758,,,
EXP_LGBModel_Alpha158_csi300_sliding_step40_s_20260121_01,741bdd0f113c4c1eaf23c429f63dfa1d,2026-04-23,SH600025,0.02592054334246535,,,
EXP_LGBModel_Alpha158_csi300_sliding_step40_s_20260121_01,741bdd0f113c4c1eaf23c429f63dfa1d,2026-04-23,SH600026,0.040994056315552474,,,
EXP_LGBModel_Alpha158_csi300_sliding_step40_s_20260121_01,741bdd0f113c4c1eaf23c429f63dfa1d,2026-04-23,SH600027,-0.17111286969551642,,,
EXP_LGBModel_Alpha158_csi300_sliding_step40_s_20260121_01,741bdd0f113c4c1eaf23c429f63dfa1d,2026-04-23,SH600028,-0.09195462139806973,,,
EXP_LGBModel_Alpha158_csi300_sliding_step40_s_20260121_01,741bdd0f113c4c1eaf23c429f63dfa1d,2026-04-23,SH600029,-0.013331358595824306,,,
EXP_LGBModel_Alpha158_csi300_sliding_step40_s_20260121_01,741bdd0f113c4c1eaf23c429f63dfa1d,2026-04-23,SH600030,-0.13904489300280942,,,
EXP_LGBModel_Alpha158_csi300_sliding_step40_s_20260121_01,741bdd0f113c4c1eaf23c429f63dfa1d,2026-04-23,SH600031,0.0786981336498207,,,
EXP_LGBModel_Alpha158_csi300_sliding_step40_s_20260121_01,741bdd0f113c4c1eaf23c429f63dfa1d,2026-04-23,SH600219,0.004846222534498615,,,
EXP_LGBModel_Alpha158_csi300_sliding_step40_s_20260121_01,741bdd0f113c4c1eaf23c429f63dfa1d,2026-04-23,SH600233,-0.2520150618559604,,,
EXP_LGBModel_Alpha158_csi300_sliding_step40_s_20260121_01,741bdd0f113c4c1eaf23c429f63dfa1d,2026-04-23,SH600276,0.0947488204136705,,,
EXP_LGBModel_Alpha158_csi300_sliding_step40_s_20260121_01,741bdd0f113c4c1eaf23c429f63dfa1d,2026-04-23,SH600309,0.11984899621249574,,,
EXP_LGBModel_Alpha158_csi300_sliding_step40_s_20260121_01,741bdd0f113c4c1eaf23c429f63dfa1d,2026-04-23,SH600588,0.14144038679190413,,,
EXP_LGBModel_Alpha158_csi300_sliding_step40_s_20260121_01,741bdd0f113c4c1eaf23c429f63dfa1d,2026-04-23,SH600600,0.002287370784061125,,,
EXP_LGBModel_Alpha158_csi300_sliding_step40_s_20260121_01,741bdd0f113c4c1eaf23c429f63dfa1d,2026-04-23,SH600660,0.09969854653035161,,,
EXP_LGBModel_Alpha158_csi300_sliding_step40_s_20260121_01,741bdd0f113c4c1eaf23c429f63dfa1d,2026-04-23,SH600674,0.05544020854809332,,,
EXP_LGBModel_Alpha158_csi300_sliding_step40_s_20260121_01,741bdd0f113c4c1eaf23c429f63dfa1d,2026-04-23,SH600690,-0.06937283507072363,,,
EXP_LGBModel_Alpha158_csi300_sliding_step40_s_20260121_01,741bdd0f113c4c1eaf23c429f63dfa1d,2026-04-23,SH600741,0.03353976732369675,,,
EXP_LGBModel_Alpha158_csi300_sliding_step40_s_20260121_01,741bdd0f113c4c1eaf23c429f63dfa1d,2026-04-23,SH600760,0.024844943618750833,,,
EXP_LGBModel_Alpha158_csi300_sliding_step40_s_20260121_01,741bdd0f113c4c1eaf23c429f63dfa1d,2026-04-23,SH600795,0.005102383716841958,,,
EXP_LGBModel_Alpha158_csi300_sliding_step40_s_20260121_01,741bdd0f113c4c1eaf23c429f63dfa1d,2026-04-23,SH600803,0.059396344122129574,,,
EXP_LGBModel_Alpha158_csi300_sliding_step40_s_20260121_01,741bdd0f113c4c1eaf23c429f63dfa1d,2026-04-23,SH600809,-0.09355790547175141,,,
EXP_LGBModel_Alpha158_csi300_sliding_step40_s_20260121_01,741bdd0f113c4c1eaf23c429f63dfa1d,2026-04-23,SH600845,0.15545310888738478,,,
EXP_LGBModel_Alpha158_csi300_sliding_step40_s_20260121_01,741bdd0f113c4c1eaf23c429f63dfa1d,2026-04-23,SH600875,-0.006600477372647469,,,
EXP_LGBModel_Alpha158_csi300_sliding_step40_s_20260121_01,741bdd0f113c4c1eaf23c429f63dfa1d,2026-04-23,SH600886,0.0010303964125204326,,,
EXP_LGBModel_Alpha158_csi300_sliding_step40_s_20260121_01,741bdd0f113c4c1eaf23c429f63dfa1d,2026-04-23,SH600887,-0.08121121493792723,,,
EXP_LGBModel_Alpha158_csi300_sliding_step40_s_20260121_01,741bdd0f113c4c1eaf23c429f63dfa1d,2026-04-23,SH600893,0.13479318463398113,,,
EXP_LGBModel_Alpha158_csi300_sliding_step40_s_20260121_01,741bdd0f113c4c1eaf23c429f63dfa1d,2026-04-23,SH600585,0.0019879100926743355,,,
EXP_LGBModel_Alpha158_csi300_sliding_step40_s_20260121_01,741bdd0f113c4c1eaf23c429f63dfa1d,2026-04-23,SH601899,0.20125194302156874,,,
EXP_LGBModel_Alpha158_csi300_sliding_step40_s_20260121_01,741bdd0f113c4c1eaf23c429f63dfa1d,2026-04-23,SH600584,0.011102728292744479,,,
EXP_LGBModel_Alpha158_csi300_sliding_step40_s_20260121_01,741bdd0f113c4c1eaf23c429f63dfa1d,2026-04-23,SH600547,0.17618892682594758,,,
EXP_LGBModel_Alpha158_csi300_sliding_step40_s_20260121_01,741bdd0f113c4c1eaf23c429f63dfa1d,2026-04-23,SH600346,0.015133475514683747,,,
EXP_LGBModel_Alpha158_csi300_sliding_step40_s_20260121_01,741bdd0f113c4c1eaf23c429f63dfa1d,2026-04-23,SH600362,0.1481653847670381,,,
EXP_LGBModel_Alpha158_csi300_sliding_step40_s_20260121_01,741bdd0f113c4c1eaf23c429f63dfa1d,2026-04-23,SH600372,0.0925304072483704,,,
EXP_LGBModel_Alpha158_csi300_sliding_step40_s_20260121_01,741bdd0f113c4c1eaf23c429f63dfa1d,2026-04-23,SH600377,0.07187145375466308,,,
EXP_LGBModel_Alpha158_csi300_sliding_step40_s_20260121_01,741bdd0f113c4c1eaf23c429f63dfa1d,2026-04-23,SH600406,0.04210671333986606,,,
EXP_LGBModel_Alpha158_csi300_sliding_step40_s_20260121_01,741bdd0f113c4c1eaf23c429f63dfa1d,2026-04-23,SH600415,-0.06468225285538227,,,
EXP_LGBModel_Alpha158_csi300_sliding_step40_s_20260121_01,741bdd0f113c4c1eaf23c429f63dfa1d,2026-04-23,SH600426,-0.015074059558985966,,,
EXP_LGBModel_Alpha158_csi300_sliding_step40_s_20260121_01,741bdd0f113c4c1eaf23c429f63dfa1d,2026-04-23,SH600436,-0.14685963096617702,,,
EXP_LGBModel_Alpha158_csi300_sliding_step40_s_20260121_01,741bdd0f113c4c1eaf23c429f63dfa1d,2026-04-23,SH600438,-0.11083132052058091,,,
EXP_LGBModel_Alpha158_csi300_sliding_step40_s_20260121_01,741bdd0f113c4c1eaf23c429f63dfa1d,2026-04-23,SH600460,0.061070813547873866,,,
EXP_LGBModel_Alpha158_csi300_sliding_step40_s_20260121_01,741bdd0f113c4c1eaf23c429f63dfa1d,2026-04-23,SH600482,0.23563849812306994,,,
EXP_LGBModel_Alpha158_csi300_sliding_step40_s_20260121_01,741bdd0f113c4c1eaf23c429f63dfa1d,2026-04-23,SH600489,0.15739211490827534,,,
EXP_LGBModel_Alpha158_csi300_sliding_step40_s_20260121_01,741bdd0f113c4c1eaf23c429f63dfa1d,2026-04-23,SH600515,0.07269649487840077,,,
EXP_LGBModel_Alpha158_csi300_sliding_step40_s_20260121_01,741bdd0f113c4c1eaf23c429f63dfa1d,2026-04-23,SH600519,0.0002575777117322138,,,
EXP_LGBModel_Alpha158_csi300_sliding_step40_s_20260121_01,741bdd0f113c4c1eaf23c429f63dfa1d,2026-04-23,SH600522,0.02245966020328409,,,
EXP_LGBModel_Alpha158_csi300_sliding_step40_s_20260121_01,741bdd0f113c4c1eaf23c429f63dfa1d,2026-04-23,SH600570,0.1270546074923024,,,
EXP_LGBModel_Alpha158_csi300_sliding_step40_s_20260121_01,741bdd0f113c4c1eaf23c429f63dfa1d,2026-04-23,SH601901,0.012590655082709996,,,
EXP_LGBModel_Alpha158_csi300_sliding_step40_s_20260121_01,741bdd0f113c4c1eaf23c429f63dfa1d,2026-04-23,SH601916,0.029308523092561035,,,
EXP_LGBModel_Alpha158_csi300_sliding_step40_s_20260121_01,741bdd0f113c4c1eaf23c429f63dfa1d,2026-04-23,SH601919,-0.05032247568548451,,,
EXP_LGBModel_Alpha158_csi300_sliding_step40_s_20260121_01,741bdd0f113c4c1eaf23c429f63dfa1d,2026-04-23,SZ002415,-0.08191941078867207,,,
EXP_LGBModel_Alpha158_csi300_sliding_step40_s_20260121_01,741bdd0f113c4c1eaf23c429f63dfa1d,2026-04-23,SZ002422,0.05092950757327259,,,
EXP_LGBModel_Alpha158_csi300_sliding_step40_s_20260121_01,741bdd0f113c4c1eaf23c429f63dfa1d,2026-04-23,SZ002459,0.11381129089757036,,,
EXP_LGBModel_Alpha158_csi300_sliding_step40_s_20260121_01,741bdd0f113c4c1eaf23c429f63dfa1d,2026-04-23,SZ002460,0.1749197322710857,,,
EXP_LGBModel_Alpha158_csi300_sliding_step40_s_20260121_01,741bdd0f113c4c1eaf23c429f63dfa1d,2026-04-23,SZ002463,-0.12342914367547808,,,
EXP_LGBModel_Alpha158_csi300_sliding_step40_s_20260121_01,741bdd0f113c4c1eaf23c429f63dfa1d,2026-04-23,SZ002466,0.0084202635714725,,,
EXP_LGBModel_Alpha158_csi300_sliding_step40_s_20260121_01,741bdd0f113c4c1eaf23c429f63dfa1d,2026-04-23,SZ002384,-0.05235234144279442,,,
EXP_LGBModel_Alpha158_csi300_sliding_step40_s_20260121_01,741bdd0f113c4c1eaf23c429f63dfa1d,2026-04-23,SZ002475,-0.04849734127422634,,,
EXP_LGBModel_Alpha158_csi300_sliding_step40_s_20260121_01,741bdd0f113c4c1eaf23c429f63dfa1d,2026-04-23,SZ002594,-0.03628734764350817,,,
EXP_LGBModel_Alpha158_csi300_sliding_step40_s_20260121_01,741bdd0f113c4c1eaf23c429f63dfa1d,2026-04-23,SZ002600,-0.05444338863616619,,,
EXP_LGBModel_Alpha158_csi300_sliding_step40_s_20260121_01,741bdd0f113c4c1eaf23c429f63dfa1d,2026-04-23,SZ002601,0.08006049169507011,,,
EXP_LGBModel_Alpha158_csi300_sliding_step40_s_20260121_01,741bdd0f113c4c1eaf23c429f63dfa1d,2026-04-23,SZ002625,0.08996268325492812,,,
EXP_LGBModel_Alpha158_csi300_sliding_step40_s_20260121_01,741bdd0f113c4c1eaf23c429f63dfa1d,2026-04-23,SZ002648,-0.004034347256115315,,,
EXP_LGBModel_Alpha158_csi300_sliding_step40_s_20260121_01,741bdd0f113c4c1eaf23c429f63dfa1d,2026-04-23,SZ002709,-0.07616720675464801,,,
EXP_LGBModel_Alpha158_csi300_sliding_step40_s_20260121_01,741bdd0f113c4c1eaf23c429f63dfa1d,2026-04-23,SZ002493,0.12374751159773853,,,
EXP_LGBModel_Alpha158_csi300_sliding_step40_s_20260121_01,741bdd0f113c4c1eaf23c429f63dfa1d,2026-04-23,SZ002371,0.23102910745111316,,,
EXP_LGBModel_Alpha158_csi300_sliding_step40_s_20260121_01,741bdd0f113c4c1eaf23c429f63dfa1d,2026-04-23,SZ002352,-0.02477253735545882,,,
EXP_LGBModel_Alpha158_csi300_sliding_step40_s_20260121_01,741bdd0f113c4c1eaf23c429f63dfa1d,2026-04-23,SZ002311,-0.002484984134581684,,,
EXP_LGBModel_Alpha158_csi300_sliding_step40_s_20260121_01,741bdd0f113c4c1eaf23c429f63dfa1d,2026-04-23,SZ001965,-0.1426784674775819,,,
EXP_LGBModel_Alpha158_csi300_sliding_step40_s_20260121_01,741bdd0f113c4c1eaf23c429f63dfa1d,2026-04-23,SZ001979,-0.15433629980519126,,,
EXP_LGBModel_Alpha158_csi300_sliding_step40_s_20260121_01,741bdd0f113c4c1eaf23c429f63dfa1d,2026-04-23,SZ002001,-0.0040341874616372205,,,
EXP_LGBModel_Alpha158_csi300_sliding_step40_s_20260121_01,741bdd0f113c4c1eaf23c429f63dfa1d,2026-04-23,SZ002027,0.03735808563532433,,,
EXP_LGBModel_Alpha158_csi300_sliding_step40_s_20260121_01,741bdd0f113c4c1eaf23c429f63dfa1d,2026-04-23,SZ002028,0.013915108680279231,,,
EXP_LGBModel_Alpha158_csi300_sliding_step40_s_20260121_01,741bdd0f113c4c1eaf23c429f63dfa1d,2026-04-23,SZ002049,0.1475000052396682,,,
EXP_LGBModel_Alpha158_csi300_sliding_step40_s_20260121_01,741bdd0f113c4c1eaf23c429f63dfa1d,2026-04-23,SZ002050,0.1099166101271734,,,
EXP_LGBModel_Alpha158_csi300_sliding_step40_s_20260121_01,741bdd0f113c4c1eaf23c429f63dfa1d,2026-04-23,SZ002074,-0.08828440905106927,,,
EXP_LGBModel_Alpha158_csi300_sliding_step40_s_20260121_01,741bdd0f113c4c1eaf23c429f63dfa1d,2026-04-23,SZ002142,0.033523879457647274,,,
EXP_LGBModel_Alpha158_csi300_sliding_step40_s_20260121_01,741bdd0f113c4c1eaf23c429f63dfa1d,2026-04-23,SZ002179,-0.02817318483997905,,,
EXP_LGBModel_Alpha158_csi300_sliding_step40_s_20260121_01,741bdd0f113c4c1eaf23c429f63dfa1d,2026-04-23,SZ002230,0.07331294238315955,,,
EXP_LGBModel_Alpha158_csi300_sliding_step40_s_20260121_01,741bdd0f113c4c1eaf23c429f63dfa1d,2026-04-23,SZ002236,0.040994691079233744,,,
EXP_LGBModel_Alpha158_csi300_sliding_step40_s_20260121_01,741bdd0f113c4c1eaf23c429f63dfa1d,2026-04-23,SZ002241,0.1312157037928484,,,
EXP_LGBModel_Alpha158_csi300_sliding_step40_s_20260121_01,741bdd0f113c4c1eaf23c429f63dfa1d,2026-04-23,SZ002252,-0.009849500902698314,,,
EXP_LGBModel_Alpha158_csi300_sliding_step40_s_20260121_01,741bdd0f113c4c1eaf23c429f63dfa1d,2026-04-23,SZ002304,0.00022028213675837505,,,
EXP_LGBModel_Alpha158_csi300_sliding_step40_s_20260121_01,741bdd0f113c4c1eaf23c429f63dfa1d,2026-04-23,SZ002714,0.20065805961640754,,,
EXP_LGBModel_Alpha158_csi300_sliding_step40_s_20260121_01,741bdd0f113c4c1eaf23c429f63dfa1d,2026-04-23,SZ002736,0.08577494421976835,,,
EXP_LGBModel_Alpha158_csi300_sliding_step40_s_20260121_01,741bdd0f113c4c1eaf23c429f63dfa1d,2026-04-23,SZ002916,-0.16927376302029268,,,
EXP_LGBModel_Alpha158_csi300_sliding_step40_s_20260121_01,741bdd0f113c4c1eaf23c429f63dfa1d,2026-04-23,SZ002920,0.07831992719084632,,,
EXP_LGBModel_Alpha158_csi300_sliding_step40_s_20260121_01,741bdd0f113c4c1eaf23c429f63dfa1d,2026-04-23,SZ300476,0.004934929950718498,,,
EXP_LGBModel_Alpha158_csi300_sliding_step40_s_20260121_01,741bdd0f113c4c1eaf23c429f63dfa1d,2026-04-23,SZ300498,-0.09214428267835528,,,
EXP_LGBModel_Alpha158_csi300_sliding_step40_s_20260121_01,741bdd0f113c4c1eaf23c429f63dfa1d,2026-04-23,SZ300502,0.023161083909250427,,,
EXP_LGBModel_Alpha158_csi300_sliding_step40_s_20260121_01,741bdd0f113c4c1eaf23c429f63dfa1d,2026-04-23,SZ300628,-0.13291976578309278,,,
EXP_LGBModel_Alpha158_csi300_sliding_step40_s_20260121_01,741bdd0f113c4c1eaf23c429f63dfa1d,2026-04-23,SZ300661,0.09127314681825639,,,
EXP_LGBModel_Alpha158_csi300_sliding_step40_s_20260121_01,741bdd0f113c4c1eaf23c429f63dfa1d,2026-04-23,SZ300750,0.146334511975112,,,
EXP_LGBModel_Alpha158_csi300_sliding_step40_s_20260121_01,741bdd0f113c4c1eaf23c429f63dfa1d,2026-04-23,SZ300759,0.2154028334252601,,,
EXP_LGBModel_Alpha158_csi300_sliding_step40_s_20260121_01,741bdd0f113c4c1eaf23c429f63dfa1d,2026-04-23,SZ300760,-0.03368167307835637,,,
EXP_LGBModel_Alpha158_csi300_sliding_step40_s_20260121_01,741bdd0f113c4c1eaf23c429f63dfa1d,2026-04-23,SZ300782,-0.02665719090232408,,,
EXP_LGBModel_Alpha158_csi300_sliding_step40_s_20260121_01,741bdd0f113c4c1eaf23c429f63dfa1d,2026-04-23,SZ300803,0.03510453876392368,,,
EXP_LGBModel_Alpha158_csi300_sliding_step40_s_20260121_01,741bdd0f113c4c1eaf23c429f63dfa1d,2026-04-23,SZ300832,-0.13176584954568993,,,
EXP_LGBModel_Alpha158_csi300_sliding_step40_s_20260121_01,741bdd0f113c4c1eaf23c429f63dfa1d,2026-04-23,SZ300866,-0.1255315337367725,,,
EXP_LGBModel_Alpha158_csi300_sliding_step40_s_20260121_01,741bdd0f113c4c1eaf23c429f63dfa1d,2026-04-23,SZ300896,-0.05123475528207028,,,
EXP_LGBModel_Alpha158_csi300_sliding_step40_s_20260121_01,741bdd0f113c4c1eaf23c429f63dfa1d,2026-04-23,SZ300979,-0.1188199874821705,,,
EXP_LGBModel_Alpha158_csi300_sliding_step40_s_20260121_01,741bdd0f113c4c1eaf23c429f63dfa1d,2026-04-23,SZ300999,-0.050057359997545375,,,
EXP_LGBModel_Alpha158_csi300_sliding_step40_s_20260121_01,741bdd0f113c4c1eaf23c429f63dfa1d,2026-04-23,SZ300442,0.011480182092669367,,,
EXP_LGBModel_Alpha158_csi300_sliding_step40_s_20260121_01,741bdd0f113c4c1eaf23c429f63dfa1d,2026-04-23,SZ001391,-0.05183401946291444,,,
EXP_LGBModel_Alpha158_csi300_sliding_step40_s_20260121_01,741bdd0f113c4c1eaf23c429f63dfa1d,2026-04-23,SZ300433,-0.020877576281644307,,,
EXP_LGBModel_Alpha158_csi300_sliding_step40_s_20260121_01,741bdd0f113c4c1eaf23c429f63dfa1d,2026-04-23,SZ300413,0.011324357104567159,,,
EXP_LGBModel_Alpha158_csi300_sliding_step40_s_20260121_01,741bdd0f113c4c1eaf23c429f63dfa1d,2026-04-23,SZ002938,-0.06607536496298683,,,
EXP_LGBModel_Alpha158_csi300_sliding_step40_s_20260121_01,741bdd0f113c4c1eaf23c429f63dfa1d,2026-04-23,SZ003816,-0.09023183686309895,,,
EXP_LGBModel_Alpha158_csi300_sliding_step40_s_20260121_01,741bdd0f113c4c1eaf23c429f63dfa1d,2026-04-23,SZ300014,0.020615762880383946,,,
EXP_LGBModel_Alpha158_csi300_sliding_step40_s_20260121_01,741bdd0f113c4c1eaf23c429f63dfa1d,2026-04-23,SZ300015,-0.04988333214404386,,,
EXP_LGBModel_Alpha158_csi300_sliding_step40_s_20260121_01,741bdd0f113c4c1eaf23c429f63dfa1d,2026-04-23,SZ300033,0.08605220460100219,,,
EXP_LGBModel_Alpha158_csi300_sliding_step40_s_20260121_01,741bdd0f113c4c1eaf23c429f63dfa1d,2026-04-23,SZ300059,0.006513019569123864,,,
EXP_LGBModel_Alpha158_csi300_sliding_step40_s_20260121_01,741bdd0f113c4c1eaf23c429f63dfa1d,2026-04-23,SZ300122,0.017318744083057475,,,
EXP_LGBModel_Alpha158_csi300_sliding_step40_s_20260121_01,741bdd0f113c4c1eaf23c429f63dfa1d,2026-04-23,SZ300124,0.07289049124835094,,,
EXP_LGBModel_Alpha158_csi300_sliding_step40_s_20260121_01,741bdd0f113c4c1eaf23c429f63dfa1d,2026-04-23,SZ300251,-0.006684332731002216,,,
EXP_LGBModel_Alpha158_csi300_sliding_step40_s_20260121_01,741bdd0f113c4c1eaf23c429f63dfa1d,2026-04-23,SZ300274,0.08748249868241338,,,
EXP_LGBModel_Alpha158_csi300_sliding_step40_s_20260121_01,741bdd0f113c4c1eaf23c429f63dfa1d,2026-04-23,SZ300308,-0.038319737986225864,,,
EXP_LGBModel_Alpha158_csi300_sliding_step40_s_20260121_01,741bdd0f113c4c1eaf23c429f63dfa1d,2026-04-23,SZ300316,0.21218789367758426,,,
EXP_LGBModel_Alpha158_csi300_sliding_step40_s_20260121_01,741bdd0f113c4c1eaf23c429f63dfa1d,2026-04-23,SZ300347,0.10358836950016163,,,
EXP_LGBModel_Alpha158_csi300_sliding_step40_s_20260121_01,741bdd0f113c4c1eaf23c429f63dfa1d,2026-04-23,SZ300394,0.03736973653008161,,,
EXP_LGBModel_Alpha158_csi300_sliding_step40_s_20260121_01,741bdd0f113c4c1eaf23c429f63dfa1d,2026-04-23,SZ300408,-0.15058604187279898,,,
EXP_LGBModel_Alpha158_csi300_sliding_step40_s_20260121_01,741bdd0f113c4c1eaf23c429f63dfa1d,2026-04-23,SZ300418,0.05809620475538479,,,
EXP_LGBModel_Alpha158_csi300_sliding_step40_s_20260121_01,741bdd0f113c4c1eaf23c429f63dfa1d,2026-04-23,SH600000,0.03409226141284694,,,
EXP_LGBModel_Alpha158_csi300_sliding_step40_s_20260121_01,741bdd0f113c4c1eaf23c429f63dfa1d,2026-04-23,SZ000999,-0.1306570943639955,,,
EXP_LGBModel_Alpha158_csi300_sliding_step40_s_20260121_01,741bdd0f113c4c1eaf23c429f63dfa1d,2026-04-23,SZ000977,-0.1254431240195788,,,
EXP_LGBModel_Alpha158_csi300_sliding_step40_s_20260121_01,741bdd0f113c4c1eaf23c429f63dfa1d,2026-04-23,SH605499,-0.11063474072375834,,,
EXP_LGBModel_Alpha158_csi300_sliding_step40_s_20260121_01,741bdd0f113c4c1eaf23c429f63dfa1d,2026-04-23,SH688008,-0.17948335231231782,,,
EXP_LGBModel_Alpha158_csi300_sliding_step40_s_20260121_01,741bdd0f113c4c1eaf23c429f63dfa1d,2026-04-23,SH688009,-0.05365424910587355,,,
EXP_LGBModel_Alpha158_csi300_sliding_step40_s_20260121_01,741bdd0f113c4c1eaf23c429f63dfa1d,2026-04-23,SH688012,0.16072888438018715,,,
EXP_LGBModel_Alpha158_csi300_sliding_step40_s_20260121_01,741bdd0f113c4c1eaf23c429f63dfa1d,2026-04-23,SH688036,-0.04802995023077639,,,
EXP_LGBModel_Alpha158_csi300_sliding_step40_s_20260121_01,741bdd0f113c4c1eaf23c429f63dfa1d,2026-04-23,SH688041,-0.11033861436348442,,,
EXP_LGBModel_Alpha158_csi300_sliding_step40_s_20260121_01,741bdd0f113c4c1eaf23c429f63dfa1d,2026-04-23,SH605117,-0.0562158651020338,,,
EXP_LGBModel_Alpha158_csi300_sliding_step40_s_20260121_01,741bdd0f113c4c1eaf23c429f63dfa1d,2026-04-23,SH688047,-0.20120497243096383,,,
EXP_LGBModel_Alpha158_csi300_sliding_step40_s_20260121_01,741bdd0f113c4c1eaf23c429f63dfa1d,2026-04-23,SH688111,-0.10097933800655007,,,
EXP_LGBModel_Alpha158_csi300_sliding_step40_s_20260121_01,741bdd0f113c4c1eaf23c429f63dfa1d,2026-04-23,SH688126,-0.24608233990913522,,,
EXP_LGBModel_Alpha158_csi300_sliding_step40_s_20260121_01,741bdd0f113c4c1eaf23c429f63dfa1d,2026-04-23,SH688169,-0.08295601934832927,,,
EXP_LGBModel_Alpha158_csi300_sliding_step40_s_20260121_01,741bdd0f113c4c1eaf23c429f63dfa1d,2026-04-23,SH688187,0.03428914307394909,,,
EXP_LGBModel_Alpha158_csi300_sliding_step40_s_20260121_01,741bdd0f113c4c1eaf23c429f63dfa1d,2026-04-23,SH688223,0.12214276194011364,,,
EXP_LGBModel_Alpha158_csi300_sliding_step40_s_20260121_01,741bdd0f113c4c1eaf23c429f63dfa1d,2026-04-23,SH688256,0.1367200800896481,,,
EXP_LGBModel_Alpha158_csi300_sliding_step40_s_20260121_01,741bdd0f113c4c1eaf23c429f63dfa1d,2026-04-23,SH688082,0.08215080759198619,,,
EXP_LGBModel_Alpha158_csi300_sliding_step40_s_20260121_01,741bdd0f113c4c1eaf23c429f63dfa1d,2026-04-23,SH603993,0.20073885206111888,,,
EXP_LGBModel_Alpha158_csi300_sliding_step40_s_20260121_01,741bdd0f113c4c1eaf23c429f63dfa1d,2026-04-23,SH603986,-0.057005816482926,,,
EXP_LGBModel_Alpha158_csi300_sliding_step40_s_20260121_01,741bdd0f113c4c1eaf23c429f63dfa1d,2026-04-23,SH603893,-0.21252526584091094,,,
EXP_LGBModel_Alpha158_csi300_sliding_step40_s_20260121_01,741bdd0f113c4c1eaf23c429f63dfa1d,2026-04-23,SH601939,0.1920916853195918,,,
EXP_LGBModel_Alpha158_csi300_sliding_step40_s_20260121_01,741bdd0f113c4c1eaf23c429f63dfa1d,2026-04-23,SH601985,0.01627785283700317,,,
EXP_LGBModel_Alpha158_csi300_sliding_step40_s_20260121_01,741bdd0f113c4c1eaf23c429f63dfa1d,2026-04-23,SH601988,-0.062448840394386786,,,
EXP_LGBModel_Alpha158_csi300_sliding_step40_s_20260121_01,741bdd0f113c4c1eaf23c429f63dfa1d,2026-04-23,SH601995,-0.055695739548203865,,,
EXP_LGBModel_Alpha158_csi300_sliding_step40_s_20260121_01,741bdd0f113c4c1eaf23c429f63dfa1d,2026-04-23,SH601998,-0.004177223288527208,,,
EXP_LGBModel_Alpha158_csi300_sliding_step40_s_20260121_01,741bdd0f113c4c1eaf23c429f63dfa1d,2026-04-23,SH603019,-0.0820564239784737,,,
EXP_LGBModel_Alpha158_csi300_sliding_step40_s_20260121_01,741bdd0f113c4c1eaf23c429f63dfa1d,2026-04-23,SH603195,0.002306180316214683,,,
EXP_LGBModel_Alpha158_csi300_sliding_step40_s_20260121_01,741bdd0f113c4c1eaf23c429f63dfa1d,2026-04-23,SH603259,-0.007176876850320938,,,
EXP_LGBModel_Alpha158_csi300_sliding_step40_s_20260121_01,741bdd0f113c4c1eaf23c429f63dfa1d,2026-04-23,SH603260,-0.0501594791827239,,,
EXP_LGBModel_Alpha158_csi300_sliding_step40_s_20260121_01,741bdd0f113c4c1eaf23c429f63dfa1d,2026-04-23,SH603288,-0.006325339899187503,,,
EXP_LGBModel_Alpha158_csi300_sliding_step40_s_20260121_01,741bdd0f113c4c1eaf23c429f63dfa1d,2026-04-23,SH603296,-0.10964847351060819,,,
EXP_LGBModel_Alpha158_csi300_sliding_step40_s_20260121_01,741bdd0f113c4c1eaf23c429f63dfa1d,2026-04-23,SH603369,-0.10988552180807147,,,
EXP_LGBModel_Alpha158_csi300_sliding_step40_s_20260121_01,741bdd0f113c4c1eaf23c429f63dfa1d,2026-04-23,SH603392,-0.07318840320775381,,,
EXP_LGBModel_Alpha158_csi300_sliding_step40_s_20260121_01,741bdd0f113c4c1eaf23c429f63dfa1d,2026-04-23,SH603501,0.045591719382749134,,,
EXP_LGBModel_Alpha158_csi300_sliding_step40_s_20260121_01,741bdd0f113c4c1eaf23c429f63dfa1d,2026-04-23,SH603799,0.16909781781777178,,,
EXP_LGBModel_Alpha158_csi300_sliding_step40_s_20260121_01,741bdd0f113c4c1eaf23c429f63dfa1d,2026-04-23,SH688271,0.010029030253047957,,,
EXP_LGBModel_Alpha158_csi300_sliding_step40_s_20260121_01,741bdd0f113c4c1eaf23c429f63dfa1d,2026-04-23,SH688303,-0.18427928079171257,,,
EXP_LGBModel_Alpha158_csi300_sliding_step40_s_20260121_01,741bdd0f113c4c1eaf23c429f63dfa1d,2026-04-23,SH688396,-0.10255651896264821,,,
EXP_LGBModel_Alpha158_csi300_sliding_step40_s_20260121_01,741bdd0f113c4c1eaf23c429f63dfa1d,2026-04-23,SH688472,0.19060174602346422,,,
EXP_LGBModel_Alpha158_csi300_sliding_step40_s_20260121_01,741bdd0f113c4c1eaf23c429f63dfa1d,2026-04-23,SZ000651,-0.026655803508826018,,,
EXP_LGBModel_Alpha158_csi300_sliding_step40_s_20260121_01,741bdd0f113c4c1eaf23c429f63dfa1d,2026-04-23,SZ000661,-0.04700566736277239,,,
EXP_LGBModel_Alpha158_csi300_sliding_step40_s_20260121_01,741bdd0f113c4c1eaf23c429f63dfa1d,2026-04-23,SZ000708,0.09407428493563208,,,
EXP_LGBModel_Alpha158_csi300_sliding_step40_s_20260121_01,741bdd0f113c4c1eaf23c429f63dfa1d,2026-04-23,SZ000725,0.08657041867953741,,,
EXP_LGBModel_Alpha158_csi300_sliding_step40_s_20260121_01,741bdd0f113c4c1eaf23c429f63dfa1d,2026-04-23,SZ000768,-0.03583795750257085,,,
EXP_LGBModel_Alpha158_csi300_sliding_step40_s_20260121_01,741bdd0f113c4c1eaf23c429f63dfa1d,2026-04-23,SZ000776,-0.11499607911915632,,,
EXP_LGBModel_Alpha158_csi300_sliding_step40_s_20260121_01,741bdd0f113c4c1eaf23c429f63dfa1d,2026-04-23,SZ000786,0.03523354866959642,,,
EXP_LGBModel_Alpha158_csi300_sliding_step40_s_20260121_01,741bdd0f113c4c1eaf23c429f63dfa1d,2026-04-23,SZ000792,0.04487839394203125,,,
EXP_LGBModel_Alpha158_csi300_sliding_step40_s_20260121_01,741bdd0f113c4c1eaf23c429f63dfa1d,2026-04-23,SZ000807,0.19627033244441094,,,
EXP_LGBModel_Alpha158_csi300_sliding_step40_s_20260121_01,741bdd0f113c4c1eaf23c429f63dfa1d,2026-04-23,SZ000858,-0.02896178687736805,,,
EXP_LGBModel_Alpha158_csi300_sliding_step40_s_20260121_01,741bdd0f113c4c1eaf23c429f63dfa1d,2026-04-23,SZ000876,0.06342787957477365,,,
EXP_LGBModel_Alpha158_csi300_sliding_step40_s_20260121_01,741bdd0f113c4c1eaf23c429f63dfa1d,2026-04-23,SZ000895,0.017658257763073455,,,
EXP_LGBModel_Alpha158_csi300_sliding_step40_s_20260121_01,741bdd0f113c4c1eaf23c429f63dfa1d,2026-04-23,SZ000938,-0.11974152553862806,,,
EXP_LGBModel_Alpha158_csi300_sliding_step40_s_20260121_01,741bdd0f113c4c1eaf23c429f63dfa1d,2026-04-23,SZ000963,-0.03606595349006629,,,
EXP_LGBModel_Alpha158_csi300_sliding_step40_s_20260121_01,741bdd0f113c4c1eaf23c429f63dfa1d,2026-04-23,SZ000975,0.15552673932563352,,,
EXP_LGBModel_Alpha158_csi300_sliding_step40_s_20260121_01,741bdd0f113c4c1eaf23c429f63dfa1d,2026-04-23,SZ000630,0.17268070824547505,,,
EXP_LGBModel_Alpha158_csi300_sliding_step40_s_20260121_01,741bdd0f113c4c1eaf23c429f63dfa1d,2026-04-23,SZ000983,-0.05973327072135284,,,
EXP_LGBModel_Alpha158_csi300_sliding_step40_s_20260121_01,741bdd0f113c4c1eaf23c429f63dfa1d,2026-04-23,SZ000625,-0.06834900038825019,,,
EXP_LGBModel_Alpha158_csi300_sliding_step40_s_20260121_01,741bdd0f113c4c1eaf23c429f63dfa1d,2026-04-23,SZ000596,0.04486148878717594,,,
EXP_LGBModel_Alpha158_csi300_sliding_step40_s_20260121_01,741bdd0f113c4c1eaf23c429f63dfa1d,2026-04-23,SH688506,0.07546132440991436,,,
EXP_LGBModel_Alpha158_csi300_sliding_step40_s_20260121_01,741bdd0f113c4c1eaf23c429f63dfa1d,2026-04-23,SH688981,0.06112668298456656,,,
EXP_LGBModel_Alpha158_csi300_sliding_step40_s_20260121_01,741bdd0f113c4c1eaf23c429f63dfa1d,2026-04-23,SZ000001,0.02675698704516938,,,
EXP_LGBModel_Alpha158_csi300_sliding_step40_s_20260121_01,741bdd0f113c4c1eaf23c429f63dfa1d,2026-04-23,SZ000002,-0.05788854704042582,,,
EXP_LGBModel_Alpha158_csi300_sliding_step40_s_20260121_01,741bdd0f113c4c1eaf23c429f63dfa1d,2026-04-23,SZ000063,-0.0003255235559674991,,,
EXP_LGBModel_Alpha158_csi300_sliding_step40_s_20260121_01,741bdd0f113c4c1eaf23c429f63dfa1d,2026-04-23,SZ000100,-0.0009773498246162405,,,
EXP_LGBModel_Alpha158_csi300_sliding_step40_s_20260121_01,741bdd0f113c4c1eaf23c429f63dfa1d,2026-04-23,SZ000157,0.0037797152259579376,,,
EXP_LGBModel_Alpha158_csi300_sliding_step40_s_20260121_01,741bdd0f113c4c1eaf23c429f63dfa1d,2026-04-23,SZ000166,-0.0455554102006556,,,
EXP_LGBModel_Alpha158_csi300_sliding_step40_s_20260121_01,741bdd0f113c4c1eaf23c429f63dfa1d,2026-04-23,SZ000301,0.06568017139180221,,,
EXP_LGBModel_Alpha158_csi300_sliding_step40_s_20260121_01,741bdd0f113c4c1eaf23c429f63dfa1d,2026-04-23,SZ000333,-0.052079109736998176,,,
EXP_LGBModel_Alpha158_csi300_sliding_step40_s_20260121_01,741bdd0f113c4c1eaf23c429f63dfa1d,2026-04-23,SZ000338,0.10900492388062374,,,
EXP_LGBModel_Alpha158_csi300_sliding_step40_s_20260121_01,741bdd0f113c4c1eaf23c429f63dfa1d,2026-04-23,SZ000408,0.024738277590874984,,,
EXP_LGBModel_Alpha158_csi300_sliding_step40_s_20260121_01,741bdd0f113c4c1eaf23c429f63dfa1d,2026-04-23,SZ000425,0.18397276575182187,,,
EXP_LGBModel_Alpha158_csi300_sliding_step40_s_20260121_01,741bdd0f113c4c1eaf23c429f63dfa1d,2026-04-23,SZ000538,-0.04053612156942636,,,
EXP_LGBModel_Alpha158_csi300_sliding_step40_s_20260121_01,741bdd0f113c4c1eaf23c429f63dfa1d,2026-04-23,SZ000568,-0.052718641459616127,,,
EXP_LGBModel_Alpha158_csi300_sliding_step40_s_20260121_01,741bdd0f113c4c1eaf23c429f63dfa1d,2026-04-23,SZ000617,0.02842305305664554,,,
EXP_LGBModel_Alpha158_csi300_sliding_step40_s_20260121_01,741bdd0f113c4c1eaf23c429f63dfa1d,2026-04-23,SZ301236,-0.13631297151666127,,,
EXP_LGBModel_Alpha158_csi300_expanding_step40_s_20260121_01,0d5b2c317ad04013b1cb76da95b478fc,2026-04-23,SZ302132,0.008069765553380548,,,
EXP_LGBModel_Alpha158_csi300_expanding_step40_s_20260121_01,0d5b2c317ad04013b1cb76da95b478fc,2026-04-23,SZ301236,-0.08864753055121198,,,
EXP_LGBModel_Alpha158_csi300_expanding_step40_s_20260121_01,0d5b2c317ad04013b1cb76da95b478fc,2026-04-23,SH601127,0.04820536669925864,,,
EXP_LGBModel_Alpha158_csi300_expanding_step40_s_20260121_01,0d5b2c317ad04013b1cb76da95b478fc,2026-04-23,SH601136,-0.0764055932687584,,,
EXP_LGBModel_Alpha158_csi300_expanding_step40_s_20260121_01,0d5b2c317ad04013b1cb76da95b478fc,2026-04-23,SH601138,-0.1751072896514799,,,
EXP_LGBModel_Alpha158_csi300_expanding_step40_s_20260121_01,0d5b2c317ad04013b1cb76da95b478fc,2026-04-23,SH601166,-0.048474139662130634,,,
EXP_LGBModel_Alpha158_csi300_expanding_step40_s_20260121_01,0d5b2c317ad04013b1cb76da95b478fc,2026-04-23,SH601169,0.07905560549492585,,,
EXP_LGBModel_Alpha158_csi300_expanding_step40_s_20260121_01,0d5b2c317ad04013b1cb76da95b478fc,2026-04-23,SH601186,-0.07493011781362702,,,
EXP_LGBModel_Alpha158_csi300_expanding_step40_s_20260121_01,0d5b2c317ad04013b1cb76da95b478fc,2026-04-23,SH601117,-0.1026761694364781,,,
EXP_LGBModel_Alpha158_csi300_expanding_step40_s_20260121_01,0d5b2c317ad04013b1cb76da95b478fc,2026-04-23,SH601211,-0.0564324581520343,,,
EXP_LGBModel_Alpha158_csi300_expanding_step40_s_20260121_01,0d5b2c317ad04013b1cb76da95b478fc,2026-04-23,SH601229,0.0711589632522782,,,
EXP_LGBModel_Alpha158_csi300_expanding_step40_s_20260121_01,0d5b2c317ad04013b1cb76da95b478fc,2026-04-23,SH601236,0.01225664837475633,,,
EXP_LGBModel_Alpha158_csi300_expanding_step40_s_20260121_01,0d5b2c317ad04013b1cb76da95b478fc,2026-04-23,SH601238,-0.07263259757822922,,,
EXP_LGBModel_Alpha158_csi300_expanding_step40_s_20260121_01,0d5b2c317ad04013b1cb76da95b478fc,2026-04-23,SH601288,0.08817728571960713,,,
EXP_LGBModel_Alpha158_csi300_expanding_step40_s_20260121_01,0d5b2c317ad04013b1cb76da95b478fc,2026-04-23,SH601298,-0.019796591553475153,,,
EXP_LGBModel_Alpha158_csi300_expanding_step40_s_20260121_01,0d5b2c317ad04013b1cb76da95b478fc,2026-04-23,SH601318,-0.04929232375400964,,,
EXP_LGBModel_Alpha158_csi300_expanding_step40_s_20260121_01,0d5b2c317ad04013b1cb76da95b478fc,2026-04-23,SH601225,-0.0644897951635951,,,
EXP_LGBModel_Alpha158_csi300_expanding_step40_s_20260121_01,0d5b2c317ad04013b1cb76da95b478fc,2026-04-23,SH601111,0.041839805916955485,,,
EXP_LGBModel_Alpha158_csi300_expanding_step40_s_20260121_01,0d5b2c317ad04013b1cb76da95b478fc,2026-04-23,SH601100,0.11010377138778721,,,
EXP_LGBModel_Alpha158_csi300_expanding_step40_s_20260121_01,0d5b2c317ad04013b1cb76da95b478fc,2026-04-23,SH601088,-0.05459492853010818,,,
EXP_LGBModel_Alpha158_csi300_expanding_step40_s_20260121_01,0d5b2c317ad04013b1cb76da95b478fc,2026-04-23,SH600926,0.07937624294026827,,,
EXP_LGBModel_Alpha158_csi300_expanding_step40_s_20260121_01,0d5b2c317ad04013b1cb76da95b478fc,2026-04-23,SH600930,-0.13572776249025165,,,
EXP_LGBModel_Alpha158_csi300_expanding_step40_s_20260121_01,0d5b2c317ad04013b1cb76da95b478fc,2026-04-23,SH600938,-0.04867907293566678,,,
EXP_LGBModel_Alpha158_csi300_expanding_step40_s_20260121_01,0d5b2c317ad04013b1cb76da95b478fc,2026-04-23,SH600941,-0.0006852376951174636,,,
EXP_LGBModel_Alpha158_csi300_expanding_step40_s_20260121_01,0d5b2c317ad04013b1cb76da95b478fc,2026-04-23,SH600989,-0.04337898895581722,,,
EXP_LGBModel_Alpha158_csi300_expanding_step40_s_20260121_01,0d5b2c317ad04013b1cb76da95b478fc,2026-04-23,SH600999,0.03465990940153943,,,
EXP_LGBModel_Alpha158_csi300_expanding_step40_s_20260121_01,0d5b2c317ad04013b1cb76da95b478fc,2026-04-23,SH601006,0.06444637207929947,,,
EXP_LGBModel_Alpha158_csi300_expanding_step40_s_20260121_01,0d5b2c317ad04013b1cb76da95b478fc,2026-04-23,SH601009,-0.029777250618599583,,,
EXP_LGBModel_Alpha158_csi300_expanding_step40_s_20260121_01,0d5b2c317ad04013b1cb76da95b478fc,2026-04-23,SH601012,0.08631776938747346,,,
EXP_LGBModel_Alpha158_csi300_expanding_step40_s_20260121_01,0d5b2c317ad04013b1cb76da95b478fc,2026-04-23,SH601018,-0.0006902209457491507,,,
EXP_LGBModel_Alpha158_csi300_expanding_step40_s_20260121_01,0d5b2c317ad04013b1cb76da95b478fc,2026-04-23,SH601021,-0.13297392430227814,,,
EXP_LGBModel_Alpha158_csi300_expanding_step40_s_20260121_01,0d5b2c317ad04013b1cb76da95b478fc,2026-04-23,SH601058,0.0034678920383485246,,,
EXP_LGBModel_Alpha158_csi300_expanding_step40_s_20260121_01,0d5b2c317ad04013b1cb76da95b478fc,2026-04-23,SH601059,0.014005647805140797,,,
EXP_LGBModel_Alpha158_csi300_expanding_step40_s_20260121_01,0d5b2c317ad04013b1cb76da95b478fc,2026-04-23,SH601066,-0.03000182610919156,,,
EXP_LGBModel_Alpha158_csi300_expanding_step40_s_20260121_01,0d5b2c317ad04013b1cb76da95b478fc,2026-04-23,SH601077,-0.0404858947165429,,,
EXP_LGBModel_Alpha158_csi300_expanding_step40_s_20260121_01,0d5b2c317ad04013b1cb76da95b478fc,2026-04-23,SH601319,-0.060772353421019276,,,
EXP_LGBModel_Alpha158_csi300_expanding_step40_s_20260121_01,0d5b2c317ad04013b1cb76da95b478fc,2026-04-23,SH600919,-0.11913659895394221,,,
EXP_LGBModel_Alpha158_csi300_expanding_step40_s_20260121_01,0d5b2c317ad04013b1cb76da95b478fc,2026-04-23,SH601328,0.10960344696951595,,,
EXP_LGBModel_Alpha158_csi300_expanding_step40_s_20260121_01,0d5b2c317ad04013b1cb76da95b478fc,2026-04-23,SH601360,0.14966805747615783,,,
EXP_LGBModel_Alpha158_csi300_expanding_step40_s_20260121_01,0d5b2c317ad04013b1cb76da95b478fc,2026-04-23,SH601800,-0.006239105042390142,,,
EXP_LGBModel_Alpha158_csi300_expanding_step40_s_20260121_01,0d5b2c317ad04013b1cb76da95b478fc,2026-04-23,SH601808,-0.001754271660909538,,,
EXP_LGBModel_Alpha158_csi300_expanding_step40_s_20260121_01,0d5b2c317ad04013b1cb76da95b478fc,2026-04-23,SH601816,-0.07576772012163198,,,
EXP_LGBModel_Alpha158_csi300_expanding_step40_s_20260121_01,0d5b2c317ad04013b1cb76da95b478fc,2026-04-23,SH601818,-0.008277797233013121,,,
EXP_LGBModel_Alpha158_csi300_expanding_step40_s_20260121_01,0d5b2c317ad04013b1cb76da95b478fc,2026-04-23,SH601825,0.023221642584196015,,,
EXP_LGBModel_Alpha158_csi300_expanding_step40_s_20260121_01,0d5b2c317ad04013b1cb76da95b478fc,2026-04-23,SH601838,-0.029178318680174824,,,
EXP_LGBModel_Alpha158_csi300_expanding_step40_s_20260121_01,0d5b2c317ad04013b1cb76da95b478fc,2026-04-23,SH601788,-0.097066180012668,,,
EXP_LGBModel_Alpha158_csi300_expanding_step40_s_20260121_01,0d5b2c317ad04013b1cb76da95b478fc,2026-04-23,SH601857,-0.05169215874205405,,,
EXP_LGBModel_Alpha158_csi300_expanding_step40_s_20260121_01,0d5b2c317ad04013b1cb76da95b478fc,2026-04-23,SH601872,0.032149148374424875,,,
EXP_LGBModel_Alpha158_csi300_expanding_step40_s_20260121_01,0d5b2c317ad04013b1cb76da95b478fc,2026-04-23,SH601877,0.0762726711281258,,,
EXP_LGBModel_Alpha158_csi300_expanding_step40_s_20260121_01,0d5b2c317ad04013b1cb76da95b478fc,2026-04-23,SH601878,-0.06682128301237243,,,
EXP_LGBModel_Alpha158_csi300_expanding_step40_s_20260121_01,0d5b2c317ad04013b1cb76da95b478fc,2026-04-23,SH601881,-0.043149561043552026,,,
EXP_LGBModel_Alpha158_csi300_expanding_step40_s_20260121_01,0d5b2c317ad04013b1cb76da95b478fc,2026-04-23,SH601888,0.056759604646227854,,,
EXP_LGBModel_Alpha158_csi300_expanding_step40_s_20260121_01,0d5b2c317ad04013b1cb76da95b478fc,2026-04-23,SH601898,0.10966677380035314,,,
EXP_LGBModel_Alpha158_csi300_expanding_step40_s_20260121_01,0d5b2c317ad04013b1cb76da95b478fc,2026-04-23,SH601868,-0.21447092894404646,,,
EXP_LGBModel_Alpha158_csi300_expanding_step40_s_20260121_01,0d5b2c317ad04013b1cb76da95b478fc,2026-04-23,SH601766,-0.0630471549747037,,,
EXP_LGBModel_Alpha158_csi300_expanding_step40_s_20260121_01,0d5b2c317ad04013b1cb76da95b478fc,2026-04-23,SH601728,-0.06650916053163233,,,
EXP_LGBModel_Alpha158_csi300_expanding_step40_s_20260121_01,0d5b2c317ad04013b1cb76da95b478fc,2026-04-23,SH601698,-0.14745065855893508,,,
EXP_LGBModel_Alpha158_csi300_expanding_step40_s_20260121_01,0d5b2c317ad04013b1cb76da95b478fc,2026-04-23,SH601377,0.007567438835960779,,,
EXP_LGBModel_Alpha158_csi300_expanding_step40_s_20260121_01,0d5b2c317ad04013b1cb76da95b478fc,2026-04-23,SH601390,0.013580012424088591,,,
EXP_LGBModel_Alpha158_csi300_expanding_step40_s_20260121_01,0d5b2c317ad04013b1cb76da95b478fc,2026-04-23,SH601398,0.019588482307204048,,,
EXP_LGBModel_Alpha158_csi300_expanding_step40_s_20260121_01,0d5b2c317ad04013b1cb76da95b478fc,2026-04-23,SH601456,0.04278666459654293,,,
EXP_LGBModel_Alpha158_csi300_expanding_step40_s_20260121_01,0d5b2c317ad04013b1cb76da95b478fc,2026-04-23,SH601600,0.09465615634532445,,,
EXP_LGBModel_Alpha158_csi300_expanding_step40_s_20260121_01,0d5b2c317ad04013b1cb76da95b478fc,2026-04-23,SH601601,-0.04845223093654119,,,
EXP_LGBModel_Alpha158_csi300_expanding_step40_s_20260121_01,0d5b2c317ad04013b1cb76da95b478fc,2026-04-23,SH601607,0.008029280209276035,,,
EXP_LGBModel_Alpha158_csi300_expanding_step40_s_20260121_01,0d5b2c317ad04013b1cb76da95b478fc,2026-04-23,SH601618,-0.05453389188025988,,,
EXP_LGBModel_Alpha158_csi300_expanding_step40_s_20260121_01,0d5b2c317ad04013b1cb76da95b478fc,2026-04-23,SH601628,0.0410811688110696,,,
EXP_LGBModel_Alpha158_csi300_expanding_step40_s_20260121_01,0d5b2c317ad04013b1cb76da95b478fc,2026-04-23,SH601633,-0.08322582892222849,,,
EXP_LGBModel_Alpha158_csi300_expanding_step40_s_20260121_01,0d5b2c317ad04013b1cb76da95b478fc,2026-04-23,SH601658,0.03579876636372799,,,
EXP_LGBModel_Alpha158_csi300_expanding_step40_s_20260121_01,0d5b2c317ad04013b1cb76da95b478fc,2026-04-23,SH601668,-0.08642265216391697,,,
EXP_LGBModel_Alpha158_csi300_expanding_step40_s_20260121_01,0d5b2c317ad04013b1cb76da95b478fc,2026-04-23,SH601669,-0.1733145398093504,,,
EXP_LGBModel_Alpha158_csi300_expanding_step40_s_20260121_01,0d5b2c317ad04013b1cb76da95b478fc,2026-04-23,SH601688,0.049938613911089974,,,
EXP_LGBModel_Alpha158_csi300_expanding_step40_s_20260121_01,0d5b2c317ad04013b1cb76da95b478fc,2026-04-23,SH601689,0.012534665402825006,,,
EXP_LGBModel_Alpha158_csi300_expanding_step40_s_20260121_01,0d5b2c317ad04013b1cb76da95b478fc,2026-04-23,SH601336,0.15954403525253202,,,
EXP_LGBModel_Alpha158_csi300_expanding_step40_s_20260121_01,0d5b2c317ad04013b1cb76da95b478fc,2026-04-23,SH600918,-0.06908753235527312,,,
EXP_LGBModel_Alpha158_csi300_expanding_step40_s_20260121_01,0d5b2c317ad04013b1cb76da95b478fc,2026-04-23,SH600905,-0.04858635849944696,,,
EXP_LGBModel_Alpha158_csi300_expanding_step40_s_20260121_01,0d5b2c317ad04013b1cb76da95b478fc,2026-04-23,SH600900,-0.012633501824696674,,,
EXP_LGBModel_Alpha158_csi300_expanding_step40_s_20260121_01,0d5b2c317ad04013b1cb76da95b478fc,2026-04-23,SH600061,-0.015114501881532358,,,
EXP_LGBModel_Alpha158_csi300_expanding_step40_s_20260121_01,0d5b2c317ad04013b1cb76da95b478fc,2026-04-23,SH600066,-0.21205072043238188,,,
EXP_LGBModel_Alpha158_csi300_expanding_step40_s_20260121_01,0d5b2c317ad04013b1cb76da95b478fc,2026-04-23,SH600085,0.012087681069544515,,,
EXP_LGBModel_Alpha158_csi300_expanding_step40_s_20260121_01,0d5b2c317ad04013b1cb76da95b478fc,2026-04-23,SH600089,-0.03074066742154856,,,
EXP_LGBModel_Alpha158_csi300_expanding_step40_s_20260121_01,0d5b2c317ad04013b1cb76da95b478fc,2026-04-23,SH600104,-0.04330885958726209,,,
EXP_LGBModel_Alpha158_csi300_expanding_step40_s_20260121_01,0d5b2c317ad04013b1cb76da95b478fc,2026-04-23,SH600111,0.15075103987266067,,,
EXP_LGBModel_Alpha158_csi300_expanding_step40_s_20260121_01,0d5b2c317ad04013b1cb76da95b478fc,2026-04-23,SH600050,0.03165551806844805,,,
EXP_LGBModel_Alpha158_csi300_expanding_step40_s_20260121_01,0d5b2c317ad04013b1cb76da95b478fc,2026-04-23,SH600115,0.09213792099947313,,,
EXP_LGBModel_Alpha158_csi300_expanding_step40_s_20260121_01,0d5b2c317ad04013b1cb76da95b478fc,2026-04-23,SH600160,0.14392921266494726,,,
EXP_LGBModel_Alpha158_csi300_expanding_step40_s_20260121_01,0d5b2c317ad04013b1cb76da95b478fc,2026-04-23,SH600161,0.04852124468705001,,,
EXP_LGBModel_Alpha158_csi300_expanding_step40_s_20260121_01,0d5b2c317ad04013b1cb76da95b478fc,2026-04-23,SH600176,-0.04210372317875988,,,
EXP_LGBModel_Alpha158_csi300_expanding_step40_s_20260121_01,0d5b2c317ad04013b1cb76da95b478fc,2026-04-23,SH600183,-0.20258226386705713,,,
EXP_LGBModel_Alpha158_csi300_expanding_step40_s_20260121_01,0d5b2c317ad04013b1cb76da95b478fc,2026-04-23,SH600188,0.07592911154836143,,,
EXP_LGBModel_Alpha158_csi300_expanding_step40_s_20260121_01,0d5b2c317ad04013b1cb76da95b478fc,2026-04-23,SH600196,-0.04598357871919936,,,
EXP_LGBModel_Alpha158_csi300_expanding_step40_s_20260121_01,0d5b2c317ad04013b1cb76da95b478fc,2026-04-23,SH600150,-0.046172447763435084,,,
EXP_LGBModel_Alpha158_csi300_expanding_step40_s_20260121_01,0d5b2c317ad04013b1cb76da95b478fc,2026-04-23,SH600048,0.015878248566951882,,,
EXP_LGBModel_Alpha158_csi300_expanding_step40_s_20260121_01,0d5b2c317ad04013b1cb76da95b478fc,2026-04-23,SH600039,0.034728029459921914,,,
EXP_LGBModel_Alpha158_csi300_expanding_step40_s_20260121_01,0d5b2c317ad04013b1cb76da95b478fc,2026-04-23,SH600036,0.11669883949121097,,,
EXP_LGBModel_Alpha158_csi300_expanding_step40_s_20260121_01,0d5b2c317ad04013b1cb76da95b478fc,2026-04-23,SH600009,-0.04028225564205968,,,
EXP_LGBModel_Alpha158_csi300_expanding_step40_s_20260121_01,0d5b2c317ad04013b1cb76da95b478fc,2026-04-23,SH600010,0.1006293255266602,,,
EXP_LGBModel_Alpha158_csi300_expanding_step40_s_20260121_01,0d5b2c317ad04013b1cb76da95b478fc,2026-04-23,SH600011,-0.12865531070179176,,,
EXP_LGBModel_Alpha158_csi300_expanding_step40_s_20260121_01,0d5b2c317ad04013b1cb76da95b478fc,2026-04-23,SH600015,0.04787773808949169,,,
EXP_LGBModel_Alpha158_csi300_expanding_step40_s_20260121_01,0d5b2c317ad04013b1cb76da95b478fc,2026-04-23,SH600016,0.009178046097933419,,,
EXP_LGBModel_Alpha158_csi300_expanding_step40_s_20260121_01,0d5b2c317ad04013b1cb76da95b478fc,2026-04-23,SH600018,-0.027707808066764664,,,
EXP_LGBModel_Alpha158_csi300_expanding_step40_s_20260121_01,0d5b2c317ad04013b1cb76da95b478fc,2026-04-23,SH600019,0.019270879037557604,,,
EXP_LGBModel_Alpha158_csi300_expanding_step40_s_20260121_01,0d5b2c317ad04013b1cb76da95b478fc,2026-04-23,SH600023,-0.1517156618015523,,,
EXP_LGBModel_Alpha158_csi300_expanding_step40_s_20260121_01,0d5b2c317ad04013b1cb76da95b478fc,2026-04-23,SH600025,0.009118488524240954,,,
EXP_LGBModel_Alpha158_csi300_expanding_step40_s_20260121_01,0d5b2c317ad04013b1cb76da95b478fc,2026-04-23,SH600026,0.01494155524643513,,,
EXP_LGBModel_Alpha158_csi300_expanding_step40_s_20260121_01,0d5b2c317ad04013b1cb76da95b478fc,2026-04-23,SH600027,-0.2380850211487101,,,
EXP_LGBModel_Alpha158_csi300_expanding_step40_s_20260121_01,0d5b2c317ad04013b1cb76da95b478fc,2026-04-23,SH600028,-0.12212863426588717,,,
EXP_LGBModel_Alpha158_csi300_expanding_step40_s_20260121_01,0d5b2c317ad04013b1cb76da95b478fc,2026-04-23,SH600029,-0.03713566312672096,,,
EXP_LGBModel_Alpha158_csi300_expanding_step40_s_20260121_01,0d5b2c317ad04013b1cb76da95b478fc,2026-04-23,SH600030,-0.11302336436571646,,,
EXP_LGBModel_Alpha158_csi300_expanding_step40_s_20260121_01,0d5b2c317ad04013b1cb76da95b478fc,2026-04-23,SH600031,0.04118846741395667,,,
EXP_LGBModel_Alpha158_csi300_expanding_step40_s_20260121_01,0d5b2c317ad04013b1cb76da95b478fc,2026-04-23,SH600219,0.04034255934522297,,,
EXP_LGBModel_Alpha158_csi300_expanding_step40_s_20260121_01,0d5b2c317ad04013b1cb76da95b478fc,2026-04-23,SH600233,-0.3826425593867383,,,
EXP_LGBModel_Alpha158_csi300_expanding_step40_s_20260121_01,0d5b2c317ad04013b1cb76da95b478fc,2026-04-23,SH600276,0.08215023889114374,,,
EXP_LGBModel_Alpha158_csi300_expanding_step40_s_20260121_01,0d5b2c317ad04013b1cb76da95b478fc,2026-04-23,SH600309,0.11393986996498982,,,
EXP_LGBModel_Alpha158_csi300_expanding_step40_s_20260121_01,0d5b2c317ad04013b1cb76da95b478fc,2026-04-23,SH600588,0.12376039318624678,,,
EXP_LGBModel_Alpha158_csi300_expanding_step40_s_20260121_01,0d5b2c317ad04013b1cb76da95b478fc,2026-04-23,SH600600,-0.04464990001955025,,,
EXP_LGBModel_Alpha158_csi300_expanding_step40_s_20260121_01,0d5b2c317ad04013b1cb76da95b478fc,2026-04-23,SH600660,0.09070841584589479,,,
EXP_LGBModel_Alpha158_csi300_expanding_step40_s_20260121_01,0d5b2c317ad04013b1cb76da95b478fc,2026-04-23,SH600674,-0.055066073121684586,,,
EXP_LGBModel_Alpha158_csi300_expanding_step40_s_20260121_01,0d5b2c317ad04013b1cb76da95b478fc,2026-04-23,SH600690,-0.04960937282471712,,,
EXP_LGBModel_Alpha158_csi300_expanding_step40_s_20260121_01,0d5b2c317ad04013b1cb76da95b478fc,2026-04-23,SH600741,0.09222245324852771,,,
EXP_LGBModel_Alpha158_csi300_expanding_step40_s_20260121_01,0d5b2c317ad04013b1cb76da95b478fc,2026-04-23,SH600760,0.0014223449612464742,,,
EXP_LGBModel_Alpha158_csi300_expanding_step40_s_20260121_01,0d5b2c317ad04013b1cb76da95b478fc,2026-04-23,SH600795,-0.055633425860723805,,,
EXP_LGBModel_Alpha158_csi300_expanding_step40_s_20260121_01,0d5b2c317ad04013b1cb76da95b478fc,2026-04-23,SH600803,0.11851550128430531,,,
EXP_LGBModel_Alpha158_csi300_expanding_step40_s_20260121_01,0d5b2c317ad04013b1cb76da95b478fc,2026-04-23,SH600809,-0.014360164640258351,,,
EXP_LGBModel_Alpha158_csi300_expanding_step40_s_20260121_01,0d5b2c317ad04013b1cb76da95b478fc,2026-04-23,SH600845,0.0861996622806529,,,
EXP_LGBModel_Alpha158_csi300_expanding_step40_s_20260121_01,0d5b2c317ad04013b1cb76da95b478fc,2026-04-23,SH600875,0.023415681446912633,,,
EXP_LGBModel_Alpha158_csi300_expanding_step40_s_20260121_01,0d5b2c317ad04013b1cb76da95b478fc,2026-04-23,SH600886,-0.041357113235452325,,,
EXP_LGBModel_Alpha158_csi300_expanding_step40_s_20260121_01,0d5b2c317ad04013b1cb76da95b478fc,2026-04-23,SH600887,-0.037344610798934356,,,
EXP_LGBModel_Alpha158_csi300_expanding_step40_s_20260121_01,0d5b2c317ad04013b1cb76da95b478fc,2026-04-23,SH600893,0.16167238162850922,,,
EXP_LGBModel_Alpha158_csi300_expanding_step40_s_20260121_01,0d5b2c317ad04013b1cb76da95b478fc,2026-04-23,SH600585,-0.020101582318773924,,,
EXP_LGBModel_Alpha158_csi300_expanding_step40_s_20260121_01,0d5b2c317ad04013b1cb76da95b478fc,2026-04-23,SH601899,0.14401931542331384,,,
EXP_LGBModel_Alpha158_csi300_expanding_step40_s_20260121_01,0d5b2c317ad04013b1cb76da95b478fc,2026-04-23,SH600584,0.019940145612121193,,,
EXP_LGBModel_Alpha158_csi300_expanding_step40_s_20260121_01,0d5b2c317ad04013b1cb76da95b478fc,2026-04-23,SH600547,0.15549831654642882,,,
EXP_LGBModel_Alpha158_csi300_expanding_step40_s_20260121_01,0d5b2c317ad04013b1cb76da95b478fc,2026-04-23,SH600346,0.07673010439824916,,,
EXP_LGBModel_Alpha158_csi300_expanding_step40_s_20260121_01,0d5b2c317ad04013b1cb76da95b478fc,2026-04-23,SH600362,0.1568211361510593,,,
EXP_LGBModel_Alpha158_csi300_expanding_step40_s_20260121_01,0d5b2c317ad04013b1cb76da95b478fc,2026-04-23,SH600372,0.02378670513626042,,,
EXP_LGBModel_Alpha158_csi300_expanding_step40_s_20260121_01,0d5b2c317ad04013b1cb76da95b478fc,2026-04-23,SH600377,-0.015106273048547128,,,
EXP_LGBModel_Alpha158_csi300_expanding_step40_s_20260121_01,0d5b2c317ad04013b1cb76da95b478fc,2026-04-23,SH600406,-0.01782450442383121,,,
EXP_LGBModel_Alpha158_csi300_expanding_step40_s_20260121_01,0d5b2c317ad04013b1cb76da95b478fc,2026-04-23,SH600415,0.005276260897459506,,,
EXP_LGBModel_Alpha158_csi300_expanding_step40_s_20260121_01,0d5b2c317ad04013b1cb76da95b478fc,2026-04-23,SH600426,0.050454000264764036,,,
EXP_LGBModel_Alpha158_csi300_expanding_step40_s_20260121_01,0d5b2c317ad04013b1cb76da95b478fc,2026-04-23,SH600436,-0.14984278662144068,,,
EXP_LGBModel_Alpha158_csi300_expanding_step40_s_20260121_01,0d5b2c317ad04013b1cb76da95b478fc,2026-04-23,SH600438,-0.08477305450456996,,,
EXP_LGBModel_Alpha158_csi300_expanding_step40_s_20260121_01,0d5b2c317ad04013b1cb76da95b478fc,2026-04-23,SH600460,0.028372269134900416,,,
EXP_LGBModel_Alpha158_csi300_expanding_step40_s_20260121_01,0d5b2c317ad04013b1cb76da95b478fc,2026-04-23,SH600482,0.24639281912033492,,,
EXP_LGBModel_Alpha158_csi300_expanding_step40_s_20260121_01,0d5b2c317ad04013b1cb76da95b478fc,2026-04-23,SH600489,0.16309730031154798,,,
EXP_LGBModel_Alpha158_csi300_expanding_step40_s_20260121_01,0d5b2c317ad04013b1cb76da95b478fc,2026-04-23,SH600515,0.08319780031022743,,,
EXP_LGBModel_Alpha158_csi300_expanding_step40_s_20260121_01,0d5b2c317ad04013b1cb76da95b478fc,2026-04-23,SH600519,0.005257147543022077,,,
EXP_LGBModel_Alpha158_csi300_expanding_step40_s_20260121_01,0d5b2c317ad04013b1cb76da95b478fc,2026-04-23,SH600522,-0.09579389884993099,,,
EXP_LGBModel_Alpha158_csi300_expanding_step40_s_20260121_01,0d5b2c317ad04013b1cb76da95b478fc,2026-04-23,SH600570,0.08692901431941912,,,
EXP_LGBModel_Alpha158_csi300_expanding_step40_s_20260121_01,0d5b2c317ad04013b1cb76da95b478fc,2026-04-23,SH601901,0.014895418116246818,,,
EXP_LGBModel_Alpha158_csi300_expanding_step40_s_20260121_01,0d5b2c317ad04013b1cb76da95b478fc,2026-04-23,SH601916,0.02396731054449801,,,
EXP_LGBModel_Alpha158_csi300_expanding_step40_s_20260121_01,0d5b2c317ad04013b1cb76da95b478fc,2026-04-23,SH601919,-0.06374105676608545,,,
EXP_LGBModel_Alpha158_csi300_expanding_step40_s_20260121_01,0d5b2c317ad04013b1cb76da95b478fc,2026-04-23,SZ002415,-0.03017438133144826,,,
EXP_LGBModel_Alpha158_csi300_expanding_step40_s_20260121_01,0d5b2c317ad04013b1cb76da95b478fc,2026-04-23,SZ002422,0.03122739094177827,,,
EXP_LGBModel_Alpha158_csi300_expanding_step40_s_20260121_01,0d5b2c317ad04013b1cb76da95b478fc,2026-04-23,SZ002459,0.09183539091434718,,,
EXP_LGBModel_Alpha158_csi300_expanding_step40_s_20260121_01,0d5b2c317ad04013b1cb76da95b478fc,2026-04-23,SZ002460,0.19019723064667926,,,
EXP_LGBModel_Alpha158_csi300_expanding_step40_s_20260121_01,0d5b2c317ad04013b1cb76da95b478fc,2026-04-23,SZ002463,-0.18181896806847664,,,
EXP_LGBModel_Alpha158_csi300_expanding_step40_s_20260121_01,0d5b2c317ad04013b1cb76da95b478fc,2026-04-23,SZ002466,0.044652571904724096,,,
EXP_LGBModel_Alpha158_csi300_expanding_step40_s_20260121_01,0d5b2c317ad04013b1cb76da95b478fc,2026-04-23,SZ002384,-0.07176192358131261,,,
EXP_LGBModel_Alpha158_csi300_expanding_step40_s_20260121_01,0d5b2c317ad04013b1cb76da95b478fc,2026-04-23,SZ002475,-0.01124459708144288,,,
EXP_LGBModel_Alpha158_csi300_expanding_step40_s_20260121_01,0d5b2c317ad04013b1cb76da95b478fc,2026-04-23,SZ002594,-0.012229967742906175,,,
EXP_LGBModel_Alpha158_csi300_expanding_step40_s_20260121_01,0d5b2c317ad04013b1cb76da95b478fc,2026-04-23,SZ002600,-0.058925920935066295,,,
EXP_LGBModel_Alpha158_csi300_expanding_step40_s_20260121_01,0d5b2c317ad04013b1cb76da95b478fc,2026-04-23,SZ002601,0.10661928077121921,,,
EXP_LGBModel_Alpha158_csi300_expanding_step40_s_20260121_01,0d5b2c317ad04013b1cb76da95b478fc,2026-04-23,SZ002625,0.12209225293184187,,,
EXP_LGBModel_Alpha158_csi300_expanding_step40_s_20260121_01,0d5b2c317ad04013b1cb76da95b478fc,2026-04-23,SZ002648,-0.02007454056152426,,,
EXP_LGBModel_Alpha158_csi300_expanding_step40_s_20260121_01,0d5b2c317ad04013b1cb76da95b478fc,2026-04-23,SZ002709,-0.06521868343913348,,,
EXP_LGBModel_Alpha158_csi300_expanding_step40_s_20260121_01,0d5b2c317ad04013b1cb76da95b478fc,2026-04-23,SZ002493,0.22495847351468312,,,
EXP_LGBModel_Alpha158_csi300_expanding_step40_s_20260121_01,0d5b2c317ad04013b1cb76da95b478fc,2026-04-23,SZ002371,0.21272270914225447,,,
EXP_LGBModel_Alpha158_csi300_expanding_step40_s_20260121_01,0d5b2c317ad04013b1cb76da95b478fc,2026-04-23,SZ002352,-0.006387498278090877,,,
EXP_LGBModel_Alpha158_csi300_expanding_step40_s_20260121_01,0d5b2c317ad04013b1cb76da95b478fc,2026-04-23,SZ002311,-0.012799507909100534,,,
EXP_LGBModel_Alpha158_csi300_expanding_step40_s_20260121_01,0d5b2c317ad04013b1cb76da95b478fc,2026-04-23,SZ001965,-0.06819098390535337,,,
EXP_LGBModel_Alpha158_csi300_expanding_step40_s_20260121_01,0d5b2c317ad04013b1cb76da95b478fc,2026-04-23,SZ001979,-0.14441351519011741,,,
EXP_LGBModel_Alpha158_csi300_expanding_step40_s_20260121_01,0d5b2c317ad04013b1cb76da95b478fc,2026-04-23,SZ002001,-0.01669890210087102,,,
EXP_LGBModel_Alpha158_csi300_expanding_step40_s_20260121_01,0d5b2c317ad04013b1cb76da95b478fc,2026-04-23,SZ002027,0.0756706404377118,,,
EXP_LGBModel_Alpha158_csi300_expanding_step40_s_20260121_01,0d5b2c317ad04013b1cb76da95b478fc,2026-04-23,SZ002028,0.015963259199680883,,,
EXP_LGBModel_Alpha158_csi300_expanding_step40_s_20260121_01,0d5b2c317ad04013b1cb76da95b478fc,2026-04-23,SZ002049,0.13649923253500776,,,
EXP_LGBModel_Alpha158_csi300_expanding_step40_s_20260121_01,0d5b2c317ad04013b1cb76da95b478fc,2026-04-23,SZ002050,0.036559546264514894,,,
EXP_LGBModel_Alpha158_csi300_expanding_step40_s_20260121_01,0d5b2c317ad04013b1cb76da95b478fc,2026-04-23,SZ002074,-0.12133260503034099,,,
EXP_LGBModel_Alpha158_csi300_expanding_step40_s_20260121_01,0d5b2c317ad04013b1cb76da95b478fc,2026-04-23,SZ002142,0.008952239722262053,,,
EXP_LGBModel_Alpha158_csi300_expanding_step40_s_20260121_01,0d5b2c317ad04013b1cb76da95b478fc,2026-04-23,SZ002179,-0.06502393223853012,,,
EXP_LGBModel_Alpha158_csi300_expanding_step40_s_20260121_01,0d5b2c317ad04013b1cb76da95b478fc,2026-04-23,SZ002230,0.04962734300495655,,,
EXP_LGBModel_Alpha158_csi300_expanding_step40_s_20260121_01,0d5b2c317ad04013b1cb76da95b478fc,2026-04-23,SZ002236,0.01913771047181461,,,
EXP_LGBModel_Alpha158_csi300_expanding_step40_s_20260121_01,0d5b2c317ad04013b1cb76da95b478fc,2026-04-23,SZ002241,0.12251018628222556,,,
EXP_LGBModel_Alpha158_csi300_expanding_step40_s_20260121_01,0d5b2c317ad04013b1cb76da95b478fc,2026-04-23,SZ002252,-0.0370970479741535,,,
EXP_LGBModel_Alpha158_csi300_expanding_step40_s_20260121_01,0d5b2c317ad04013b1cb76da95b478fc,2026-04-23,SZ002304,-0.015175700861534075,,,
EXP_LGBModel_Alpha158_csi300_expanding_step40_s_20260121_01,0d5b2c317ad04013b1cb76da95b478fc,2026-04-23,SZ002714,0.149631554264918,,,
EXP_LGBModel_Alpha158_csi300_expanding_step40_s_20260121_01,0d5b2c317ad04013b1cb76da95b478fc,2026-04-23,SZ002736,0.03951683254917408,,,
EXP_LGBModel_Alpha158_csi300_expanding_step40_s_20260121_01,0d5b2c317ad04013b1cb76da95b478fc,2026-04-23,SZ002916,-0.13363329137093377,,,
EXP_LGBModel_Alpha158_csi300_expanding_step40_s_20260121_01,0d5b2c317ad04013b1cb76da95b478fc,2026-04-23,SZ002920,0.07122683915233415,,,
EXP_LGBModel_Alpha158_csi300_expanding_step40_s_20260121_01,0d5b2c317ad04013b1cb76da95b478fc,2026-04-23,SZ300476,-0.0011752655488145,,,
EXP_LGBModel_Alpha158_csi300_expanding_step40_s_20260121_01,0d5b2c317ad04013b1cb76da95b478fc,2026-04-23,SZ300498,-0.07898322994468128,,,
EXP_LGBModel_Alpha158_csi300_expanding_step40_s_20260121_01,0d5b2c317ad04013b1cb76da95b478fc,2026-04-23,SZ300502,0.11729903375311528,,,
EXP_LGBModel_Alpha158_csi300_expanding_step40_s_20260121_01,0d5b2c317ad04013b1cb76da95b478fc,2026-04-23,SZ300628,-0.097542594666081,,,
EXP_LGBModel_Alpha158_csi300_expanding_step40_s_20260121_01,0d5b2c317ad04013b1cb76da95b478fc,2026-04-23,SZ300661,0.037416620860012274,,,
EXP_LGBModel_Alpha158_csi300_expanding_step40_s_20260121_01,0d5b2c317ad04013b1cb76da95b478fc,2026-04-23,SZ300750,0.18378014305120652,,,
EXP_LGBModel_Alpha158_csi300_expanding_step40_s_20260121_01,0d5b2c317ad04013b1cb76da95b478fc,2026-04-23,SZ300759,0.1506640227972313,,,
EXP_LGBModel_Alpha158_csi300_expanding_step40_s_20260121_01,0d5b2c317ad04013b1cb76da95b478fc,2026-04-23,SZ300760,-0.02808213256659825,,,
EXP_LGBModel_Alpha158_csi300_expanding_step40_s_20260121_01,0d5b2c317ad04013b1cb76da95b478fc,2026-04-23,SZ300782,-0.021368638058245782,,,
EXP_LGBModel_Alpha158_csi300_expanding_step40_s_20260121_01,0d5b2c317ad04013b1cb76da95b478fc,2026-04-23,SZ300803,0.10016430180984458,,,
EXP_LGBModel_Alpha158_csi300_expanding_step40_s_20260121_01,0d5b2c317ad04013b1cb76da95b478fc,2026-04-23,SZ300832,-0.09739353846760081,,,
EXP_LGBModel_Alpha158_csi300_expanding_step40_s_20260121_01,0d5b2c317ad04013b1cb76da95b478fc,2026-04-23,SZ300866,-0.0634868964270257,,,
EXP_LGBModel_Alpha158_csi300_expanding_step40_s_20260121_01,0d5b2c317ad04013b1cb76da95b478fc,2026-04-23,SZ300896,-0.0043742607795054945,,,
EXP_LGBModel_Alpha158_csi300_expanding_step40_s_20260121_01,0d5b2c317ad04013b1cb76da95b478fc,2026-04-23,SZ300979,-0.061057469880486395,,,
EXP_LGBModel_Alpha158_csi300_expanding_step40_s_20260121_01,0d5b2c317ad04013b1cb76da95b478fc,2026-04-23,SZ300999,-0.05313247087613906,,,
EXP_LGBModel_Alpha158_csi300_expanding_step40_s_20260121_01,0d5b2c317ad04013b1cb76da95b478fc,2026-04-23,SZ300442,0.007611260764668675,,,
EXP_LGBModel_Alpha158_csi300_expanding_step40_s_20260121_01,0d5b2c317ad04013b1cb76da95b478fc,2026-04-23,SZ001391,-0.024298361515338582,,,
EXP_LGBModel_Alpha158_csi300_expanding_step40_s_20260121_01,0d5b2c317ad04013b1cb76da95b478fc,2026-04-23,SZ300433,0.12123846816415577,,,
EXP_LGBModel_Alpha158_csi300_expanding_step40_s_20260121_01,0d5b2c317ad04013b1cb76da95b478fc,2026-04-23,SZ300413,-0.002384795075229293,,,
EXP_LGBModel_Alpha158_csi300_expanding_step40_s_20260121_01,0d5b2c317ad04013b1cb76da95b478fc,2026-04-23,SZ002938,-0.11543615261290295,,,
EXP_LGBModel_Alpha158_csi300_expanding_step40_s_20260121_01,0d5b2c317ad04013b1cb76da95b478fc,2026-04-23,SZ003816,-0.09774686673970703,,,
EXP_LGBModel_Alpha158_csi300_expanding_step40_s_20260121_01,0d5b2c317ad04013b1cb76da95b478fc,2026-04-23,SZ300014,0.0008312485275349375,,,
EXP_LGBModel_Alpha158_csi300_expanding_step40_s_20260121_01,0d5b2c317ad04013b1cb76da95b478fc,2026-04-23,SZ300015,0.014927020088045221,,,
EXP_LGBModel_Alpha158_csi300_expanding_step40_s_20260121_01,0d5b2c317ad04013b1cb76da95b478fc,2026-04-23,SZ300033,0.018092621778294037,,,
EXP_LGBModel_Alpha158_csi300_expanding_step40_s_20260121_01,0d5b2c317ad04013b1cb76da95b478fc,2026-04-23,SZ300059,0.04040401976874792,,,
EXP_LGBModel_Alpha158_csi300_expanding_step40_s_20260121_01,0d5b2c317ad04013b1cb76da95b478fc,2026-04-23,SZ300122,-0.012531845742853135,,,
EXP_LGBModel_Alpha158_csi300_expanding_step40_s_20260121_01,0d5b2c317ad04013b1cb76da95b478fc,2026-04-23,SZ300124,0.12396096197731961,,,
EXP_LGBModel_Alpha158_csi300_expanding_step40_s_20260121_01,0d5b2c317ad04013b1cb76da95b478fc,2026-04-23,SZ300251,-0.014880276345613903,,,
EXP_LGBModel_Alpha158_csi300_expanding_step40_s_20260121_01,0d5b2c317ad04013b1cb76da95b478fc,2026-04-23,SZ300274,0.14570139939252713,,,
EXP_LGBModel_Alpha158_csi300_expanding_step40_s_20260121_01,0d5b2c317ad04013b1cb76da95b478fc,2026-04-23,SZ300308,-0.07828288115374835,,,
EXP_LGBModel_Alpha158_csi300_expanding_step40_s_20260121_01,0d5b2c317ad04013b1cb76da95b478fc,2026-04-23,SZ300316,0.2109400180115758,,,
EXP_LGBModel_Alpha158_csi300_expanding_step40_s_20260121_01,0d5b2c317ad04013b1cb76da95b478fc,2026-04-23,SZ300347,0.060332857657220726,,,
EXP_LGBModel_Alpha158_csi300_expanding_step40_s_20260121_01,0d5b2c317ad04013b1cb76da95b478fc,2026-04-23,SZ300394,0.04914856122751701,,,
EXP_LGBModel_Alpha158_csi300_expanding_step40_s_20260121_01,0d5b2c317ad04013b1cb76da95b478fc,2026-04-23,SZ300408,-0.1791103370553057,,,
EXP_LGBModel_Alpha158_csi300_expanding_step40_s_20260121_01,0d5b2c317ad04013b1cb76da95b478fc,2026-04-23,SZ300418,0.0108540796068394,,,
EXP_LGBModel_Alpha158_csi300_expanding_step40_s_20260121_01,0d5b2c317ad04013b1cb76da95b478fc,2026-04-23,SZ301269,0.02566748503469791,,,
EXP_LGBModel_Alpha158_csi300_expanding_step40_s_20260121_01,0d5b2c317ad04013b1cb76da95b478fc,2026-04-23,SZ000999,-0.12206822018913747,,,
EXP_LGBModel_Alpha158_csi300_expanding_step40_s_20260121_01,0d5b2c317ad04013b1cb76da95b478fc,2026-04-23,SZ000977,-0.16957920373037236,,,
EXP_LGBModel_Alpha158_csi300_expanding_step40_s_20260121_01,0d5b2c317ad04013b1cb76da95b478fc,2026-04-23,SH605499,-0.07665002317212394,,,
EXP_LGBModel_Alpha158_csi300_expanding_step40_s_20260121_01,0d5b2c317ad04013b1cb76da95b478fc,2026-04-23,SH688008,-0.22143595073476946,,,
EXP_LGBModel_Alpha158_csi300_expanding_step40_s_20260121_01,0d5b2c317ad04013b1cb76da95b478fc,2026-04-23,SH688009,-0.034726840180583994,,,
EXP_LGBModel_Alpha158_csi300_expanding_step40_s_20260121_01,0d5b2c317ad04013b1cb76da95b478fc,2026-04-23,SH688012,0.1373394375328442,,,
EXP_LGBModel_Alpha158_csi300_expanding_step40_s_20260121_01,0d5b2c317ad04013b1cb76da95b478fc,2026-04-23,SH688036,-0.04123282889926833,,,
EXP_LGBModel_Alpha158_csi300_expanding_step40_s_20260121_01,0d5b2c317ad04013b1cb76da95b478fc,2026-04-23,SH688041,-0.07380293087949383,,,
EXP_LGBModel_Alpha158_csi300_expanding_step40_s_20260121_01,0d5b2c317ad04013b1cb76da95b478fc,2026-04-23,SH605117,-0.07991912965639211,,,
EXP_LGBModel_Alpha158_csi300_expanding_step40_s_20260121_01,0d5b2c317ad04013b1cb76da95b478fc,2026-04-23,SH688047,-0.17837531164045675,,,
EXP_LGBModel_Alpha158_csi300_expanding_step40_s_20260121_01,0d5b2c317ad04013b1cb76da95b478fc,2026-04-23,SH688111,-0.0058844549963884855,,,
EXP_LGBModel_Alpha158_csi300_expanding_step40_s_20260121_01,0d5b2c317ad04013b1cb76da95b478fc,2026-04-23,SH688126,-0.2190070962948601,,,
EXP_LGBModel_Alpha158_csi300_expanding_step40_s_20260121_01,0d5b2c317ad04013b1cb76da95b478fc,2026-04-23,SH688169,0.041726138941383654,,,
EXP_LGBModel_Alpha158_csi300_expanding_step40_s_20260121_01,0d5b2c317ad04013b1cb76da95b478fc,2026-04-23,SH688187,0.06147199451446368,,,
EXP_LGBModel_Alpha158_csi300_expanding_step40_s_20260121_01,0d5b2c317ad04013b1cb76da95b478fc,2026-04-23,SH688223,0.0618521907528591,,,
EXP_LGBModel_Alpha158_csi300_expanding_step40_s_20260121_01,0d5b2c317ad04013b1cb76da95b478fc,2026-04-23,SH688256,0.17495972044315053,,,
EXP_LGBModel_Alpha158_csi300_expanding_step40_s_20260121_01,0d5b2c317ad04013b1cb76da95b478fc,2026-04-23,SH688082,0.1174455289452116,,,
EXP_LGBModel_Alpha158_csi300_expanding_step40_s_20260121_01,0d5b2c317ad04013b1cb76da95b478fc,2026-04-23,SH603993,0.23204022253186,,,
EXP_LGBModel_Alpha158_csi300_expanding_step40_s_20260121_01,0d5b2c317ad04013b1cb76da95b478fc,2026-04-23,SH603986,0.026947962958229266,,,
EXP_LGBModel_Alpha158_csi300_expanding_step40_s_20260121_01,0d5b2c317ad04013b1cb76da95b478fc,2026-04-23,SH603893,-0.1463333730606529,,,
EXP_LGBModel_Alpha158_csi300_expanding_step40_s_20260121_01,0d5b2c317ad04013b1cb76da95b478fc,2026-04-23,SH601939,0.0862334885819479,,,
EXP_LGBModel_Alpha158_csi300_expanding_step40_s_20260121_01,0d5b2c317ad04013b1cb76da95b478fc,2026-04-23,SH601985,-0.023838451753589448,,,
EXP_LGBModel_Alpha158_csi300_expanding_step40_s_20260121_01,0d5b2c317ad04013b1cb76da95b478fc,2026-04-23,SH601988,-0.029790506857769485,,,
EXP_LGBModel_Alpha158_csi300_expanding_step40_s_20260121_01,0d5b2c317ad04013b1cb76da95b478fc,2026-04-23,SH601995,-0.061396112849295824,,,
EXP_LGBModel_Alpha158_csi300_expanding_step40_s_20260121_01,0d5b2c317ad04013b1cb76da95b478fc,2026-04-23,SH601998,0.0409205038745016,,,
EXP_LGBModel_Alpha158_csi300_expanding_step40_s_20260121_01,0d5b2c317ad04013b1cb76da95b478fc,2026-04-23,SH603019,-0.0950350701772874,,,
EXP_LGBModel_Alpha158_csi300_expanding_step40_s_20260121_01,0d5b2c317ad04013b1cb76da95b478fc,2026-04-23,SH603195,0.026474893998033044,,,
EXP_LGBModel_Alpha158_csi300_expanding_step40_s_20260121_01,0d5b2c317ad04013b1cb76da95b478fc,2026-04-23,SH603259,-0.01823628159098454,,,
EXP_LGBModel_Alpha158_csi300_expanding_step40_s_20260121_01,0d5b2c317ad04013b1cb76da95b478fc,2026-04-23,SH603260,-0.018170160659826965,,,
EXP_LGBModel_Alpha158_csi300_expanding_step40_s_20260121_01,0d5b2c317ad04013b1cb76da95b478fc,2026-04-23,SH603288,0.03115268556292377,,,
EXP_LGBModel_Alpha158_csi300_expanding_step40_s_20260121_01,0d5b2c317ad04013b1cb76da95b478fc,2026-04-23,SH603296,-0.12641000622282253,,,
EXP_LGBModel_Alpha158_csi300_expanding_step40_s_20260121_01,0d5b2c317ad04013b1cb76da95b478fc,2026-04-23,SH603369,-0.047677945630820374,,,
EXP_LGBModel_Alpha158_csi300_expanding_step40_s_20260121_01,0d5b2c317ad04013b1cb76da95b478fc,2026-04-23,SH603392,-0.1362076034751646,,,
EXP_LGBModel_Alpha158_csi300_expanding_step40_s_20260121_01,0d5b2c317ad04013b1cb76da95b478fc,2026-04-23,SH603501,0.10621361763628587,,,
EXP_LGBModel_Alpha158_csi300_expanding_step40_s_20260121_01,0d5b2c317ad04013b1cb76da95b478fc,2026-04-23,SH603799,0.1575844672760746,,,
EXP_LGBModel_Alpha158_csi300_expanding_step40_s_20260121_01,0d5b2c317ad04013b1cb76da95b478fc,2026-04-23,SH688271,-0.013942640156539697,,,
EXP_LGBModel_Alpha158_csi300_expanding_step40_s_20260121_01,0d5b2c317ad04013b1cb76da95b478fc,2026-04-23,SH688303,-0.2225716129152444,,,
EXP_LGBModel_Alpha158_csi300_expanding_step40_s_20260121_01,0d5b2c317ad04013b1cb76da95b478fc,2026-04-23,SH688396,-0.0979124794188274,,,
EXP_LGBModel_Alpha158_csi300_expanding_step40_s_20260121_01,0d5b2c317ad04013b1cb76da95b478fc,2026-04-23,SH688472,0.14840326721869324,,,
EXP_LGBModel_Alpha158_csi300_expanding_step40_s_20260121_01,0d5b2c317ad04013b1cb76da95b478fc,2026-04-23,SZ000651,0.0016749498163181546,,,
EXP_LGBModel_Alpha158_csi300_expanding_step40_s_20260121_01,0d5b2c317ad04013b1cb76da95b478fc,2026-04-23,SZ000661,-0.0718627393927572,,,
EXP_LGBModel_Alpha158_csi300_expanding_step40_s_20260121_01,0d5b2c317ad04013b1cb76da95b478fc,2026-04-23,SZ000708,0.08445235553273044,,,
EXP_LGBModel_Alpha158_csi300_expanding_step40_s_20260121_01,0d5b2c317ad04013b1cb76da95b478fc,2026-04-23,SZ000725,0.11660768612362986,,,
EXP_LGBModel_Alpha158_csi300_expanding_step40_s_20260121_01,0d5b2c317ad04013b1cb76da95b478fc,2026-04-23,SZ000768,-0.020442614322799372,,,
EXP_LGBModel_Alpha158_csi300_expanding_step40_s_20260121_01,0d5b2c317ad04013b1cb76da95b478fc,2026-04-23,SZ000776,-0.06935486802012189,,,
EXP_LGBModel_Alpha158_csi300_expanding_step40_s_20260121_01,0d5b2c317ad04013b1cb76da95b478fc,2026-04-23,SZ000786,0.022824412343881995,,,
EXP_LGBModel_Alpha158_csi300_expanding_step40_s_20260121_01,0d5b2c317ad04013b1cb76da95b478fc,2026-04-23,SZ000792,0.0760366064773518,,,
EXP_LGBModel_Alpha158_csi300_expanding_step40_s_20260121_01,0d5b2c317ad04013b1cb76da95b478fc,2026-04-23,SZ000807,0.3265291322265366,,,
EXP_LGBModel_Alpha158_csi300_expanding_step40_s_20260121_01,0d5b2c317ad04013b1cb76da95b478fc,2026-04-23,SZ000858,-0.08352084376275397,,,
EXP_LGBModel_Alpha158_csi300_expanding_step40_s_20260121_01,0d5b2c317ad04013b1cb76da95b478fc,2026-04-23,SZ000876,0.051239515180464046,,,
EXP_LGBModel_Alpha158_csi300_expanding_step40_s_20260121_01,0d5b2c317ad04013b1cb76da95b478fc,2026-04-23,SZ000895,0.00099677163409927,,,
EXP_LGBModel_Alpha158_csi300_expanding_step40_s_20260121_01,0d5b2c317ad04013b1cb76da95b478fc,2026-04-23,SZ000938,-0.1639642722844357,,,
EXP_LGBModel_Alpha158_csi300_expanding_step40_s_20260121_01,0d5b2c317ad04013b1cb76da95b478fc,2026-04-23,SZ000963,-0.05881047688761313,,,
EXP_LGBModel_Alpha158_csi300_expanding_step40_s_20260121_01,0d5b2c317ad04013b1cb76da95b478fc,2026-04-23,SZ000975,0.14262271422950767,,,
EXP_LGBModel_Alpha158_csi300_expanding_step40_s_20260121_01,0d5b2c317ad04013b1cb76da95b478fc,2026-04-23,SZ000630,0.1933219931922655,,,
EXP_LGBModel_Alpha158_csi300_expanding_step40_s_20260121_01,0d5b2c317ad04013b1cb76da95b478fc,2026-04-23,SZ000983,-0.03927646279877551,,,
EXP_LGBModel_Alpha158_csi300_expanding_step40_s_20260121_01,0d5b2c317ad04013b1cb76da95b478fc,2026-04-23,SZ000625,-0.08121690849487188,,,
EXP_LGBModel_Alpha158_csi300_expanding_step40_s_20260121_01,0d5b2c317ad04013b1cb76da95b478fc,2026-04-23,SZ000596,-0.015808546693760292,,,
EXP_LGBModel_Alpha158_csi300_expanding_step40_s_20260121_01,0d5b2c317ad04013b1cb76da95b478fc,2026-04-23,SH688506,0.049476363816548824,,,
EXP_LGBModel_Alpha158_csi300_expanding_step40_s_20260121_01,0d5b2c317ad04013b1cb76da95b478fc,2026-04-23,SH688981,0.09276122247300361,,,
EXP_LGBModel_Alpha158_csi300_expanding_step40_s_20260121_01,0d5b2c317ad04013b1cb76da95b478fc,2026-04-23,SZ000001,-0.0024275274816792113,,,
EXP_LGBModel_Alpha158_csi300_expanding_step40_s_20260121_01,0d5b2c317ad04013b1cb76da95b478fc,2026-04-23,SZ000002,-0.06668825071175548,,,
EXP_LGBModel_Alpha158_csi300_expanding_step40_s_20260121_01,0d5b2c317ad04013b1cb76da95b478fc,2026-04-23,SZ000063,0.03848873212647444,,,
EXP_LGBModel_Alpha158_csi300_expanding_step40_s_20260121_01,0d5b2c317ad04013b1cb76da95b478fc,2026-04-23,SZ000100,0.013299026940373368,,,
EXP_LGBModel_Alpha158_csi300_expanding_step40_s_20260121_01,0d5b2c317ad04013b1cb76da95b478fc,2026-04-23,SZ000157,-0.024847170856017994,,,
EXP_LGBModel_Alpha158_csi300_expanding_step40_s_20260121_01,0d5b2c317ad04013b1cb76da95b478fc,2026-04-23,SZ000166,-0.04774058381090973,,,
EXP_LGBModel_Alpha158_csi300_expanding_step40_s_20260121_01,0d5b2c317ad04013b1cb76da95b478fc,2026-04-23,SZ000301,0.10299294231988881,,,
EXP_LGBModel_Alpha158_csi300_expanding_step40_s_20260121_01,0d5b2c317ad04013b1cb76da95b478fc,2026-04-23,SZ000333,-0.061398041999719946,,,
EXP_LGBModel_Alpha158_csi300_expanding_step40_s_20260121_01,0d5b2c317ad04013b1cb76da95b478fc,2026-04-23,SZ000338,0.18391530207330536,,,
EXP_LGBModel_Alpha158_csi300_expanding_step40_s_20260121_01,0d5b2c317ad04013b1cb76da95b478fc,2026-04-23,SZ000408,0.11985664405186895,,,
EXP_LGBModel_Alpha158_csi300_expanding_step40_s_20260121_01,0d5b2c317ad04013b1cb76da95b478fc,2026-04-23,SZ000425,0.2311995933532481,,,
EXP_LGBModel_Alpha158_csi300_expanding_step40_s_20260121_01,0d5b2c317ad04013b1cb76da95b478fc,2026-04-23,SZ000538,-0.05427619712160017,,,
EXP_LGBModel_Alpha158_csi300_expanding_step40_s_20260121_01,0d5b2c317ad04013b1cb76da95b478fc,2026-04-23,SZ000568,-0.01464384738887087,,,
EXP_LGBModel_Alpha158_csi300_expanding_step40_s_20260121_01,0d5b2c317ad04013b1cb76da95b478fc,2026-04-23,SZ000617,-0.019805351927183527,,,
EXP_LGBModel_Alpha158_csi300_sliding_step40_s_20260121_01,741bdd0f113c4c1eaf23c429f63dfa1d,2026-04-23,SZ301269,0.04308969664741687,,,
EXP_LGBModel_Alpha158_csi300_sliding_step40_s_20260121_01,741bdd0f113c4c1eaf23c429f63dfa1d,2026-04-23,SZ302132,0.06903889733272466,,,
EXP_DEnsembleModel_Alpha158_csi300_expanding_step40_s_20260112_22,5dfe27da14f64e55b157c5d6f03705b8,2026-04-23,SH600000,-0.04885202357567152,,,
EXP_DEnsembleModel_Alpha158_csi300_sliding_step40_s_20260111_23,12f4cb9e2e654b22a3588e4374ed56b1,2026-04-23,SH601136,-0.06688352649871718,,,
EXP_DEnsembleModel_Alpha158_csi300_sliding_step40_s_20260111_23,12f4cb9e2e654b22a3588e4374ed56b1,2026-04-23,SH601138,-0.1640094626336677,,,
EXP_DEnsembleModel_Alpha158_csi300_sliding_step40_s_20260111_23,12f4cb9e2e654b22a3588e4374ed56b1,2026-04-23,SH601166,-0.05792983364776549,,,
EXP_DEnsembleModel_Alpha158_csi300_sliding_step40_s_20260111_23,12f4cb9e2e654b22a3588e4374ed56b1,2026-04-23,SH601169,0.0996079906839958,,,
EXP_DEnsembleModel_Alpha158_csi300_sliding_step40_s_20260111_23,12f4cb9e2e654b22a3588e4374ed56b1,2026-04-23,SH601186,-0.042267696292342956,,,
EXP_DEnsembleModel_Alpha158_csi300_sliding_step40_s_20260111_23,12f4cb9e2e654b22a3588e4374ed56b1,2026-04-23,SH601211,-0.04989499603610359,,,
EXP_DEnsembleModel_Alpha158_csi300_sliding_step40_s_20260111_23,12f4cb9e2e654b22a3588e4374ed56b1,2026-04-23,SH601127,0.02039461155860078,,,
EXP_DEnsembleModel_Alpha158_csi300_sliding_step40_s_20260111_23,12f4cb9e2e654b22a3588e4374ed56b1,2026-04-23,SH601225,0.008694613379110152,,,
EXP_DEnsembleModel_Alpha158_csi300_sliding_step40_s_20260111_23,12f4cb9e2e654b22a3588e4374ed56b1,2026-04-23,SH601236,-0.014297046874360524,,,
EXP_DEnsembleModel_Alpha158_csi300_sliding_step40_s_20260111_23,12f4cb9e2e654b22a3588e4374ed56b1,2026-04-23,SH601238,0.04099557276029506,,,
EXP_DEnsembleModel_Alpha158_csi300_sliding_step40_s_20260111_23,12f4cb9e2e654b22a3588e4374ed56b1,2026-04-23,SH601288,0.18158020019103874,,,
EXP_DEnsembleModel_Alpha158_csi300_sliding_step40_s_20260111_23,12f4cb9e2e654b22a3588e4374ed56b1,2026-04-23,SH601298,0.012189879872649828,,,
EXP_DEnsembleModel_Alpha158_csi300_sliding_step40_s_20260111_23,12f4cb9e2e654b22a3588e4374ed56b1,2026-04-23,SH601318,0.007012416434927616,,,
EXP_DEnsembleModel_Alpha158_csi300_sliding_step40_s_20260111_23,12f4cb9e2e654b22a3588e4374ed56b1,2026-04-23,SH601319,0.03418787375654077,,,
EXP_DEnsembleModel_Alpha158_csi300_sliding_step40_s_20260111_23,12f4cb9e2e654b22a3588e4374ed56b1,2026-04-23,SH601229,0.0852083796711314,,,
EXP_DEnsembleModel_Alpha158_csi300_sliding_step40_s_20260111_23,12f4cb9e2e654b22a3588e4374ed56b1,2026-04-23,SH601117,-0.05439152970278549,,,
EXP_DEnsembleModel_Alpha158_csi300_sliding_step40_s_20260111_23,12f4cb9e2e654b22a3588e4374ed56b1,2026-04-23,SH601111,0.04432116448060109,,,
EXP_DEnsembleModel_Alpha158_csi300_sliding_step40_s_20260111_23,12f4cb9e2e654b22a3588e4374ed56b1,2026-04-23,SH601100,0.06255211366523786,,,
EXP_DEnsembleModel_Alpha158_csi300_sliding_step40_s_20260111_23,12f4cb9e2e654b22a3588e4374ed56b1,2026-04-23,SH600930,-0.09650854362231208,,,
EXP_DEnsembleModel_Alpha158_csi300_sliding_step40_s_20260111_23,12f4cb9e2e654b22a3588e4374ed56b1,2026-04-23,SH600938,-0.04259525272212653,,,
EXP_DEnsembleModel_Alpha158_csi300_sliding_step40_s_20260111_23,12f4cb9e2e654b22a3588e4374ed56b1,2026-04-23,SH600941,0.10599690379857256,,,
EXP_DEnsembleModel_Alpha158_csi300_sliding_step40_s_20260111_23,12f4cb9e2e654b22a3588e4374ed56b1,2026-04-23,SH600989,-0.019841312536543174,,,
EXP_DEnsembleModel_Alpha158_csi300_sliding_step40_s_20260111_23,12f4cb9e2e654b22a3588e4374ed56b1,2026-04-23,SH600999,0.04158499300441858,,,
EXP_DEnsembleModel_Alpha158_csi300_sliding_step40_s_20260111_23,12f4cb9e2e654b22a3588e4374ed56b1,2026-04-23,SH601006,0.09574319561485418,,,
EXP_DEnsembleModel_Alpha158_csi300_sliding_step40_s_20260111_23,12f4cb9e2e654b22a3588e4374ed56b1,2026-04-23,SH601009,0.05343478984496813,,,
EXP_DEnsembleModel_Alpha158_csi300_sliding_step40_s_20260111_23,12f4cb9e2e654b22a3588e4374ed56b1,2026-04-23,SH601012,0.0687020691527707,,,
EXP_DEnsembleModel_Alpha158_csi300_sliding_step40_s_20260111_23,12f4cb9e2e654b22a3588e4374ed56b1,2026-04-23,SH601018,0.015204011350508017,,,
EXP_DEnsembleModel_Alpha158_csi300_sliding_step40_s_20260111_23,12f4cb9e2e654b22a3588e4374ed56b1,2026-04-23,SH601021,-0.08859541281699525,,,
EXP_DEnsembleModel_Alpha158_csi300_sliding_step40_s_20260111_23,12f4cb9e2e654b22a3588e4374ed56b1,2026-04-23,SH601058,0.006312564075498927,,,
EXP_DEnsembleModel_Alpha158_csi300_sliding_step40_s_20260111_23,12f4cb9e2e654b22a3588e4374ed56b1,2026-04-23,SH601059,0.019510506528080854,,,
EXP_DEnsembleModel_Alpha158_csi300_sliding_step40_s_20260111_23,12f4cb9e2e654b22a3588e4374ed56b1,2026-04-23,SH601066,0.008672378510421621,,,
EXP_DEnsembleModel_Alpha158_csi300_sliding_step40_s_20260111_23,12f4cb9e2e654b22a3588e4374ed56b1,2026-04-23,SH601077,0.0006635856607231616,,,
EXP_DEnsembleModel_Alpha158_csi300_sliding_step40_s_20260111_23,12f4cb9e2e654b22a3588e4374ed56b1,2026-04-23,SH601088,-0.02037901409853308,,,
EXP_DEnsembleModel_Alpha158_csi300_sliding_step40_s_20260111_23,12f4cb9e2e654b22a3588e4374ed56b1,2026-04-23,SH601328,0.14689506401308247,,,
EXP_DEnsembleModel_Alpha158_csi300_sliding_step40_s_20260111_23,12f4cb9e2e654b22a3588e4374ed56b1,2026-04-23,SH600926,0.11794586201635023,,,
EXP_DEnsembleModel_Alpha158_csi300_sliding_step40_s_20260111_23,12f4cb9e2e654b22a3588e4374ed56b1,2026-04-23,SH601336,0.11909400251091794,,,
EXP_DEnsembleModel_Alpha158_csi300_sliding_step40_s_20260111_23,12f4cb9e2e654b22a3588e4374ed56b1,2026-04-23,SH601377,-0.011859051234952345,,,
EXP_DEnsembleModel_Alpha158_csi300_sliding_step40_s_20260111_23,12f4cb9e2e654b22a3588e4374ed56b1,2026-04-23,SH601808,0.02201782366230278,,,
EXP_DEnsembleModel_Alpha158_csi300_sliding_step40_s_20260111_23,12f4cb9e2e654b22a3588e4374ed56b1,2026-04-23,SH601816,0.01660281410990173,,,
EXP_DEnsembleModel_Alpha158_csi300_sliding_step40_s_20260111_23,12f4cb9e2e654b22a3588e4374ed56b1,2026-04-23,SH601818,-0.04555825845142745,,,
EXP_DEnsembleModel_Alpha158_csi300_sliding_step40_s_20260111_23,12f4cb9e2e654b22a3588e4374ed56b1,2026-04-23,SH601825,0.051605703750241115,,,
EXP_DEnsembleModel_Alpha158_csi300_sliding_step40_s_20260111_23,12f4cb9e2e654b22a3588e4374ed56b1,2026-04-23,SH601838,0.05666565013446207,,,
EXP_DEnsembleModel_Alpha158_csi300_sliding_step40_s_20260111_23,12f4cb9e2e654b22a3588e4374ed56b1,2026-04-23,SH601857,0.018023622402766355,,,
EXP_DEnsembleModel_Alpha158_csi300_sliding_step40_s_20260111_23,12f4cb9e2e654b22a3588e4374ed56b1,2026-04-23,SH601800,0.08259282857007581,,,
EXP_DEnsembleModel_Alpha158_csi300_sliding_step40_s_20260111_23,12f4cb9e2e654b22a3588e4374ed56b1,2026-04-23,SH601868,-0.11125576794301563,,,
EXP_DEnsembleModel_Alpha158_csi300_sliding_step40_s_20260111_23,12f4cb9e2e654b22a3588e4374ed56b1,2026-04-23,SH601877,0.10253726428825084,,,
EXP_DEnsembleModel_Alpha158_csi300_sliding_step40_s_20260111_23,12f4cb9e2e654b22a3588e4374ed56b1,2026-04-23,SH601878,0.0109338791982386,,,
EXP_DEnsembleModel_Alpha158_csi300_sliding_step40_s_20260111_23,12f4cb9e2e654b22a3588e4374ed56b1,2026-04-23,SH601881,-0.012660996207226763,,,
EXP_DEnsembleModel_Alpha158_csi300_sliding_step40_s_20260111_23,12f4cb9e2e654b22a3588e4374ed56b1,2026-04-23,SH601888,0.05810599681897365,,,
EXP_DEnsembleModel_Alpha158_csi300_sliding_step40_s_20260111_23,12f4cb9e2e654b22a3588e4374ed56b1,2026-04-23,SH601898,0.12616458675170558,,,
EXP_DEnsembleModel_Alpha158_csi300_sliding_step40_s_20260111_23,12f4cb9e2e654b22a3588e4374ed56b1,2026-04-23,SH601899,0.12308724244529164,,,
EXP_DEnsembleModel_Alpha158_csi300_sliding_step40_s_20260111_23,12f4cb9e2e654b22a3588e4374ed56b1,2026-04-23,SH601872,0.03973268655265471,,,
EXP_DEnsembleModel_Alpha158_csi300_sliding_step40_s_20260111_23,12f4cb9e2e654b22a3588e4374ed56b1,2026-04-23,SH601788,-0.017701662582238945,,,
EXP_DEnsembleModel_Alpha158_csi300_sliding_step40_s_20260111_23,12f4cb9e2e654b22a3588e4374ed56b1,2026-04-23,SH601766,0.025196431975448682,,,
EXP_DEnsembleModel_Alpha158_csi300_sliding_step40_s_20260111_23,12f4cb9e2e654b22a3588e4374ed56b1,2026-04-23,SH601728,0.07410881313111783,,,
EXP_DEnsembleModel_Alpha158_csi300_sliding_step40_s_20260111_23,12f4cb9e2e654b22a3588e4374ed56b1,2026-04-23,SH601390,0.022174273763454284,,,
EXP_DEnsembleModel_Alpha158_csi300_sliding_step40_s_20260111_23,12f4cb9e2e654b22a3588e4374ed56b1,2026-04-23,SH601398,0.12636770828697588,,,
EXP_DEnsembleModel_Alpha158_csi300_sliding_step40_s_20260111_23,12f4cb9e2e654b22a3588e4374ed56b1,2026-04-23,SH601456,0.08259252812901172,,,
EXP_DEnsembleModel_Alpha158_csi300_sliding_step40_s_20260111_23,12f4cb9e2e654b22a3588e4374ed56b1,2026-04-23,SH601600,0.10260537623906879,,,
EXP_DEnsembleModel_Alpha158_csi300_sliding_step40_s_20260111_23,12f4cb9e2e654b22a3588e4374ed56b1,2026-04-23,SH601601,-0.005409658408210056,,,
EXP_DEnsembleModel_Alpha158_csi300_sliding_step40_s_20260111_23,12f4cb9e2e654b22a3588e4374ed56b1,2026-04-23,SH601607,0.009154730150678038,,,
EXP_DEnsembleModel_Alpha158_csi300_sliding_step40_s_20260111_23,12f4cb9e2e654b22a3588e4374ed56b1,2026-04-23,SH601618,-0.054503892613458844,,,
EXP_DEnsembleModel_Alpha158_csi300_sliding_step40_s_20260111_23,12f4cb9e2e654b22a3588e4374ed56b1,2026-04-23,SH601628,0.040465188022058216,,,
EXP_DEnsembleModel_Alpha158_csi300_sliding_step40_s_20260111_23,12f4cb9e2e654b22a3588e4374ed56b1,2026-04-23,SH601633,-0.02337919462863514,,,
EXP_DEnsembleModel_Alpha158_csi300_sliding_step40_s_20260111_23,12f4cb9e2e654b22a3588e4374ed56b1,2026-04-23,SH601658,0.1386009944859507,,,
EXP_DEnsembleModel_Alpha158_csi300_sliding_step40_s_20260111_23,12f4cb9e2e654b22a3588e4374ed56b1,2026-04-23,SH601668,-0.08362269568249993,,,
EXP_DEnsembleModel_Alpha158_csi300_sliding_step40_s_20260111_23,12f4cb9e2e654b22a3588e4374ed56b1,2026-04-23,SH601669,-0.10254529217035627,,,
EXP_DEnsembleModel_Alpha158_csi300_sliding_step40_s_20260111_23,12f4cb9e2e654b22a3588e4374ed56b1,2026-04-23,SH601688,0.06593850030389779,,,
EXP_DEnsembleModel_Alpha158_csi300_sliding_step40_s_20260111_23,12f4cb9e2e654b22a3588e4374ed56b1,2026-04-23,SH601689,0.08042945789050243,,,
EXP_DEnsembleModel_Alpha158_csi300_sliding_step40_s_20260111_23,12f4cb9e2e654b22a3588e4374ed56b1,2026-04-23,SH601698,-0.26149205508468304,,,
EXP_DEnsembleModel_Alpha158_csi300_sliding_step40_s_20260111_23,12f4cb9e2e654b22a3588e4374ed56b1,2026-04-23,SH601360,0.11464593503683992,,,
EXP_DEnsembleModel_Alpha158_csi300_sliding_step40_s_20260111_23,12f4cb9e2e654b22a3588e4374ed56b1,2026-04-23,SH600919,0.022625271540495245,,,
EXP_DEnsembleModel_Alpha158_csi300_sliding_step40_s_20260111_23,12f4cb9e2e654b22a3588e4374ed56b1,2026-04-23,SH600918,-0.07037391225280691,,,
EXP_DEnsembleModel_Alpha158_csi300_sliding_step40_s_20260111_23,12f4cb9e2e654b22a3588e4374ed56b1,2026-04-23,SH600905,-0.03919425478514887,,,
EXP_DEnsembleModel_Alpha158_csi300_sliding_step40_s_20260111_23,12f4cb9e2e654b22a3588e4374ed56b1,2026-04-23,SH600066,-0.21755918845769787,,,
EXP_DEnsembleModel_Alpha158_csi300_sliding_step40_s_20260111_23,12f4cb9e2e654b22a3588e4374ed56b1,2026-04-23,SH600085,-0.0670968066931794,,,
EXP_DEnsembleModel_Alpha158_csi300_sliding_step40_s_20260111_23,12f4cb9e2e654b22a3588e4374ed56b1,2026-04-23,SH600089,0.05502303104310891,,,
EXP_DEnsembleModel_Alpha158_csi300_sliding_step40_s_20260111_23,12f4cb9e2e654b22a3588e4374ed56b1,2026-04-23,SH600104,0.018593501082138263,,,
EXP_DEnsembleModel_Alpha158_csi300_sliding_step40_s_20260111_23,12f4cb9e2e654b22a3588e4374ed56b1,2026-04-23,SH600111,0.16557972814575397,,,
EXP_DEnsembleModel_Alpha158_csi300_sliding_step40_s_20260111_23,12f4cb9e2e654b22a3588e4374ed56b1,2026-04-23,SH600115,0.0872983213136476,,,
EXP_DEnsembleModel_Alpha158_csi300_sliding_step40_s_20260111_23,12f4cb9e2e654b22a3588e4374ed56b1,2026-04-23,SH600061,0.00929205194605793,,,
EXP_DEnsembleModel_Alpha158_csi300_sliding_step40_s_20260111_23,12f4cb9e2e654b22a3588e4374ed56b1,2026-04-23,SH600150,-0.15470350829627483,,,
EXP_DEnsembleModel_Alpha158_csi300_sliding_step40_s_20260111_23,12f4cb9e2e654b22a3588e4374ed56b1,2026-04-23,SH600161,-0.028059005497906058,,,
EXP_DEnsembleModel_Alpha158_csi300_sliding_step40_s_20260111_23,12f4cb9e2e654b22a3588e4374ed56b1,2026-04-23,SH600176,-0.008378456184135298,,,
EXP_DEnsembleModel_Alpha158_csi300_sliding_step40_s_20260111_23,12f4cb9e2e654b22a3588e4374ed56b1,2026-04-23,SH600183,-0.12124662774018242,,,
EXP_DEnsembleModel_Alpha158_csi300_sliding_step40_s_20260111_23,12f4cb9e2e654b22a3588e4374ed56b1,2026-04-23,SH600188,0.1310979055457951,,,
EXP_DEnsembleModel_Alpha158_csi300_sliding_step40_s_20260111_23,12f4cb9e2e654b22a3588e4374ed56b1,2026-04-23,SH600196,0.035524731313974406,,,
EXP_DEnsembleModel_Alpha158_csi300_sliding_step40_s_20260111_23,12f4cb9e2e654b22a3588e4374ed56b1,2026-04-23,SH600219,0.0573766823015703,,,
EXP_DEnsembleModel_Alpha158_csi300_sliding_step40_s_20260111_23,12f4cb9e2e654b22a3588e4374ed56b1,2026-04-23,SH600160,0.10817283449118367,,,
EXP_DEnsembleModel_Alpha158_csi300_sliding_step40_s_20260111_23,12f4cb9e2e654b22a3588e4374ed56b1,2026-04-23,SH600050,-0.006534828513061686,,,
EXP_DEnsembleModel_Alpha158_csi300_sliding_step40_s_20260111_23,12f4cb9e2e654b22a3588e4374ed56b1,2026-04-23,SH600048,-0.0031658614839327253,,,
EXP_DEnsembleModel_Alpha158_csi300_sliding_step40_s_20260111_23,12f4cb9e2e654b22a3588e4374ed56b1,2026-04-23,SH600039,0.11774801817530386,,,
EXP_DEnsembleModel_Alpha158_csi300_sliding_step40_s_20260111_23,12f4cb9e2e654b22a3588e4374ed56b1,2026-04-23,SH600010,0.10648469573874157,,,
EXP_DEnsembleModel_Alpha158_csi300_sliding_step40_s_20260111_23,12f4cb9e2e654b22a3588e4374ed56b1,2026-04-23,SH600011,-0.006223074178436495,,,
EXP_DEnsembleModel_Alpha158_csi300_sliding_step40_s_20260111_23,12f4cb9e2e654b22a3588e4374ed56b1,2026-04-23,SH600015,0.08148918474432466,,,
EXP_DEnsembleModel_Alpha158_csi300_sliding_step40_s_20260111_23,12f4cb9e2e654b22a3588e4374ed56b1,2026-04-23,SH600016,0.00021008459359096626,,,
EXP_DEnsembleModel_Alpha158_csi300_sliding_step40_s_20260111_23,12f4cb9e2e654b22a3588e4374ed56b1,2026-04-23,SH600018,-0.02581155744964981,,,
EXP_DEnsembleModel_Alpha158_csi300_sliding_step40_s_20260111_23,12f4cb9e2e654b22a3588e4374ed56b1,2026-04-23,SH600019,0.006391417093257818,,,
EXP_DEnsembleModel_Alpha158_csi300_sliding_step40_s_20260111_23,12f4cb9e2e654b22a3588e4374ed56b1,2026-04-23,SH600023,-0.02210116258749273,,,
EXP_DEnsembleModel_Alpha158_csi300_sliding_step40_s_20260111_23,12f4cb9e2e654b22a3588e4374ed56b1,2026-04-23,SH600025,0.07298228307973234,,,
EXP_DEnsembleModel_Alpha158_csi300_sliding_step40_s_20260111_23,12f4cb9e2e654b22a3588e4374ed56b1,2026-04-23,SH600026,-0.01797082695614688,,,
EXP_DEnsembleModel_Alpha158_csi300_sliding_step40_s_20260111_23,12f4cb9e2e654b22a3588e4374ed56b1,2026-04-23,SH600027,-0.11938812267128274,,,
EXP_DEnsembleModel_Alpha158_csi300_sliding_step40_s_20260111_23,12f4cb9e2e654b22a3588e4374ed56b1,2026-04-23,SH600028,-0.075113749335051,,,
EXP_DEnsembleModel_Alpha158_csi300_sliding_step40_s_20260111_23,12f4cb9e2e654b22a3588e4374ed56b1,2026-04-23,SH600029,0.022478741444991897,,,
EXP_DEnsembleModel_Alpha158_csi300_sliding_step40_s_20260111_23,12f4cb9e2e654b22a3588e4374ed56b1,2026-04-23,SH600030,-0.044863368565017006,,,
EXP_DEnsembleModel_Alpha158_csi300_sliding_step40_s_20260111_23,12f4cb9e2e654b22a3588e4374ed56b1,2026-04-23,SH600031,0.0738560653288243,,,
EXP_DEnsembleModel_Alpha158_csi300_sliding_step40_s_20260111_23,12f4cb9e2e654b22a3588e4374ed56b1,2026-04-23,SH600036,0.12536569425719035,,,
EXP_DEnsembleModel_Alpha158_csi300_sliding_step40_s_20260111_23,12f4cb9e2e654b22a3588e4374ed56b1,2026-04-23,SH600233,-0.23629421228593275,,,
EXP_DEnsembleModel_Alpha158_csi300_sliding_step40_s_20260111_23,12f4cb9e2e654b22a3588e4374ed56b1,2026-04-23,SH600276,0.08740064895639972,,,
EXP_DEnsembleModel_Alpha158_csi300_sliding_step40_s_20260111_23,12f4cb9e2e654b22a3588e4374ed56b1,2026-04-23,SH600309,0.13591880153330907,,,
EXP_DEnsembleModel_Alpha158_csi300_sliding_step40_s_20260111_23,12f4cb9e2e654b22a3588e4374ed56b1,2026-04-23,SH600346,0.06272175395603227,,,
EXP_DEnsembleModel_Alpha158_csi300_sliding_step40_s_20260111_23,12f4cb9e2e654b22a3588e4374ed56b1,2026-04-23,SH600600,0.03532502410057474,,,
EXP_DEnsembleModel_Alpha158_csi300_sliding_step40_s_20260111_23,12f4cb9e2e654b22a3588e4374ed56b1,2026-04-23,SH600660,0.12618416101733176,,,
EXP_DEnsembleModel_Alpha158_csi300_sliding_step40_s_20260111_23,12f4cb9e2e654b22a3588e4374ed56b1,2026-04-23,SH600674,0.014432980606410354,,,
EXP_DEnsembleModel_Alpha158_csi300_sliding_step40_s_20260111_23,12f4cb9e2e654b22a3588e4374ed56b1,2026-04-23,SH600690,-0.016089480621557406,,,
EXP_DEnsembleModel_Alpha158_csi300_sliding_step40_s_20260111_23,12f4cb9e2e654b22a3588e4374ed56b1,2026-04-23,SH600741,0.11755079328696565,,,
EXP_DEnsembleModel_Alpha158_csi300_sliding_step40_s_20260111_23,12f4cb9e2e654b22a3588e4374ed56b1,2026-04-23,SH600760,0.00024040134279399537,,,
EXP_DEnsembleModel_Alpha158_csi300_sliding_step40_s_20260111_23,12f4cb9e2e654b22a3588e4374ed56b1,2026-04-23,SH600795,0.05406881190859529,,,
EXP_DEnsembleModel_Alpha158_csi300_sliding_step40_s_20260111_23,12f4cb9e2e654b22a3588e4374ed56b1,2026-04-23,SH600803,0.027134167364263263,,,
EXP_DEnsembleModel_Alpha158_csi300_sliding_step40_s_20260111_23,12f4cb9e2e654b22a3588e4374ed56b1,2026-04-23,SH600809,-0.07742342204017504,,,
EXP_DEnsembleModel_Alpha158_csi300_sliding_step40_s_20260111_23,12f4cb9e2e654b22a3588e4374ed56b1,2026-04-23,SH600845,0.16464733065033182,,,
EXP_DEnsembleModel_Alpha158_csi300_sliding_step40_s_20260111_23,12f4cb9e2e654b22a3588e4374ed56b1,2026-04-23,SH600875,0.03532771116911956,,,
EXP_DEnsembleModel_Alpha158_csi300_sliding_step40_s_20260111_23,12f4cb9e2e654b22a3588e4374ed56b1,2026-04-23,SH600886,0.04577985672752715,,,
EXP_DEnsembleModel_Alpha158_csi300_sliding_step40_s_20260111_23,12f4cb9e2e654b22a3588e4374ed56b1,2026-04-23,SH600887,-0.05973579311312882,,,
EXP_DEnsembleModel_Alpha158_csi300_sliding_step40_s_20260111_23,12f4cb9e2e654b22a3588e4374ed56b1,2026-04-23,SH600893,0.09102498916838835,,,
EXP_DEnsembleModel_Alpha158_csi300_sliding_step40_s_20260111_23,12f4cb9e2e654b22a3588e4374ed56b1,2026-04-23,SH600900,0.08384688481554085,,,
EXP_DEnsembleModel_Alpha158_csi300_sliding_step40_s_20260111_23,12f4cb9e2e654b22a3588e4374ed56b1,2026-04-23,SH600588,0.12267705526949103,,,
EXP_DEnsembleModel_Alpha158_csi300_sliding_step40_s_20260111_23,12f4cb9e2e654b22a3588e4374ed56b1,2026-04-23,SH601901,-0.005830349008514623,,,
EXP_DEnsembleModel_Alpha158_csi300_sliding_step40_s_20260111_23,12f4cb9e2e654b22a3588e4374ed56b1,2026-04-23,SH600585,0.04060502993933954,,,
EXP_DEnsembleModel_Alpha158_csi300_sliding_step40_s_20260111_23,12f4cb9e2e654b22a3588e4374ed56b1,2026-04-23,SH600570,0.10632512379518237,,,
EXP_DEnsembleModel_Alpha158_csi300_sliding_step40_s_20260111_23,12f4cb9e2e654b22a3588e4374ed56b1,2026-04-23,SH600362,0.1633494782277213,,,
EXP_DEnsembleModel_Alpha158_csi300_sliding_step40_s_20260111_23,12f4cb9e2e654b22a3588e4374ed56b1,2026-04-23,SH600372,0.07247400700655918,,,
EXP_DEnsembleModel_Alpha158_csi300_sliding_step40_s_20260111_23,12f4cb9e2e654b22a3588e4374ed56b1,2026-04-23,SH600377,0.0649926156514064,,,
EXP_DEnsembleModel_Alpha158_csi300_sliding_step40_s_20260111_23,12f4cb9e2e654b22a3588e4374ed56b1,2026-04-23,SH600406,0.10203025173431085,,,
EXP_DEnsembleModel_Alpha158_csi300_sliding_step40_s_20260111_23,12f4cb9e2e654b22a3588e4374ed56b1,2026-04-23,SH600415,-0.031273318935301796,,,
EXP_DEnsembleModel_Alpha158_csi300_sliding_step40_s_20260111_23,12f4cb9e2e654b22a3588e4374ed56b1,2026-04-23,SH600426,0.0135521188458384,,,
EXP_DEnsembleModel_Alpha158_csi300_sliding_step40_s_20260111_23,12f4cb9e2e654b22a3588e4374ed56b1,2026-04-23,SH600436,-0.12588223726385253,,,
EXP_DEnsembleModel_Alpha158_csi300_sliding_step40_s_20260111_23,12f4cb9e2e654b22a3588e4374ed56b1,2026-04-23,SH600438,-0.07187301032561529,,,
EXP_DEnsembleModel_Alpha158_csi300_sliding_step40_s_20260111_23,12f4cb9e2e654b22a3588e4374ed56b1,2026-04-23,SH600460,0.05823692234724014,,,
EXP_DEnsembleModel_Alpha158_csi300_sliding_step40_s_20260111_23,12f4cb9e2e654b22a3588e4374ed56b1,2026-04-23,SH600482,0.16863739255496754,,,
EXP_DEnsembleModel_Alpha158_csi300_sliding_step40_s_20260111_23,12f4cb9e2e654b22a3588e4374ed56b1,2026-04-23,SH600489,0.17729669213643026,,,
EXP_DEnsembleModel_Alpha158_csi300_sliding_step40_s_20260111_23,12f4cb9e2e654b22a3588e4374ed56b1,2026-04-23,SH600515,0.09881382581013613,,,
EXP_DEnsembleModel_Alpha158_csi300_sliding_step40_s_20260111_23,12f4cb9e2e654b22a3588e4374ed56b1,2026-04-23,SH600519,0.025728239105713955,,,
EXP_DEnsembleModel_Alpha158_csi300_sliding_step40_s_20260111_23,12f4cb9e2e654b22a3588e4374ed56b1,2026-04-23,SH600522,-0.007343169164439576,,,
EXP_DEnsembleModel_Alpha158_csi300_sliding_step40_s_20260111_23,12f4cb9e2e654b22a3588e4374ed56b1,2026-04-23,SH600547,0.21019988970894785,,,
EXP_DEnsembleModel_Alpha158_csi300_sliding_step40_s_20260111_23,12f4cb9e2e654b22a3588e4374ed56b1,2026-04-23,SH600584,0.05510440483040954,,,
EXP_DEnsembleModel_Alpha158_csi300_sliding_step40_s_20260111_23,12f4cb9e2e654b22a3588e4374ed56b1,2026-04-23,SH601916,0.03152792627959887,,,
EXP_DEnsembleModel_Alpha158_csi300_sliding_step40_s_20260111_23,12f4cb9e2e654b22a3588e4374ed56b1,2026-04-23,SH601919,-0.0567301325339109,,,
EXP_DEnsembleModel_Alpha158_csi300_sliding_step40_s_20260111_23,12f4cb9e2e654b22a3588e4374ed56b1,2026-04-23,SH601939,0.1605417229923191,,,
EXP_DEnsembleModel_Alpha158_csi300_sliding_step40_s_20260111_23,12f4cb9e2e654b22a3588e4374ed56b1,2026-04-23,SZ002422,0.03371299703499933,,,
EXP_DEnsembleModel_Alpha158_csi300_sliding_step40_s_20260111_23,12f4cb9e2e654b22a3588e4374ed56b1,2026-04-23,SZ002459,0.09874556939385137,,,
EXP_DEnsembleModel_Alpha158_csi300_sliding_step40_s_20260111_23,12f4cb9e2e654b22a3588e4374ed56b1,2026-04-23,SZ002460,0.11164049900888293,,,
EXP_DEnsembleModel_Alpha158_csi300_sliding_step40_s_20260111_23,12f4cb9e2e654b22a3588e4374ed56b1,2026-04-23,SZ002463,-0.1125963506812993,,,
EXP_DEnsembleModel_Alpha158_csi300_sliding_step40_s_20260111_23,12f4cb9e2e654b22a3588e4374ed56b1,2026-04-23,SZ002466,0.015422344900688638,,,
EXP_DEnsembleModel_Alpha158_csi300_sliding_step40_s_20260111_23,12f4cb9e2e654b22a3588e4374ed56b1,2026-04-23,SZ002475,0.05783825887351685,,,
EXP_DEnsembleModel_Alpha158_csi300_sliding_step40_s_20260111_23,12f4cb9e2e654b22a3588e4374ed56b1,2026-04-23,SZ002415,0.05621969469647274,,,
EXP_DEnsembleModel_Alpha158_csi300_sliding_step40_s_20260111_23,12f4cb9e2e654b22a3588e4374ed56b1,2026-04-23,SZ002493,0.13766682541372804,,,
EXP_DEnsembleModel_Alpha158_csi300_sliding_step40_s_20260111_23,12f4cb9e2e654b22a3588e4374ed56b1,2026-04-23,SZ002600,-0.06404306295919292,,,
EXP_DEnsembleModel_Alpha158_csi300_sliding_step40_s_20260111_23,12f4cb9e2e654b22a3588e4374ed56b1,2026-04-23,SZ002601,0.07851372498300806,,,
EXP_DEnsembleModel_Alpha158_csi300_sliding_step40_s_20260111_23,12f4cb9e2e654b22a3588e4374ed56b1,2026-04-23,SZ002625,0.10638146794687268,,,
EXP_DEnsembleModel_Alpha158_csi300_sliding_step40_s_20260111_23,12f4cb9e2e654b22a3588e4374ed56b1,2026-04-23,SZ002648,0.034496394187102666,,,
EXP_DEnsembleModel_Alpha158_csi300_sliding_step40_s_20260111_23,12f4cb9e2e654b22a3588e4374ed56b1,2026-04-23,SZ002709,0.06963508573541821,,,
EXP_DEnsembleModel_Alpha158_csi300_sliding_step40_s_20260111_23,12f4cb9e2e654b22a3588e4374ed56b1,2026-04-23,SZ002714,0.16483626777046972,,,
EXP_DEnsembleModel_Alpha158_csi300_sliding_step40_s_20260111_23,12f4cb9e2e654b22a3588e4374ed56b1,2026-04-23,SZ002594,0.015071001708894968,,,
EXP_DEnsembleModel_Alpha158_csi300_sliding_step40_s_20260111_23,12f4cb9e2e654b22a3588e4374ed56b1,2026-04-23,SZ002384,-0.11173458718261957,,,
EXP_DEnsembleModel_Alpha158_csi300_sliding_step40_s_20260111_23,12f4cb9e2e654b22a3588e4374ed56b1,2026-04-23,SZ002371,0.1705247491888054,,,
EXP_DEnsembleModel_Alpha158_csi300_sliding_step40_s_20260111_23,12f4cb9e2e654b22a3588e4374ed56b1,2026-04-23,SZ002352,-0.016019351453051955,,,
EXP_DEnsembleModel_Alpha158_csi300_sliding_step40_s_20260111_23,12f4cb9e2e654b22a3588e4374ed56b1,2026-04-23,SZ001979,-0.12891992430701377,,,
EXP_DEnsembleModel_Alpha158_csi300_sliding_step40_s_20260111_23,12f4cb9e2e654b22a3588e4374ed56b1,2026-04-23,SZ002001,0.025330881850585775,,,
EXP_DEnsembleModel_Alpha158_csi300_sliding_step40_s_20260111_23,12f4cb9e2e654b22a3588e4374ed56b1,2026-04-23,SZ002027,0.011072345774075351,,,
EXP_DEnsembleModel_Alpha158_csi300_sliding_step40_s_20260111_23,12f4cb9e2e654b22a3588e4374ed56b1,2026-04-23,SZ002028,0.10750633448007232,,,
EXP_DEnsembleModel_Alpha158_csi300_sliding_step40_s_20260111_23,12f4cb9e2e654b22a3588e4374ed56b1,2026-04-23,SZ002049,0.16715005383175108,,,
EXP_DEnsembleModel_Alpha158_csi300_sliding_step40_s_20260111_23,12f4cb9e2e654b22a3588e4374ed56b1,2026-04-23,SZ002050,0.13284594553745505,,,
EXP_DEnsembleModel_Alpha158_csi300_sliding_step40_s_20260111_23,12f4cb9e2e654b22a3588e4374ed56b1,2026-04-23,SZ002074,-0.03879675884754976,,,
EXP_DEnsembleModel_Alpha158_csi300_sliding_step40_s_20260111_23,12f4cb9e2e654b22a3588e4374ed56b1,2026-04-23,SZ002142,0.09437393573110732,,,
EXP_DEnsembleModel_Alpha158_csi300_sliding_step40_s_20260111_23,12f4cb9e2e654b22a3588e4374ed56b1,2026-04-23,SZ002179,0.012948672909983328,,,
EXP_DEnsembleModel_Alpha158_csi300_sliding_step40_s_20260111_23,12f4cb9e2e654b22a3588e4374ed56b1,2026-04-23,SZ002230,0.08060427189076953,,,
EXP_DEnsembleModel_Alpha158_csi300_sliding_step40_s_20260111_23,12f4cb9e2e654b22a3588e4374ed56b1,2026-04-23,SZ002236,0.10541192203499529,,,
EXP_DEnsembleModel_Alpha158_csi300_sliding_step40_s_20260111_23,12f4cb9e2e654b22a3588e4374ed56b1,2026-04-23,SZ002241,0.13415450645042046,,,
EXP_DEnsembleModel_Alpha158_csi300_sliding_step40_s_20260111_23,12f4cb9e2e654b22a3588e4374ed56b1,2026-04-23,SZ002252,0.0218136698891561,,,
EXP_DEnsembleModel_Alpha158_csi300_sliding_step40_s_20260111_23,12f4cb9e2e654b22a3588e4374ed56b1,2026-04-23,SZ002304,0.03391723241938893,,,
EXP_DEnsembleModel_Alpha158_csi300_sliding_step40_s_20260111_23,12f4cb9e2e654b22a3588e4374ed56b1,2026-04-23,SZ002311,0.024315420452560167,,,
EXP_DEnsembleModel_Alpha158_csi300_sliding_step40_s_20260111_23,12f4cb9e2e654b22a3588e4374ed56b1,2026-04-23,SZ002736,0.06863764882727885,,,
EXP_DEnsembleModel_Alpha158_csi300_sliding_step40_s_20260111_23,12f4cb9e2e654b22a3588e4374ed56b1,2026-04-23,SZ002916,-0.031822239401636004,,,
EXP_DEnsembleModel_Alpha158_csi300_sliding_step40_s_20260111_23,12f4cb9e2e654b22a3588e4374ed56b1,2026-04-23,SZ002920,0.11068446638283179,,,
EXP_DEnsembleModel_Alpha158_csi300_sliding_step40_s_20260111_23,12f4cb9e2e654b22a3588e4374ed56b1,2026-04-23,SZ002938,-0.12863860530462903,,,
EXP_DEnsembleModel_Alpha158_csi300_sliding_step40_s_20260111_23,12f4cb9e2e654b22a3588e4374ed56b1,2026-04-23,SZ300498,-0.08100621156665051,,,
EXP_DEnsembleModel_Alpha158_csi300_sliding_step40_s_20260111_23,12f4cb9e2e654b22a3588e4374ed56b1,2026-04-23,SZ300502,0.09645311266633542,,,
EXP_DEnsembleModel_Alpha158_csi300_sliding_step40_s_20260111_23,12f4cb9e2e654b22a3588e4374ed56b1,2026-04-23,SZ300628,-0.09222578231371027,,,
EXP_DEnsembleModel_Alpha158_csi300_sliding_step40_s_20260111_23,12f4cb9e2e654b22a3588e4374ed56b1,2026-04-23,SZ300661,-0.049295157235718465,,,
EXP_DEnsembleModel_Alpha158_csi300_sliding_step40_s_20260111_23,12f4cb9e2e654b22a3588e4374ed56b1,2026-04-23,SZ300750,0.19408574276342064,,,
EXP_DEnsembleModel_Alpha158_csi300_sliding_step40_s_20260111_23,12f4cb9e2e654b22a3588e4374ed56b1,2026-04-23,SZ300759,0.20975982857764736,,,
EXP_DEnsembleModel_Alpha158_csi300_sliding_step40_s_20260111_23,12f4cb9e2e654b22a3588e4374ed56b1,2026-04-23,SZ300760,0.022775994498658938,,,
EXP_DEnsembleModel_Alpha158_csi300_sliding_step40_s_20260111_23,12f4cb9e2e654b22a3588e4374ed56b1,2026-04-23,SZ300782,0.014805635658000929,,,
EXP_DEnsembleModel_Alpha158_csi300_sliding_step40_s_20260111_23,12f4cb9e2e654b22a3588e4374ed56b1,2026-04-23,SZ300803,0.05607166581170811,,,
EXP_DEnsembleModel_Alpha158_csi300_sliding_step40_s_20260111_23,12f4cb9e2e654b22a3588e4374ed56b1,2026-04-23,SZ300832,-0.08839761429402056,,,
EXP_DEnsembleModel_Alpha158_csi300_sliding_step40_s_20260111_23,12f4cb9e2e654b22a3588e4374ed56b1,2026-04-23,SZ300866,-0.09532825919254444,,,
EXP_DEnsembleModel_Alpha158_csi300_sliding_step40_s_20260111_23,12f4cb9e2e654b22a3588e4374ed56b1,2026-04-23,SZ300896,-0.07932748071786346,,,
EXP_DEnsembleModel_Alpha158_csi300_sliding_step40_s_20260111_23,12f4cb9e2e654b22a3588e4374ed56b1,2026-04-23,SZ300979,-0.05986574007211945,,,
EXP_DEnsembleModel_Alpha158_csi300_sliding_step40_s_20260111_23,12f4cb9e2e654b22a3588e4374ed56b1,2026-04-23,SZ300999,-0.026404741865188305,,,
EXP_DEnsembleModel_Alpha158_csi300_sliding_step40_s_20260111_23,12f4cb9e2e654b22a3588e4374ed56b1,2026-04-23,SZ301236,-0.16655357937164741,,,
EXP_DEnsembleModel_Alpha158_csi300_sliding_step40_s_20260111_23,12f4cb9e2e654b22a3588e4374ed56b1,2026-04-23,SZ300476,0.05123838274343026,,,
EXP_DEnsembleModel_Alpha158_csi300_sliding_step40_s_20260111_23,12f4cb9e2e654b22a3588e4374ed56b1,2026-04-23,SZ001965,-0.10121339623600431,,,
EXP_DEnsembleModel_Alpha158_csi300_sliding_step40_s_20260111_23,12f4cb9e2e654b22a3588e4374ed56b1,2026-04-23,SZ300442,0.09536299712783532,,,
EXP_DEnsembleModel_Alpha158_csi300_sliding_step40_s_20260111_23,12f4cb9e2e654b22a3588e4374ed56b1,2026-04-23,SZ300418,0.08287496175806605,,,
EXP_DEnsembleModel_Alpha158_csi300_sliding_step40_s_20260111_23,12f4cb9e2e654b22a3588e4374ed56b1,2026-04-23,SZ003816,-0.05784475712605824,,,
EXP_DEnsembleModel_Alpha158_csi300_sliding_step40_s_20260111_23,12f4cb9e2e654b22a3588e4374ed56b1,2026-04-23,SZ300014,0.0042016856987583525,,,
EXP_DEnsembleModel_Alpha158_csi300_sliding_step40_s_20260111_23,12f4cb9e2e654b22a3588e4374ed56b1,2026-04-23,SZ300015,-0.05602890355105316,,,
EXP_DEnsembleModel_Alpha158_csi300_sliding_step40_s_20260111_23,12f4cb9e2e654b22a3588e4374ed56b1,2026-04-23,SZ300033,0.07946248007628053,,,
EXP_DEnsembleModel_Alpha158_csi300_sliding_step40_s_20260111_23,12f4cb9e2e654b22a3588e4374ed56b1,2026-04-23,SZ300059,0.03702395431118881,,,
EXP_DEnsembleModel_Alpha158_csi300_sliding_step40_s_20260111_23,12f4cb9e2e654b22a3588e4374ed56b1,2026-04-23,SZ300122,-0.025713588977344187,,,
EXP_DEnsembleModel_Alpha158_csi300_sliding_step40_s_20260111_23,12f4cb9e2e654b22a3588e4374ed56b1,2026-04-23,SZ300124,0.14189196874416232,,,
EXP_DEnsembleModel_Alpha158_csi300_sliding_step40_s_20260111_23,12f4cb9e2e654b22a3588e4374ed56b1,2026-04-23,SZ300251,0.06039134355219775,,,
EXP_DEnsembleModel_Alpha158_csi300_sliding_step40_s_20260111_23,12f4cb9e2e654b22a3588e4374ed56b1,2026-04-23,SZ300274,0.09355930994405591,,,
EXP_DEnsembleModel_Alpha158_csi300_sliding_step40_s_20260111_23,12f4cb9e2e654b22a3588e4374ed56b1,2026-04-23,SZ300308,-0.007082721254917569,,,
EXP_DEnsembleModel_Alpha158_csi300_sliding_step40_s_20260111_23,12f4cb9e2e654b22a3588e4374ed56b1,2026-04-23,SZ300316,0.17106676292583434,,,
EXP_DEnsembleModel_Alpha158_csi300_sliding_step40_s_20260111_23,12f4cb9e2e654b22a3588e4374ed56b1,2026-04-23,SZ300347,0.10551641572813598,,,
EXP_DEnsembleModel_Alpha158_csi300_sliding_step40_s_20260111_23,12f4cb9e2e654b22a3588e4374ed56b1,2026-04-23,SZ300394,0.15124975469507676,,,
EXP_DEnsembleModel_Alpha158_csi300_sliding_step40_s_20260111_23,12f4cb9e2e654b22a3588e4374ed56b1,2026-04-23,SZ300408,-0.12179973676258651,,,
EXP_DEnsembleModel_Alpha158_csi300_sliding_step40_s_20260111_23,12f4cb9e2e654b22a3588e4374ed56b1,2026-04-23,SZ300413,0.07589432758390613,,,
EXP_DEnsembleModel_Alpha158_csi300_sliding_step40_s_20260111_23,12f4cb9e2e654b22a3588e4374ed56b1,2026-04-23,SZ300433,-0.013200670584919857,,,
EXP_DEnsembleModel_Alpha158_csi300_sliding_step40_s_20260111_23,12f4cb9e2e654b22a3588e4374ed56b1,2026-04-23,SH600009,0.000762391841698424,,,
EXP_DEnsembleModel_Alpha158_csi300_sliding_step40_s_20260111_23,12f4cb9e2e654b22a3588e4374ed56b1,2026-04-23,SZ001391,-0.049724176222561665,,,
EXP_DEnsembleModel_Alpha158_csi300_sliding_step40_s_20260111_23,12f4cb9e2e654b22a3588e4374ed56b1,2026-04-23,SZ000983,-0.02241452870881001,,,
EXP_DEnsembleModel_Alpha158_csi300_sliding_step40_s_20260111_23,12f4cb9e2e654b22a3588e4374ed56b1,2026-04-23,SH688008,-0.10288250797778489,,,
EXP_DEnsembleModel_Alpha158_csi300_sliding_step40_s_20260111_23,12f4cb9e2e654b22a3588e4374ed56b1,2026-04-23,SH688009,-0.012557706490156785,,,
EXP_DEnsembleModel_Alpha158_csi300_sliding_step40_s_20260111_23,12f4cb9e2e654b22a3588e4374ed56b1,2026-04-23,SH688012,0.11834815146070359,,,
EXP_DEnsembleModel_Alpha158_csi300_sliding_step40_s_20260111_23,12f4cb9e2e654b22a3588e4374ed56b1,2026-04-23,SH688036,-0.0218130391543552,,,
EXP_DEnsembleModel_Alpha158_csi300_sliding_step40_s_20260111_23,12f4cb9e2e654b22a3588e4374ed56b1,2026-04-23,SH688041,-0.03849784966813486,,,
EXP_DEnsembleModel_Alpha158_csi300_sliding_step40_s_20260111_23,12f4cb9e2e654b22a3588e4374ed56b1,2026-04-23,SH688047,-0.1775912284793897,,,
EXP_DEnsembleModel_Alpha158_csi300_sliding_step40_s_20260111_23,12f4cb9e2e654b22a3588e4374ed56b1,2026-04-23,SH605499,-0.04783034413281472,,,
EXP_DEnsembleModel_Alpha158_csi300_sliding_step40_s_20260111_23,12f4cb9e2e654b22a3588e4374ed56b1,2026-04-23,SH688082,0.0980826013514995,,,
EXP_DEnsembleModel_Alpha158_csi300_sliding_step40_s_20260111_23,12f4cb9e2e654b22a3588e4374ed56b1,2026-04-23,SH688126,-0.348690978508729,,,
EXP_DEnsembleModel_Alpha158_csi300_sliding_step40_s_20260111_23,12f4cb9e2e654b22a3588e4374ed56b1,2026-04-23,SH688169,-0.0040236365936978016,,,
EXP_DEnsembleModel_Alpha158_csi300_sliding_step40_s_20260111_23,12f4cb9e2e654b22a3588e4374ed56b1,2026-04-23,SH688187,0.12031780777552753,,,
EXP_DEnsembleModel_Alpha158_csi300_sliding_step40_s_20260111_23,12f4cb9e2e654b22a3588e4374ed56b1,2026-04-23,SH688223,0.11887365736337237,,,
EXP_DEnsembleModel_Alpha158_csi300_sliding_step40_s_20260111_23,12f4cb9e2e654b22a3588e4374ed56b1,2026-04-23,SH688256,0.24345121357526645,,,
EXP_DEnsembleModel_Alpha158_csi300_sliding_step40_s_20260111_23,12f4cb9e2e654b22a3588e4374ed56b1,2026-04-23,SH688271,0.10275963092764821,,,
EXP_DEnsembleModel_Alpha158_csi300_sliding_step40_s_20260111_23,12f4cb9e2e654b22a3588e4374ed56b1,2026-04-23,SH688111,-0.07103744744412928,,,
EXP_DEnsembleModel_Alpha158_csi300_sliding_step40_s_20260111_23,12f4cb9e2e654b22a3588e4374ed56b1,2026-04-23,SH605117,-0.10061698738601593,,,
EXP_DEnsembleModel_Alpha158_csi300_sliding_step40_s_20260111_23,12f4cb9e2e654b22a3588e4374ed56b1,2026-04-23,SH603993,0.18328468002732715,,,
EXP_DEnsembleModel_Alpha158_csi300_sliding_step40_s_20260111_23,12f4cb9e2e654b22a3588e4374ed56b1,2026-04-23,SH603986,0.03368807838889291,,,
EXP_DEnsembleModel_Alpha158_csi300_sliding_step40_s_20260111_23,12f4cb9e2e654b22a3588e4374ed56b1,2026-04-23,SH601985,0.04519503323390973,,,
EXP_DEnsembleModel_Alpha158_csi300_sliding_step40_s_20260111_23,12f4cb9e2e654b22a3588e4374ed56b1,2026-04-23,SH601988,0.03427715300079259,,,
EXP_DEnsembleModel_Alpha158_csi300_sliding_step40_s_20260111_23,12f4cb9e2e654b22a3588e4374ed56b1,2026-04-23,SH601995,0.03403648007489585,,,
EXP_DEnsembleModel_Alpha158_csi300_sliding_step40_s_20260111_23,12f4cb9e2e654b22a3588e4374ed56b1,2026-04-23,SH601998,0.011071647002902607,,,
EXP_DEnsembleModel_Alpha158_csi300_sliding_step40_s_20260111_23,12f4cb9e2e654b22a3588e4374ed56b1,2026-04-23,SH603019,-0.018523319327116268,,,
EXP_DEnsembleModel_Alpha158_csi300_sliding_step40_s_20260111_23,12f4cb9e2e654b22a3588e4374ed56b1,2026-04-23,SH603195,0.04010981589070741,,,
EXP_DEnsembleModel_Alpha158_csi300_sliding_step40_s_20260111_23,12f4cb9e2e654b22a3588e4374ed56b1,2026-04-23,SH603259,-0.00841898845231624,,,
EXP_DEnsembleModel_Alpha158_csi300_sliding_step40_s_20260111_23,12f4cb9e2e654b22a3588e4374ed56b1,2026-04-23,SH603260,-0.024072280699839455,,,
EXP_DEnsembleModel_Alpha158_csi300_sliding_step40_s_20260111_23,12f4cb9e2e654b22a3588e4374ed56b1,2026-04-23,SH603288,0.062197033358547774,,,
EXP_DEnsembleModel_Alpha158_csi300_sliding_step40_s_20260111_23,12f4cb9e2e654b22a3588e4374ed56b1,2026-04-23,SH603296,-0.13455208027148358,,,
EXP_DEnsembleModel_Alpha158_csi300_sliding_step40_s_20260111_23,12f4cb9e2e654b22a3588e4374ed56b1,2026-04-23,SH603369,-0.04707210551370954,,,
EXP_DEnsembleModel_Alpha158_csi300_sliding_step40_s_20260111_23,12f4cb9e2e654b22a3588e4374ed56b1,2026-04-23,SH603392,-0.05085878122079993,,,
EXP_DEnsembleModel_Alpha158_csi300_sliding_step40_s_20260111_23,12f4cb9e2e654b22a3588e4374ed56b1,2026-04-23,SH603501,0.0730731418631249,,,
EXP_DEnsembleModel_Alpha158_csi300_sliding_step40_s_20260111_23,12f4cb9e2e654b22a3588e4374ed56b1,2026-04-23,SH603799,0.15818333177898403,,,
EXP_DEnsembleModel_Alpha158_csi300_sliding_step40_s_20260111_23,12f4cb9e2e654b22a3588e4374ed56b1,2026-04-23,SH603893,-0.1293726112233968,,,
EXP_DEnsembleModel_Alpha158_csi300_sliding_step40_s_20260111_23,12f4cb9e2e654b22a3588e4374ed56b1,2026-04-23,SH688303,-0.21892588102195698,,,
EXP_DEnsembleModel_Alpha158_csi300_sliding_step40_s_20260111_23,12f4cb9e2e654b22a3588e4374ed56b1,2026-04-23,SH688396,-0.08117510985364579,,,
EXP_DEnsembleModel_Alpha158_csi300_sliding_step40_s_20260111_23,12f4cb9e2e654b22a3588e4374ed56b1,2026-04-23,SH688472,0.18149741867508268,,,
EXP_DEnsembleModel_Alpha158_csi300_sliding_step40_s_20260111_23,12f4cb9e2e654b22a3588e4374ed56b1,2026-04-23,SH688506,0.10557102356003817,,,
EXP_DEnsembleModel_Alpha158_csi300_sliding_step40_s_20260111_23,12f4cb9e2e654b22a3588e4374ed56b1,2026-04-23,SZ000661,-0.040041709961965384,,,
EXP_DEnsembleModel_Alpha158_csi300_sliding_step40_s_20260111_23,12f4cb9e2e654b22a3588e4374ed56b1,2026-04-23,SZ000708,0.09572863337556296,,,
EXP_DEnsembleModel_Alpha158_csi300_sliding_step40_s_20260111_23,12f4cb9e2e654b22a3588e4374ed56b1,2026-04-23,SZ000725,0.14161097966983377,,,
EXP_DEnsembleModel_Alpha158_csi300_sliding_step40_s_20260111_23,12f4cb9e2e654b22a3588e4374ed56b1,2026-04-23,SZ000768,0.014881115589433282,,,
EXP_DEnsembleModel_Alpha158_csi300_sliding_step40_s_20260111_23,12f4cb9e2e654b22a3588e4374ed56b1,2026-04-23,SZ000776,0.024235183470500594,,,
EXP_DEnsembleModel_Alpha158_csi300_sliding_step40_s_20260111_23,12f4cb9e2e654b22a3588e4374ed56b1,2026-04-23,SZ000786,0.0158646480138938,,,
EXP_DEnsembleModel_Alpha158_csi300_sliding_step40_s_20260111_23,12f4cb9e2e654b22a3588e4374ed56b1,2026-04-23,SZ000792,0.1323413601897809,,,
EXP_DEnsembleModel_Alpha158_csi300_sliding_step40_s_20260111_23,12f4cb9e2e654b22a3588e4374ed56b1,2026-04-23,SZ000807,0.2408389532562923,,,
EXP_DEnsembleModel_Alpha158_csi300_sliding_step40_s_20260111_23,12f4cb9e2e654b22a3588e4374ed56b1,2026-04-23,SZ000858,-0.05757908536902467,,,
EXP_DEnsembleModel_Alpha158_csi300_sliding_step40_s_20260111_23,12f4cb9e2e654b22a3588e4374ed56b1,2026-04-23,SZ000876,0.07444517325759588,,,
EXP_DEnsembleModel_Alpha158_csi300_sliding_step40_s_20260111_23,12f4cb9e2e654b22a3588e4374ed56b1,2026-04-23,SZ000895,0.04712536474960439,,,
EXP_DEnsembleModel_Alpha158_csi300_sliding_step40_s_20260111_23,12f4cb9e2e654b22a3588e4374ed56b1,2026-04-23,SZ000938,-0.22339718253953098,,,
EXP_DEnsembleModel_Alpha158_csi300_sliding_step40_s_20260111_23,12f4cb9e2e654b22a3588e4374ed56b1,2026-04-23,SZ000963,0.006771463180754258,,,
EXP_DEnsembleModel_Alpha158_csi300_sliding_step40_s_20260111_23,12f4cb9e2e654b22a3588e4374ed56b1,2026-04-23,SZ000975,0.14690148696744745,,,
EXP_DEnsembleModel_Alpha158_csi300_sliding_step40_s_20260111_23,12f4cb9e2e654b22a3588e4374ed56b1,2026-04-23,SZ000977,-0.1644162649971771,,,
EXP_DEnsembleModel_Alpha158_csi300_sliding_step40_s_20260111_23,12f4cb9e2e654b22a3588e4374ed56b1,2026-04-23,SZ000651,-0.04528407895946899,,,
EXP_DEnsembleModel_Alpha158_csi300_sliding_step40_s_20260111_23,12f4cb9e2e654b22a3588e4374ed56b1,2026-04-23,SZ000999,-0.09075881039543426,,,
EXP_DEnsembleModel_Alpha158_csi300_sliding_step40_s_20260111_23,12f4cb9e2e654b22a3588e4374ed56b1,2026-04-23,SZ000630,0.1998421917069954,,,
EXP_DEnsembleModel_Alpha158_csi300_sliding_step40_s_20260111_23,12f4cb9e2e654b22a3588e4374ed56b1,2026-04-23,SZ000617,-0.024615084942897318,,,
EXP_DEnsembleModel_Alpha158_csi300_sliding_step40_s_20260111_23,12f4cb9e2e654b22a3588e4374ed56b1,2026-04-23,SH688981,0.10546291155222473,,,
EXP_DEnsembleModel_Alpha158_csi300_sliding_step40_s_20260111_23,12f4cb9e2e654b22a3588e4374ed56b1,2026-04-23,SZ000001,0.024171246679352977,,,
EXP_DEnsembleModel_Alpha158_csi300_sliding_step40_s_20260111_23,12f4cb9e2e654b22a3588e4374ed56b1,2026-04-23,SZ000002,0.026383099999368387,,,
EXP_DEnsembleModel_Alpha158_csi300_sliding_step40_s_20260111_23,12f4cb9e2e654b22a3588e4374ed56b1,2026-04-23,SZ000063,-0.03666848358540955,,,
EXP_DEnsembleModel_Alpha158_csi300_sliding_step40_s_20260111_23,12f4cb9e2e654b22a3588e4374ed56b1,2026-04-23,SZ000100,0.054718098415229746,,,
EXP_DEnsembleModel_Alpha158_csi300_sliding_step40_s_20260111_23,12f4cb9e2e654b22a3588e4374ed56b1,2026-04-23,SZ000157,-0.016768998836136077,,,
EXP_DEnsembleModel_Alpha158_csi300_sliding_step40_s_20260111_23,12f4cb9e2e654b22a3588e4374ed56b1,2026-04-23,SZ000166,0.008082238243633109,,,
EXP_DEnsembleModel_Alpha158_csi300_sliding_step40_s_20260111_23,12f4cb9e2e654b22a3588e4374ed56b1,2026-04-23,SZ000301,0.07965021353677125,,,
EXP_DEnsembleModel_Alpha158_csi300_sliding_step40_s_20260111_23,12f4cb9e2e654b22a3588e4374ed56b1,2026-04-23,SZ000333,0.013025664529089232,,,
EXP_DEnsembleModel_Alpha158_csi300_sliding_step40_s_20260111_23,12f4cb9e2e654b22a3588e4374ed56b1,2026-04-23,SZ000338,0.13371100007427467,,,
EXP_DEnsembleModel_Alpha158_csi300_sliding_step40_s_20260111_23,12f4cb9e2e654b22a3588e4374ed56b1,2026-04-23,SZ000408,0.1228688811605378,,,
EXP_DEnsembleModel_Alpha158_csi300_sliding_step40_s_20260111_23,12f4cb9e2e654b22a3588e4374ed56b1,2026-04-23,SZ000425,0.17620358508261172,,,
EXP_DEnsembleModel_Alpha158_csi300_sliding_step40_s_20260111_23,12f4cb9e2e654b22a3588e4374ed56b1,2026-04-23,SZ000538,-0.05955822759664405,,,
EXP_DEnsembleModel_Alpha158_csi300_sliding_step40_s_20260111_23,12f4cb9e2e654b22a3588e4374ed56b1,2026-04-23,SZ000568,-0.019085064581734375,,,
EXP_DEnsembleModel_Alpha158_csi300_sliding_step40_s_20260111_23,12f4cb9e2e654b22a3588e4374ed56b1,2026-04-23,SZ000596,0.01620523969241246,,,
EXP_DEnsembleModel_Alpha158_csi300_sliding_step40_s_20260111_23,12f4cb9e2e654b22a3588e4374ed56b1,2026-04-23,SZ000625,-0.047487331968236124,,,
EXP_DEnsembleModel_Alpha158_csi300_sliding_step40_s_20260111_23,12f4cb9e2e654b22a3588e4374ed56b1,2026-04-23,SH600000,0.02382569991664824,,,
EXP_DEnsembleModel_Alpha158_csi300_expanding_step40_s_20260112_22,5dfe27da14f64e55b157c5d6f03705b8,2026-04-23,SZ302132,0.026705758430370027,,,
EXP_DEnsembleModel_Alpha158_csi300_expanding_step40_s_20260112_22,5dfe27da14f64e55b157c5d6f03705b8,2026-04-23,SZ301269,0.08617508336685098,,,
EXP_DEnsembleModel_Alpha158_csi300_expanding_step40_s_20260112_22,5dfe27da14f64e55b157c5d6f03705b8,2026-04-23,SH601127,0.09929501164707064,,,
EXP_DEnsembleModel_Alpha158_csi300_expanding_step40_s_20260112_22,5dfe27da14f64e55b157c5d6f03705b8,2026-04-23,SH601136,-0.06306275436325033,,,
EXP_DEnsembleModel_Alpha158_csi300_expanding_step40_s_20260112_22,5dfe27da14f64e55b157c5d6f03705b8,2026-04-23,SH601138,-0.12940114733160532,,,
EXP_DEnsembleModel_Alpha158_csi300_expanding_step40_s_20260112_22,5dfe27da14f64e55b157c5d6f03705b8,2026-04-23,SH601166,-0.04759745694831057,,,
EXP_DEnsembleModel_Alpha158_csi300_expanding_step40_s_20260112_22,5dfe27da14f64e55b157c5d6f03705b8,2026-04-23,SH601169,0.1094612630252363,,,
EXP_DEnsembleModel_Alpha158_csi300_expanding_step40_s_20260112_22,5dfe27da14f64e55b157c5d6f03705b8,2026-04-23,SH601186,-0.0908370399664946,,,
EXP_DEnsembleModel_Alpha158_csi300_expanding_step40_s_20260112_22,5dfe27da14f64e55b157c5d6f03705b8,2026-04-23,SH601117,-0.09835725762917791,,,
EXP_DEnsembleModel_Alpha158_csi300_expanding_step40_s_20260112_22,5dfe27da14f64e55b157c5d6f03705b8,2026-04-23,SH601211,-0.030745699616310494,,,
EXP_DEnsembleModel_Alpha158_csi300_expanding_step40_s_20260112_22,5dfe27da14f64e55b157c5d6f03705b8,2026-04-23,SH601229,0.13334347019219941,,,
EXP_DEnsembleModel_Alpha158_csi300_expanding_step40_s_20260112_22,5dfe27da14f64e55b157c5d6f03705b8,2026-04-23,SH601236,-0.021168089118482232,,,
EXP_DEnsembleModel_Alpha158_csi300_expanding_step40_s_20260112_22,5dfe27da14f64e55b157c5d6f03705b8,2026-04-23,SH601238,-0.050878745698711585,,,
EXP_DEnsembleModel_Alpha158_csi300_expanding_step40_s_20260112_22,5dfe27da14f64e55b157c5d6f03705b8,2026-04-23,SH601288,0.1727432348392608,,,
EXP_DEnsembleModel_Alpha158_csi300_expanding_step40_s_20260112_22,5dfe27da14f64e55b157c5d6f03705b8,2026-04-23,SH601298,-0.009663407195428264,,,
EXP_DEnsembleModel_Alpha158_csi300_expanding_step40_s_20260112_22,5dfe27da14f64e55b157c5d6f03705b8,2026-04-23,SH601318,0.025019032644370744,,,
EXP_DEnsembleModel_Alpha158_csi300_expanding_step40_s_20260112_22,5dfe27da14f64e55b157c5d6f03705b8,2026-04-23,SH601225,0.03602413895663998,,,
EXP_DEnsembleModel_Alpha158_csi300_expanding_step40_s_20260112_22,5dfe27da14f64e55b157c5d6f03705b8,2026-04-23,SH601111,0.040494457939058454,,,
EXP_DEnsembleModel_Alpha158_csi300_expanding_step40_s_20260112_22,5dfe27da14f64e55b157c5d6f03705b8,2026-04-23,SH601100,0.09106187841342384,,,
EXP_DEnsembleModel_Alpha158_csi300_expanding_step40_s_20260112_22,5dfe27da14f64e55b157c5d6f03705b8,2026-04-23,SH601088,0.0173654697472287,,,
EXP_DEnsembleModel_Alpha158_csi300_expanding_step40_s_20260112_22,5dfe27da14f64e55b157c5d6f03705b8,2026-04-23,SH600926,0.10986065339790473,,,
EXP_DEnsembleModel_Alpha158_csi300_expanding_step40_s_20260112_22,5dfe27da14f64e55b157c5d6f03705b8,2026-04-23,SH600930,-0.08493649884932859,,,
EXP_DEnsembleModel_Alpha158_csi300_expanding_step40_s_20260112_22,5dfe27da14f64e55b157c5d6f03705b8,2026-04-23,SH600938,-0.07269165936920018,,,
EXP_DEnsembleModel_Alpha158_csi300_expanding_step40_s_20260112_22,5dfe27da14f64e55b157c5d6f03705b8,2026-04-23,SH600941,0.04994592383545635,,,
EXP_DEnsembleModel_Alpha158_csi300_expanding_step40_s_20260112_22,5dfe27da14f64e55b157c5d6f03705b8,2026-04-23,SH600989,-0.11311895744123393,,,
EXP_DEnsembleModel_Alpha158_csi300_expanding_step40_s_20260112_22,5dfe27da14f64e55b157c5d6f03705b8,2026-04-23,SH600999,0.036151127768964085,,,
EXP_DEnsembleModel_Alpha158_csi300_expanding_step40_s_20260112_22,5dfe27da14f64e55b157c5d6f03705b8,2026-04-23,SH601006,0.054847781891539736,,,
EXP_DEnsembleModel_Alpha158_csi300_expanding_step40_s_20260112_22,5dfe27da14f64e55b157c5d6f03705b8,2026-04-23,SH601009,-0.009968560590133603,,,
EXP_DEnsembleModel_Alpha158_csi300_expanding_step40_s_20260112_22,5dfe27da14f64e55b157c5d6f03705b8,2026-04-23,SH601012,0.027527916602151554,,,
EXP_DEnsembleModel_Alpha158_csi300_expanding_step40_s_20260112_22,5dfe27da14f64e55b157c5d6f03705b8,2026-04-23,SH601018,-0.006154387828922424,,,
EXP_DEnsembleModel_Alpha158_csi300_expanding_step40_s_20260112_22,5dfe27da14f64e55b157c5d6f03705b8,2026-04-23,SH601021,-0.1153560414162842,,,
EXP_DEnsembleModel_Alpha158_csi300_expanding_step40_s_20260112_22,5dfe27da14f64e55b157c5d6f03705b8,2026-04-23,SH601058,0.0014080791410578887,,,
EXP_DEnsembleModel_Alpha158_csi300_expanding_step40_s_20260112_22,5dfe27da14f64e55b157c5d6f03705b8,2026-04-23,SH601059,0.028782080462241663,,,
EXP_DEnsembleModel_Alpha158_csi300_expanding_step40_s_20260112_22,5dfe27da14f64e55b157c5d6f03705b8,2026-04-23,SH601066,0.01130219888057561,,,
EXP_DEnsembleModel_Alpha158_csi300_expanding_step40_s_20260112_22,5dfe27da14f64e55b157c5d6f03705b8,2026-04-23,SH601077,-0.008841566235908186,,,
EXP_DEnsembleModel_Alpha158_csi300_expanding_step40_s_20260112_22,5dfe27da14f64e55b157c5d6f03705b8,2026-04-23,SH601319,-0.06784129846384895,,,
EXP_DEnsembleModel_Alpha158_csi300_expanding_step40_s_20260112_22,5dfe27da14f64e55b157c5d6f03705b8,2026-04-23,SH601328,0.11656902250025643,,,
EXP_DEnsembleModel_Alpha158_csi300_expanding_step40_s_20260112_22,5dfe27da14f64e55b157c5d6f03705b8,2026-04-23,SH601336,0.14498255630777362,,,
EXP_DEnsembleModel_Alpha158_csi300_expanding_step40_s_20260112_22,5dfe27da14f64e55b157c5d6f03705b8,2026-04-23,SH601360,0.13738598312789868,,,
EXP_DEnsembleModel_Alpha158_csi300_expanding_step40_s_20260112_22,5dfe27da14f64e55b157c5d6f03705b8,2026-04-23,SH601800,-0.014387324886010798,,,
EXP_DEnsembleModel_Alpha158_csi300_expanding_step40_s_20260112_22,5dfe27da14f64e55b157c5d6f03705b8,2026-04-23,SH601808,0.010927990261587124,,,
EXP_DEnsembleModel_Alpha158_csi300_expanding_step40_s_20260112_22,5dfe27da14f64e55b157c5d6f03705b8,2026-04-23,SH601816,-0.02700271920859898,,,
EXP_DEnsembleModel_Alpha158_csi300_expanding_step40_s_20260112_22,5dfe27da14f64e55b157c5d6f03705b8,2026-04-23,SH601818,-0.008720360334825756,,,
EXP_DEnsembleModel_Alpha158_csi300_expanding_step40_s_20260112_22,5dfe27da14f64e55b157c5d6f03705b8,2026-04-23,SH601825,0.0858560040964384,,,
EXP_DEnsembleModel_Alpha158_csi300_expanding_step40_s_20260112_22,5dfe27da14f64e55b157c5d6f03705b8,2026-04-23,SH601838,0.02458660093176544,,,
EXP_DEnsembleModel_Alpha158_csi300_expanding_step40_s_20260112_22,5dfe27da14f64e55b157c5d6f03705b8,2026-04-23,SH601857,-0.0023159590634418354,,,
EXP_DEnsembleModel_Alpha158_csi300_expanding_step40_s_20260112_22,5dfe27da14f64e55b157c5d6f03705b8,2026-04-23,SH601868,-0.14893442879073318,,,
EXP_DEnsembleModel_Alpha158_csi300_expanding_step40_s_20260112_22,5dfe27da14f64e55b157c5d6f03705b8,2026-04-23,SH601872,0.018913706101517085,,,
EXP_DEnsembleModel_Alpha158_csi300_expanding_step40_s_20260112_22,5dfe27da14f64e55b157c5d6f03705b8,2026-04-23,SH601877,0.05968746577077486,,,
EXP_DEnsembleModel_Alpha158_csi300_expanding_step40_s_20260112_22,5dfe27da14f64e55b157c5d6f03705b8,2026-04-23,SH601878,-0.05329261828508762,,,
EXP_DEnsembleModel_Alpha158_csi300_expanding_step40_s_20260112_22,5dfe27da14f64e55b157c5d6f03705b8,2026-04-23,SH601881,-0.009158087286795806,,,
EXP_DEnsembleModel_Alpha158_csi300_expanding_step40_s_20260112_22,5dfe27da14f64e55b157c5d6f03705b8,2026-04-23,SH601888,0.026292732962848425,,,
EXP_DEnsembleModel_Alpha158_csi300_expanding_step40_s_20260112_22,5dfe27da14f64e55b157c5d6f03705b8,2026-04-23,SH601898,0.2037061754627923,,,
EXP_DEnsembleModel_Alpha158_csi300_expanding_step40_s_20260112_22,5dfe27da14f64e55b157c5d6f03705b8,2026-04-23,SH601899,0.11095478564591126,,,
EXP_DEnsembleModel_Alpha158_csi300_expanding_step40_s_20260112_22,5dfe27da14f64e55b157c5d6f03705b8,2026-04-23,SH601788,-0.09022754930102211,,,
EXP_DEnsembleModel_Alpha158_csi300_expanding_step40_s_20260112_22,5dfe27da14f64e55b157c5d6f03705b8,2026-04-23,SH600919,-0.0005152862294463763,,,
EXP_DEnsembleModel_Alpha158_csi300_expanding_step40_s_20260112_22,5dfe27da14f64e55b157c5d6f03705b8,2026-04-23,SH601766,-0.0590247209805443,,,
EXP_DEnsembleModel_Alpha158_csi300_expanding_step40_s_20260112_22,5dfe27da14f64e55b157c5d6f03705b8,2026-04-23,SH601698,-0.1558215996406071,,,
EXP_DEnsembleModel_Alpha158_csi300_expanding_step40_s_20260112_22,5dfe27da14f64e55b157c5d6f03705b8,2026-04-23,SH601377,-0.004697344753125581,,,
EXP_DEnsembleModel_Alpha158_csi300_expanding_step40_s_20260112_22,5dfe27da14f64e55b157c5d6f03705b8,2026-04-23,SH601390,-0.05019532362898649,,,
EXP_DEnsembleModel_Alpha158_csi300_expanding_step40_s_20260112_22,5dfe27da14f64e55b157c5d6f03705b8,2026-04-23,SH601398,0.06977533486477971,,,
EXP_DEnsembleModel_Alpha158_csi300_expanding_step40_s_20260112_22,5dfe27da14f64e55b157c5d6f03705b8,2026-04-23,SH601456,0.05046527013647587,,,
EXP_DEnsembleModel_Alpha158_csi300_expanding_step40_s_20260112_22,5dfe27da14f64e55b157c5d6f03705b8,2026-04-23,SH601600,0.07038889098479306,,,
EXP_DEnsembleModel_Alpha158_csi300_expanding_step40_s_20260112_22,5dfe27da14f64e55b157c5d6f03705b8,2026-04-23,SH601601,-0.009294411492421125,,,
EXP_DEnsembleModel_Alpha158_csi300_expanding_step40_s_20260112_22,5dfe27da14f64e55b157c5d6f03705b8,2026-04-23,SH601607,-0.01149552868257954,,,
EXP_DEnsembleModel_Alpha158_csi300_expanding_step40_s_20260112_22,5dfe27da14f64e55b157c5d6f03705b8,2026-04-23,SH601618,-0.10035091888713825,,,
EXP_DEnsembleModel_Alpha158_csi300_expanding_step40_s_20260112_22,5dfe27da14f64e55b157c5d6f03705b8,2026-04-23,SH601628,0.05405581035974348,,,
EXP_DEnsembleModel_Alpha158_csi300_expanding_step40_s_20260112_22,5dfe27da14f64e55b157c5d6f03705b8,2026-04-23,SH601633,-0.062491608877021654,,,
EXP_DEnsembleModel_Alpha158_csi300_expanding_step40_s_20260112_22,5dfe27da14f64e55b157c5d6f03705b8,2026-04-23,SH601658,0.06542676158365864,,,
EXP_DEnsembleModel_Alpha158_csi300_expanding_step40_s_20260112_22,5dfe27da14f64e55b157c5d6f03705b8,2026-04-23,SH601668,-0.09301920941375812,,,
EXP_DEnsembleModel_Alpha158_csi300_expanding_step40_s_20260112_22,5dfe27da14f64e55b157c5d6f03705b8,2026-04-23,SH601669,-0.1284239584890451,,,
EXP_DEnsembleModel_Alpha158_csi300_expanding_step40_s_20260112_22,5dfe27da14f64e55b157c5d6f03705b8,2026-04-23,SH601688,0.06417093552048864,,,
EXP_DEnsembleModel_Alpha158_csi300_expanding_step40_s_20260112_22,5dfe27da14f64e55b157c5d6f03705b8,2026-04-23,SH601689,0.04915251289743623,,,
EXP_DEnsembleModel_Alpha158_csi300_expanding_step40_s_20260112_22,5dfe27da14f64e55b157c5d6f03705b8,2026-04-23,SH601728,0.03476627002652686,,,
EXP_DEnsembleModel_Alpha158_csi300_expanding_step40_s_20260112_22,5dfe27da14f64e55b157c5d6f03705b8,2026-04-23,SH601901,0.006486639896142459,,,
EXP_DEnsembleModel_Alpha158_csi300_expanding_step40_s_20260112_22,5dfe27da14f64e55b157c5d6f03705b8,2026-04-23,SH600918,-0.050844549196925826,,,
EXP_DEnsembleModel_Alpha158_csi300_expanding_step40_s_20260112_22,5dfe27da14f64e55b157c5d6f03705b8,2026-04-23,SH600900,0.016356820220267944,,,
EXP_DEnsembleModel_Alpha158_csi300_expanding_step40_s_20260112_22,5dfe27da14f64e55b157c5d6f03705b8,2026-04-23,SH600061,-0.03201893403817202,,,
EXP_DEnsembleModel_Alpha158_csi300_expanding_step40_s_20260112_22,5dfe27da14f64e55b157c5d6f03705b8,2026-04-23,SH600066,-0.2155270296919857,,,
EXP_DEnsembleModel_Alpha158_csi300_expanding_step40_s_20260112_22,5dfe27da14f64e55b157c5d6f03705b8,2026-04-23,SH600085,-0.02136589457446163,,,
EXP_DEnsembleModel_Alpha158_csi300_expanding_step40_s_20260112_22,5dfe27da14f64e55b157c5d6f03705b8,2026-04-23,SH600089,0.015798987039225006,,,
EXP_DEnsembleModel_Alpha158_csi300_expanding_step40_s_20260112_22,5dfe27da14f64e55b157c5d6f03705b8,2026-04-23,SH600104,-0.02457623131128288,,,
EXP_DEnsembleModel_Alpha158_csi300_expanding_step40_s_20260112_22,5dfe27da14f64e55b157c5d6f03705b8,2026-04-23,SH600111,0.1779294849931918,,,
EXP_DEnsembleModel_Alpha158_csi300_expanding_step40_s_20260112_22,5dfe27da14f64e55b157c5d6f03705b8,2026-04-23,SH600050,0.021802123441158568,,,
EXP_DEnsembleModel_Alpha158_csi300_expanding_step40_s_20260112_22,5dfe27da14f64e55b157c5d6f03705b8,2026-04-23,SH600115,0.05038350022653897,,,
EXP_DEnsembleModel_Alpha158_csi300_expanding_step40_s_20260112_22,5dfe27da14f64e55b157c5d6f03705b8,2026-04-23,SH600160,0.14119866005082912,,,
EXP_DEnsembleModel_Alpha158_csi300_expanding_step40_s_20260112_22,5dfe27da14f64e55b157c5d6f03705b8,2026-04-23,SH600161,0.02863778820626778,,,
EXP_DEnsembleModel_Alpha158_csi300_expanding_step40_s_20260112_22,5dfe27da14f64e55b157c5d6f03705b8,2026-04-23,SH600176,-0.007367240780812185,,,
EXP_DEnsembleModel_Alpha158_csi300_expanding_step40_s_20260112_22,5dfe27da14f64e55b157c5d6f03705b8,2026-04-23,SH600183,-0.11695999569589788,,,
EXP_DEnsembleModel_Alpha158_csi300_expanding_step40_s_20260112_22,5dfe27da14f64e55b157c5d6f03705b8,2026-04-23,SH600188,0.1605041305811442,,,
EXP_DEnsembleModel_Alpha158_csi300_expanding_step40_s_20260112_22,5dfe27da14f64e55b157c5d6f03705b8,2026-04-23,SH600196,-0.018538786678279896,,,
EXP_DEnsembleModel_Alpha158_csi300_expanding_step40_s_20260112_22,5dfe27da14f64e55b157c5d6f03705b8,2026-04-23,SH600150,-0.13835673650543304,,,
EXP_DEnsembleModel_Alpha158_csi300_expanding_step40_s_20260112_22,5dfe27da14f64e55b157c5d6f03705b8,2026-04-23,SH600048,0.04686164375601827,,,
EXP_DEnsembleModel_Alpha158_csi300_expanding_step40_s_20260112_22,5dfe27da14f64e55b157c5d6f03705b8,2026-04-23,SH600039,0.04919880473181954,,,
EXP_DEnsembleModel_Alpha158_csi300_expanding_step40_s_20260112_22,5dfe27da14f64e55b157c5d6f03705b8,2026-04-23,SH600036,0.12413634502746637,,,
EXP_DEnsembleModel_Alpha158_csi300_expanding_step40_s_20260112_22,5dfe27da14f64e55b157c5d6f03705b8,2026-04-23,SH600009,-0.03309951627869559,,,
EXP_DEnsembleModel_Alpha158_csi300_expanding_step40_s_20260112_22,5dfe27da14f64e55b157c5d6f03705b8,2026-04-23,SH600010,0.15415212123923372,,,
EXP_DEnsembleModel_Alpha158_csi300_expanding_step40_s_20260112_22,5dfe27da14f64e55b157c5d6f03705b8,2026-04-23,SH600011,-0.09026230853190469,,,
EXP_DEnsembleModel_Alpha158_csi300_expanding_step40_s_20260112_22,5dfe27da14f64e55b157c5d6f03705b8,2026-04-23,SH600015,0.06102971664655881,,,
EXP_DEnsembleModel_Alpha158_csi300_expanding_step40_s_20260112_22,5dfe27da14f64e55b157c5d6f03705b8,2026-04-23,SH600016,-0.011552956009860562,,,
EXP_DEnsembleModel_Alpha158_csi300_expanding_step40_s_20260112_22,5dfe27da14f64e55b157c5d6f03705b8,2026-04-23,SH600018,-0.010774753444533896,,,
EXP_DEnsembleModel_Alpha158_csi300_expanding_step40_s_20260112_22,5dfe27da14f64e55b157c5d6f03705b8,2026-04-23,SH600019,0.006845083822325492,,,
EXP_DEnsembleModel_Alpha158_csi300_expanding_step40_s_20260112_22,5dfe27da14f64e55b157c5d6f03705b8,2026-04-23,SH600023,-0.09930085831186364,,,
EXP_DEnsembleModel_Alpha158_csi300_expanding_step40_s_20260112_22,5dfe27da14f64e55b157c5d6f03705b8,2026-04-23,SH600025,0.0055827769005415894,,,
EXP_DEnsembleModel_Alpha158_csi300_expanding_step40_s_20260112_22,5dfe27da14f64e55b157c5d6f03705b8,2026-04-23,SH600026,-0.00840143004236135,,,
EXP_DEnsembleModel_Alpha158_csi300_expanding_step40_s_20260112_22,5dfe27da14f64e55b157c5d6f03705b8,2026-04-23,SH600027,-0.1874938853151065,,,
EXP_DEnsembleModel_Alpha158_csi300_expanding_step40_s_20260112_22,5dfe27da14f64e55b157c5d6f03705b8,2026-04-23,SH600028,-0.08639573243899519,,,
EXP_DEnsembleModel_Alpha158_csi300_expanding_step40_s_20260112_22,5dfe27da14f64e55b157c5d6f03705b8,2026-04-23,SH600029,-0.015862728532216368,,,
EXP_DEnsembleModel_Alpha158_csi300_expanding_step40_s_20260112_22,5dfe27da14f64e55b157c5d6f03705b8,2026-04-23,SH600030,-0.08513480656278939,,,
EXP_DEnsembleModel_Alpha158_csi300_expanding_step40_s_20260112_22,5dfe27da14f64e55b157c5d6f03705b8,2026-04-23,SH600031,0.024475696307961817,,,
EXP_DEnsembleModel_Alpha158_csi300_expanding_step40_s_20260112_22,5dfe27da14f64e55b157c5d6f03705b8,2026-04-23,SH600219,0.032012894000076925,,,
EXP_DEnsembleModel_Alpha158_csi300_expanding_step40_s_20260112_22,5dfe27da14f64e55b157c5d6f03705b8,2026-04-23,SH600233,-0.21963380925424172,,,
EXP_DEnsembleModel_Alpha158_csi300_expanding_step40_s_20260112_22,5dfe27da14f64e55b157c5d6f03705b8,2026-04-23,SH600276,0.09744286639076247,,,
EXP_DEnsembleModel_Alpha158_csi300_expanding_step40_s_20260112_22,5dfe27da14f64e55b157c5d6f03705b8,2026-04-23,SH600309,0.1509132413098679,,,
EXP_DEnsembleModel_Alpha158_csi300_expanding_step40_s_20260112_22,5dfe27da14f64e55b157c5d6f03705b8,2026-04-23,SH600588,0.13783433295402372,,,
EXP_DEnsembleModel_Alpha158_csi300_expanding_step40_s_20260112_22,5dfe27da14f64e55b157c5d6f03705b8,2026-04-23,SH600600,-0.004710317222974162,,,
EXP_DEnsembleModel_Alpha158_csi300_expanding_step40_s_20260112_22,5dfe27da14f64e55b157c5d6f03705b8,2026-04-23,SH600660,0.1087060360318937,,,
EXP_DEnsembleModel_Alpha158_csi300_expanding_step40_s_20260112_22,5dfe27da14f64e55b157c5d6f03705b8,2026-04-23,SH600674,-0.04237380519722495,,,
EXP_DEnsembleModel_Alpha158_csi300_expanding_step40_s_20260112_22,5dfe27da14f64e55b157c5d6f03705b8,2026-04-23,SH600690,-0.028471088375270872,,,
EXP_DEnsembleModel_Alpha158_csi300_expanding_step40_s_20260112_22,5dfe27da14f64e55b157c5d6f03705b8,2026-04-23,SH600741,0.11170392543990633,,,
EXP_DEnsembleModel_Alpha158_csi300_expanding_step40_s_20260112_22,5dfe27da14f64e55b157c5d6f03705b8,2026-04-23,SH600760,0.05595942081356273,,,
EXP_DEnsembleModel_Alpha158_csi300_expanding_step40_s_20260112_22,5dfe27da14f64e55b157c5d6f03705b8,2026-04-23,SH600795,-0.04144246079914269,,,
EXP_DEnsembleModel_Alpha158_csi300_expanding_step40_s_20260112_22,5dfe27da14f64e55b157c5d6f03705b8,2026-04-23,SH600803,0.05215281184923963,,,
EXP_DEnsembleModel_Alpha158_csi300_expanding_step40_s_20260112_22,5dfe27da14f64e55b157c5d6f03705b8,2026-04-23,SH600809,0.04425617479807208,,,
EXP_DEnsembleModel_Alpha158_csi300_expanding_step40_s_20260112_22,5dfe27da14f64e55b157c5d6f03705b8,2026-04-23,SH600845,0.14044328906585196,,,
EXP_DEnsembleModel_Alpha158_csi300_expanding_step40_s_20260112_22,5dfe27da14f64e55b157c5d6f03705b8,2026-04-23,SH600875,0.0485001909787177,,,
EXP_DEnsembleModel_Alpha158_csi300_expanding_step40_s_20260112_22,5dfe27da14f64e55b157c5d6f03705b8,2026-04-23,SH600886,-0.006232433240717358,,,
EXP_DEnsembleModel_Alpha158_csi300_expanding_step40_s_20260112_22,5dfe27da14f64e55b157c5d6f03705b8,2026-04-23,SH600887,-0.062092246254429426,,,
EXP_DEnsembleModel_Alpha158_csi300_expanding_step40_s_20260112_22,5dfe27da14f64e55b157c5d6f03705b8,2026-04-23,SH600893,0.1579837053297148,,,
EXP_DEnsembleModel_Alpha158_csi300_expanding_step40_s_20260112_22,5dfe27da14f64e55b157c5d6f03705b8,2026-04-23,SH600585,0.02870842482233344,,,
EXP_DEnsembleModel_Alpha158_csi300_expanding_step40_s_20260112_22,5dfe27da14f64e55b157c5d6f03705b8,2026-04-23,SH600905,-0.04878110872858346,,,
EXP_DEnsembleModel_Alpha158_csi300_expanding_step40_s_20260112_22,5dfe27da14f64e55b157c5d6f03705b8,2026-04-23,SH600584,0.08931200544061181,,,
EXP_DEnsembleModel_Alpha158_csi300_expanding_step40_s_20260112_22,5dfe27da14f64e55b157c5d6f03705b8,2026-04-23,SH600547,0.14168030876827128,,,
EXP_DEnsembleModel_Alpha158_csi300_expanding_step40_s_20260112_22,5dfe27da14f64e55b157c5d6f03705b8,2026-04-23,SH600346,0.04537997048849204,,,
EXP_DEnsembleModel_Alpha158_csi300_expanding_step40_s_20260112_22,5dfe27da14f64e55b157c5d6f03705b8,2026-04-23,SH600362,0.18839718242034437,,,
EXP_DEnsembleModel_Alpha158_csi300_expanding_step40_s_20260112_22,5dfe27da14f64e55b157c5d6f03705b8,2026-04-23,SH600372,0.09227797271534015,,,
EXP_DEnsembleModel_Alpha158_csi300_expanding_step40_s_20260112_22,5dfe27da14f64e55b157c5d6f03705b8,2026-04-23,SH600377,0.00951919491440533,,,
EXP_DEnsembleModel_Alpha158_csi300_expanding_step40_s_20260112_22,5dfe27da14f64e55b157c5d6f03705b8,2026-04-23,SH600406,0.045518323633166984,,,
EXP_DEnsembleModel_Alpha158_csi300_expanding_step40_s_20260112_22,5dfe27da14f64e55b157c5d6f03705b8,2026-04-23,SH600415,0.12621379193503648,,,
EXP_DEnsembleModel_Alpha158_csi300_expanding_step40_s_20260112_22,5dfe27da14f64e55b157c5d6f03705b8,2026-04-23,SH600426,0.001928444113030171,,,
EXP_DEnsembleModel_Alpha158_csi300_expanding_step40_s_20260112_22,5dfe27da14f64e55b157c5d6f03705b8,2026-04-23,SH600436,-0.12880850358128598,,,
EXP_DEnsembleModel_Alpha158_csi300_expanding_step40_s_20260112_22,5dfe27da14f64e55b157c5d6f03705b8,2026-04-23,SH600438,-0.02150009886451668,,,
EXP_DEnsembleModel_Alpha158_csi300_expanding_step40_s_20260112_22,5dfe27da14f64e55b157c5d6f03705b8,2026-04-23,SH600460,0.07928923935508285,,,
EXP_DEnsembleModel_Alpha158_csi300_expanding_step40_s_20260112_22,5dfe27da14f64e55b157c5d6f03705b8,2026-04-23,SH600482,0.16902302096149277,,,
EXP_DEnsembleModel_Alpha158_csi300_expanding_step40_s_20260112_22,5dfe27da14f64e55b157c5d6f03705b8,2026-04-23,SH600489,0.15512435098535682,,,
EXP_DEnsembleModel_Alpha158_csi300_expanding_step40_s_20260112_22,5dfe27da14f64e55b157c5d6f03705b8,2026-04-23,SH600515,0.1520207221344953,,,
EXP_DEnsembleModel_Alpha158_csi300_expanding_step40_s_20260112_22,5dfe27da14f64e55b157c5d6f03705b8,2026-04-23,SH600519,0.040153742896986235,,,
EXP_DEnsembleModel_Alpha158_csi300_expanding_step40_s_20260112_22,5dfe27da14f64e55b157c5d6f03705b8,2026-04-23,SH600522,-0.09601800866648831,,,
EXP_DEnsembleModel_Alpha158_csi300_expanding_step40_s_20260112_22,5dfe27da14f64e55b157c5d6f03705b8,2026-04-23,SH600570,0.08778869198098135,,,
EXP_XGBModel_Alpha158_csi300_expanding_step40_s_20260111_00,2f2d4eb181db4668bdbd3b6e264ca822,2026-04-23,SZ301269,0.027114272117614746,,,
EXP_DEnsembleModel_Alpha158_csi300_expanding_step40_s_20260112_22,5dfe27da14f64e55b157c5d6f03705b8,2026-04-23,SH601916,0.015587595804738731,,,
EXP_DEnsembleModel_Alpha158_csi300_expanding_step40_s_20260112_22,5dfe27da14f64e55b157c5d6f03705b8,2026-04-23,SH601939,0.11763008365289924,,,
EXP_DEnsembleModel_Alpha158_csi300_expanding_step40_s_20260112_22,5dfe27da14f64e55b157c5d6f03705b8,2026-04-23,SZ002422,0.03853616913289408,,,
EXP_DEnsembleModel_Alpha158_csi300_expanding_step40_s_20260112_22,5dfe27da14f64e55b157c5d6f03705b8,2026-04-23,SZ002459,0.09929199749164154,,,
EXP_DEnsembleModel_Alpha158_csi300_expanding_step40_s_20260112_22,5dfe27da14f64e55b157c5d6f03705b8,2026-04-23,SZ002460,0.15401142279295976,,,
EXP_DEnsembleModel_Alpha158_csi300_expanding_step40_s_20260112_22,5dfe27da14f64e55b157c5d6f03705b8,2026-04-23,SZ002463,-0.13071042887500664,,,
EXP_DEnsembleModel_Alpha158_csi300_expanding_step40_s_20260112_22,5dfe27da14f64e55b157c5d6f03705b8,2026-04-23,SZ002466,0.08185797617936762,,,
EXP_DEnsembleModel_Alpha158_csi300_expanding_step40_s_20260112_22,5dfe27da14f64e55b157c5d6f03705b8,2026-04-23,SZ002475,0.11662052012659212,,,
EXP_DEnsembleModel_Alpha158_csi300_expanding_step40_s_20260112_22,5dfe27da14f64e55b157c5d6f03705b8,2026-04-23,SZ002415,0.04856511626062886,,,
EXP_DEnsembleModel_Alpha158_csi300_expanding_step40_s_20260112_22,5dfe27da14f64e55b157c5d6f03705b8,2026-04-23,SZ002493,0.16427814664049065,,,
EXP_DEnsembleModel_Alpha158_csi300_expanding_step40_s_20260112_22,5dfe27da14f64e55b157c5d6f03705b8,2026-04-23,SZ002600,0.010325876060292796,,,
EXP_DEnsembleModel_Alpha158_csi300_expanding_step40_s_20260112_22,5dfe27da14f64e55b157c5d6f03705b8,2026-04-23,SZ002601,0.1562955771727028,,,
EXP_DEnsembleModel_Alpha158_csi300_expanding_step40_s_20260112_22,5dfe27da14f64e55b157c5d6f03705b8,2026-04-23,SZ002625,0.11025789575636415,,,
EXP_DEnsembleModel_Alpha158_csi300_expanding_step40_s_20260112_22,5dfe27da14f64e55b157c5d6f03705b8,2026-04-23,SZ002648,0.0356234601882668,,,
EXP_DEnsembleModel_Alpha158_csi300_expanding_step40_s_20260112_22,5dfe27da14f64e55b157c5d6f03705b8,2026-04-23,SZ002709,-0.015970154161181336,,,
EXP_DEnsembleModel_Alpha158_csi300_expanding_step40_s_20260112_22,5dfe27da14f64e55b157c5d6f03705b8,2026-04-23,SZ002714,0.1842332014095436,,,
EXP_DEnsembleModel_Alpha158_csi300_expanding_step40_s_20260112_22,5dfe27da14f64e55b157c5d6f03705b8,2026-04-23,SZ002594,-0.016730329978544255,,,
EXP_DEnsembleModel_Alpha158_csi300_expanding_step40_s_20260112_22,5dfe27da14f64e55b157c5d6f03705b8,2026-04-23,SZ002384,-0.04810968145797308,,,
EXP_DEnsembleModel_Alpha158_csi300_expanding_step40_s_20260112_22,5dfe27da14f64e55b157c5d6f03705b8,2026-04-23,SZ002371,0.17496851374822167,,,
EXP_DEnsembleModel_Alpha158_csi300_expanding_step40_s_20260112_22,5dfe27da14f64e55b157c5d6f03705b8,2026-04-23,SZ002352,-0.0013574236218479776,,,
EXP_DEnsembleModel_Alpha158_csi300_expanding_step40_s_20260112_22,5dfe27da14f64e55b157c5d6f03705b8,2026-04-23,SZ001979,-0.12675432948680682,,,
EXP_DEnsembleModel_Alpha158_csi300_expanding_step40_s_20260112_22,5dfe27da14f64e55b157c5d6f03705b8,2026-04-23,SZ002001,0.008095457103160201,,,
EXP_DEnsembleModel_Alpha158_csi300_expanding_step40_s_20260112_22,5dfe27da14f64e55b157c5d6f03705b8,2026-04-23,SZ002027,0.06223050987961446,,,
EXP_DEnsembleModel_Alpha158_csi300_expanding_step40_s_20260112_22,5dfe27da14f64e55b157c5d6f03705b8,2026-04-23,SZ002028,0.08652655040575224,,,
EXP_DEnsembleModel_Alpha158_csi300_expanding_step40_s_20260112_22,5dfe27da14f64e55b157c5d6f03705b8,2026-04-23,SZ002049,0.18378567413354518,,,
EXP_DEnsembleModel_Alpha158_csi300_expanding_step40_s_20260112_22,5dfe27da14f64e55b157c5d6f03705b8,2026-04-23,SZ002050,0.11021576656471534,,,
EXP_DEnsembleModel_Alpha158_csi300_expanding_step40_s_20260112_22,5dfe27da14f64e55b157c5d6f03705b8,2026-04-23,SZ002074,-0.005695179714979459,,,
EXP_DEnsembleModel_Alpha158_csi300_expanding_step40_s_20260112_22,5dfe27da14f64e55b157c5d6f03705b8,2026-04-23,SZ002142,0.08460670409564679,,,
EXP_DEnsembleModel_Alpha158_csi300_expanding_step40_s_20260112_22,5dfe27da14f64e55b157c5d6f03705b8,2026-04-23,SZ002179,0.008207451613953243,,,
EXP_DEnsembleModel_Alpha158_csi300_expanding_step40_s_20260112_22,5dfe27da14f64e55b157c5d6f03705b8,2026-04-23,SZ002230,0.09242728847066928,,,
EXP_DEnsembleModel_Alpha158_csi300_expanding_step40_s_20260112_22,5dfe27da14f64e55b157c5d6f03705b8,2026-04-23,SZ002236,0.05043575519906701,,,
EXP_DEnsembleModel_Alpha158_csi300_expanding_step40_s_20260112_22,5dfe27da14f64e55b157c5d6f03705b8,2026-04-23,SZ002241,0.15478301953925772,,,
EXP_DEnsembleModel_Alpha158_csi300_expanding_step40_s_20260112_22,5dfe27da14f64e55b157c5d6f03705b8,2026-04-23,SZ002252,-0.05171872851385235,,,
EXP_DEnsembleModel_Alpha158_csi300_expanding_step40_s_20260112_22,5dfe27da14f64e55b157c5d6f03705b8,2026-04-23,SZ002304,0.029824522641541076,,,
EXP_DEnsembleModel_Alpha158_csi300_expanding_step40_s_20260112_22,5dfe27da14f64e55b157c5d6f03705b8,2026-04-23,SZ002311,-0.004081238906557629,,,
EXP_DEnsembleModel_Alpha158_csi300_expanding_step40_s_20260112_22,5dfe27da14f64e55b157c5d6f03705b8,2026-04-23,SZ002736,0.020163617935539137,,,
EXP_DEnsembleModel_Alpha158_csi300_expanding_step40_s_20260112_22,5dfe27da14f64e55b157c5d6f03705b8,2026-04-23,SZ002916,-0.08754973846330973,,,
EXP_DEnsembleModel_Alpha158_csi300_expanding_step40_s_20260112_22,5dfe27da14f64e55b157c5d6f03705b8,2026-04-23,SZ002920,0.09922726175549505,,,
EXP_DEnsembleModel_Alpha158_csi300_expanding_step40_s_20260112_22,5dfe27da14f64e55b157c5d6f03705b8,2026-04-23,SZ002938,-0.08598782674350326,,,
EXP_DEnsembleModel_Alpha158_csi300_expanding_step40_s_20260112_22,5dfe27da14f64e55b157c5d6f03705b8,2026-04-23,SZ300498,-0.08376482774218848,,,
EXP_DEnsembleModel_Alpha158_csi300_expanding_step40_s_20260112_22,5dfe27da14f64e55b157c5d6f03705b8,2026-04-23,SZ300502,0.1568232670818907,,,
EXP_DEnsembleModel_Alpha158_csi300_expanding_step40_s_20260112_22,5dfe27da14f64e55b157c5d6f03705b8,2026-04-23,SZ300628,-0.057885907051651496,,,
EXP_DEnsembleModel_Alpha158_csi300_expanding_step40_s_20260112_22,5dfe27da14f64e55b157c5d6f03705b8,2026-04-23,SZ300661,0.02613078825882041,,,
EXP_DEnsembleModel_Alpha158_csi300_expanding_step40_s_20260112_22,5dfe27da14f64e55b157c5d6f03705b8,2026-04-23,SZ300750,0.15699761624920294,,,
EXP_DEnsembleModel_Alpha158_csi300_expanding_step40_s_20260112_22,5dfe27da14f64e55b157c5d6f03705b8,2026-04-23,SZ300759,0.2176441609426478,,,
EXP_DEnsembleModel_Alpha158_csi300_expanding_step40_s_20260112_22,5dfe27da14f64e55b157c5d6f03705b8,2026-04-23,SZ300760,0.004196665813395731,,,
EXP_DEnsembleModel_Alpha158_csi300_expanding_step40_s_20260112_22,5dfe27da14f64e55b157c5d6f03705b8,2026-04-23,SZ300782,0.016336599878464097,,,
EXP_DEnsembleModel_Alpha158_csi300_expanding_step40_s_20260112_22,5dfe27da14f64e55b157c5d6f03705b8,2026-04-23,SZ300803,0.07821129080838872,,,
EXP_DEnsembleModel_Alpha158_csi300_expanding_step40_s_20260112_22,5dfe27da14f64e55b157c5d6f03705b8,2026-04-23,SZ300832,-0.018193493533044256,,,
EXP_DEnsembleModel_Alpha158_csi300_expanding_step40_s_20260112_22,5dfe27da14f64e55b157c5d6f03705b8,2026-04-23,SZ300866,-0.053999318674510036,,,
EXP_DEnsembleModel_Alpha158_csi300_expanding_step40_s_20260112_22,5dfe27da14f64e55b157c5d6f03705b8,2026-04-23,SZ300896,0.034965053581888145,,,
EXP_DEnsembleModel_Alpha158_csi300_expanding_step40_s_20260112_22,5dfe27da14f64e55b157c5d6f03705b8,2026-04-23,SZ300979,-0.09864580549718753,,,
EXP_DEnsembleModel_Alpha158_csi300_expanding_step40_s_20260112_22,5dfe27da14f64e55b157c5d6f03705b8,2026-04-23,SZ300999,-0.10105195437821454,,,
EXP_DEnsembleModel_Alpha158_csi300_expanding_step40_s_20260112_22,5dfe27da14f64e55b157c5d6f03705b8,2026-04-23,SZ301236,-0.11928965482465538,,,
EXP_DEnsembleModel_Alpha158_csi300_expanding_step40_s_20260112_22,5dfe27da14f64e55b157c5d6f03705b8,2026-04-23,SZ300476,0.021357239817312,,,
EXP_DEnsembleModel_Alpha158_csi300_expanding_step40_s_20260112_22,5dfe27da14f64e55b157c5d6f03705b8,2026-04-23,SZ001965,-0.09418360923186517,,,
EXP_DEnsembleModel_Alpha158_csi300_expanding_step40_s_20260112_22,5dfe27da14f64e55b157c5d6f03705b8,2026-04-23,SZ300442,0.07900429667208222,,,
EXP_DEnsembleModel_Alpha158_csi300_expanding_step40_s_20260112_22,5dfe27da14f64e55b157c5d6f03705b8,2026-04-23,SZ300418,0.05434595214679616,,,
EXP_DEnsembleModel_Alpha158_csi300_expanding_step40_s_20260112_22,5dfe27da14f64e55b157c5d6f03705b8,2026-04-23,SZ003816,-0.09271613762945627,,,
EXP_DEnsembleModel_Alpha158_csi300_expanding_step40_s_20260112_22,5dfe27da14f64e55b157c5d6f03705b8,2026-04-23,SZ300014,0.005823039194632112,,,
EXP_DEnsembleModel_Alpha158_csi300_expanding_step40_s_20260112_22,5dfe27da14f64e55b157c5d6f03705b8,2026-04-23,SZ300015,-0.001978307355276685,,,
EXP_DEnsembleModel_Alpha158_csi300_expanding_step40_s_20260112_22,5dfe27da14f64e55b157c5d6f03705b8,2026-04-23,SZ300033,0.11519157239357333,,,
EXP_DEnsembleModel_Alpha158_csi300_expanding_step40_s_20260112_22,5dfe27da14f64e55b157c5d6f03705b8,2026-04-23,SZ300059,0.03853247982281986,,,
EXP_DEnsembleModel_Alpha158_csi300_expanding_step40_s_20260112_22,5dfe27da14f64e55b157c5d6f03705b8,2026-04-23,SZ300122,-0.024388853335035078,,,
EXP_DEnsembleModel_Alpha158_csi300_expanding_step40_s_20260112_22,5dfe27da14f64e55b157c5d6f03705b8,2026-04-23,SZ300124,0.11708558449653009,,,
EXP_DEnsembleModel_Alpha158_csi300_expanding_step40_s_20260112_22,5dfe27da14f64e55b157c5d6f03705b8,2026-04-23,SZ300251,0.06089734484380406,,,
EXP_DEnsembleModel_Alpha158_csi300_expanding_step40_s_20260112_22,5dfe27da14f64e55b157c5d6f03705b8,2026-04-23,SZ300274,0.14445868987093483,,,
EXP_DEnsembleModel_Alpha158_csi300_expanding_step40_s_20260112_22,5dfe27da14f64e55b157c5d6f03705b8,2026-04-23,SZ300308,-0.026901964788787834,,,
EXP_DEnsembleModel_Alpha158_csi300_expanding_step40_s_20260112_22,5dfe27da14f64e55b157c5d6f03705b8,2026-04-23,SZ300316,0.21533317804467753,,,
EXP_DEnsembleModel_Alpha158_csi300_expanding_step40_s_20260112_22,5dfe27da14f64e55b157c5d6f03705b8,2026-04-23,SZ300347,0.14442809567461015,,,
EXP_DEnsembleModel_Alpha158_csi300_expanding_step40_s_20260112_22,5dfe27da14f64e55b157c5d6f03705b8,2026-04-23,SZ300394,0.07496825036678424,,,
EXP_DEnsembleModel_Alpha158_csi300_expanding_step40_s_20260112_22,5dfe27da14f64e55b157c5d6f03705b8,2026-04-23,SZ300408,-0.13606991324054257,,,
EXP_DEnsembleModel_Alpha158_csi300_expanding_step40_s_20260112_22,5dfe27da14f64e55b157c5d6f03705b8,2026-04-23,SZ300413,0.05147721569217413,,,
EXP_DEnsembleModel_Alpha158_csi300_expanding_step40_s_20260112_22,5dfe27da14f64e55b157c5d6f03705b8,2026-04-23,SZ300433,0.06731924880040403,,,
EXP_DEnsembleModel_Alpha158_csi300_expanding_step40_s_20260112_22,5dfe27da14f64e55b157c5d6f03705b8,2026-04-23,SH601919,-0.0729164268668082,,,
EXP_DEnsembleModel_Alpha158_csi300_expanding_step40_s_20260112_22,5dfe27da14f64e55b157c5d6f03705b8,2026-04-23,SZ001391,-0.0224815952930592,,,
EXP_DEnsembleModel_Alpha158_csi300_expanding_step40_s_20260112_22,5dfe27da14f64e55b157c5d6f03705b8,2026-04-23,SZ000983,-0.06742727294871075,,,
EXP_DEnsembleModel_Alpha158_csi300_expanding_step40_s_20260112_22,5dfe27da14f64e55b157c5d6f03705b8,2026-04-23,SH688008,-0.14028497558066347,,,
EXP_DEnsembleModel_Alpha158_csi300_expanding_step40_s_20260112_22,5dfe27da14f64e55b157c5d6f03705b8,2026-04-23,SH688009,-0.050379836600633,,,
EXP_DEnsembleModel_Alpha158_csi300_expanding_step40_s_20260112_22,5dfe27da14f64e55b157c5d6f03705b8,2026-04-23,SH688012,0.10624270566192873,,,
EXP_DEnsembleModel_Alpha158_csi300_expanding_step40_s_20260112_22,5dfe27da14f64e55b157c5d6f03705b8,2026-04-23,SH688036,-0.00408678899251862,,,
EXP_DEnsembleModel_Alpha158_csi300_expanding_step40_s_20260112_22,5dfe27da14f64e55b157c5d6f03705b8,2026-04-23,SH688041,-0.026399629484742646,,,
EXP_DEnsembleModel_Alpha158_csi300_expanding_step40_s_20260112_22,5dfe27da14f64e55b157c5d6f03705b8,2026-04-23,SH688047,-0.18539146676351773,,,
EXP_DEnsembleModel_Alpha158_csi300_expanding_step40_s_20260112_22,5dfe27da14f64e55b157c5d6f03705b8,2026-04-23,SH605499,-0.043184605845049115,,,
EXP_DEnsembleModel_Alpha158_csi300_expanding_step40_s_20260112_22,5dfe27da14f64e55b157c5d6f03705b8,2026-04-23,SH688082,0.15772420873876333,,,
EXP_DEnsembleModel_Alpha158_csi300_expanding_step40_s_20260112_22,5dfe27da14f64e55b157c5d6f03705b8,2026-04-23,SH688126,-0.2377483093820867,,,
EXP_DEnsembleModel_Alpha158_csi300_expanding_step40_s_20260112_22,5dfe27da14f64e55b157c5d6f03705b8,2026-04-23,SH688169,0.051934557165959544,,,
EXP_DEnsembleModel_Alpha158_csi300_expanding_step40_s_20260112_22,5dfe27da14f64e55b157c5d6f03705b8,2026-04-23,SH688187,0.04163167103797507,,,
EXP_DEnsembleModel_Alpha158_csi300_expanding_step40_s_20260112_22,5dfe27da14f64e55b157c5d6f03705b8,2026-04-23,SH688223,0.11857917581506972,,,
EXP_DEnsembleModel_Alpha158_csi300_expanding_step40_s_20260112_22,5dfe27da14f64e55b157c5d6f03705b8,2026-04-23,SH688256,0.23342993797896788,,,
EXP_DEnsembleModel_Alpha158_csi300_expanding_step40_s_20260112_22,5dfe27da14f64e55b157c5d6f03705b8,2026-04-23,SH688271,0.03006935575250875,,,
EXP_DEnsembleModel_Alpha158_csi300_expanding_step40_s_20260112_22,5dfe27da14f64e55b157c5d6f03705b8,2026-04-23,SH688111,-0.06343297178343034,,,
EXP_DEnsembleModel_Alpha158_csi300_expanding_step40_s_20260112_22,5dfe27da14f64e55b157c5d6f03705b8,2026-04-23,SH605117,-0.15669952601075746,,,
EXP_DEnsembleModel_Alpha158_csi300_expanding_step40_s_20260112_22,5dfe27da14f64e55b157c5d6f03705b8,2026-04-23,SH603993,0.24784014366056284,,,
EXP_DEnsembleModel_Alpha158_csi300_expanding_step40_s_20260112_22,5dfe27da14f64e55b157c5d6f03705b8,2026-04-23,SH603986,0.0525796651405782,,,
EXP_DEnsembleModel_Alpha158_csi300_expanding_step40_s_20260112_22,5dfe27da14f64e55b157c5d6f03705b8,2026-04-23,SH601985,-0.03292852419705556,,,
EXP_DEnsembleModel_Alpha158_csi300_expanding_step40_s_20260112_22,5dfe27da14f64e55b157c5d6f03705b8,2026-04-23,SH601988,0.035894060927024365,,,
EXP_DEnsembleModel_Alpha158_csi300_expanding_step40_s_20260112_22,5dfe27da14f64e55b157c5d6f03705b8,2026-04-23,SH601995,-0.0086422587565196,,,
EXP_DEnsembleModel_Alpha158_csi300_expanding_step40_s_20260112_22,5dfe27da14f64e55b157c5d6f03705b8,2026-04-23,SH601998,0.05103853789521167,,,
EXP_DEnsembleModel_Alpha158_csi300_expanding_step40_s_20260112_22,5dfe27da14f64e55b157c5d6f03705b8,2026-04-23,SH603019,-0.02107088400069223,,,
EXP_DEnsembleModel_Alpha158_csi300_expanding_step40_s_20260112_22,5dfe27da14f64e55b157c5d6f03705b8,2026-04-23,SH603195,0.0009692495272682922,,,
EXP_DEnsembleModel_Alpha158_csi300_expanding_step40_s_20260112_22,5dfe27da14f64e55b157c5d6f03705b8,2026-04-23,SH603259,0.04865340027347789,,,
EXP_DEnsembleModel_Alpha158_csi300_expanding_step40_s_20260112_22,5dfe27da14f64e55b157c5d6f03705b8,2026-04-23,SH603260,0.01773445809158544,,,
EXP_DEnsembleModel_Alpha158_csi300_expanding_step40_s_20260112_22,5dfe27da14f64e55b157c5d6f03705b8,2026-04-23,SH603288,0.04468192051423937,,,
EXP_DEnsembleModel_Alpha158_csi300_expanding_step40_s_20260112_22,5dfe27da14f64e55b157c5d6f03705b8,2026-04-23,SH603296,-0.05252893008162555,,,
EXP_DEnsembleModel_Alpha158_csi300_expanding_step40_s_20260112_22,5dfe27da14f64e55b157c5d6f03705b8,2026-04-23,SH603369,0.027763403119204475,,,
EXP_DEnsembleModel_Alpha158_csi300_expanding_step40_s_20260112_22,5dfe27da14f64e55b157c5d6f03705b8,2026-04-23,SH603392,-0.08777783712121051,,,
EXP_DEnsembleModel_Alpha158_csi300_expanding_step40_s_20260112_22,5dfe27da14f64e55b157c5d6f03705b8,2026-04-23,SH603501,0.13244877567848604,,,
EXP_DEnsembleModel_Alpha158_csi300_expanding_step40_s_20260112_22,5dfe27da14f64e55b157c5d6f03705b8,2026-04-23,SH603799,0.17076988247047206,,,
EXP_DEnsembleModel_Alpha158_csi300_expanding_step40_s_20260112_22,5dfe27da14f64e55b157c5d6f03705b8,2026-04-23,SH603893,-0.06093900630051159,,,
EXP_DEnsembleModel_Alpha158_csi300_expanding_step40_s_20260112_22,5dfe27da14f64e55b157c5d6f03705b8,2026-04-23,SH688303,-0.10018541810160876,,,
EXP_DEnsembleModel_Alpha158_csi300_expanding_step40_s_20260112_22,5dfe27da14f64e55b157c5d6f03705b8,2026-04-23,SH688396,-0.13286072946846936,,,
EXP_DEnsembleModel_Alpha158_csi300_expanding_step40_s_20260112_22,5dfe27da14f64e55b157c5d6f03705b8,2026-04-23,SH688472,0.2106674899730487,,,
EXP_DEnsembleModel_Alpha158_csi300_expanding_step40_s_20260112_22,5dfe27da14f64e55b157c5d6f03705b8,2026-04-23,SH688506,0.10178599866303226,,,
EXP_DEnsembleModel_Alpha158_csi300_expanding_step40_s_20260112_22,5dfe27da14f64e55b157c5d6f03705b8,2026-04-23,SZ000661,-0.015152858866450515,,,
EXP_DEnsembleModel_Alpha158_csi300_expanding_step40_s_20260112_22,5dfe27da14f64e55b157c5d6f03705b8,2026-04-23,SZ000708,0.07451406512571919,,,
EXP_DEnsembleModel_Alpha158_csi300_expanding_step40_s_20260112_22,5dfe27da14f64e55b157c5d6f03705b8,2026-04-23,SZ000725,0.11305650683473549,,,
EXP_DEnsembleModel_Alpha158_csi300_expanding_step40_s_20260112_22,5dfe27da14f64e55b157c5d6f03705b8,2026-04-23,SZ000768,0.02358102731012759,,,
EXP_DEnsembleModel_Alpha158_csi300_expanding_step40_s_20260112_22,5dfe27da14f64e55b157c5d6f03705b8,2026-04-23,SZ000776,-0.05105306150353892,,,
EXP_DEnsembleModel_Alpha158_csi300_expanding_step40_s_20260112_22,5dfe27da14f64e55b157c5d6f03705b8,2026-04-23,SZ000786,0.046464391852229114,,,
EXP_DEnsembleModel_Alpha158_csi300_expanding_step40_s_20260112_22,5dfe27da14f64e55b157c5d6f03705b8,2026-04-23,SZ000792,0.1274699608618888,,,
EXP_DEnsembleModel_Alpha158_csi300_expanding_step40_s_20260112_22,5dfe27da14f64e55b157c5d6f03705b8,2026-04-23,SZ000807,0.2649601631253079,,,
EXP_DEnsembleModel_Alpha158_csi300_expanding_step40_s_20260112_22,5dfe27da14f64e55b157c5d6f03705b8,2026-04-23,SZ000858,-0.04461521265114151,,,
EXP_DEnsembleModel_Alpha158_csi300_expanding_step40_s_20260112_22,5dfe27da14f64e55b157c5d6f03705b8,2026-04-23,SZ000876,0.035199667747721756,,,
EXP_DEnsembleModel_Alpha158_csi300_expanding_step40_s_20260112_22,5dfe27da14f64e55b157c5d6f03705b8,2026-04-23,SZ000895,0.0720820157961628,,,
EXP_DEnsembleModel_Alpha158_csi300_expanding_step40_s_20260112_22,5dfe27da14f64e55b157c5d6f03705b8,2026-04-23,SZ000938,-0.06367532520710362,,,
EXP_DEnsembleModel_Alpha158_csi300_expanding_step40_s_20260112_22,5dfe27da14f64e55b157c5d6f03705b8,2026-04-23,SZ000963,-0.010260887951672258,,,
EXP_DEnsembleModel_Alpha158_csi300_expanding_step40_s_20260112_22,5dfe27da14f64e55b157c5d6f03705b8,2026-04-23,SZ000975,0.09246684216059352,,,
EXP_DEnsembleModel_Alpha158_csi300_expanding_step40_s_20260112_22,5dfe27da14f64e55b157c5d6f03705b8,2026-04-23,SZ000977,-0.12587803213234186,,,
EXP_DEnsembleModel_Alpha158_csi300_expanding_step40_s_20260112_22,5dfe27da14f64e55b157c5d6f03705b8,2026-04-23,SZ000651,0.01173473443910575,,,
EXP_DEnsembleModel_Alpha158_csi300_expanding_step40_s_20260112_22,5dfe27da14f64e55b157c5d6f03705b8,2026-04-23,SZ000999,-0.11429497393436526,,,
EXP_DEnsembleModel_Alpha158_csi300_expanding_step40_s_20260112_22,5dfe27da14f64e55b157c5d6f03705b8,2026-04-23,SZ000630,0.20704284168795592,,,
EXP_DEnsembleModel_Alpha158_csi300_expanding_step40_s_20260112_22,5dfe27da14f64e55b157c5d6f03705b8,2026-04-23,SZ000617,-0.025927257939864588,,,
EXP_DEnsembleModel_Alpha158_csi300_expanding_step40_s_20260112_22,5dfe27da14f64e55b157c5d6f03705b8,2026-04-23,SH688981,0.15651134356721405,,,
EXP_DEnsembleModel_Alpha158_csi300_expanding_step40_s_20260112_22,5dfe27da14f64e55b157c5d6f03705b8,2026-04-23,SZ000001,0.012504688295344207,,,
EXP_DEnsembleModel_Alpha158_csi300_expanding_step40_s_20260112_22,5dfe27da14f64e55b157c5d6f03705b8,2026-04-23,SZ000002,-0.0486702776729319,,,
EXP_DEnsembleModel_Alpha158_csi300_expanding_step40_s_20260112_22,5dfe27da14f64e55b157c5d6f03705b8,2026-04-23,SZ000063,0.04403351847732301,,,
EXP_DEnsembleModel_Alpha158_csi300_expanding_step40_s_20260112_22,5dfe27da14f64e55b157c5d6f03705b8,2026-04-23,SZ000100,0.05855772534259522,,,
EXP_DEnsembleModel_Alpha158_csi300_expanding_step40_s_20260112_22,5dfe27da14f64e55b157c5d6f03705b8,2026-04-23,SZ000157,0.011323043132525612,,,
EXP_DEnsembleModel_Alpha158_csi300_expanding_step40_s_20260112_22,5dfe27da14f64e55b157c5d6f03705b8,2026-04-23,SZ000166,-0.06590961596234181,,,
EXP_DEnsembleModel_Alpha158_csi300_expanding_step40_s_20260112_22,5dfe27da14f64e55b157c5d6f03705b8,2026-04-23,SZ000301,0.16469013049628842,,,
EXP_DEnsembleModel_Alpha158_csi300_expanding_step40_s_20260112_22,5dfe27da14f64e55b157c5d6f03705b8,2026-04-23,SZ000333,0.009148312811772455,,,
EXP_DEnsembleModel_Alpha158_csi300_expanding_step40_s_20260112_22,5dfe27da14f64e55b157c5d6f03705b8,2026-04-23,SZ000338,0.218004354835982,,,
EXP_DEnsembleModel_Alpha158_csi300_expanding_step40_s_20260112_22,5dfe27da14f64e55b157c5d6f03705b8,2026-04-23,SZ000408,0.1947136113075338,,,
EXP_DEnsembleModel_Alpha158_csi300_expanding_step40_s_20260112_22,5dfe27da14f64e55b157c5d6f03705b8,2026-04-23,SZ000425,0.18519423985277636,,,
EXP_DEnsembleModel_Alpha158_csi300_expanding_step40_s_20260112_22,5dfe27da14f64e55b157c5d6f03705b8,2026-04-23,SZ000538,-0.07384771828483791,,,
EXP_DEnsembleModel_Alpha158_csi300_expanding_step40_s_20260112_22,5dfe27da14f64e55b157c5d6f03705b8,2026-04-23,SZ000568,-0.0024337852353092664,,,
EXP_DEnsembleModel_Alpha158_csi300_expanding_step40_s_20260112_22,5dfe27da14f64e55b157c5d6f03705b8,2026-04-23,SZ000596,0.07135704141615931,,,
EXP_DEnsembleModel_Alpha158_csi300_expanding_step40_s_20260112_22,5dfe27da14f64e55b157c5d6f03705b8,2026-04-23,SZ000625,-0.039804311920665476,,,
EXP_XGBModel_Alpha158_csi300_expanding_step40_s_20260111_00,2f2d4eb181db4668bdbd3b6e264ca822,2026-04-23,SZ302132,-0.0002649570524226874,,,
